2026-01-20 15:02:35,441 - worker - INFO - Initializing artifact database...
2026-01-20 15:02:35,443 - worker - INFO - Database initialized
2026-01-20 15:02:35,443 - worker - INFO - Connecting to Redis for event broadcasting...
2026-01-20 15:02:35,479 - temporal_gateway.services.broadcast - INFO - Created broadcast instance for redis://localhost:6379
2026-01-20 15:02:35,482 - temporal_gateway.services.broadcast - INFO - Broadcast connected to Redis
2026-01-20 15:02:35,482 - worker - INFO - Redis broadcast connected
2026-01-20 15:02:35,482 - worker - INFO - Loading server registry...
2026-01-20 15:02:35,482 - temporal_gateway.servers.registry - INFO - Registered server: procure-x (comfyui)
2026-01-20 15:02:35,482 - temporal_gateway.servers.registry - INFO - Loaded 1 servers from config
2026-01-20 15:02:35,482 - worker - INFO - Registered 1 servers
2026-01-20 15:02:35,482 - worker - INFO -   Server: procure-x (comfyui)
2026-01-20 15:02:35,613 - worker - INFO - ============================================================
2026-01-20 15:02:35,613 - worker - INFO - 🔧 Temporal Worker Started
2026-01-20 15:02:35,613 - worker - INFO - ============================================================
2026-01-20 15:02:35,613 - worker - INFO - Connected to Temporal: localhost:7233
2026-01-20 15:02:35,613 - worker - INFO - Task Queue: comfyui-gpu-farm
2026-01-20 15:02:35,613 - worker - INFO - Workflows: ['ComfyUIWorkflow', 'ChainExecutorWorkflow']
2026-01-20 15:02:35,613 - worker - INFO - Log file: /home/jaskirat/Documents/comfyautomate/temporal_gateway/logs/worker_20260120_093235.log
2026-01-20 15:02:35,613 - worker - INFO - ============================================================
2026-01-20 15:02:35,613 - worker - INFO - Worker is running. Press Ctrl+C to stop.
2026-01-20 15:02:35,660 - temporalio.workflow - ERROR - Step extract_frame1 failed:  ({'attempt': 1, 'namespace': 'default', 'run_id': '019bc006-2afd-779e-93e4-6477fee808d6', 'task_queue': 'comfyui-gpu-farm', 'workflow_id': 'chain-image-edit-to-video-pipeline-8e0e9e6a-9ea0-43bc-8aa2-f13ed1c4b672', 'workflow_type': 'ChainExecutorWorkflow'})
2026-01-20 15:02:35,660 - temporalio.workflow - ERROR - Step extract_frame2 failed:  ({'attempt': 1, 'namespace': 'default', 'run_id': '019bc006-2afd-779e-93e4-6477fee808d6', 'task_queue': 'comfyui-gpu-farm', 'workflow_id': 'chain-image-edit-to-video-pipeline-8e0e9e6a-9ea0-43bc-8aa2-f13ed1c4b672', 'workflow_type': 'ChainExecutorWorkflow'})
2026-01-20 15:02:35,670 - temporalio.activity - INFO - Updating workflow 69a33e8e-711b-42b3-8520-892bee40c30a status to: failed ({'activity_id': '16', 'activity_type': 'update_workflow_status_activity', 'attempt': 1, 'namespace': 'default', 'task_queue': 'comfyui-gpu-farm', 'workflow_id': 'chain-image-edit-to-video-pipeline-8e0e9e6a-9ea0-43bc-8aa2-f13ed1c4b672', 'workflow_run_id': '019bc006-2afd-779e-93e4-6477fee808d6', 'workflow_type': 'ChainExecutorWorkflow'})
2026-01-20 15:02:35,703 - temporalio.activity - INFO - ✓ Updated workflow status ({'activity_id': '16', 'activity_type': 'update_workflow_status_activity', 'attempt': 1, 'namespace': 'default', 'task_queue': 'comfyui-gpu-farm', 'workflow_id': 'chain-image-edit-to-video-pipeline-8e0e9e6a-9ea0-43bc-8aa2-f13ed1c4b672', 'workflow_run_id': '019bc006-2afd-779e-93e4-6477fee808d6', 'workflow_type': 'ChainExecutorWorkflow'})
2026-01-20 15:02:35,704 - temporalio.activity - INFO - Updating workflow 128110a9-1686-4b06-ab74-4e6ff0e396bd status to: failed ({'activity_id': '17', 'activity_type': 'update_workflow_status_activity', 'attempt': 1, 'namespace': 'default', 'task_queue': 'comfyui-gpu-farm', 'workflow_id': 'chain-image-edit-to-video-pipeline-8e0e9e6a-9ea0-43bc-8aa2-f13ed1c4b672', 'workflow_run_id': '019bc006-2afd-779e-93e4-6477fee808d6', 'workflow_type': 'ChainExecutorWorkflow'})
2026-01-20 15:02:35,708 - temporalio.activity - INFO - ✓ Updated workflow status ({'activity_id': '17', 'activity_type': 'update_workflow_status_activity', 'attempt': 1, 'namespace': 'default', 'task_queue': 'comfyui-gpu-farm', 'workflow_id': 'chain-image-edit-to-video-pipeline-8e0e9e6a-9ea0-43bc-8aa2-f13ed1c4b672', 'workflow_run_id': '019bc006-2afd-779e-93e4-6477fee808d6', 'workflow_type': 'ChainExecutorWorkflow'})
2026-01-20 15:02:35,716 - temporalio.workflow - INFO - Step extract_frame1: failed ({'attempt': 1, 'namespace': 'default', 'run_id': '019bc006-2afd-779e-93e4-6477fee808d6', 'task_queue': 'comfyui-gpu-farm', 'workflow_id': 'chain-image-edit-to-video-pipeline-8e0e9e6a-9ea0-43bc-8aa2-f13ed1c4b672', 'workflow_type': 'ChainExecutorWorkflow'})
2026-01-20 15:02:35,716 - temporalio.workflow - INFO - Step extract_frame2: failed ({'attempt': 1, 'namespace': 'default', 'run_id': '019bc006-2afd-779e-93e4-6477fee808d6', 'task_queue': 'comfyui-gpu-farm', 'workflow_id': 'chain-image-edit-to-video-pipeline-8e0e9e6a-9ea0-43bc-8aa2-f13ed1c4b672', 'workflow_type': 'ChainExecutorWorkflow'})
2026-01-20 15:02:35,724 - temporalio.activity - INFO - Updating chain 456fa1b3-0907-4c7d-a7ad-e5ed05402f58 status to: executing_level_1 ({'activity_id': '18', 'activity_type': 'update_chain_status_activity', 'attempt': 1, 'namespace': 'default', 'task_queue': 'comfyui-gpu-farm', 'workflow_id': 'chain-image-edit-to-video-pipeline-8e0e9e6a-9ea0-43bc-8aa2-f13ed1c4b672', 'workflow_run_id': '019bc006-2afd-779e-93e4-6477fee808d6', 'workflow_type': 'ChainExecutorWorkflow'})
2026-01-20 15:02:35,734 - temporalio.activity - INFO - ✓ Updated chain status ({'activity_id': '18', 'activity_type': 'update_chain_status_activity', 'attempt': 1, 'namespace': 'default', 'task_queue': 'comfyui-gpu-farm', 'workflow_id': 'chain-image-edit-to-video-pipeline-8e0e9e6a-9ea0-43bc-8aa2-f13ed1c4b672', 'workflow_run_id': '019bc006-2afd-779e-93e4-6477fee808d6', 'workflow_type': 'ChainExecutorWorkflow'})
2026-01-20 15:02:35,744 - temporalio.workflow - INFO - Level 1: Executing 2 step(s) ({'attempt': 1, 'namespace': 'default', 'run_id': '019bc006-2afd-779e-93e4-6477fee808d6', 'task_queue': 'comfyui-gpu-farm', 'workflow_id': 'chain-image-edit-to-video-pipeline-8e0e9e6a-9ea0-43bc-8aa2-f13ed1c4b672', 'workflow_type': 'ChainExecutorWorkflow'})
2026-01-20 15:02:35,744 - temporalio.workflow - WARNING - Step edit_frame1: Dependency extract_frame1 not satisfied, skipping ({'attempt': 1, 'namespace': 'default', 'run_id': '019bc006-2afd-779e-93e4-6477fee808d6', 'task_queue': 'comfyui-gpu-farm', 'workflow_id': 'chain-image-edit-to-video-pipeline-8e0e9e6a-9ea0-43bc-8aa2-f13ed1c4b672', 'workflow_type': 'ChainExecutorWorkflow'})
2026-01-20 15:02:35,744 - temporalio.workflow - WARNING - Step edit_frame2: Dependency extract_frame2 not satisfied, skipping ({'attempt': 1, 'namespace': 'default', 'run_id': '019bc006-2afd-779e-93e4-6477fee808d6', 'task_queue': 'comfyui-gpu-farm', 'workflow_id': 'chain-image-edit-to-video-pipeline-8e0e9e6a-9ea0-43bc-8aa2-f13ed1c4b672', 'workflow_type': 'ChainExecutorWorkflow'})
2026-01-20 15:02:35,744 - temporalio.workflow - INFO - Step edit_frame1: skipped_dependency ({'attempt': 1, 'namespace': 'default', 'run_id': '019bc006-2afd-779e-93e4-6477fee808d6', 'task_queue': 'comfyui-gpu-farm', 'workflow_id': 'chain-image-edit-to-video-pipeline-8e0e9e6a-9ea0-43bc-8aa2-f13ed1c4b672', 'workflow_type': 'ChainExecutorWorkflow'})
2026-01-20 15:02:35,744 - temporalio.workflow - INFO - Step edit_frame2: skipped_dependency ({'attempt': 1, 'namespace': 'default', 'run_id': '019bc006-2afd-779e-93e4-6477fee808d6', 'task_queue': 'comfyui-gpu-farm', 'workflow_id': 'chain-image-edit-to-video-pipeline-8e0e9e6a-9ea0-43bc-8aa2-f13ed1c4b672', 'workflow_type': 'ChainExecutorWorkflow'})
2026-01-20 15:02:35,755 - temporalio.activity - INFO - Updating chain 456fa1b3-0907-4c7d-a7ad-e5ed05402f58 status to: executing_level_2 ({'activity_id': '19', 'activity_type': 'update_chain_status_activity', 'attempt': 1, 'namespace': 'default', 'task_queue': 'comfyui-gpu-farm', 'workflow_id': 'chain-image-edit-to-video-pipeline-8e0e9e6a-9ea0-43bc-8aa2-f13ed1c4b672', 'workflow_run_id': '019bc006-2afd-779e-93e4-6477fee808d6', 'workflow_type': 'ChainExecutorWorkflow'})
2026-01-20 15:02:35,759 - temporalio.activity - INFO - ✓ Updated chain status ({'activity_id': '19', 'activity_type': 'update_chain_status_activity', 'attempt': 1, 'namespace': 'default', 'task_queue': 'comfyui-gpu-farm', 'workflow_id': 'chain-image-edit-to-video-pipeline-8e0e9e6a-9ea0-43bc-8aa2-f13ed1c4b672', 'workflow_run_id': '019bc006-2afd-779e-93e4-6477fee808d6', 'workflow_type': 'ChainExecutorWorkflow'})
2026-01-20 15:02:35,768 - temporalio.workflow - INFO - Level 2: Executing 1 step(s) ({'attempt': 1, 'namespace': 'default', 'run_id': '019bc006-2afd-779e-93e4-6477fee808d6', 'task_queue': 'comfyui-gpu-farm', 'workflow_id': 'chain-image-edit-to-video-pipeline-8e0e9e6a-9ea0-43bc-8aa2-f13ed1c4b672', 'workflow_type': 'ChainExecutorWorkflow'})
2026-01-20 15:02:35,769 - temporalio.workflow - WARNING - Step create_video: Dependency edit_frame1 not satisfied, skipping ({'attempt': 1, 'namespace': 'default', 'run_id': '019bc006-2afd-779e-93e4-6477fee808d6', 'task_queue': 'comfyui-gpu-farm', 'workflow_id': 'chain-image-edit-to-video-pipeline-8e0e9e6a-9ea0-43bc-8aa2-f13ed1c4b672', 'workflow_type': 'ChainExecutorWorkflow'})
2026-01-20 15:02:35,769 - temporalio.workflow - INFO - Step create_video: skipped_dependency ({'attempt': 1, 'namespace': 'default', 'run_id': '019bc006-2afd-779e-93e4-6477fee808d6', 'task_queue': 'comfyui-gpu-farm', 'workflow_id': 'chain-image-edit-to-video-pipeline-8e0e9e6a-9ea0-43bc-8aa2-f13ed1c4b672', 'workflow_type': 'ChainExecutorWorkflow'})
2026-01-20 15:02:35,777 - temporalio.activity - INFO - Updating chain 456fa1b3-0907-4c7d-a7ad-e5ed05402f58 status to: completed ({'activity_id': '20', 'activity_type': 'update_chain_status_activity', 'attempt': 1, 'namespace': 'default', 'task_queue': 'comfyui-gpu-farm', 'workflow_id': 'chain-image-edit-to-video-pipeline-8e0e9e6a-9ea0-43bc-8aa2-f13ed1c4b672', 'workflow_run_id': '019bc006-2afd-779e-93e4-6477fee808d6', 'workflow_type': 'ChainExecutorWorkflow'})
2026-01-20 15:02:35,782 - temporalio.activity - INFO - ✓ Updated chain status ({'activity_id': '20', 'activity_type': 'update_chain_status_activity', 'attempt': 1, 'namespace': 'default', 'task_queue': 'comfyui-gpu-farm', 'workflow_id': 'chain-image-edit-to-video-pipeline-8e0e9e6a-9ea0-43bc-8aa2-f13ed1c4b672', 'workflow_run_id': '019bc006-2afd-779e-93e4-6477fee808d6', 'workflow_type': 'ChainExecutorWorkflow'})
2026-01-20 15:02:35,784 - temporal_gateway.services.broadcast - INFO - Published chain_completed to chain:456fa1b3-0907-4c7d-a7ad-e5ed05402f58
2026-01-20 15:02:35,784 - temporalio.activity - INFO - Published chain_completed event for chain 456fa1b3-0907-4c7d-a7ad-e5ed05402f58 ({'activity_id': '20', 'activity_type': 'update_chain_status_activity', 'attempt': 1, 'namespace': 'default', 'task_queue': 'comfyui-gpu-farm', 'workflow_id': 'chain-image-edit-to-video-pipeline-8e0e9e6a-9ea0-43bc-8aa2-f13ed1c4b672', 'workflow_run_id': '019bc006-2afd-779e-93e4-6477fee808d6', 'workflow_type': 'ChainExecutorWorkflow'})
2026-01-20 15:03:51,733 - temporalio.workflow - INFO - Starting chain execution: image-edit-to-video-pipeline ({'attempt': 1, 'namespace': 'default', 'run_id': '019bdac0-dedd-7037-aac5-6c35cfbc05de', 'task_queue': 'comfyui-gpu-farm', 'workflow_id': 'chain-image-edit-to-video-pipeline-regen-78408e09-4b14-420c-9fc3-3579567bbcf8', 'workflow_type': 'ChainExecutorWorkflow'})
2026-01-20 15:03:51,733 - temporalio.workflow - INFO - Retry number: 0 ({'attempt': 1, 'namespace': 'default', 'run_id': '019bdac0-dedd-7037-aac5-6c35cfbc05de', 'task_queue': 'comfyui-gpu-farm', 'workflow_id': 'chain-image-edit-to-video-pipeline-regen-78408e09-4b14-420c-9fc3-3579567bbcf8', 'workflow_type': 'ChainExecutorWorkflow'})
2026-01-20 15:03:51,733 - temporalio.workflow - INFO - Cached steps: ['edit_frame1', 'extract_frame1'] ({'attempt': 1, 'namespace': 'default', 'run_id': '019bdac0-dedd-7037-aac5-6c35cfbc05de', 'task_queue': 'comfyui-gpu-farm', 'workflow_id': 'chain-image-edit-to-video-pipeline-regen-78408e09-4b14-420c-9fc3-3579567bbcf8', 'workflow_type': 'ChainExecutorWorkflow'})
2026-01-20 15:03:51,733 - temporalio.workflow - INFO - Total levels: 3 ({'attempt': 1, 'namespace': 'default', 'run_id': '019bdac0-dedd-7037-aac5-6c35cfbc05de', 'task_queue': 'comfyui-gpu-farm', 'workflow_id': 'chain-image-edit-to-video-pipeline-regen-78408e09-4b14-420c-9fc3-3579567bbcf8', 'workflow_type': 'ChainExecutorWorkflow'})
2026-01-20 15:03:51,733 - temporalio.workflow - INFO - Applied cache for step: edit_frame1 ({'attempt': 1, 'namespace': 'default', 'run_id': '019bdac0-dedd-7037-aac5-6c35cfbc05de', 'task_queue': 'comfyui-gpu-farm', 'workflow_id': 'chain-image-edit-to-video-pipeline-regen-78408e09-4b14-420c-9fc3-3579567bbcf8', 'workflow_type': 'ChainExecutorWorkflow'})
2026-01-20 15:03:51,733 - temporalio.workflow - INFO - Applied cache for step: extract_frame1 ({'attempt': 1, 'namespace': 'default', 'run_id': '019bdac0-dedd-7037-aac5-6c35cfbc05de', 'task_queue': 'comfyui-gpu-farm', 'workflow_id': 'chain-image-edit-to-video-pipeline-regen-78408e09-4b14-420c-9fc3-3579567bbcf8', 'workflow_type': 'ChainExecutorWorkflow'})
2026-01-20 15:03:51,734 - temporalio.workflow - INFO - Using chain ID: 2e44fc65-45c0-47be-b02d-f34989fda723 ({'attempt': 1, 'namespace': 'default', 'run_id': '019bdac0-dedd-7037-aac5-6c35cfbc05de', 'task_queue': 'comfyui-gpu-farm', 'workflow_id': 'chain-image-edit-to-video-pipeline-regen-78408e09-4b14-420c-9fc3-3579567bbcf8', 'workflow_type': 'ChainExecutorWorkflow'})
2026-01-20 15:03:51,744 - temporalio.activity - INFO - Updating chain 2e44fc65-45c0-47be-b02d-f34989fda723 status to: executing_level_0 ({'activity_id': '1', 'activity_type': 'update_chain_status_activity', 'attempt': 1, 'namespace': 'default', 'task_queue': 'comfyui-gpu-farm', 'workflow_id': 'chain-image-edit-to-video-pipeline-regen-78408e09-4b14-420c-9fc3-3579567bbcf8', 'workflow_run_id': '019bdac0-dedd-7037-aac5-6c35cfbc05de', 'workflow_type': 'ChainExecutorWorkflow'})
2026-01-20 15:03:51,751 - temporalio.activity - INFO - ✓ Updated chain status ({'activity_id': '1', 'activity_type': 'update_chain_status_activity', 'attempt': 1, 'namespace': 'default', 'task_queue': 'comfyui-gpu-farm', 'workflow_id': 'chain-image-edit-to-video-pipeline-regen-78408e09-4b14-420c-9fc3-3579567bbcf8', 'workflow_run_id': '019bdac0-dedd-7037-aac5-6c35cfbc05de', 'workflow_type': 'ChainExecutorWorkflow'})
2026-01-20 15:03:51,762 - temporalio.workflow - INFO - Level 0: Executing 2 step(s) ({'attempt': 1, 'namespace': 'default', 'run_id': '019bdac0-dedd-7037-aac5-6c35cfbc05de', 'task_queue': 'comfyui-gpu-farm', 'workflow_id': 'chain-image-edit-to-video-pipeline-regen-78408e09-4b14-420c-9fc3-3579567bbcf8', 'workflow_type': 'ChainExecutorWorkflow'})
2026-01-20 15:03:51,762 - temporalio.workflow - INFO - Step extract_frame1: Using cached result ({'attempt': 1, 'namespace': 'default', 'run_id': '019bdac0-dedd-7037-aac5-6c35cfbc05de', 'task_queue': 'comfyui-gpu-farm', 'workflow_id': 'chain-image-edit-to-video-pipeline-regen-78408e09-4b14-420c-9fc3-3579567bbcf8', 'workflow_type': 'ChainExecutorWorkflow'})
2026-01-20 15:03:51,763 - temporalio.workflow - INFO - Executing step: extract_frame2 ({'attempt': 1, 'namespace': 'default', 'run_id': '019bdac0-dedd-7037-aac5-6c35cfbc05de', 'task_queue': 'comfyui-gpu-farm', 'workflow_id': 'chain-image-edit-to-video-pipeline-regen-78408e09-4b14-420c-9fc3-3579567bbcf8', 'workflow_type': 'ChainExecutorWorkflow'})
2026-01-20 15:03:51,773 - temporalio.activity - INFO - Resolving templates in parameters ({'activity_id': '2', 'activity_type': 'resolve_chain_templates', 'attempt': 1, 'namespace': 'default', 'task_queue': 'comfyui-gpu-farm', 'workflow_id': 'chain-image-edit-to-video-pipeline-regen-78408e09-4b14-420c-9fc3-3579567bbcf8', 'workflow_run_id': '019bdac0-dedd-7037-aac5-6c35cfbc05de', 'workflow_type': 'ChainExecutorWorkflow'})
2026-01-20 15:03:51,773 - temporalio.activity - INFO - Templates resolved successfully ({'activity_id': '2', 'activity_type': 'resolve_chain_templates', 'attempt': 1, 'namespace': 'default', 'task_queue': 'comfyui-gpu-farm', 'workflow_id': 'chain-image-edit-to-video-pipeline-regen-78408e09-4b14-420c-9fc3-3579567bbcf8', 'workflow_run_id': '019bdac0-dedd-7037-aac5-6c35cfbc05de', 'workflow_type': 'ChainExecutorWorkflow'})
2026-01-20 15:03:51,795 - temporalio.activity - INFO - Applying parameters to workflow: imageSave ({'activity_id': '3', 'activity_type': 'apply_workflow_parameters', 'attempt': 1, 'namespace': 'default', 'task_queue': 'comfyui-gpu-farm', 'workflow_id': 'chain-image-edit-to-video-pipeline-regen-78408e09-4b14-420c-9fc3-3579567bbcf8', 'workflow_run_id': '019bdac0-dedd-7037-aac5-6c35cfbc05de', 'workflow_type': 'ChainExecutorWorkflow'})
2026-01-20 15:03:51,795 - temporal_gateway.registry - INFO - WorkflowRegistry initialized: /home/jaskirat/Documents/comfyautomate/templates
2026-01-20 15:03:51,796 - temporal_gateway.registry - INFO - ✓ fluxdev: Loading from override file
2026-01-20 15:03:51,796 - temporal_gateway.registry - INFO -   Loaded 13 parameters from override file
2026-01-20 15:03:51,797 - temporal_gateway.registry - INFO - ✓ firstEndTovideo: Loading from override file
2026-01-20 15:03:51,797 - temporal_gateway.registry - INFO -   Loaded 44 parameters from override file
2026-01-20 15:03:51,797 - temporal_gateway.registry - INFO - ✓ image_qwen_edit: Loading from override file
2026-01-20 15:03:51,798 - temporal_gateway.registry - INFO -   Loaded 27 parameters from override file
2026-01-20 15:03:51,798 - temporal_gateway.registry - INFO - ✓ video_wan2_2_14B_fun_camera_test: Loading from override file
2026-01-20 15:03:51,799 - temporal_gateway.registry - INFO -   Loaded 49 parameters from override file
2026-01-20 15:03:51,799 - temporal_gateway.registry - INFO - ✓ qwen_image_edit: Loading from override file
2026-01-20 15:03:51,799 - temporal_gateway.registry - INFO -   Loaded 25 parameters from override file
2026-01-20 15:03:51,800 - temporal_gateway.registry - INFO - ✓ video_wan2_2_14B_i2v: Loading from override file
2026-01-20 15:03:51,800 - temporal_gateway.registry - INFO -   Loaded 43 parameters from override file
2026-01-20 15:03:51,800 - temporal_gateway.registry - INFO - ✓ imageSave: Loading from override file
2026-01-20 15:03:51,800 - temporal_gateway.registry - INFO -   Loaded 9 parameters from override file
2026-01-20 15:03:51,801 - temporal_gateway.registry - INFO - Discovery complete: 7 workflows, 0 generated, 7 loaded, 0 regenerated
2026-01-20 15:03:51,801 - temporal_gateway.registry - INFO - Applied override: 1.frame_load_cap = 1
2026-01-20 15:03:51,801 - temporal_gateway.registry - INFO - Applied override: 1.select_every_nth = 1
2026-01-20 15:03:51,801 - temporal_gateway.registry - INFO - Applied override: 1.skip_first_frames = 172
2026-01-20 15:03:51,801 - temporal_gateway.registry - INFO - Applied override: 1.video = ComfyUI_00012_.mp4
2026-01-20 15:03:51,801 - temporalio.activity - INFO - Parameters applied successfully ({'activity_id': '3', 'activity_type': 'apply_workflow_parameters', 'attempt': 1, 'namespace': 'default', 'task_queue': 'comfyui-gpu-farm', 'workflow_id': 'chain-image-edit-to-video-pipeline-regen-78408e09-4b14-420c-9fc3-3579567bbcf8', 'workflow_run_id': '019bdac0-dedd-7037-aac5-6c35cfbc05de', 'workflow_type': 'ChainExecutorWorkflow'})
2026-01-20 15:03:51,818 - temporalio.activity - INFO - Selecting server with strategy: least_loaded ({'activity_id': '4', 'activity_type': 'select_best_server', 'attempt': 1, 'namespace': 'default', 'task_queue': 'comfyui-gpu-farm', 'workflow_id': 'chain-image-edit-to-video-pipeline-regen-78408e09-4b14-420c-9fc3-3579567bbcf8', 'workflow_run_id': '019bdac0-dedd-7037-aac5-6c35cfbc05de', 'workflow_type': 'ChainExecutorWorkflow'})
2026-01-20 15:03:51,990 - httpx - INFO - HTTP Request: GET http://procure-x.testmcp.org/system_stats "HTTP/1.1 200 OK"
2026-01-20 15:03:52,015 - httpx - INFO - HTTP Request: GET http://procure-x.testmcp.org/queue "HTTP/1.1 200 OK"
2026-01-20 15:03:52,020 - temporal_gateway.servers.load_balancer - INFO - Selected server procure-x (queue_depth=0, gpu_mem=0.0%)
2026-01-20 15:03:52,021 - temporalio.activity - INFO - Selected server: procure-x (http://procure-x.testmcp.org) ({'activity_id': '4', 'activity_type': 'select_best_server', 'attempt': 1, 'namespace': 'default', 'task_queue': 'comfyui-gpu-farm', 'workflow_id': 'chain-image-edit-to-video-pipeline-regen-78408e09-4b14-420c-9fc3-3579567bbcf8', 'workflow_run_id': '019bdac0-dedd-7037-aac5-6c35cfbc05de', 'workflow_type': 'ChainExecutorWorkflow'})
2026-01-20 15:03:52,042 - temporalio.workflow - INFO - Step extract_frame2: Server http://procure-x.testmcp.org ({'attempt': 1, 'namespace': 'default', 'run_id': '019bdac0-dedd-7037-aac5-6c35cfbc05de', 'task_queue': 'comfyui-gpu-farm', 'workflow_id': 'chain-image-edit-to-video-pipeline-regen-78408e09-4b14-420c-9fc3-3579567bbcf8', 'workflow_type': 'ChainExecutorWorkflow'})
2026-01-20 15:03:52,050 - temporalio.activity - INFO - Creating workflow record: imageSave (prompt: pending) ({'activity_id': '5', 'activity_type': 'create_workflow_record', 'attempt': 1, 'namespace': 'default', 'task_queue': 'comfyui-gpu-farm', 'workflow_id': 'chain-image-edit-to-video-pipeline-regen-78408e09-4b14-420c-9fc3-3579567bbcf8', 'workflow_run_id': '019bdac0-dedd-7037-aac5-6c35cfbc05de', 'workflow_type': 'ChainExecutorWorkflow'})
2026-01-20 15:03:52,057 - temporalio.activity - INFO - ✓ Created workflow record: 98477ee8-3f9f-4a39-8989-2e6967cf1bb8 ({'activity_id': '5', 'activity_type': 'create_workflow_record', 'attempt': 1, 'namespace': 'default', 'task_queue': 'comfyui-gpu-farm', 'workflow_id': 'chain-image-edit-to-video-pipeline-regen-78408e09-4b14-420c-9fc3-3579567bbcf8', 'workflow_run_id': '019bdac0-dedd-7037-aac5-6c35cfbc05de', 'workflow_type': 'ChainExecutorWorkflow'})
2026-01-20 15:03:52,091 - temporalio.workflow - INFO - Starting ComfyUI workflow execution ({'attempt': 1, 'namespace': 'default', 'run_id': '019bdac0-e047-7c9a-82a6-fbcd2241e9c6', 'task_queue': 'comfyui-gpu-farm', 'workflow_id': 'chain-image-edit-to-video-pipeline-regen-78408e09-4b14-420c-9fc3-3579567bbcf8-extract_frame2', 'workflow_type': 'ComfyUIWorkflow'})
2026-01-20 15:03:52,091 - temporalio.workflow - INFO - Generated client_id: 8e5b0209-62bc-4724-9a7f-8d9da4ff0b79 ({'attempt': 1, 'namespace': 'default', 'run_id': '019bdac0-e047-7c9a-82a6-fbcd2241e9c6', 'task_queue': 'comfyui-gpu-farm', 'workflow_id': 'chain-image-edit-to-video-pipeline-regen-78408e09-4b14-420c-9fc3-3579567bbcf8-extract_frame2', 'workflow_type': 'ComfyUIWorkflow'})
2026-01-20 15:03:52,091 - temporalio.workflow - INFO - Using pre-selected server: http://procure-x.testmcp.org ({'attempt': 1, 'namespace': 'default', 'run_id': '019bdac0-e047-7c9a-82a6-fbcd2241e9c6', 'task_queue': 'comfyui-gpu-farm', 'workflow_id': 'chain-image-edit-to-video-pipeline-regen-78408e09-4b14-420c-9fc3-3579567bbcf8-extract_frame2', 'workflow_type': 'ComfyUIWorkflow'})
2026-01-20 15:03:52,099 - temporalio.activity - INFO - [V3] Executing workflow on http://procure-x.testmcp.org ({'activity_id': '1', 'activity_type': 'execute_and_track_workflow', 'attempt': 1, 'namespace': 'default', 'task_queue': 'comfyui-gpu-farm', 'workflow_id': 'chain-image-edit-to-video-pipeline-regen-78408e09-4b14-420c-9fc3-3579567bbcf8-extract_frame2', 'workflow_run_id': '019bdac0-e047-7c9a-82a6-fbcd2241e9c6', 'workflow_type': 'ComfyUIWorkflow'})
2026-01-20 15:03:52,099 - temporalio.activity - INFO - [V3] Workflow name: imageSave ({'activity_id': '1', 'activity_type': 'execute_and_track_workflow', 'attempt': 1, 'namespace': 'default', 'task_queue': 'comfyui-gpu-farm', 'workflow_id': 'chain-image-edit-to-video-pipeline-regen-78408e09-4b14-420c-9fc3-3579567bbcf8-extract_frame2', 'workflow_run_id': '019bdac0-e047-7c9a-82a6-fbcd2241e9c6', 'workflow_type': 'ComfyUIWorkflow'})
2026-01-20 15:03:52,140 - temporal_gateway.clients.comfy.client - INFO - ComfyUI client initialized for http://procure-x.testmcp.org
2026-01-20 15:03:52,140 - temporal_gateway.clients.comfy.client - INFO - Submitting workflow to ComfyUI
2026-01-20 15:03:52,206 - httpx - INFO - HTTP Request: POST http://procure-x.testmcp.org/prompt "HTTP/1.1 200 OK"
2026-01-20 15:03:52,207 - temporal_gateway.clients.comfy.client - INFO - Workflow queued with prompt_id: f6840bf6-8d2a-431c-9a2d-35e07f5388ed
2026-01-20 15:03:52,207 - temporal_gateway.clients.comfy.tracker - INFO - Starting execution tracking for prompt f6840bf6-8d2a-431c-9a2d-35e07f5388ed
2026-01-20 15:03:52,208 - temporal_gateway.clients.comfy.tracker - INFO - Starting history polling
2026-01-20 15:03:52,209 - temporal_gateway.clients.comfy.tracker - INFO - Starting WebSocket listener
2026-01-20 15:03:52,209 - temporal_gateway.clients.comfy.websocket - INFO - Connecting to WebSocket: ws://procure-x.testmcp.org/ws?clientId=2d8d3fa4-536e-428b-85c3-5327922c7845
2026-01-20 15:03:52,253 - httpx - INFO - HTTP Request: GET http://procure-x.testmcp.org/history/f6840bf6-8d2a-431c-9a2d-35e07f5388ed "HTTP/1.1 200 OK"
2026-01-20 15:03:52,280 - temporal_gateway.clients.comfy.websocket - INFO - WebSocket connected successfully
2026-01-20 15:03:52,992 - temporal_gateway.clients.comfy.tracker - INFO - [WS] Execution completed successfully
2026-01-20 15:03:53,266 - httpx - INFO - HTTP Request: GET http://procure-x.testmcp.org/history/f6840bf6-8d2a-431c-9a2d-35e07f5388ed "HTTP/1.1 200 OK"
2026-01-20 15:03:53,267 - temporal_gateway.clients.comfy.tracker - INFO - Tracking completed: success (took 1.06s)
2026-01-20 15:03:53,268 - temporalio.activity - INFO - [V3] Workflow completed successfully ({'activity_id': '1', 'activity_type': 'execute_and_track_workflow', 'attempt': 1, 'namespace': 'default', 'task_queue': 'comfyui-gpu-farm', 'workflow_id': 'chain-image-edit-to-video-pipeline-regen-78408e09-4b14-420c-9fc3-3579567bbcf8-extract_frame2', 'workflow_run_id': '019bdac0-e047-7c9a-82a6-fbcd2241e9c6', 'workflow_type': 'ComfyUIWorkflow'})
2026-01-20 15:03:53,279 - temporalio.workflow - INFO - Execution completed successfully ({'attempt': 1, 'namespace': 'default', 'run_id': '019bdac0-e047-7c9a-82a6-fbcd2241e9c6', 'task_queue': 'comfyui-gpu-farm', 'workflow_id': 'chain-image-edit-to-video-pipeline-regen-78408e09-4b14-420c-9fc3-3579567bbcf8-extract_frame2', 'workflow_type': 'ComfyUIWorkflow'})
2026-01-20 15:03:53,287 - temporalio.activity - INFO - Extracting server output files ({'activity_id': '2', 'activity_type': 'get_server_output_files', 'attempt': 1, 'namespace': 'default', 'task_queue': 'comfyui-gpu-farm', 'workflow_id': 'chain-image-edit-to-video-pipeline-regen-78408e09-4b14-420c-9fc3-3579567bbcf8-extract_frame2', 'workflow_run_id': '019bdac0-e047-7c9a-82a6-fbcd2241e9c6', 'workflow_type': 'ComfyUIWorkflow'})
2026-01-20 15:03:53,287 - temporalio.activity - INFO - Found 1 output file(s) ({'activity_id': '2', 'activity_type': 'get_server_output_files', 'attempt': 1, 'namespace': 'default', 'task_queue': 'comfyui-gpu-farm', 'workflow_id': 'chain-image-edit-to-video-pipeline-regen-78408e09-4b14-420c-9fc3-3579567bbcf8-extract_frame2', 'workflow_run_id': '019bdac0-e047-7c9a-82a6-fbcd2241e9c6', 'workflow_type': 'ComfyUIWorkflow'})
2026-01-20 15:03:53,295 - temporalio.workflow - INFO - Found 1 server output file(s) ({'attempt': 1, 'namespace': 'default', 'run_id': '019bdac0-e047-7c9a-82a6-fbcd2241e9c6', 'task_queue': 'comfyui-gpu-farm', 'workflow_id': 'chain-image-edit-to-video-pipeline-regen-78408e09-4b14-420c-9fc3-3579567bbcf8-extract_frame2', 'workflow_type': 'ComfyUIWorkflow'})
2026-01-20 15:03:53,303 - temporalio.activity - INFO - Downloading and persisting 1 artifact(s) for workflow 98477ee8-3f9f-4a39-8989-2e6967cf1bb8 ({'activity_id': '3', 'activity_type': 'download_and_store_artifacts', 'attempt': 1, 'namespace': 'default', 'task_queue': 'comfyui-gpu-farm', 'workflow_id': 'chain-image-edit-to-video-pipeline-regen-78408e09-4b14-420c-9fc3-3579567bbcf8-extract_frame2', 'workflow_run_id': '019bdac0-e047-7c9a-82a6-fbcd2241e9c6', 'workflow_type': 'ComfyUIWorkflow'})
2026-01-20 15:03:53,346 - temporal_gateway.clients.comfy.client - INFO - ComfyUI client initialized for http://procure-x.testmcp.org
2026-01-20 15:03:53,406 - httpx - INFO - HTTP Request: GET http://procure-x.testmcp.org/view?filename=ComfyUI_00310_.png&type=output "HTTP/1.1 200 OK"
2026-01-20 15:03:53,457 - temporalio.activity - INFO - ✓ Saved artifact to DB: 0dce36e4-0aaf-49de-a914-df67522177f6 (ComfyUI_00310_.png) ({'activity_id': '3', 'activity_type': 'download_and_store_artifacts', 'attempt': 1, 'namespace': 'default', 'task_queue': 'comfyui-gpu-farm', 'workflow_id': 'chain-image-edit-to-video-pipeline-regen-78408e09-4b14-420c-9fc3-3579567bbcf8-extract_frame2', 'workflow_run_id': '019bdac0-e047-7c9a-82a6-fbcd2241e9c6', 'workflow_type': 'ComfyUIWorkflow'})
2026-01-20 15:03:53,458 - temporalio.activity - INFO - Downloaded and persisted 1 artifact(s) ({'activity_id': '3', 'activity_type': 'download_and_store_artifacts', 'attempt': 1, 'namespace': 'default', 'task_queue': 'comfyui-gpu-farm', 'workflow_id': 'chain-image-edit-to-video-pipeline-regen-78408e09-4b14-420c-9fc3-3579567bbcf8-extract_frame2', 'workflow_run_id': '019bdac0-e047-7c9a-82a6-fbcd2241e9c6', 'workflow_type': 'ComfyUIWorkflow'})
2026-01-20 15:03:53,469 - temporalio.workflow - INFO - Downloaded 1 file(s) locally ({'attempt': 1, 'namespace': 'default', 'run_id': '019bdac0-e047-7c9a-82a6-fbcd2241e9c6', 'task_queue': 'comfyui-gpu-farm', 'workflow_id': 'chain-image-edit-to-video-pipeline-regen-78408e09-4b14-420c-9fc3-3579567bbcf8-extract_frame2', 'workflow_type': 'ComfyUIWorkflow'})
2026-01-20 15:03:53,488 - temporalio.activity - INFO - Updating workflow 98477ee8-3f9f-4a39-8989-2e6967cf1bb8 status to: completed ({'activity_id': '6', 'activity_type': 'update_workflow_status_activity', 'attempt': 1, 'namespace': 'default', 'task_queue': 'comfyui-gpu-farm', 'workflow_id': 'chain-image-edit-to-video-pipeline-regen-78408e09-4b14-420c-9fc3-3579567bbcf8', 'workflow_run_id': '019bdac0-dedd-7037-aac5-6c35cfbc05de', 'workflow_type': 'ChainExecutorWorkflow'})
2026-01-20 15:03:53,491 - temporalio.activity - INFO - ✓ Updated workflow status ({'activity_id': '6', 'activity_type': 'update_workflow_status_activity', 'attempt': 1, 'namespace': 'default', 'task_queue': 'comfyui-gpu-farm', 'workflow_id': 'chain-image-edit-to-video-pipeline-regen-78408e09-4b14-420c-9fc3-3579567bbcf8', 'workflow_run_id': '019bdac0-dedd-7037-aac5-6c35cfbc05de', 'workflow_type': 'ChainExecutorWorkflow'})
2026-01-20 15:03:53,506 - temporalio.activity - INFO - Getting artifacts for workflow: 98477ee8-3f9f-4a39-8989-2e6967cf1bb8 ({'activity_id': '7', 'activity_type': 'get_workflow_artifacts', 'attempt': 1, 'namespace': 'default', 'task_queue': 'comfyui-gpu-farm', 'workflow_id': 'chain-image-edit-to-video-pipeline-regen-78408e09-4b14-420c-9fc3-3579567bbcf8', 'workflow_run_id': '019bdac0-dedd-7037-aac5-6c35cfbc05de', 'workflow_type': 'ChainExecutorWorkflow'})
2026-01-20 15:03:53,522 - temporalio.activity - INFO - Creating approval request for artifact: 0dce36e4-0aaf-49de-a914-df67522177f6 ({'activity_id': '8', 'activity_type': 'create_approval_request_activity', 'attempt': 1, 'namespace': 'default', 'task_queue': 'comfyui-gpu-farm', 'workflow_id': 'chain-image-edit-to-video-pipeline-regen-78408e09-4b14-420c-9fc3-3579567bbcf8', 'workflow_run_id': '019bdac0-dedd-7037-aac5-6c35cfbc05de', 'workflow_type': 'ChainExecutorWorkflow'})
2026-01-20 15:03:53,529 - temporalio.activity - INFO - ✓ Created approval request: e1c6c637-7cae-4def-8a9c-b9e9cc9b1155, token: aHVGREaUajbWJrzt... ({'activity_id': '8', 'activity_type': 'create_approval_request_activity', 'attempt': 1, 'namespace': 'default', 'task_queue': 'comfyui-gpu-farm', 'workflow_id': 'chain-image-edit-to-video-pipeline-regen-78408e09-4b14-420c-9fc3-3579567bbcf8', 'workflow_run_id': '019bdac0-dedd-7037-aac5-6c35cfbc05de', 'workflow_type': 'ChainExecutorWorkflow'})
2026-01-20 15:03:53,530 - temporal_gateway.services.broadcast - INFO - Published approval_requested to chain:2e44fc65-45c0-47be-b02d-f34989fda723
2026-01-20 15:03:53,530 - temporalio.activity - INFO - Published approval_requested event for chain 2e44fc65-45c0-47be-b02d-f34989fda723 ({'activity_id': '8', 'activity_type': 'create_approval_request_activity', 'attempt': 1, 'namespace': 'default', 'task_queue': 'comfyui-gpu-farm', 'workflow_id': 'chain-image-edit-to-video-pipeline-regen-78408e09-4b14-420c-9fc3-3579567bbcf8', 'workflow_run_id': '019bdac0-dedd-7037-aac5-6c35cfbc05de', 'workflow_type': 'ChainExecutorWorkflow'})
2026-01-20 15:03:53,538 - temporalio.workflow - INFO - Step extract_frame2: Approval request created, token: aHVGREaUajbWJrzt... ({'attempt': 1, 'namespace': 'default', 'run_id': '019bdac0-dedd-7037-aac5-6c35cfbc05de', 'task_queue': 'comfyui-gpu-farm', 'workflow_id': 'chain-image-edit-to-video-pipeline-regen-78408e09-4b14-420c-9fc3-3579567bbcf8', 'workflow_type': 'ChainExecutorWorkflow'})
2026-01-20 15:05:12,467 - temporalio.workflow - INFO - Starting chain execution: image-edit-to-video-pipeline ({'attempt': 1, 'namespace': 'default', 'run_id': '019bdac2-1a3c-7dc6-90f0-f07d803e1eb5', 'task_queue': 'comfyui-gpu-farm', 'workflow_id': 'chain-image-edit-to-video-pipeline-regen-1ee2d12d-50f7-4acc-9f96-61481e3f5909', 'workflow_type': 'ChainExecutorWorkflow'})
2026-01-20 15:05:12,467 - temporalio.workflow - INFO - Retry number: 0 ({'attempt': 1, 'namespace': 'default', 'run_id': '019bdac2-1a3c-7dc6-90f0-f07d803e1eb5', 'task_queue': 'comfyui-gpu-farm', 'workflow_id': 'chain-image-edit-to-video-pipeline-regen-1ee2d12d-50f7-4acc-9f96-61481e3f5909', 'workflow_type': 'ChainExecutorWorkflow'})
2026-01-20 15:05:12,468 - temporalio.workflow - INFO - Cached steps: ['edit_frame1', 'extract_frame1'] ({'attempt': 1, 'namespace': 'default', 'run_id': '019bdac2-1a3c-7dc6-90f0-f07d803e1eb5', 'task_queue': 'comfyui-gpu-farm', 'workflow_id': 'chain-image-edit-to-video-pipeline-regen-1ee2d12d-50f7-4acc-9f96-61481e3f5909', 'workflow_type': 'ChainExecutorWorkflow'})
2026-01-20 15:05:12,468 - temporalio.workflow - INFO - Total levels: 3 ({'attempt': 1, 'namespace': 'default', 'run_id': '019bdac2-1a3c-7dc6-90f0-f07d803e1eb5', 'task_queue': 'comfyui-gpu-farm', 'workflow_id': 'chain-image-edit-to-video-pipeline-regen-1ee2d12d-50f7-4acc-9f96-61481e3f5909', 'workflow_type': 'ChainExecutorWorkflow'})
2026-01-20 15:05:12,468 - temporalio.workflow - INFO - Applied cache for step: edit_frame1 ({'attempt': 1, 'namespace': 'default', 'run_id': '019bdac2-1a3c-7dc6-90f0-f07d803e1eb5', 'task_queue': 'comfyui-gpu-farm', 'workflow_id': 'chain-image-edit-to-video-pipeline-regen-1ee2d12d-50f7-4acc-9f96-61481e3f5909', 'workflow_type': 'ChainExecutorWorkflow'})
2026-01-20 15:05:12,468 - temporalio.workflow - INFO - Applied cache for step: extract_frame1 ({'attempt': 1, 'namespace': 'default', 'run_id': '019bdac2-1a3c-7dc6-90f0-f07d803e1eb5', 'task_queue': 'comfyui-gpu-farm', 'workflow_id': 'chain-image-edit-to-video-pipeline-regen-1ee2d12d-50f7-4acc-9f96-61481e3f5909', 'workflow_type': 'ChainExecutorWorkflow'})
2026-01-20 15:05:12,468 - temporalio.workflow - INFO - Using chain ID: 8576b065-e778-4dbc-9a7b-2f3dbfc20359 ({'attempt': 1, 'namespace': 'default', 'run_id': '019bdac2-1a3c-7dc6-90f0-f07d803e1eb5', 'task_queue': 'comfyui-gpu-farm', 'workflow_id': 'chain-image-edit-to-video-pipeline-regen-1ee2d12d-50f7-4acc-9f96-61481e3f5909', 'workflow_type': 'ChainExecutorWorkflow'})
2026-01-20 15:05:12,477 - temporalio.activity - INFO - Updating chain 8576b065-e778-4dbc-9a7b-2f3dbfc20359 status to: executing_level_0 ({'activity_id': '1', 'activity_type': 'update_chain_status_activity', 'attempt': 1, 'namespace': 'default', 'task_queue': 'comfyui-gpu-farm', 'workflow_id': 'chain-image-edit-to-video-pipeline-regen-1ee2d12d-50f7-4acc-9f96-61481e3f5909', 'workflow_run_id': '019bdac2-1a3c-7dc6-90f0-f07d803e1eb5', 'workflow_type': 'ChainExecutorWorkflow'})
2026-01-20 15:05:12,482 - temporalio.activity - INFO - ✓ Updated chain status ({'activity_id': '1', 'activity_type': 'update_chain_status_activity', 'attempt': 1, 'namespace': 'default', 'task_queue': 'comfyui-gpu-farm', 'workflow_id': 'chain-image-edit-to-video-pipeline-regen-1ee2d12d-50f7-4acc-9f96-61481e3f5909', 'workflow_run_id': '019bdac2-1a3c-7dc6-90f0-f07d803e1eb5', 'workflow_type': 'ChainExecutorWorkflow'})
2026-01-20 15:05:12,491 - temporalio.workflow - INFO - Level 0: Executing 2 step(s) ({'attempt': 1, 'namespace': 'default', 'run_id': '019bdac2-1a3c-7dc6-90f0-f07d803e1eb5', 'task_queue': 'comfyui-gpu-farm', 'workflow_id': 'chain-image-edit-to-video-pipeline-regen-1ee2d12d-50f7-4acc-9f96-61481e3f5909', 'workflow_type': 'ChainExecutorWorkflow'})
2026-01-20 15:05:12,492 - temporalio.workflow - INFO - Step extract_frame1: Using cached result ({'attempt': 1, 'namespace': 'default', 'run_id': '019bdac2-1a3c-7dc6-90f0-f07d803e1eb5', 'task_queue': 'comfyui-gpu-farm', 'workflow_id': 'chain-image-edit-to-video-pipeline-regen-1ee2d12d-50f7-4acc-9f96-61481e3f5909', 'workflow_type': 'ChainExecutorWorkflow'})
2026-01-20 15:05:12,492 - temporalio.workflow - INFO - Executing step: extract_frame2 ({'attempt': 1, 'namespace': 'default', 'run_id': '019bdac2-1a3c-7dc6-90f0-f07d803e1eb5', 'task_queue': 'comfyui-gpu-farm', 'workflow_id': 'chain-image-edit-to-video-pipeline-regen-1ee2d12d-50f7-4acc-9f96-61481e3f5909', 'workflow_type': 'ChainExecutorWorkflow'})
2026-01-20 15:05:12,501 - temporalio.activity - INFO - Resolving templates in parameters ({'activity_id': '2', 'activity_type': 'resolve_chain_templates', 'attempt': 1, 'namespace': 'default', 'task_queue': 'comfyui-gpu-farm', 'workflow_id': 'chain-image-edit-to-video-pipeline-regen-1ee2d12d-50f7-4acc-9f96-61481e3f5909', 'workflow_run_id': '019bdac2-1a3c-7dc6-90f0-f07d803e1eb5', 'workflow_type': 'ChainExecutorWorkflow'})
2026-01-20 15:05:12,501 - temporalio.activity - INFO - Templates resolved successfully ({'activity_id': '2', 'activity_type': 'resolve_chain_templates', 'attempt': 1, 'namespace': 'default', 'task_queue': 'comfyui-gpu-farm', 'workflow_id': 'chain-image-edit-to-video-pipeline-regen-1ee2d12d-50f7-4acc-9f96-61481e3f5909', 'workflow_run_id': '019bdac2-1a3c-7dc6-90f0-f07d803e1eb5', 'workflow_type': 'ChainExecutorWorkflow'})
2026-01-20 15:05:12,518 - temporalio.activity - INFO - Applying parameters to workflow: imageSave ({'activity_id': '3', 'activity_type': 'apply_workflow_parameters', 'attempt': 1, 'namespace': 'default', 'task_queue': 'comfyui-gpu-farm', 'workflow_id': 'chain-image-edit-to-video-pipeline-regen-1ee2d12d-50f7-4acc-9f96-61481e3f5909', 'workflow_run_id': '019bdac2-1a3c-7dc6-90f0-f07d803e1eb5', 'workflow_type': 'ChainExecutorWorkflow'})
2026-01-20 15:05:12,518 - temporal_gateway.registry - INFO - Applied override: 1.frame_load_cap = 1
2026-01-20 15:05:12,519 - temporal_gateway.registry - INFO - Applied override: 1.select_every_nth = 1
2026-01-20 15:05:12,519 - temporal_gateway.registry - INFO - Applied override: 1.skip_first_frames = 172
2026-01-20 15:05:12,519 - temporal_gateway.registry - INFO - Applied override: 1.video = ComfyUI_00012_.mp4
2026-01-20 15:05:12,519 - temporalio.activity - INFO - Parameters applied successfully ({'activity_id': '3', 'activity_type': 'apply_workflow_parameters', 'attempt': 1, 'namespace': 'default', 'task_queue': 'comfyui-gpu-farm', 'workflow_id': 'chain-image-edit-to-video-pipeline-regen-1ee2d12d-50f7-4acc-9f96-61481e3f5909', 'workflow_run_id': '019bdac2-1a3c-7dc6-90f0-f07d803e1eb5', 'workflow_type': 'ChainExecutorWorkflow'})
2026-01-20 15:05:12,534 - temporalio.activity - INFO - Selecting server with strategy: least_loaded ({'activity_id': '4', 'activity_type': 'select_best_server', 'attempt': 1, 'namespace': 'default', 'task_queue': 'comfyui-gpu-farm', 'workflow_id': 'chain-image-edit-to-video-pipeline-regen-1ee2d12d-50f7-4acc-9f96-61481e3f5909', 'workflow_run_id': '019bdac2-1a3c-7dc6-90f0-f07d803e1eb5', 'workflow_type': 'ChainExecutorWorkflow'})
2026-01-20 15:05:12,636 - httpx - INFO - HTTP Request: GET http://procure-x.testmcp.org/system_stats "HTTP/1.1 200 OK"
2026-01-20 15:05:12,656 - httpx - INFO - HTTP Request: GET http://procure-x.testmcp.org/queue "HTTP/1.1 200 OK"
2026-01-20 15:05:12,658 - temporal_gateway.servers.load_balancer - INFO - Selected server procure-x (queue_depth=0, gpu_mem=0.0%)
2026-01-20 15:05:12,659 - temporalio.activity - INFO - Selected server: procure-x (http://procure-x.testmcp.org) ({'activity_id': '4', 'activity_type': 'select_best_server', 'attempt': 1, 'namespace': 'default', 'task_queue': 'comfyui-gpu-farm', 'workflow_id': 'chain-image-edit-to-video-pipeline-regen-1ee2d12d-50f7-4acc-9f96-61481e3f5909', 'workflow_run_id': '019bdac2-1a3c-7dc6-90f0-f07d803e1eb5', 'workflow_type': 'ChainExecutorWorkflow'})
2026-01-20 15:05:12,676 - temporalio.workflow - INFO - Step extract_frame2: Server http://procure-x.testmcp.org ({'attempt': 1, 'namespace': 'default', 'run_id': '019bdac2-1a3c-7dc6-90f0-f07d803e1eb5', 'task_queue': 'comfyui-gpu-farm', 'workflow_id': 'chain-image-edit-to-video-pipeline-regen-1ee2d12d-50f7-4acc-9f96-61481e3f5909', 'workflow_type': 'ChainExecutorWorkflow'})
2026-01-20 15:05:12,684 - temporalio.activity - INFO - Creating workflow record: imageSave (prompt: pending) ({'activity_id': '5', 'activity_type': 'create_workflow_record', 'attempt': 1, 'namespace': 'default', 'task_queue': 'comfyui-gpu-farm', 'workflow_id': 'chain-image-edit-to-video-pipeline-regen-1ee2d12d-50f7-4acc-9f96-61481e3f5909', 'workflow_run_id': '019bdac2-1a3c-7dc6-90f0-f07d803e1eb5', 'workflow_type': 'ChainExecutorWorkflow'})
2026-01-20 15:05:12,687 - temporalio.activity - INFO - ✓ Created workflow record: 7bd9a14d-97bf-4485-af18-15bccdc1feb2 ({'activity_id': '5', 'activity_type': 'create_workflow_record', 'attempt': 1, 'namespace': 'default', 'task_queue': 'comfyui-gpu-farm', 'workflow_id': 'chain-image-edit-to-video-pipeline-regen-1ee2d12d-50f7-4acc-9f96-61481e3f5909', 'workflow_run_id': '019bdac2-1a3c-7dc6-90f0-f07d803e1eb5', 'workflow_type': 'ChainExecutorWorkflow'})
2026-01-20 15:05:12,720 - temporalio.workflow - INFO - Starting ComfyUI workflow execution ({'attempt': 1, 'namespace': 'default', 'run_id': '019bdac2-1b3b-7c3b-850a-15293f93cb7d', 'task_queue': 'comfyui-gpu-farm', 'workflow_id': 'chain-image-edit-to-video-pipeline-regen-1ee2d12d-50f7-4acc-9f96-61481e3f5909-extract_frame2', 'workflow_type': 'ComfyUIWorkflow'})
2026-01-20 15:05:12,720 - temporalio.workflow - INFO - Generated client_id: e8b52dfe-52d7-4232-a527-d5bcb90a0422 ({'attempt': 1, 'namespace': 'default', 'run_id': '019bdac2-1b3b-7c3b-850a-15293f93cb7d', 'task_queue': 'comfyui-gpu-farm', 'workflow_id': 'chain-image-edit-to-video-pipeline-regen-1ee2d12d-50f7-4acc-9f96-61481e3f5909-extract_frame2', 'workflow_type': 'ComfyUIWorkflow'})
2026-01-20 15:05:12,720 - temporalio.workflow - INFO - Using pre-selected server: http://procure-x.testmcp.org ({'attempt': 1, 'namespace': 'default', 'run_id': '019bdac2-1b3b-7c3b-850a-15293f93cb7d', 'task_queue': 'comfyui-gpu-farm', 'workflow_id': 'chain-image-edit-to-video-pipeline-regen-1ee2d12d-50f7-4acc-9f96-61481e3f5909-extract_frame2', 'workflow_type': 'ComfyUIWorkflow'})
2026-01-20 15:05:12,728 - temporalio.activity - INFO - [V3] Executing workflow on http://procure-x.testmcp.org ({'activity_id': '1', 'activity_type': 'execute_and_track_workflow', 'attempt': 1, 'namespace': 'default', 'task_queue': 'comfyui-gpu-farm', 'workflow_id': 'chain-image-edit-to-video-pipeline-regen-1ee2d12d-50f7-4acc-9f96-61481e3f5909-extract_frame2', 'workflow_run_id': '019bdac2-1b3b-7c3b-850a-15293f93cb7d', 'workflow_type': 'ComfyUIWorkflow'})
2026-01-20 15:05:12,728 - temporalio.activity - INFO - [V3] Workflow name: imageSave ({'activity_id': '1', 'activity_type': 'execute_and_track_workflow', 'attempt': 1, 'namespace': 'default', 'task_queue': 'comfyui-gpu-farm', 'workflow_id': 'chain-image-edit-to-video-pipeline-regen-1ee2d12d-50f7-4acc-9f96-61481e3f5909-extract_frame2', 'workflow_run_id': '019bdac2-1b3b-7c3b-850a-15293f93cb7d', 'workflow_type': 'ComfyUIWorkflow'})
2026-01-20 15:05:12,772 - temporal_gateway.clients.comfy.client - INFO - ComfyUI client initialized for http://procure-x.testmcp.org
2026-01-20 15:05:12,772 - temporal_gateway.clients.comfy.client - INFO - Submitting workflow to ComfyUI
2026-01-20 15:05:12,846 - httpx - INFO - HTTP Request: POST http://procure-x.testmcp.org/prompt "HTTP/1.1 200 OK"
2026-01-20 15:05:12,847 - temporal_gateway.clients.comfy.client - INFO - Workflow queued with prompt_id: 1a9f7f30-73ef-4dba-9b5e-8a741610caa9
2026-01-20 15:05:12,847 - temporal_gateway.clients.comfy.tracker - INFO - Starting execution tracking for prompt 1a9f7f30-73ef-4dba-9b5e-8a741610caa9
2026-01-20 15:05:12,848 - temporal_gateway.clients.comfy.tracker - INFO - Starting history polling
2026-01-20 15:05:12,849 - temporal_gateway.clients.comfy.tracker - INFO - Starting WebSocket listener
2026-01-20 15:05:12,849 - temporal_gateway.clients.comfy.websocket - INFO - Connecting to WebSocket: ws://procure-x.testmcp.org/ws?clientId=5e9d3650-683f-4ec6-9498-bbb135b59249
2026-01-20 15:05:13,172 - temporal_gateway.clients.comfy.websocket - INFO - WebSocket connected successfully
2026-01-20 15:05:13,175 - httpx - INFO - HTTP Request: GET http://procure-x.testmcp.org/history/1a9f7f30-73ef-4dba-9b5e-8a741610caa9 "HTTP/1.1 200 OK"
2026-01-20 15:05:13,179 - temporal_gateway.clients.comfy.tracker - INFO - [POLL] Found in history: success
2026-01-20 15:05:13,180 - temporal_gateway.clients.comfy.tracker - INFO - Tracking completed: success (took 0.33s)
2026-01-20 15:05:13,181 - temporalio.activity - INFO - [V3] Workflow completed successfully ({'activity_id': '1', 'activity_type': 'execute_and_track_workflow', 'attempt': 1, 'namespace': 'default', 'task_queue': 'comfyui-gpu-farm', 'workflow_id': 'chain-image-edit-to-video-pipeline-regen-1ee2d12d-50f7-4acc-9f96-61481e3f5909-extract_frame2', 'workflow_run_id': '019bdac2-1b3b-7c3b-850a-15293f93cb7d', 'workflow_type': 'ComfyUIWorkflow'})
2026-01-20 15:05:13,207 - temporalio.workflow - INFO - Execution completed successfully ({'attempt': 1, 'namespace': 'default', 'run_id': '019bdac2-1b3b-7c3b-850a-15293f93cb7d', 'task_queue': 'comfyui-gpu-farm', 'workflow_id': 'chain-image-edit-to-video-pipeline-regen-1ee2d12d-50f7-4acc-9f96-61481e3f5909-extract_frame2', 'workflow_type': 'ComfyUIWorkflow'})
2026-01-20 15:05:13,216 - temporalio.activity - INFO - Extracting server output files ({'activity_id': '2', 'activity_type': 'get_server_output_files', 'attempt': 1, 'namespace': 'default', 'task_queue': 'comfyui-gpu-farm', 'workflow_id': 'chain-image-edit-to-video-pipeline-regen-1ee2d12d-50f7-4acc-9f96-61481e3f5909-extract_frame2', 'workflow_run_id': '019bdac2-1b3b-7c3b-850a-15293f93cb7d', 'workflow_type': 'ComfyUIWorkflow'})
2026-01-20 15:05:13,217 - temporalio.activity - INFO - Found 1 output file(s) ({'activity_id': '2', 'activity_type': 'get_server_output_files', 'attempt': 1, 'namespace': 'default', 'task_queue': 'comfyui-gpu-farm', 'workflow_id': 'chain-image-edit-to-video-pipeline-regen-1ee2d12d-50f7-4acc-9f96-61481e3f5909-extract_frame2', 'workflow_run_id': '019bdac2-1b3b-7c3b-850a-15293f93cb7d', 'workflow_type': 'ComfyUIWorkflow'})
2026-01-20 15:05:13,225 - temporalio.workflow - INFO - Found 1 server output file(s) ({'attempt': 1, 'namespace': 'default', 'run_id': '019bdac2-1b3b-7c3b-850a-15293f93cb7d', 'task_queue': 'comfyui-gpu-farm', 'workflow_id': 'chain-image-edit-to-video-pipeline-regen-1ee2d12d-50f7-4acc-9f96-61481e3f5909-extract_frame2', 'workflow_type': 'ComfyUIWorkflow'})
2026-01-20 15:05:13,233 - temporalio.activity - INFO - Downloading and persisting 1 artifact(s) for workflow 7bd9a14d-97bf-4485-af18-15bccdc1feb2 ({'activity_id': '3', 'activity_type': 'download_and_store_artifacts', 'attempt': 1, 'namespace': 'default', 'task_queue': 'comfyui-gpu-farm', 'workflow_id': 'chain-image-edit-to-video-pipeline-regen-1ee2d12d-50f7-4acc-9f96-61481e3f5909-extract_frame2', 'workflow_run_id': '019bdac2-1b3b-7c3b-850a-15293f93cb7d', 'workflow_type': 'ComfyUIWorkflow'})
2026-01-20 15:05:13,279 - temporal_gateway.clients.comfy.client - INFO - ComfyUI client initialized for http://procure-x.testmcp.org
2026-01-20 15:05:13,323 - httpx - INFO - HTTP Request: GET http://procure-x.testmcp.org/view?filename=ComfyUI_00310_.png&type=output "HTTP/1.1 200 OK"
2026-01-20 15:05:13,365 - temporalio.activity - INFO - ✓ Saved artifact to DB: f8972960-9308-44ee-9190-3008f1ec30f5 (ComfyUI_00310_.png) ({'activity_id': '3', 'activity_type': 'download_and_store_artifacts', 'attempt': 1, 'namespace': 'default', 'task_queue': 'comfyui-gpu-farm', 'workflow_id': 'chain-image-edit-to-video-pipeline-regen-1ee2d12d-50f7-4acc-9f96-61481e3f5909-extract_frame2', 'workflow_run_id': '019bdac2-1b3b-7c3b-850a-15293f93cb7d', 'workflow_type': 'ComfyUIWorkflow'})
2026-01-20 15:05:13,367 - temporalio.activity - INFO - Downloaded and persisted 1 artifact(s) ({'activity_id': '3', 'activity_type': 'download_and_store_artifacts', 'attempt': 1, 'namespace': 'default', 'task_queue': 'comfyui-gpu-farm', 'workflow_id': 'chain-image-edit-to-video-pipeline-regen-1ee2d12d-50f7-4acc-9f96-61481e3f5909-extract_frame2', 'workflow_run_id': '019bdac2-1b3b-7c3b-850a-15293f93cb7d', 'workflow_type': 'ComfyUIWorkflow'})
2026-01-20 15:05:13,380 - temporalio.workflow - INFO - Downloaded 1 file(s) locally ({'attempt': 1, 'namespace': 'default', 'run_id': '019bdac2-1b3b-7c3b-850a-15293f93cb7d', 'task_queue': 'comfyui-gpu-farm', 'workflow_id': 'chain-image-edit-to-video-pipeline-regen-1ee2d12d-50f7-4acc-9f96-61481e3f5909-extract_frame2', 'workflow_type': 'ComfyUIWorkflow'})
2026-01-20 15:05:13,400 - temporalio.activity - INFO - Updating workflow 7bd9a14d-97bf-4485-af18-15bccdc1feb2 status to: completed ({'activity_id': '6', 'activity_type': 'update_workflow_status_activity', 'attempt': 1, 'namespace': 'default', 'task_queue': 'comfyui-gpu-farm', 'workflow_id': 'chain-image-edit-to-video-pipeline-regen-1ee2d12d-50f7-4acc-9f96-61481e3f5909', 'workflow_run_id': '019bdac2-1a3c-7dc6-90f0-f07d803e1eb5', 'workflow_type': 'ChainExecutorWorkflow'})
2026-01-20 15:05:13,403 - temporalio.activity - INFO - ✓ Updated workflow status ({'activity_id': '6', 'activity_type': 'update_workflow_status_activity', 'attempt': 1, 'namespace': 'default', 'task_queue': 'comfyui-gpu-farm', 'workflow_id': 'chain-image-edit-to-video-pipeline-regen-1ee2d12d-50f7-4acc-9f96-61481e3f5909', 'workflow_run_id': '019bdac2-1a3c-7dc6-90f0-f07d803e1eb5', 'workflow_type': 'ChainExecutorWorkflow'})
2026-01-20 15:05:13,418 - temporalio.activity - INFO - Getting artifacts for workflow: 7bd9a14d-97bf-4485-af18-15bccdc1feb2 ({'activity_id': '7', 'activity_type': 'get_workflow_artifacts', 'attempt': 1, 'namespace': 'default', 'task_queue': 'comfyui-gpu-farm', 'workflow_id': 'chain-image-edit-to-video-pipeline-regen-1ee2d12d-50f7-4acc-9f96-61481e3f5909', 'workflow_run_id': '019bdac2-1a3c-7dc6-90f0-f07d803e1eb5', 'workflow_type': 'ChainExecutorWorkflow'})
2026-01-20 15:05:13,436 - temporalio.activity - INFO - Creating approval request for artifact: f8972960-9308-44ee-9190-3008f1ec30f5 ({'activity_id': '8', 'activity_type': 'create_approval_request_activity', 'attempt': 1, 'namespace': 'default', 'task_queue': 'comfyui-gpu-farm', 'workflow_id': 'chain-image-edit-to-video-pipeline-regen-1ee2d12d-50f7-4acc-9f96-61481e3f5909', 'workflow_run_id': '019bdac2-1a3c-7dc6-90f0-f07d803e1eb5', 'workflow_type': 'ChainExecutorWorkflow'})
2026-01-20 15:05:13,440 - temporalio.activity - INFO - ✓ Created approval request: f4663c93-3e51-42ba-912f-7356582434e5, token: fGKMKDwd5ws_VUf0... ({'activity_id': '8', 'activity_type': 'create_approval_request_activity', 'attempt': 1, 'namespace': 'default', 'task_queue': 'comfyui-gpu-farm', 'workflow_id': 'chain-image-edit-to-video-pipeline-regen-1ee2d12d-50f7-4acc-9f96-61481e3f5909', 'workflow_run_id': '019bdac2-1a3c-7dc6-90f0-f07d803e1eb5', 'workflow_type': 'ChainExecutorWorkflow'})
2026-01-20 15:05:13,440 - temporal_gateway.services.broadcast - INFO - Published approval_requested to chain:8576b065-e778-4dbc-9a7b-2f3dbfc20359
2026-01-20 15:05:13,440 - temporalio.activity - INFO - Published approval_requested event for chain 8576b065-e778-4dbc-9a7b-2f3dbfc20359 ({'activity_id': '8', 'activity_type': 'create_approval_request_activity', 'attempt': 1, 'namespace': 'default', 'task_queue': 'comfyui-gpu-farm', 'workflow_id': 'chain-image-edit-to-video-pipeline-regen-1ee2d12d-50f7-4acc-9f96-61481e3f5909', 'workflow_run_id': '019bdac2-1a3c-7dc6-90f0-f07d803e1eb5', 'workflow_type': 'ChainExecutorWorkflow'})
2026-01-20 15:05:13,450 - temporalio.workflow - INFO - Step extract_frame2: Approval request created, token: fGKMKDwd5ws_VUf0... ({'attempt': 1, 'namespace': 'default', 'run_id': '019bdac2-1a3c-7dc6-90f0-f07d803e1eb5', 'task_queue': 'comfyui-gpu-farm', 'workflow_id': 'chain-image-edit-to-video-pipeline-regen-1ee2d12d-50f7-4acc-9f96-61481e3f5909', 'workflow_type': 'ChainExecutorWorkflow'})
2026-01-20 15:05:16,395 - temporalio.workflow - INFO - Received approval decision for step extract_frame2: approved by cli-user ({'attempt': 1, 'namespace': 'default', 'run_id': '019bdac2-1a3c-7dc6-90f0-f07d803e1eb5', 'task_queue': 'comfyui-gpu-farm', 'workflow_id': 'chain-image-edit-to-video-pipeline-regen-1ee2d12d-50f7-4acc-9f96-61481e3f5909', 'workflow_type': 'ChainExecutorWorkflow'})
2026-01-20 15:05:16,396 - temporalio.workflow - INFO - Step extract_frame2: Approved by cli-user ({'attempt': 1, 'namespace': 'default', 'run_id': '019bdac2-1a3c-7dc6-90f0-f07d803e1eb5', 'task_queue': 'comfyui-gpu-farm', 'workflow_id': 'chain-image-edit-to-video-pipeline-regen-1ee2d12d-50f7-4acc-9f96-61481e3f5909', 'workflow_type': 'ChainExecutorWorkflow'})
2026-01-20 15:05:16,396 - temporalio.workflow - INFO - Step extract_frame2: Approved ({'attempt': 1, 'namespace': 'default', 'run_id': '019bdac2-1a3c-7dc6-90f0-f07d803e1eb5', 'task_queue': 'comfyui-gpu-farm', 'workflow_id': 'chain-image-edit-to-video-pipeline-regen-1ee2d12d-50f7-4acc-9f96-61481e3f5909', 'workflow_type': 'ChainExecutorWorkflow'})
2026-01-20 15:05:16,404 - temporalio.activity - INFO - Getting artifacts for workflow: 7bd9a14d-97bf-4485-af18-15bccdc1feb2 ({'activity_id': '9', 'activity_type': 'get_workflow_artifacts', 'attempt': 1, 'namespace': 'default', 'task_queue': 'comfyui-gpu-farm', 'workflow_id': 'chain-image-edit-to-video-pipeline-regen-1ee2d12d-50f7-4acc-9f96-61481e3f5909', 'workflow_run_id': '019bdac2-1a3c-7dc6-90f0-f07d803e1eb5', 'workflow_type': 'ChainExecutorWorkflow'})
2026-01-20 15:05:16,439 - temporal_gateway.services.broadcast - INFO - Published step_completed to chain:8576b065-e778-4dbc-9a7b-2f3dbfc20359
2026-01-20 15:05:16,439 - temporalio.activity - INFO - Published step_completed event for extract_frame2 in chain 8576b065-e778-4dbc-9a7b-2f3dbfc20359 ({'activity_id': '10', 'activity_type': 'publish_step_completed_activity', 'attempt': 1, 'namespace': 'default', 'task_queue': 'comfyui-gpu-farm', 'workflow_id': 'chain-image-edit-to-video-pipeline-regen-1ee2d12d-50f7-4acc-9f96-61481e3f5909', 'workflow_run_id': '019bdac2-1a3c-7dc6-90f0-f07d803e1eb5', 'workflow_type': 'ChainExecutorWorkflow'})
2026-01-20 15:05:16,457 - temporalio.workflow - INFO - Step extract_frame1: completed ({'attempt': 1, 'namespace': 'default', 'run_id': '019bdac2-1a3c-7dc6-90f0-f07d803e1eb5', 'task_queue': 'comfyui-gpu-farm', 'workflow_id': 'chain-image-edit-to-video-pipeline-regen-1ee2d12d-50f7-4acc-9f96-61481e3f5909', 'workflow_type': 'ChainExecutorWorkflow'})
2026-01-20 15:05:16,457 - temporalio.workflow - INFO - Step extract_frame2: completed ({'attempt': 1, 'namespace': 'default', 'run_id': '019bdac2-1a3c-7dc6-90f0-f07d803e1eb5', 'task_queue': 'comfyui-gpu-farm', 'workflow_id': 'chain-image-edit-to-video-pipeline-regen-1ee2d12d-50f7-4acc-9f96-61481e3f5909', 'workflow_type': 'ChainExecutorWorkflow'})
2026-01-20 15:05:16,470 - temporalio.activity - INFO - Updating chain 8576b065-e778-4dbc-9a7b-2f3dbfc20359 status to: executing_level_1 ({'activity_id': '11', 'activity_type': 'update_chain_status_activity', 'attempt': 1, 'namespace': 'default', 'task_queue': 'comfyui-gpu-farm', 'workflow_id': 'chain-image-edit-to-video-pipeline-regen-1ee2d12d-50f7-4acc-9f96-61481e3f5909', 'workflow_run_id': '019bdac2-1a3c-7dc6-90f0-f07d803e1eb5', 'workflow_type': 'ChainExecutorWorkflow'})
2026-01-20 15:05:16,474 - temporalio.activity - INFO - ✓ Updated chain status ({'activity_id': '11', 'activity_type': 'update_chain_status_activity', 'attempt': 1, 'namespace': 'default', 'task_queue': 'comfyui-gpu-farm', 'workflow_id': 'chain-image-edit-to-video-pipeline-regen-1ee2d12d-50f7-4acc-9f96-61481e3f5909', 'workflow_run_id': '019bdac2-1a3c-7dc6-90f0-f07d803e1eb5', 'workflow_type': 'ChainExecutorWorkflow'})
2026-01-20 15:05:16,483 - temporalio.workflow - INFO - Level 1: Executing 2 step(s) ({'attempt': 1, 'namespace': 'default', 'run_id': '019bdac2-1a3c-7dc6-90f0-f07d803e1eb5', 'task_queue': 'comfyui-gpu-farm', 'workflow_id': 'chain-image-edit-to-video-pipeline-regen-1ee2d12d-50f7-4acc-9f96-61481e3f5909', 'workflow_type': 'ChainExecutorWorkflow'})
2026-01-20 15:05:16,483 - temporalio.workflow - INFO - Step edit_frame1: Using cached result ({'attempt': 1, 'namespace': 'default', 'run_id': '019bdac2-1a3c-7dc6-90f0-f07d803e1eb5', 'task_queue': 'comfyui-gpu-farm', 'workflow_id': 'chain-image-edit-to-video-pipeline-regen-1ee2d12d-50f7-4acc-9f96-61481e3f5909', 'workflow_type': 'ChainExecutorWorkflow'})
2026-01-20 15:05:16,483 - temporalio.workflow - INFO - Executing step: edit_frame2 ({'attempt': 1, 'namespace': 'default', 'run_id': '019bdac2-1a3c-7dc6-90f0-f07d803e1eb5', 'task_queue': 'comfyui-gpu-farm', 'workflow_id': 'chain-image-edit-to-video-pipeline-regen-1ee2d12d-50f7-4acc-9f96-61481e3f5909', 'workflow_type': 'ChainExecutorWorkflow'})
2026-01-20 15:05:16,492 - temporalio.activity - INFO - Resolving templates in parameters ({'activity_id': '12', 'activity_type': 'resolve_chain_templates', 'attempt': 1, 'namespace': 'default', 'task_queue': 'comfyui-gpu-farm', 'workflow_id': 'chain-image-edit-to-video-pipeline-regen-1ee2d12d-50f7-4acc-9f96-61481e3f5909', 'workflow_run_id': '019bdac2-1a3c-7dc6-90f0-f07d803e1eb5', 'workflow_type': 'ChainExecutorWorkflow'})
2026-01-20 15:05:16,494 - temporalio.activity - INFO - Templates resolved successfully ({'activity_id': '12', 'activity_type': 'resolve_chain_templates', 'attempt': 1, 'namespace': 'default', 'task_queue': 'comfyui-gpu-farm', 'workflow_id': 'chain-image-edit-to-video-pipeline-regen-1ee2d12d-50f7-4acc-9f96-61481e3f5909', 'workflow_run_id': '019bdac2-1a3c-7dc6-90f0-f07d803e1eb5', 'workflow_type': 'ChainExecutorWorkflow'})
2026-01-20 15:05:16,511 - temporalio.activity - INFO - Applying parameters to workflow: qwen_image_edit ({'activity_id': '13', 'activity_type': 'apply_workflow_parameters', 'attempt': 1, 'namespace': 'default', 'task_queue': 'comfyui-gpu-farm', 'workflow_id': 'chain-image-edit-to-video-pipeline-regen-1ee2d12d-50f7-4acc-9f96-61481e3f5909', 'workflow_run_id': '019bdac2-1a3c-7dc6-90f0-f07d803e1eb5', 'workflow_type': 'ChainExecutorWorkflow'})
2026-01-20 15:05:16,511 - temporal_gateway.registry - INFO - Applied override: 111.prompt = Make the scene more vibrant and colorful with enhanced details
2026-01-20 15:05:16,511 - temporal_gateway.registry - INFO - Applied override: 78.image = ComfyUI_00310_.png
2026-01-20 15:05:16,511 - temporalio.activity - INFO - Parameters applied successfully ({'activity_id': '13', 'activity_type': 'apply_workflow_parameters', 'attempt': 1, 'namespace': 'default', 'task_queue': 'comfyui-gpu-farm', 'workflow_id': 'chain-image-edit-to-video-pipeline-regen-1ee2d12d-50f7-4acc-9f96-61481e3f5909', 'workflow_run_id': '019bdac2-1a3c-7dc6-90f0-f07d803e1eb5', 'workflow_type': 'ChainExecutorWorkflow'})
2026-01-20 15:05:16,526 - temporalio.activity - INFO - Selecting server with strategy: least_loaded ({'activity_id': '14', 'activity_type': 'select_best_server', 'attempt': 1, 'namespace': 'default', 'task_queue': 'comfyui-gpu-farm', 'workflow_id': 'chain-image-edit-to-video-pipeline-regen-1ee2d12d-50f7-4acc-9f96-61481e3f5909', 'workflow_run_id': '019bdac2-1a3c-7dc6-90f0-f07d803e1eb5', 'workflow_type': 'ChainExecutorWorkflow'})
2026-01-20 15:05:16,626 - httpx - INFO - HTTP Request: GET http://procure-x.testmcp.org/system_stats "HTTP/1.1 200 OK"
2026-01-20 15:05:16,647 - httpx - INFO - HTTP Request: GET http://procure-x.testmcp.org/queue "HTTP/1.1 200 OK"
2026-01-20 15:05:16,650 - temporal_gateway.servers.load_balancer - INFO - Selected server procure-x (queue_depth=0, gpu_mem=0.0%)
2026-01-20 15:05:16,651 - temporalio.activity - INFO - Selected server: procure-x (http://procure-x.testmcp.org) ({'activity_id': '14', 'activity_type': 'select_best_server', 'attempt': 1, 'namespace': 'default', 'task_queue': 'comfyui-gpu-farm', 'workflow_id': 'chain-image-edit-to-video-pipeline-regen-1ee2d12d-50f7-4acc-9f96-61481e3f5909', 'workflow_run_id': '019bdac2-1a3c-7dc6-90f0-f07d803e1eb5', 'workflow_type': 'ChainExecutorWorkflow'})
2026-01-20 15:05:16,669 - temporalio.workflow - INFO - Step edit_frame2: Server http://procure-x.testmcp.org ({'attempt': 1, 'namespace': 'default', 'run_id': '019bdac2-1a3c-7dc6-90f0-f07d803e1eb5', 'task_queue': 'comfyui-gpu-farm', 'workflow_id': 'chain-image-edit-to-video-pipeline-regen-1ee2d12d-50f7-4acc-9f96-61481e3f5909', 'workflow_type': 'ChainExecutorWorkflow'})
2026-01-20 15:05:16,677 - temporalio.activity - INFO - Getting artifacts for workflow: 7bd9a14d-97bf-4485-af18-15bccdc1feb2 ({'activity_id': '15', 'activity_type': 'get_workflow_artifacts', 'attempt': 1, 'namespace': 'default', 'task_queue': 'comfyui-gpu-farm', 'workflow_id': 'chain-image-edit-to-video-pipeline-regen-1ee2d12d-50f7-4acc-9f96-61481e3f5909', 'workflow_run_id': '019bdac2-1a3c-7dc6-90f0-f07d803e1eb5', 'workflow_type': 'ChainExecutorWorkflow'})
2026-01-20 15:05:16,687 - temporalio.workflow - INFO - Transferring 1 artifact(s) from extract_frame2 ({'attempt': 1, 'namespace': 'default', 'run_id': '019bdac2-1a3c-7dc6-90f0-f07d803e1eb5', 'task_queue': 'comfyui-gpu-farm', 'workflow_id': 'chain-image-edit-to-video-pipeline-regen-1ee2d12d-50f7-4acc-9f96-61481e3f5909', 'workflow_type': 'ChainExecutorWorkflow'})
2026-01-20 15:05:16,695 - temporalio.activity - INFO - Transferring 1 artifact(s) from workflow 7bd9a14d-97bf-4485-af18-15bccdc1feb2 to http://procure-x.testmcp.org ({'activity_id': '16', 'activity_type': 'transfer_artifacts_from_storage', 'attempt': 1, 'namespace': 'default', 'task_queue': 'comfyui-gpu-farm', 'workflow_id': 'chain-image-edit-to-video-pipeline-regen-1ee2d12d-50f7-4acc-9f96-61481e3f5909', 'workflow_run_id': '019bdac2-1a3c-7dc6-90f0-f07d803e1eb5', 'workflow_type': 'ChainExecutorWorkflow'})
2026-01-20 15:05:16,738 - temporal_gateway.clients.comfy.client - INFO - ComfyUI client initialized for http://procure-x.testmcp.org
2026-01-20 15:05:16,747 - temporalio.activity - INFO - Uploading: ComfyUI_00310_.png from local storage to http://procure-x.testmcp.org/input/ ({'activity_id': '16', 'activity_type': 'transfer_artifacts_from_storage', 'attempt': 1, 'namespace': 'default', 'task_queue': 'comfyui-gpu-farm', 'workflow_id': 'chain-image-edit-to-video-pipeline-regen-1ee2d12d-50f7-4acc-9f96-61481e3f5909', 'workflow_run_id': '019bdac2-1a3c-7dc6-90f0-f07d803e1eb5', 'workflow_type': 'ChainExecutorWorkflow'})
2026-01-20 15:05:16,823 - httpx - INFO - HTTP Request: POST http://procure-x.testmcp.org/upload/image "HTTP/1.1 200 OK"
2026-01-20 15:05:16,826 - temporalio.activity - INFO - ✓ Uploaded: ComfyUI_00310_.png (119859 bytes) ({'activity_id': '16', 'activity_type': 'transfer_artifacts_from_storage', 'attempt': 1, 'namespace': 'default', 'task_queue': 'comfyui-gpu-farm', 'workflow_id': 'chain-image-edit-to-video-pipeline-regen-1ee2d12d-50f7-4acc-9f96-61481e3f5909', 'workflow_run_id': '019bdac2-1a3c-7dc6-90f0-f07d803e1eb5', 'workflow_type': 'ChainExecutorWorkflow'})
2026-01-20 15:05:16,843 - temporalio.activity - INFO - Successfully transferred 1 file(s) ({'activity_id': '16', 'activity_type': 'transfer_artifacts_from_storage', 'attempt': 1, 'namespace': 'default', 'task_queue': 'comfyui-gpu-farm', 'workflow_id': 'chain-image-edit-to-video-pipeline-regen-1ee2d12d-50f7-4acc-9f96-61481e3f5909', 'workflow_run_id': '019bdac2-1a3c-7dc6-90f0-f07d803e1eb5', 'workflow_type': 'ChainExecutorWorkflow'})
2026-01-20 15:05:16,869 - temporalio.activity - INFO - Creating workflow record: qwen_image_edit (prompt: pending) ({'activity_id': '17', 'activity_type': 'create_workflow_record', 'attempt': 1, 'namespace': 'default', 'task_queue': 'comfyui-gpu-farm', 'workflow_id': 'chain-image-edit-to-video-pipeline-regen-1ee2d12d-50f7-4acc-9f96-61481e3f5909', 'workflow_run_id': '019bdac2-1a3c-7dc6-90f0-f07d803e1eb5', 'workflow_type': 'ChainExecutorWorkflow'})
2026-01-20 15:05:16,874 - temporalio.activity - INFO - ✓ Created workflow record: 0dd2c157-8094-4586-96b7-5335c6ca5ab8 ({'activity_id': '17', 'activity_type': 'create_workflow_record', 'attempt': 1, 'namespace': 'default', 'task_queue': 'comfyui-gpu-farm', 'workflow_id': 'chain-image-edit-to-video-pipeline-regen-1ee2d12d-50f7-4acc-9f96-61481e3f5909', 'workflow_run_id': '019bdac2-1a3c-7dc6-90f0-f07d803e1eb5', 'workflow_type': 'ChainExecutorWorkflow'})
2026-01-20 15:05:16,908 - temporalio.workflow - INFO - Starting ComfyUI workflow execution ({'attempt': 1, 'namespace': 'default', 'run_id': '019bdac2-2b98-721f-bb95-d873e75011b6', 'task_queue': 'comfyui-gpu-farm', 'workflow_id': 'chain-image-edit-to-video-pipeline-regen-1ee2d12d-50f7-4acc-9f96-61481e3f5909-edit_frame2', 'workflow_type': 'ComfyUIWorkflow'})
2026-01-20 15:05:16,908 - temporalio.workflow - INFO - Generated client_id: e7dc22a3-bb0a-4d97-9b58-c8e1cdebaf3e ({'attempt': 1, 'namespace': 'default', 'run_id': '019bdac2-2b98-721f-bb95-d873e75011b6', 'task_queue': 'comfyui-gpu-farm', 'workflow_id': 'chain-image-edit-to-video-pipeline-regen-1ee2d12d-50f7-4acc-9f96-61481e3f5909-edit_frame2', 'workflow_type': 'ComfyUIWorkflow'})
2026-01-20 15:05:16,908 - temporalio.workflow - INFO - Using pre-selected server: http://procure-x.testmcp.org ({'attempt': 1, 'namespace': 'default', 'run_id': '019bdac2-2b98-721f-bb95-d873e75011b6', 'task_queue': 'comfyui-gpu-farm', 'workflow_id': 'chain-image-edit-to-video-pipeline-regen-1ee2d12d-50f7-4acc-9f96-61481e3f5909-edit_frame2', 'workflow_type': 'ComfyUIWorkflow'})
2026-01-20 15:05:16,918 - temporalio.activity - INFO - [V3] Executing workflow on http://procure-x.testmcp.org ({'activity_id': '1', 'activity_type': 'execute_and_track_workflow', 'attempt': 1, 'namespace': 'default', 'task_queue': 'comfyui-gpu-farm', 'workflow_id': 'chain-image-edit-to-video-pipeline-regen-1ee2d12d-50f7-4acc-9f96-61481e3f5909-edit_frame2', 'workflow_run_id': '019bdac2-2b98-721f-bb95-d873e75011b6', 'workflow_type': 'ComfyUIWorkflow'})
2026-01-20 15:05:16,919 - temporalio.activity - INFO - [V3] Workflow name: qwen_image_edit ({'activity_id': '1', 'activity_type': 'execute_and_track_workflow', 'attempt': 1, 'namespace': 'default', 'task_queue': 'comfyui-gpu-farm', 'workflow_id': 'chain-image-edit-to-video-pipeline-regen-1ee2d12d-50f7-4acc-9f96-61481e3f5909-edit_frame2', 'workflow_run_id': '019bdac2-2b98-721f-bb95-d873e75011b6', 'workflow_type': 'ComfyUIWorkflow'})
2026-01-20 15:05:16,962 - temporal_gateway.clients.comfy.client - INFO - ComfyUI client initialized for http://procure-x.testmcp.org
2026-01-20 15:05:16,962 - temporal_gateway.clients.comfy.client - INFO - Submitting workflow to ComfyUI
2026-01-20 15:05:17,030 - httpx - INFO - HTTP Request: POST http://procure-x.testmcp.org/prompt "HTTP/1.1 200 OK"
2026-01-20 15:05:17,033 - temporal_gateway.clients.comfy.client - INFO - Workflow queued with prompt_id: 3254a62e-9c22-40ae-a3f4-7a6e63eb1f7a
2026-01-20 15:05:17,034 - temporal_gateway.clients.comfy.tracker - INFO - Starting execution tracking for prompt 3254a62e-9c22-40ae-a3f4-7a6e63eb1f7a
2026-01-20 15:05:17,034 - temporal_gateway.clients.comfy.tracker - INFO - Starting history polling
2026-01-20 15:05:17,037 - temporal_gateway.clients.comfy.tracker - INFO - Starting WebSocket listener
2026-01-20 15:05:17,037 - temporal_gateway.clients.comfy.websocket - INFO - Connecting to WebSocket: ws://procure-x.testmcp.org/ws?clientId=db6fbfd3-fdea-4464-8ea5-86f8006e84c4
2026-01-20 15:05:17,053 - httpx - INFO - HTTP Request: GET http://procure-x.testmcp.org/history/3254a62e-9c22-40ae-a3f4-7a6e63eb1f7a "HTTP/1.1 200 OK"
2026-01-20 15:05:17,081 - temporal_gateway.clients.comfy.websocket - INFO - WebSocket connected successfully
2026-01-20 15:05:18,079 - httpx - INFO - HTTP Request: GET http://procure-x.testmcp.org/history/3254a62e-9c22-40ae-a3f4-7a6e63eb1f7a "HTTP/1.1 200 OK"
2026-01-20 15:05:19,102 - httpx - INFO - HTTP Request: GET http://procure-x.testmcp.org/history/3254a62e-9c22-40ae-a3f4-7a6e63eb1f7a "HTTP/1.1 200 OK"
2026-01-20 15:05:20,128 - httpx - INFO - HTTP Request: GET http://procure-x.testmcp.org/history/3254a62e-9c22-40ae-a3f4-7a6e63eb1f7a "HTTP/1.1 200 OK"
2026-01-20 15:05:21,154 - httpx - INFO - HTTP Request: GET http://procure-x.testmcp.org/history/3254a62e-9c22-40ae-a3f4-7a6e63eb1f7a "HTTP/1.1 200 OK"
2026-01-20 15:05:22,176 - httpx - INFO - HTTP Request: GET http://procure-x.testmcp.org/history/3254a62e-9c22-40ae-a3f4-7a6e63eb1f7a "HTTP/1.1 200 OK"
2026-01-20 15:05:23,199 - httpx - INFO - HTTP Request: GET http://procure-x.testmcp.org/history/3254a62e-9c22-40ae-a3f4-7a6e63eb1f7a "HTTP/1.1 200 OK"
2026-01-20 15:05:24,224 - httpx - INFO - HTTP Request: GET http://procure-x.testmcp.org/history/3254a62e-9c22-40ae-a3f4-7a6e63eb1f7a "HTTP/1.1 200 OK"
2026-01-20 15:05:25,251 - httpx - INFO - HTTP Request: GET http://procure-x.testmcp.org/history/3254a62e-9c22-40ae-a3f4-7a6e63eb1f7a "HTTP/1.1 200 OK"
2026-01-20 15:05:26,277 - httpx - INFO - HTTP Request: GET http://procure-x.testmcp.org/history/3254a62e-9c22-40ae-a3f4-7a6e63eb1f7a "HTTP/1.1 200 OK"
2026-01-20 15:05:27,307 - httpx - INFO - HTTP Request: GET http://procure-x.testmcp.org/history/3254a62e-9c22-40ae-a3f4-7a6e63eb1f7a "HTTP/1.1 200 OK"
2026-01-20 15:05:28,324 - httpx - INFO - HTTP Request: GET http://procure-x.testmcp.org/history/3254a62e-9c22-40ae-a3f4-7a6e63eb1f7a "HTTP/1.1 200 OK"
2026-01-20 15:05:29,344 - httpx - INFO - HTTP Request: GET http://procure-x.testmcp.org/history/3254a62e-9c22-40ae-a3f4-7a6e63eb1f7a "HTTP/1.1 200 OK"
2026-01-20 15:05:30,367 - httpx - INFO - HTTP Request: GET http://procure-x.testmcp.org/history/3254a62e-9c22-40ae-a3f4-7a6e63eb1f7a "HTTP/1.1 200 OK"
2026-01-20 15:05:31,392 - httpx - INFO - HTTP Request: GET http://procure-x.testmcp.org/history/3254a62e-9c22-40ae-a3f4-7a6e63eb1f7a "HTTP/1.1 200 OK"
2026-01-20 15:05:32,417 - httpx - INFO - HTTP Request: GET http://procure-x.testmcp.org/history/3254a62e-9c22-40ae-a3f4-7a6e63eb1f7a "HTTP/1.1 200 OK"
2026-01-20 15:05:33,441 - httpx - INFO - HTTP Request: GET http://procure-x.testmcp.org/history/3254a62e-9c22-40ae-a3f4-7a6e63eb1f7a "HTTP/1.1 200 OK"
2026-01-20 15:05:34,463 - httpx - INFO - HTTP Request: GET http://procure-x.testmcp.org/history/3254a62e-9c22-40ae-a3f4-7a6e63eb1f7a "HTTP/1.1 200 OK"
2026-01-20 15:05:35,484 - httpx - INFO - HTTP Request: GET http://procure-x.testmcp.org/history/3254a62e-9c22-40ae-a3f4-7a6e63eb1f7a "HTTP/1.1 200 OK"
2026-01-20 15:05:36,505 - httpx - INFO - HTTP Request: GET http://procure-x.testmcp.org/history/3254a62e-9c22-40ae-a3f4-7a6e63eb1f7a "HTTP/1.1 200 OK"
2026-01-20 15:05:37,529 - httpx - INFO - HTTP Request: GET http://procure-x.testmcp.org/history/3254a62e-9c22-40ae-a3f4-7a6e63eb1f7a "HTTP/1.1 200 OK"
2026-01-20 15:05:38,550 - httpx - INFO - HTTP Request: GET http://procure-x.testmcp.org/history/3254a62e-9c22-40ae-a3f4-7a6e63eb1f7a "HTTP/1.1 200 OK"
2026-01-20 15:05:39,572 - httpx - INFO - HTTP Request: GET http://procure-x.testmcp.org/history/3254a62e-9c22-40ae-a3f4-7a6e63eb1f7a "HTTP/1.1 200 OK"
2026-01-20 15:05:40,595 - httpx - INFO - HTTP Request: GET http://procure-x.testmcp.org/history/3254a62e-9c22-40ae-a3f4-7a6e63eb1f7a "HTTP/1.1 200 OK"
2026-01-20 15:05:41,617 - httpx - INFO - HTTP Request: GET http://procure-x.testmcp.org/history/3254a62e-9c22-40ae-a3f4-7a6e63eb1f7a "HTTP/1.1 200 OK"
2026-01-20 15:05:42,640 - httpx - INFO - HTTP Request: GET http://procure-x.testmcp.org/history/3254a62e-9c22-40ae-a3f4-7a6e63eb1f7a "HTTP/1.1 200 OK"
2026-01-20 15:05:43,667 - httpx - INFO - HTTP Request: GET http://procure-x.testmcp.org/history/3254a62e-9c22-40ae-a3f4-7a6e63eb1f7a "HTTP/1.1 200 OK"
2026-01-20 15:05:44,689 - httpx - INFO - HTTP Request: GET http://procure-x.testmcp.org/history/3254a62e-9c22-40ae-a3f4-7a6e63eb1f7a "HTTP/1.1 200 OK"
2026-01-20 15:05:45,713 - httpx - INFO - HTTP Request: GET http://procure-x.testmcp.org/history/3254a62e-9c22-40ae-a3f4-7a6e63eb1f7a "HTTP/1.1 200 OK"
2026-01-20 15:05:46,735 - httpx - INFO - HTTP Request: GET http://procure-x.testmcp.org/history/3254a62e-9c22-40ae-a3f4-7a6e63eb1f7a "HTTP/1.1 200 OK"
2026-01-20 15:05:47,756 - httpx - INFO - HTTP Request: GET http://procure-x.testmcp.org/history/3254a62e-9c22-40ae-a3f4-7a6e63eb1f7a "HTTP/1.1 200 OK"
2026-01-20 15:05:48,780 - httpx - INFO - HTTP Request: GET http://procure-x.testmcp.org/history/3254a62e-9c22-40ae-a3f4-7a6e63eb1f7a "HTTP/1.1 200 OK"
2026-01-20 15:05:49,804 - httpx - INFO - HTTP Request: GET http://procure-x.testmcp.org/history/3254a62e-9c22-40ae-a3f4-7a6e63eb1f7a "HTTP/1.1 200 OK"
2026-01-20 15:05:50,823 - httpx - INFO - HTTP Request: GET http://procure-x.testmcp.org/history/3254a62e-9c22-40ae-a3f4-7a6e63eb1f7a "HTTP/1.1 200 OK"
2026-01-20 15:05:51,843 - httpx - INFO - HTTP Request: GET http://procure-x.testmcp.org/history/3254a62e-9c22-40ae-a3f4-7a6e63eb1f7a "HTTP/1.1 200 OK"
2026-01-20 15:05:52,866 - httpx - INFO - HTTP Request: GET http://procure-x.testmcp.org/history/3254a62e-9c22-40ae-a3f4-7a6e63eb1f7a "HTTP/1.1 200 OK"
2026-01-20 15:05:53,896 - httpx - INFO - HTTP Request: GET http://procure-x.testmcp.org/history/3254a62e-9c22-40ae-a3f4-7a6e63eb1f7a "HTTP/1.1 200 OK"
2026-01-20 15:05:54,921 - httpx - INFO - HTTP Request: GET http://procure-x.testmcp.org/history/3254a62e-9c22-40ae-a3f4-7a6e63eb1f7a "HTTP/1.1 200 OK"
2026-01-20 15:05:55,948 - httpx - INFO - HTTP Request: GET http://procure-x.testmcp.org/history/3254a62e-9c22-40ae-a3f4-7a6e63eb1f7a "HTTP/1.1 200 OK"
2026-01-20 15:05:56,972 - httpx - INFO - HTTP Request: GET http://procure-x.testmcp.org/history/3254a62e-9c22-40ae-a3f4-7a6e63eb1f7a "HTTP/1.1 200 OK"
2026-01-20 15:05:58,011 - httpx - INFO - HTTP Request: GET http://procure-x.testmcp.org/history/3254a62e-9c22-40ae-a3f4-7a6e63eb1f7a "HTTP/1.1 200 OK"
2026-01-20 15:05:59,037 - httpx - INFO - HTTP Request: GET http://procure-x.testmcp.org/history/3254a62e-9c22-40ae-a3f4-7a6e63eb1f7a "HTTP/1.1 200 OK"
2026-01-20 15:06:00,060 - httpx - INFO - HTTP Request: GET http://procure-x.testmcp.org/history/3254a62e-9c22-40ae-a3f4-7a6e63eb1f7a "HTTP/1.1 200 OK"
2026-01-20 15:06:01,084 - httpx - INFO - HTTP Request: GET http://procure-x.testmcp.org/history/3254a62e-9c22-40ae-a3f4-7a6e63eb1f7a "HTTP/1.1 200 OK"
2026-01-20 15:06:02,106 - httpx - INFO - HTTP Request: GET http://procure-x.testmcp.org/history/3254a62e-9c22-40ae-a3f4-7a6e63eb1f7a "HTTP/1.1 200 OK"
2026-01-20 15:06:03,130 - httpx - INFO - HTTP Request: GET http://procure-x.testmcp.org/history/3254a62e-9c22-40ae-a3f4-7a6e63eb1f7a "HTTP/1.1 200 OK"
2026-01-20 15:06:04,153 - httpx - INFO - HTTP Request: GET http://procure-x.testmcp.org/history/3254a62e-9c22-40ae-a3f4-7a6e63eb1f7a "HTTP/1.1 200 OK"
2026-01-20 15:06:05,180 - httpx - INFO - HTTP Request: GET http://procure-x.testmcp.org/history/3254a62e-9c22-40ae-a3f4-7a6e63eb1f7a "HTTP/1.1 200 OK"
2026-01-20 15:06:06,206 - httpx - INFO - HTTP Request: GET http://procure-x.testmcp.org/history/3254a62e-9c22-40ae-a3f4-7a6e63eb1f7a "HTTP/1.1 200 OK"
2026-01-20 15:06:07,227 - httpx - INFO - HTTP Request: GET http://procure-x.testmcp.org/history/3254a62e-9c22-40ae-a3f4-7a6e63eb1f7a "HTTP/1.1 200 OK"
2026-01-20 15:06:08,252 - httpx - INFO - HTTP Request: GET http://procure-x.testmcp.org/history/3254a62e-9c22-40ae-a3f4-7a6e63eb1f7a "HTTP/1.1 200 OK"
2026-01-20 15:06:08,367 - temporal_gateway.clients.comfy.tracker - INFO - [WS] Execution completed successfully
2026-01-20 15:06:09,494 - httpx - INFO - HTTP Request: GET http://procure-x.testmcp.org/history/3254a62e-9c22-40ae-a3f4-7a6e63eb1f7a "HTTP/1.1 200 OK"
2026-01-20 15:06:09,498 - temporal_gateway.clients.comfy.tracker - INFO - [POLL] Found in history: success
2026-01-20 15:06:09,498 - temporal_gateway.clients.comfy.tracker - INFO - Tracking completed: success (took 52.46s)
2026-01-20 15:06:09,500 - httpx - INFO - HTTP Request: GET http://procure-x.testmcp.org/history/3254a62e-9c22-40ae-a3f4-7a6e63eb1f7a "HTTP/1.1 200 OK"
2026-01-20 15:06:09,504 - temporalio.activity - INFO - [V3] Workflow completed successfully ({'activity_id': '1', 'activity_type': 'execute_and_track_workflow', 'attempt': 1, 'namespace': 'default', 'task_queue': 'comfyui-gpu-farm', 'workflow_id': 'chain-image-edit-to-video-pipeline-regen-1ee2d12d-50f7-4acc-9f96-61481e3f5909-edit_frame2', 'workflow_run_id': '019bdac2-2b98-721f-bb95-d873e75011b6', 'workflow_type': 'ComfyUIWorkflow'})
2026-01-20 15:06:09,521 - temporalio.workflow - INFO - Execution completed successfully ({'attempt': 1, 'namespace': 'default', 'run_id': '019bdac2-2b98-721f-bb95-d873e75011b6', 'task_queue': 'comfyui-gpu-farm', 'workflow_id': 'chain-image-edit-to-video-pipeline-regen-1ee2d12d-50f7-4acc-9f96-61481e3f5909-edit_frame2', 'workflow_type': 'ComfyUIWorkflow'})
2026-01-20 15:06:09,529 - temporalio.activity - INFO - Extracting server output files ({'activity_id': '2', 'activity_type': 'get_server_output_files', 'attempt': 1, 'namespace': 'default', 'task_queue': 'comfyui-gpu-farm', 'workflow_id': 'chain-image-edit-to-video-pipeline-regen-1ee2d12d-50f7-4acc-9f96-61481e3f5909-edit_frame2', 'workflow_run_id': '019bdac2-2b98-721f-bb95-d873e75011b6', 'workflow_type': 'ComfyUIWorkflow'})
2026-01-20 15:06:09,529 - temporalio.activity - INFO - Found 1 output file(s) ({'activity_id': '2', 'activity_type': 'get_server_output_files', 'attempt': 1, 'namespace': 'default', 'task_queue': 'comfyui-gpu-farm', 'workflow_id': 'chain-image-edit-to-video-pipeline-regen-1ee2d12d-50f7-4acc-9f96-61481e3f5909-edit_frame2', 'workflow_run_id': '019bdac2-2b98-721f-bb95-d873e75011b6', 'workflow_type': 'ComfyUIWorkflow'})
2026-01-20 15:06:09,537 - temporalio.workflow - INFO - Found 1 server output file(s) ({'attempt': 1, 'namespace': 'default', 'run_id': '019bdac2-2b98-721f-bb95-d873e75011b6', 'task_queue': 'comfyui-gpu-farm', 'workflow_id': 'chain-image-edit-to-video-pipeline-regen-1ee2d12d-50f7-4acc-9f96-61481e3f5909-edit_frame2', 'workflow_type': 'ComfyUIWorkflow'})
2026-01-20 15:06:09,545 - temporalio.activity - INFO - Downloading and persisting 1 artifact(s) for workflow 0dd2c157-8094-4586-96b7-5335c6ca5ab8 ({'activity_id': '3', 'activity_type': 'download_and_store_artifacts', 'attempt': 1, 'namespace': 'default', 'task_queue': 'comfyui-gpu-farm', 'workflow_id': 'chain-image-edit-to-video-pipeline-regen-1ee2d12d-50f7-4acc-9f96-61481e3f5909-edit_frame2', 'workflow_run_id': '019bdac2-2b98-721f-bb95-d873e75011b6', 'workflow_type': 'ComfyUIWorkflow'})
2026-01-20 15:06:09,588 - temporal_gateway.clients.comfy.client - INFO - ComfyUI client initialized for http://procure-x.testmcp.org
2026-01-20 15:06:09,635 - httpx - INFO - HTTP Request: GET http://procure-x.testmcp.org/view?filename=ComfyUI_00311_.png&type=output "HTTP/1.1 200 OK"
2026-01-20 15:06:09,821 - temporalio.activity - INFO - ✓ Saved artifact to DB: 8a0a2ee5-9cea-48d7-be71-0e715a2a0a76 (ComfyUI_00311_.png) ({'activity_id': '3', 'activity_type': 'download_and_store_artifacts', 'attempt': 1, 'namespace': 'default', 'task_queue': 'comfyui-gpu-farm', 'workflow_id': 'chain-image-edit-to-video-pipeline-regen-1ee2d12d-50f7-4acc-9f96-61481e3f5909-edit_frame2', 'workflow_run_id': '019bdac2-2b98-721f-bb95-d873e75011b6', 'workflow_type': 'ComfyUIWorkflow'})
2026-01-20 15:06:09,822 - temporalio.activity - INFO - Downloaded and persisted 1 artifact(s) ({'activity_id': '3', 'activity_type': 'download_and_store_artifacts', 'attempt': 1, 'namespace': 'default', 'task_queue': 'comfyui-gpu-farm', 'workflow_id': 'chain-image-edit-to-video-pipeline-regen-1ee2d12d-50f7-4acc-9f96-61481e3f5909-edit_frame2', 'workflow_run_id': '019bdac2-2b98-721f-bb95-d873e75011b6', 'workflow_type': 'ComfyUIWorkflow'})
2026-01-20 15:06:09,831 - temporalio.workflow - INFO - Downloaded 1 file(s) locally ({'attempt': 1, 'namespace': 'default', 'run_id': '019bdac2-2b98-721f-bb95-d873e75011b6', 'task_queue': 'comfyui-gpu-farm', 'workflow_id': 'chain-image-edit-to-video-pipeline-regen-1ee2d12d-50f7-4acc-9f96-61481e3f5909-edit_frame2', 'workflow_type': 'ComfyUIWorkflow'})
2026-01-20 15:06:09,851 - temporalio.activity - INFO - Updating workflow 0dd2c157-8094-4586-96b7-5335c6ca5ab8 status to: completed ({'activity_id': '18', 'activity_type': 'update_workflow_status_activity', 'attempt': 1, 'namespace': 'default', 'task_queue': 'comfyui-gpu-farm', 'workflow_id': 'chain-image-edit-to-video-pipeline-regen-1ee2d12d-50f7-4acc-9f96-61481e3f5909', 'workflow_run_id': '019bdac2-1a3c-7dc6-90f0-f07d803e1eb5', 'workflow_type': 'ChainExecutorWorkflow'})
2026-01-20 15:06:09,854 - temporalio.activity - INFO - ✓ Updated workflow status ({'activity_id': '18', 'activity_type': 'update_workflow_status_activity', 'attempt': 1, 'namespace': 'default', 'task_queue': 'comfyui-gpu-farm', 'workflow_id': 'chain-image-edit-to-video-pipeline-regen-1ee2d12d-50f7-4acc-9f96-61481e3f5909', 'workflow_run_id': '019bdac2-1a3c-7dc6-90f0-f07d803e1eb5', 'workflow_type': 'ChainExecutorWorkflow'})
2026-01-20 15:06:09,871 - temporalio.activity - INFO - Getting artifacts for workflow: 0dd2c157-8094-4586-96b7-5335c6ca5ab8 ({'activity_id': '19', 'activity_type': 'get_workflow_artifacts', 'attempt': 1, 'namespace': 'default', 'task_queue': 'comfyui-gpu-farm', 'workflow_id': 'chain-image-edit-to-video-pipeline-regen-1ee2d12d-50f7-4acc-9f96-61481e3f5909', 'workflow_run_id': '019bdac2-1a3c-7dc6-90f0-f07d803e1eb5', 'workflow_type': 'ChainExecutorWorkflow'})
2026-01-20 15:06:09,889 - temporalio.activity - INFO - Creating approval request for artifact: 8a0a2ee5-9cea-48d7-be71-0e715a2a0a76 ({'activity_id': '20', 'activity_type': 'create_approval_request_activity', 'attempt': 1, 'namespace': 'default', 'task_queue': 'comfyui-gpu-farm', 'workflow_id': 'chain-image-edit-to-video-pipeline-regen-1ee2d12d-50f7-4acc-9f96-61481e3f5909', 'workflow_run_id': '019bdac2-1a3c-7dc6-90f0-f07d803e1eb5', 'workflow_type': 'ChainExecutorWorkflow'})
2026-01-20 15:06:09,894 - temporalio.activity - INFO - ✓ Created approval request: 86ed4d24-be73-41f7-98b1-227ab30ca5b8, token: 40TOaFTJZwnbFphB... ({'activity_id': '20', 'activity_type': 'create_approval_request_activity', 'attempt': 1, 'namespace': 'default', 'task_queue': 'comfyui-gpu-farm', 'workflow_id': 'chain-image-edit-to-video-pipeline-regen-1ee2d12d-50f7-4acc-9f96-61481e3f5909', 'workflow_run_id': '019bdac2-1a3c-7dc6-90f0-f07d803e1eb5', 'workflow_type': 'ChainExecutorWorkflow'})
2026-01-20 15:06:09,894 - temporal_gateway.services.broadcast - INFO - Published approval_requested to chain:8576b065-e778-4dbc-9a7b-2f3dbfc20359
2026-01-20 15:06:09,894 - temporalio.activity - INFO - Published approval_requested event for chain 8576b065-e778-4dbc-9a7b-2f3dbfc20359 ({'activity_id': '20', 'activity_type': 'create_approval_request_activity', 'attempt': 1, 'namespace': 'default', 'task_queue': 'comfyui-gpu-farm', 'workflow_id': 'chain-image-edit-to-video-pipeline-regen-1ee2d12d-50f7-4acc-9f96-61481e3f5909', 'workflow_run_id': '019bdac2-1a3c-7dc6-90f0-f07d803e1eb5', 'workflow_type': 'ChainExecutorWorkflow'})
2026-01-20 15:06:09,905 - temporalio.workflow - INFO - Step edit_frame2: Approval request created, token: 40TOaFTJZwnbFphB... ({'attempt': 1, 'namespace': 'default', 'run_id': '019bdac2-1a3c-7dc6-90f0-f07d803e1eb5', 'task_queue': 'comfyui-gpu-farm', 'workflow_id': 'chain-image-edit-to-video-pipeline-regen-1ee2d12d-50f7-4acc-9f96-61481e3f5909', 'workflow_type': 'ChainExecutorWorkflow'})
2026-01-20 15:07:28,231 - temporalio.workflow - INFO - Received approval decision for step edit_frame2: approved by cli-user ({'attempt': 1, 'namespace': 'default', 'run_id': '019bdac2-1a3c-7dc6-90f0-f07d803e1eb5', 'task_queue': 'comfyui-gpu-farm', 'workflow_id': 'chain-image-edit-to-video-pipeline-regen-1ee2d12d-50f7-4acc-9f96-61481e3f5909', 'workflow_type': 'ChainExecutorWorkflow'})
2026-01-20 15:07:28,231 - temporalio.workflow - INFO - Step edit_frame2: Approved by cli-user ({'attempt': 1, 'namespace': 'default', 'run_id': '019bdac2-1a3c-7dc6-90f0-f07d803e1eb5', 'task_queue': 'comfyui-gpu-farm', 'workflow_id': 'chain-image-edit-to-video-pipeline-regen-1ee2d12d-50f7-4acc-9f96-61481e3f5909', 'workflow_type': 'ChainExecutorWorkflow'})
2026-01-20 15:07:28,231 - temporalio.workflow - INFO - Step edit_frame2: Approved ({'attempt': 1, 'namespace': 'default', 'run_id': '019bdac2-1a3c-7dc6-90f0-f07d803e1eb5', 'task_queue': 'comfyui-gpu-farm', 'workflow_id': 'chain-image-edit-to-video-pipeline-regen-1ee2d12d-50f7-4acc-9f96-61481e3f5909', 'workflow_type': 'ChainExecutorWorkflow'})
2026-01-20 15:07:28,241 - temporalio.activity - INFO - Getting artifacts for workflow: 0dd2c157-8094-4586-96b7-5335c6ca5ab8 ({'activity_id': '21', 'activity_type': 'get_workflow_artifacts', 'attempt': 1, 'namespace': 'default', 'task_queue': 'comfyui-gpu-farm', 'workflow_id': 'chain-image-edit-to-video-pipeline-regen-1ee2d12d-50f7-4acc-9f96-61481e3f5909', 'workflow_run_id': '019bdac2-1a3c-7dc6-90f0-f07d803e1eb5', 'workflow_type': 'ChainExecutorWorkflow'})
2026-01-20 15:07:28,259 - temporal_gateway.services.broadcast - INFO - Published step_completed to chain:8576b065-e778-4dbc-9a7b-2f3dbfc20359
2026-01-20 15:07:28,259 - temporalio.activity - INFO - Published step_completed event for edit_frame2 in chain 8576b065-e778-4dbc-9a7b-2f3dbfc20359 ({'activity_id': '22', 'activity_type': 'publish_step_completed_activity', 'attempt': 1, 'namespace': 'default', 'task_queue': 'comfyui-gpu-farm', 'workflow_id': 'chain-image-edit-to-video-pipeline-regen-1ee2d12d-50f7-4acc-9f96-61481e3f5909', 'workflow_run_id': '019bdac2-1a3c-7dc6-90f0-f07d803e1eb5', 'workflow_type': 'ChainExecutorWorkflow'})
2026-01-20 15:07:28,269 - temporalio.workflow - INFO - Step edit_frame1: completed ({'attempt': 1, 'namespace': 'default', 'run_id': '019bdac2-1a3c-7dc6-90f0-f07d803e1eb5', 'task_queue': 'comfyui-gpu-farm', 'workflow_id': 'chain-image-edit-to-video-pipeline-regen-1ee2d12d-50f7-4acc-9f96-61481e3f5909', 'workflow_type': 'ChainExecutorWorkflow'})
2026-01-20 15:07:28,269 - temporalio.workflow - INFO - Step edit_frame2: completed ({'attempt': 1, 'namespace': 'default', 'run_id': '019bdac2-1a3c-7dc6-90f0-f07d803e1eb5', 'task_queue': 'comfyui-gpu-farm', 'workflow_id': 'chain-image-edit-to-video-pipeline-regen-1ee2d12d-50f7-4acc-9f96-61481e3f5909', 'workflow_type': 'ChainExecutorWorkflow'})
2026-01-20 15:07:28,278 - temporalio.activity - INFO - Updating chain 8576b065-e778-4dbc-9a7b-2f3dbfc20359 status to: executing_level_2 ({'activity_id': '23', 'activity_type': 'update_chain_status_activity', 'attempt': 1, 'namespace': 'default', 'task_queue': 'comfyui-gpu-farm', 'workflow_id': 'chain-image-edit-to-video-pipeline-regen-1ee2d12d-50f7-4acc-9f96-61481e3f5909', 'workflow_run_id': '019bdac2-1a3c-7dc6-90f0-f07d803e1eb5', 'workflow_type': 'ChainExecutorWorkflow'})
2026-01-20 15:07:28,282 - temporalio.activity - INFO - ✓ Updated chain status ({'activity_id': '23', 'activity_type': 'update_chain_status_activity', 'attempt': 1, 'namespace': 'default', 'task_queue': 'comfyui-gpu-farm', 'workflow_id': 'chain-image-edit-to-video-pipeline-regen-1ee2d12d-50f7-4acc-9f96-61481e3f5909', 'workflow_run_id': '019bdac2-1a3c-7dc6-90f0-f07d803e1eb5', 'workflow_type': 'ChainExecutorWorkflow'})
2026-01-20 15:07:28,294 - temporalio.workflow - INFO - Level 2: Executing 1 step(s) ({'attempt': 1, 'namespace': 'default', 'run_id': '019bdac2-1a3c-7dc6-90f0-f07d803e1eb5', 'task_queue': 'comfyui-gpu-farm', 'workflow_id': 'chain-image-edit-to-video-pipeline-regen-1ee2d12d-50f7-4acc-9f96-61481e3f5909', 'workflow_type': 'ChainExecutorWorkflow'})
2026-01-20 15:07:28,294 - temporalio.workflow - INFO - Executing step: create_video ({'attempt': 1, 'namespace': 'default', 'run_id': '019bdac2-1a3c-7dc6-90f0-f07d803e1eb5', 'task_queue': 'comfyui-gpu-farm', 'workflow_id': 'chain-image-edit-to-video-pipeline-regen-1ee2d12d-50f7-4acc-9f96-61481e3f5909', 'workflow_type': 'ChainExecutorWorkflow'})
2026-01-20 15:07:28,304 - temporalio.activity - INFO - Resolving templates in parameters ({'activity_id': '24', 'activity_type': 'resolve_chain_templates', 'attempt': 1, 'namespace': 'default', 'task_queue': 'comfyui-gpu-farm', 'workflow_id': 'chain-image-edit-to-video-pipeline-regen-1ee2d12d-50f7-4acc-9f96-61481e3f5909', 'workflow_run_id': '019bdac2-1a3c-7dc6-90f0-f07d803e1eb5', 'workflow_type': 'ChainExecutorWorkflow'})
2026-01-20 15:07:28,305 - temporalio.activity - INFO - Templates resolved successfully ({'activity_id': '24', 'activity_type': 'resolve_chain_templates', 'attempt': 1, 'namespace': 'default', 'task_queue': 'comfyui-gpu-farm', 'workflow_id': 'chain-image-edit-to-video-pipeline-regen-1ee2d12d-50f7-4acc-9f96-61481e3f5909', 'workflow_run_id': '019bdac2-1a3c-7dc6-90f0-f07d803e1eb5', 'workflow_type': 'ChainExecutorWorkflow'})
2026-01-20 15:07:28,321 - temporalio.activity - INFO - Applying parameters to workflow: firstEndTovideo ({'activity_id': '25', 'activity_type': 'apply_workflow_parameters', 'attempt': 1, 'namespace': 'default', 'task_queue': 'comfyui-gpu-farm', 'workflow_id': 'chain-image-edit-to-video-pipeline-regen-1ee2d12d-50f7-4acc-9f96-61481e3f5909', 'workflow_run_id': '019bdac2-1a3c-7dc6-90f0-f07d803e1eb5', 'workflow_type': 'ChainExecutorWorkflow'})
2026-01-20 15:07:28,321 - temporal_gateway.registry - INFO - Applied override: 6.text = Smooth cinematic transition between vibrant colorful scenes
2026-01-20 15:07:28,321 - temporal_gateway.registry - INFO - Applied override: 60.fps = 16
2026-01-20 15:07:28,321 - temporal_gateway.registry - INFO - Applied override: 62.image = ComfyUI_00306_.png
2026-01-20 15:07:28,321 - temporal_gateway.registry - INFO - Applied override: 67.height = 1025
2026-01-20 15:07:28,321 - temporal_gateway.registry - INFO - Applied override: 67.length = 81
2026-01-20 15:07:28,322 - temporal_gateway.registry - INFO - Applied override: 67.width = 595
2026-01-20 15:07:28,322 - temporal_gateway.registry - INFO - Applied override: 68.image = ComfyUI_00311_.png
2026-01-20 15:07:28,322 - temporalio.activity - INFO - Parameters applied successfully ({'activity_id': '25', 'activity_type': 'apply_workflow_parameters', 'attempt': 1, 'namespace': 'default', 'task_queue': 'comfyui-gpu-farm', 'workflow_id': 'chain-image-edit-to-video-pipeline-regen-1ee2d12d-50f7-4acc-9f96-61481e3f5909', 'workflow_run_id': '019bdac2-1a3c-7dc6-90f0-f07d803e1eb5', 'workflow_type': 'ChainExecutorWorkflow'})
2026-01-20 15:07:28,338 - temporalio.activity - INFO - Selecting server with strategy: least_loaded ({'activity_id': '26', 'activity_type': 'select_best_server', 'attempt': 1, 'namespace': 'default', 'task_queue': 'comfyui-gpu-farm', 'workflow_id': 'chain-image-edit-to-video-pipeline-regen-1ee2d12d-50f7-4acc-9f96-61481e3f5909', 'workflow_run_id': '019bdac2-1a3c-7dc6-90f0-f07d803e1eb5', 'workflow_type': 'ChainExecutorWorkflow'})
2026-01-20 15:07:28,480 - httpx - INFO - HTTP Request: GET http://procure-x.testmcp.org/system_stats "HTTP/1.1 200 OK"
2026-01-20 15:07:28,511 - httpx - INFO - HTTP Request: GET http://procure-x.testmcp.org/queue "HTTP/1.1 200 OK"
2026-01-20 15:07:28,516 - temporal_gateway.servers.load_balancer - INFO - Selected server procure-x (queue_depth=0, gpu_mem=0.0%)
2026-01-20 15:07:28,517 - temporalio.activity - INFO - Selected server: procure-x (http://procure-x.testmcp.org) ({'activity_id': '26', 'activity_type': 'select_best_server', 'attempt': 1, 'namespace': 'default', 'task_queue': 'comfyui-gpu-farm', 'workflow_id': 'chain-image-edit-to-video-pipeline-regen-1ee2d12d-50f7-4acc-9f96-61481e3f5909', 'workflow_run_id': '019bdac2-1a3c-7dc6-90f0-f07d803e1eb5', 'workflow_type': 'ChainExecutorWorkflow'})
2026-01-20 15:07:28,538 - temporalio.workflow - INFO - Step create_video: Server http://procure-x.testmcp.org ({'attempt': 1, 'namespace': 'default', 'run_id': '019bdac2-1a3c-7dc6-90f0-f07d803e1eb5', 'task_queue': 'comfyui-gpu-farm', 'workflow_id': 'chain-image-edit-to-video-pipeline-regen-1ee2d12d-50f7-4acc-9f96-61481e3f5909', 'workflow_type': 'ChainExecutorWorkflow'})
2026-01-20 15:07:28,538 - temporalio.workflow - WARNING - Dependency edit_frame1 workflow ID not found ({'attempt': 1, 'namespace': 'default', 'run_id': '019bdac2-1a3c-7dc6-90f0-f07d803e1eb5', 'task_queue': 'comfyui-gpu-farm', 'workflow_id': 'chain-image-edit-to-video-pipeline-regen-1ee2d12d-50f7-4acc-9f96-61481e3f5909', 'workflow_type': 'ChainExecutorWorkflow'})
2026-01-20 15:07:28,546 - temporalio.activity - INFO - Getting artifacts for workflow: 0dd2c157-8094-4586-96b7-5335c6ca5ab8 ({'activity_id': '27', 'activity_type': 'get_workflow_artifacts', 'attempt': 1, 'namespace': 'default', 'task_queue': 'comfyui-gpu-farm', 'workflow_id': 'chain-image-edit-to-video-pipeline-regen-1ee2d12d-50f7-4acc-9f96-61481e3f5909', 'workflow_run_id': '019bdac2-1a3c-7dc6-90f0-f07d803e1eb5', 'workflow_type': 'ChainExecutorWorkflow'})
2026-01-20 15:07:28,556 - temporalio.workflow - INFO - Transferring 1 artifact(s) from edit_frame2 ({'attempt': 1, 'namespace': 'default', 'run_id': '019bdac2-1a3c-7dc6-90f0-f07d803e1eb5', 'task_queue': 'comfyui-gpu-farm', 'workflow_id': 'chain-image-edit-to-video-pipeline-regen-1ee2d12d-50f7-4acc-9f96-61481e3f5909', 'workflow_type': 'ChainExecutorWorkflow'})
2026-01-20 15:07:28,563 - temporalio.activity - INFO - Transferring 1 artifact(s) from workflow 0dd2c157-8094-4586-96b7-5335c6ca5ab8 to http://procure-x.testmcp.org ({'activity_id': '28', 'activity_type': 'transfer_artifacts_from_storage', 'attempt': 1, 'namespace': 'default', 'task_queue': 'comfyui-gpu-farm', 'workflow_id': 'chain-image-edit-to-video-pipeline-regen-1ee2d12d-50f7-4acc-9f96-61481e3f5909', 'workflow_run_id': '019bdac2-1a3c-7dc6-90f0-f07d803e1eb5', 'workflow_type': 'ChainExecutorWorkflow'})
2026-01-20 15:07:28,607 - temporal_gateway.clients.comfy.client - INFO - ComfyUI client initialized for http://procure-x.testmcp.org
2026-01-20 15:07:28,611 - temporalio.activity - INFO - Uploading: ComfyUI_00311_.png from local storage to http://procure-x.testmcp.org/input/ ({'activity_id': '28', 'activity_type': 'transfer_artifacts_from_storage', 'attempt': 1, 'namespace': 'default', 'task_queue': 'comfyui-gpu-farm', 'workflow_id': 'chain-image-edit-to-video-pipeline-regen-1ee2d12d-50f7-4acc-9f96-61481e3f5909', 'workflow_run_id': '019bdac2-1a3c-7dc6-90f0-f07d803e1eb5', 'workflow_type': 'ChainExecutorWorkflow'})
2026-01-20 15:07:28,749 - httpx - INFO - HTTP Request: POST http://procure-x.testmcp.org/upload/image "HTTP/1.1 200 OK"
2026-01-20 15:07:28,754 - temporalio.activity - INFO - ✓ Uploaded: ComfyUI_00311_.png (800815 bytes) ({'activity_id': '28', 'activity_type': 'transfer_artifacts_from_storage', 'attempt': 1, 'namespace': 'default', 'task_queue': 'comfyui-gpu-farm', 'workflow_id': 'chain-image-edit-to-video-pipeline-regen-1ee2d12d-50f7-4acc-9f96-61481e3f5909', 'workflow_run_id': '019bdac2-1a3c-7dc6-90f0-f07d803e1eb5', 'workflow_type': 'ChainExecutorWorkflow'})
2026-01-20 15:07:28,768 - temporalio.activity - INFO - Successfully transferred 1 file(s) ({'activity_id': '28', 'activity_type': 'transfer_artifacts_from_storage', 'attempt': 1, 'namespace': 'default', 'task_queue': 'comfyui-gpu-farm', 'workflow_id': 'chain-image-edit-to-video-pipeline-regen-1ee2d12d-50f7-4acc-9f96-61481e3f5909', 'workflow_run_id': '019bdac2-1a3c-7dc6-90f0-f07d803e1eb5', 'workflow_type': 'ChainExecutorWorkflow'})
2026-01-20 15:07:28,795 - temporalio.activity - INFO - Creating workflow record: firstEndTovideo (prompt: pending) ({'activity_id': '29', 'activity_type': 'create_workflow_record', 'attempt': 1, 'namespace': 'default', 'task_queue': 'comfyui-gpu-farm', 'workflow_id': 'chain-image-edit-to-video-pipeline-regen-1ee2d12d-50f7-4acc-9f96-61481e3f5909', 'workflow_run_id': '019bdac2-1a3c-7dc6-90f0-f07d803e1eb5', 'workflow_type': 'ChainExecutorWorkflow'})
2026-01-20 15:07:28,801 - temporalio.activity - INFO - ✓ Created workflow record: c5b2ce61-5980-4e70-b354-947d91e22daa ({'activity_id': '29', 'activity_type': 'create_workflow_record', 'attempt': 1, 'namespace': 'default', 'task_queue': 'comfyui-gpu-farm', 'workflow_id': 'chain-image-edit-to-video-pipeline-regen-1ee2d12d-50f7-4acc-9f96-61481e3f5909', 'workflow_run_id': '019bdac2-1a3c-7dc6-90f0-f07d803e1eb5', 'workflow_type': 'ChainExecutorWorkflow'})
2026-01-20 15:07:28,833 - temporalio.workflow - INFO - Starting ComfyUI workflow execution ({'attempt': 1, 'namespace': 'default', 'run_id': '019bdac4-2eef-75a0-ab03-c1db96adbe0a', 'task_queue': 'comfyui-gpu-farm', 'workflow_id': 'chain-image-edit-to-video-pipeline-regen-1ee2d12d-50f7-4acc-9f96-61481e3f5909-create_video', 'workflow_type': 'ComfyUIWorkflow'})
2026-01-20 15:07:28,834 - temporalio.workflow - INFO - Generated client_id: 1f135983-dd3d-4a73-84f9-c465a4412145 ({'attempt': 1, 'namespace': 'default', 'run_id': '019bdac4-2eef-75a0-ab03-c1db96adbe0a', 'task_queue': 'comfyui-gpu-farm', 'workflow_id': 'chain-image-edit-to-video-pipeline-regen-1ee2d12d-50f7-4acc-9f96-61481e3f5909-create_video', 'workflow_type': 'ComfyUIWorkflow'})
2026-01-20 15:07:28,834 - temporalio.workflow - INFO - Using pre-selected server: http://procure-x.testmcp.org ({'attempt': 1, 'namespace': 'default', 'run_id': '019bdac4-2eef-75a0-ab03-c1db96adbe0a', 'task_queue': 'comfyui-gpu-farm', 'workflow_id': 'chain-image-edit-to-video-pipeline-regen-1ee2d12d-50f7-4acc-9f96-61481e3f5909-create_video', 'workflow_type': 'ComfyUIWorkflow'})
2026-01-20 15:07:28,842 - temporalio.activity - INFO - [V3] Executing workflow on http://procure-x.testmcp.org ({'activity_id': '1', 'activity_type': 'execute_and_track_workflow', 'attempt': 1, 'namespace': 'default', 'task_queue': 'comfyui-gpu-farm', 'workflow_id': 'chain-image-edit-to-video-pipeline-regen-1ee2d12d-50f7-4acc-9f96-61481e3f5909-create_video', 'workflow_run_id': '019bdac4-2eef-75a0-ab03-c1db96adbe0a', 'workflow_type': 'ComfyUIWorkflow'})
2026-01-20 15:07:28,842 - temporalio.activity - INFO - [V3] Workflow name: firstEndTovideo ({'activity_id': '1', 'activity_type': 'execute_and_track_workflow', 'attempt': 1, 'namespace': 'default', 'task_queue': 'comfyui-gpu-farm', 'workflow_id': 'chain-image-edit-to-video-pipeline-regen-1ee2d12d-50f7-4acc-9f96-61481e3f5909-create_video', 'workflow_run_id': '019bdac4-2eef-75a0-ab03-c1db96adbe0a', 'workflow_type': 'ComfyUIWorkflow'})
2026-01-20 15:07:28,883 - temporal_gateway.clients.comfy.client - INFO - ComfyUI client initialized for http://procure-x.testmcp.org
2026-01-20 15:07:28,883 - temporal_gateway.clients.comfy.client - INFO - Submitting workflow to ComfyUI
2026-01-20 15:07:28,982 - httpx - INFO - HTTP Request: POST http://procure-x.testmcp.org/prompt "HTTP/1.1 400 Bad Request"
2026-01-20 15:07:28,986 - temporalio.activity - WARNING - Completing activity as failed ({'activity_id': '1', 'activity_type': 'execute_and_track_workflow', 'attempt': 1, 'namespace': 'default', 'task_queue': 'comfyui-gpu-farm', 'workflow_id': 'chain-image-edit-to-video-pipeline-regen-1ee2d12d-50f7-4acc-9f96-61481e3f5909-create_video', 'workflow_run_id': '019bdac4-2eef-75a0-ab03-c1db96adbe0a', 'workflow_type': 'ComfyUIWorkflow'})
Traceback (most recent call last):
  File "/home/jaskirat/Documents/comfyautomate/.venv/lib/python3.10/site-packages/temporalio/worker/_activity.py", line 316, in _handle_start_activity_task
    result = await self._execute_activity(
  File "/home/jaskirat/Documents/comfyautomate/.venv/lib/python3.10/site-packages/temporalio/worker/_activity.py", line 628, in _execute_activity
    return await impl.execute_activity(input)
  File "/home/jaskirat/Documents/comfyautomate/.venv/lib/python3.10/site-packages/temporalio/worker/_activity.py", line 823, in execute_activity
    return await input.fn(*input.args)
  File "/home/jaskirat/Documents/comfyautomate/temporal_gateway/activities/execute_workflow.py", line 61, in execute_and_track_workflow
    result = await client.execute_workflow(
  File "/home/jaskirat/Documents/comfyautomate/temporal_gateway/clients/comfy/client.py", line 74, in execute_workflow
    response = await self.http.queue_prompt(workflow, self.client_id)
  File "/home/jaskirat/Documents/comfyautomate/temporal_gateway/clients/comfy/http.py", line 40, in queue_prompt
    response.raise_for_status()
  File "/home/jaskirat/Documents/comfyautomate/.venv/lib/python3.10/site-packages/httpx/_models.py", line 829, in raise_for_status
    raise HTTPStatusError(message, request=request, response=self)
httpx.HTTPStatusError: Client error '400 Bad Request' for url 'http://procure-x.testmcp.org/prompt'
For more information check: https://developer.mozilla.org/en-US/docs/Web/HTTP/Status/400
2026-01-20 15:07:34,004 - temporalio.activity - INFO - [V3] Executing workflow on http://procure-x.testmcp.org ({'activity_id': '1', 'activity_type': 'execute_and_track_workflow', 'attempt': 2, 'namespace': 'default', 'task_queue': 'comfyui-gpu-farm', 'workflow_id': 'chain-image-edit-to-video-pipeline-regen-1ee2d12d-50f7-4acc-9f96-61481e3f5909-create_video', 'workflow_run_id': '019bdac4-2eef-75a0-ab03-c1db96adbe0a', 'workflow_type': 'ComfyUIWorkflow'})
2026-01-20 15:07:34,005 - temporalio.activity - INFO - [V3] Workflow name: firstEndTovideo ({'activity_id': '1', 'activity_type': 'execute_and_track_workflow', 'attempt': 2, 'namespace': 'default', 'task_queue': 'comfyui-gpu-farm', 'workflow_id': 'chain-image-edit-to-video-pipeline-regen-1ee2d12d-50f7-4acc-9f96-61481e3f5909-create_video', 'workflow_run_id': '019bdac4-2eef-75a0-ab03-c1db96adbe0a', 'workflow_type': 'ComfyUIWorkflow'})
2026-01-20 15:07:34,046 - temporal_gateway.clients.comfy.client - INFO - ComfyUI client initialized for http://procure-x.testmcp.org
2026-01-20 15:07:34,046 - temporal_gateway.clients.comfy.client - INFO - Submitting workflow to ComfyUI
2026-01-20 15:07:34,135 - httpx - INFO - HTTP Request: POST http://procure-x.testmcp.org/prompt "HTTP/1.1 400 Bad Request"
2026-01-20 15:07:34,137 - temporalio.activity - WARNING - Completing activity as failed ({'activity_id': '1', 'activity_type': 'execute_and_track_workflow', 'attempt': 2, 'namespace': 'default', 'task_queue': 'comfyui-gpu-farm', 'workflow_id': 'chain-image-edit-to-video-pipeline-regen-1ee2d12d-50f7-4acc-9f96-61481e3f5909-create_video', 'workflow_run_id': '019bdac4-2eef-75a0-ab03-c1db96adbe0a', 'workflow_type': 'ComfyUIWorkflow'})
Traceback (most recent call last):
  File "/home/jaskirat/Documents/comfyautomate/.venv/lib/python3.10/site-packages/temporalio/worker/_activity.py", line 316, in _handle_start_activity_task
    result = await self._execute_activity(
  File "/home/jaskirat/Documents/comfyautomate/.venv/lib/python3.10/site-packages/temporalio/worker/_activity.py", line 628, in _execute_activity
    return await impl.execute_activity(input)
  File "/home/jaskirat/Documents/comfyautomate/.venv/lib/python3.10/site-packages/temporalio/worker/_activity.py", line 823, in execute_activity
    return await input.fn(*input.args)
  File "/home/jaskirat/Documents/comfyautomate/temporal_gateway/activities/execute_workflow.py", line 61, in execute_and_track_workflow
    result = await client.execute_workflow(
  File "/home/jaskirat/Documents/comfyautomate/temporal_gateway/clients/comfy/client.py", line 74, in execute_workflow
    response = await self.http.queue_prompt(workflow, self.client_id)
  File "/home/jaskirat/Documents/comfyautomate/temporal_gateway/clients/comfy/http.py", line 40, in queue_prompt
    response.raise_for_status()
  File "/home/jaskirat/Documents/comfyautomate/.venv/lib/python3.10/site-packages/httpx/_models.py", line 829, in raise_for_status
    raise HTTPStatusError(message, request=request, response=self)
httpx.HTTPStatusError: Client error '400 Bad Request' for url 'http://procure-x.testmcp.org/prompt'
For more information check: https://developer.mozilla.org/en-US/docs/Web/HTTP/Status/400
2026-01-20 15:07:34,146 - temporalio.workflow - ERROR - Workflow failed with error: Activity task failed ({'attempt': 1, 'namespace': 'default', 'run_id': '019bdac4-2eef-75a0-ab03-c1db96adbe0a', 'task_queue': 'comfyui-gpu-farm', 'workflow_id': 'chain-image-edit-to-video-pipeline-regen-1ee2d12d-50f7-4acc-9f96-61481e3f5909-create_video', 'workflow_type': 'ComfyUIWorkflow'})
2026-01-20 15:07:34,165 - temporalio.activity - INFO - Updating workflow c5b2ce61-5980-4e70-b354-947d91e22daa status to: failed ({'activity_id': '30', 'activity_type': 'update_workflow_status_activity', 'attempt': 1, 'namespace': 'default', 'task_queue': 'comfyui-gpu-farm', 'workflow_id': 'chain-image-edit-to-video-pipeline-regen-1ee2d12d-50f7-4acc-9f96-61481e3f5909', 'workflow_run_id': '019bdac2-1a3c-7dc6-90f0-f07d803e1eb5', 'workflow_type': 'ChainExecutorWorkflow'})
2026-01-20 15:07:34,169 - temporalio.activity - INFO - ✓ Updated workflow status ({'activity_id': '30', 'activity_type': 'update_workflow_status_activity', 'attempt': 1, 'namespace': 'default', 'task_queue': 'comfyui-gpu-farm', 'workflow_id': 'chain-image-edit-to-video-pipeline-regen-1ee2d12d-50f7-4acc-9f96-61481e3f5909', 'workflow_run_id': '019bdac2-1a3c-7dc6-90f0-f07d803e1eb5', 'workflow_type': 'ChainExecutorWorkflow'})
2026-01-20 15:07:34,184 - temporalio.activity - INFO - Getting artifacts for workflow: c5b2ce61-5980-4e70-b354-947d91e22daa ({'activity_id': '31', 'activity_type': 'get_workflow_artifacts', 'attempt': 1, 'namespace': 'default', 'task_queue': 'comfyui-gpu-farm', 'workflow_id': 'chain-image-edit-to-video-pipeline-regen-1ee2d12d-50f7-4acc-9f96-61481e3f5909', 'workflow_run_id': '019bdac2-1a3c-7dc6-90f0-f07d803e1eb5', 'workflow_type': 'ChainExecutorWorkflow'})
2026-01-20 15:07:34,185 - temporalio.activity - WARNING - No artifacts found for workflow c5b2ce61-5980-4e70-b354-947d91e22daa ({'activity_id': '31', 'activity_type': 'get_workflow_artifacts', 'attempt': 1, 'namespace': 'default', 'task_queue': 'comfyui-gpu-farm', 'workflow_id': 'chain-image-edit-to-video-pipeline-regen-1ee2d12d-50f7-4acc-9f96-61481e3f5909', 'workflow_run_id': '019bdac2-1a3c-7dc6-90f0-f07d803e1eb5', 'workflow_type': 'ChainExecutorWorkflow'})
2026-01-20 15:07:34,193 - temporalio.workflow - WARNING - Step create_video: No artifacts to approve, auto-approving ({'attempt': 1, 'namespace': 'default', 'run_id': '019bdac2-1a3c-7dc6-90f0-f07d803e1eb5', 'task_queue': 'comfyui-gpu-farm', 'workflow_id': 'chain-image-edit-to-video-pipeline-regen-1ee2d12d-50f7-4acc-9f96-61481e3f5909', 'workflow_type': 'ChainExecutorWorkflow'})
2026-01-20 15:07:34,194 - temporalio.workflow - INFO - Step create_video: Approved ({'attempt': 1, 'namespace': 'default', 'run_id': '019bdac2-1a3c-7dc6-90f0-f07d803e1eb5', 'task_queue': 'comfyui-gpu-farm', 'workflow_id': 'chain-image-edit-to-video-pipeline-regen-1ee2d12d-50f7-4acc-9f96-61481e3f5909', 'workflow_type': 'ChainExecutorWorkflow'})
2026-01-20 15:07:34,201 - temporalio.activity - INFO - Getting artifacts for workflow: c5b2ce61-5980-4e70-b354-947d91e22daa ({'activity_id': '32', 'activity_type': 'get_workflow_artifacts', 'attempt': 1, 'namespace': 'default', 'task_queue': 'comfyui-gpu-farm', 'workflow_id': 'chain-image-edit-to-video-pipeline-regen-1ee2d12d-50f7-4acc-9f96-61481e3f5909', 'workflow_run_id': '019bdac2-1a3c-7dc6-90f0-f07d803e1eb5', 'workflow_type': 'ChainExecutorWorkflow'})
2026-01-20 15:07:34,202 - temporalio.activity - WARNING - No artifacts found for workflow c5b2ce61-5980-4e70-b354-947d91e22daa ({'activity_id': '32', 'activity_type': 'get_workflow_artifacts', 'attempt': 1, 'namespace': 'default', 'task_queue': 'comfyui-gpu-farm', 'workflow_id': 'chain-image-edit-to-video-pipeline-regen-1ee2d12d-50f7-4acc-9f96-61481e3f5909', 'workflow_run_id': '019bdac2-1a3c-7dc6-90f0-f07d803e1eb5', 'workflow_type': 'ChainExecutorWorkflow'})
2026-01-20 15:07:34,219 - temporal_gateway.services.broadcast - INFO - Published step_completed to chain:8576b065-e778-4dbc-9a7b-2f3dbfc20359
2026-01-20 15:07:34,219 - temporalio.activity - INFO - Published step_completed event for create_video in chain 8576b065-e778-4dbc-9a7b-2f3dbfc20359 ({'activity_id': '33', 'activity_type': 'publish_step_completed_activity', 'attempt': 1, 'namespace': 'default', 'task_queue': 'comfyui-gpu-farm', 'workflow_id': 'chain-image-edit-to-video-pipeline-regen-1ee2d12d-50f7-4acc-9f96-61481e3f5909', 'workflow_run_id': '019bdac2-1a3c-7dc6-90f0-f07d803e1eb5', 'workflow_type': 'ChainExecutorWorkflow'})
2026-01-20 15:07:34,228 - temporalio.workflow - INFO - Step create_video: failed ({'attempt': 1, 'namespace': 'default', 'run_id': '019bdac2-1a3c-7dc6-90f0-f07d803e1eb5', 'task_queue': 'comfyui-gpu-farm', 'workflow_id': 'chain-image-edit-to-video-pipeline-regen-1ee2d12d-50f7-4acc-9f96-61481e3f5909', 'workflow_type': 'ChainExecutorWorkflow'})
2026-01-20 15:07:34,238 - temporalio.activity - INFO - Updating chain 8576b065-e778-4dbc-9a7b-2f3dbfc20359 status to: completed ({'activity_id': '34', 'activity_type': 'update_chain_status_activity', 'attempt': 1, 'namespace': 'default', 'task_queue': 'comfyui-gpu-farm', 'workflow_id': 'chain-image-edit-to-video-pipeline-regen-1ee2d12d-50f7-4acc-9f96-61481e3f5909', 'workflow_run_id': '019bdac2-1a3c-7dc6-90f0-f07d803e1eb5', 'workflow_type': 'ChainExecutorWorkflow'})
2026-01-20 15:07:34,242 - temporalio.activity - INFO - ✓ Updated chain status ({'activity_id': '34', 'activity_type': 'update_chain_status_activity', 'attempt': 1, 'namespace': 'default', 'task_queue': 'comfyui-gpu-farm', 'workflow_id': 'chain-image-edit-to-video-pipeline-regen-1ee2d12d-50f7-4acc-9f96-61481e3f5909', 'workflow_run_id': '019bdac2-1a3c-7dc6-90f0-f07d803e1eb5', 'workflow_type': 'ChainExecutorWorkflow'})
2026-01-20 15:07:34,242 - temporal_gateway.services.broadcast - INFO - Published chain_completed to chain:8576b065-e778-4dbc-9a7b-2f3dbfc20359
2026-01-20 15:07:34,242 - temporalio.activity - INFO - Published chain_completed event for chain 8576b065-e778-4dbc-9a7b-2f3dbfc20359 ({'activity_id': '34', 'activity_type': 'update_chain_status_activity', 'attempt': 1, 'namespace': 'default', 'task_queue': 'comfyui-gpu-farm', 'workflow_id': 'chain-image-edit-to-video-pipeline-regen-1ee2d12d-50f7-4acc-9f96-61481e3f5909', 'workflow_run_id': '019bdac2-1a3c-7dc6-90f0-f07d803e1eb5', 'workflow_type': 'ChainExecutorWorkflow'})
2026-01-20 15:08:25,711 - temporalio.workflow - INFO - Starting chain execution: image-edit-to-video-pipeline ({'attempt': 1, 'namespace': 'default', 'run_id': '019bdac5-0d14-7821-a4ec-325a275a362b', 'task_queue': 'comfyui-gpu-farm', 'workflow_id': 'chain-image-edit-to-video-pipeline-regen-dac318cb-c7ce-4774-a8e3-906697b5edfc', 'workflow_type': 'ChainExecutorWorkflow'})
2026-01-20 15:08:25,711 - temporalio.workflow - INFO - Retry number: 0 ({'attempt': 1, 'namespace': 'default', 'run_id': '019bdac5-0d14-7821-a4ec-325a275a362b', 'task_queue': 'comfyui-gpu-farm', 'workflow_id': 'chain-image-edit-to-video-pipeline-regen-dac318cb-c7ce-4774-a8e3-906697b5edfc', 'workflow_type': 'ChainExecutorWorkflow'})
2026-01-20 15:08:25,712 - temporalio.workflow - INFO - Cached steps: ['edit_frame1', 'extract_frame1'] ({'attempt': 1, 'namespace': 'default', 'run_id': '019bdac5-0d14-7821-a4ec-325a275a362b', 'task_queue': 'comfyui-gpu-farm', 'workflow_id': 'chain-image-edit-to-video-pipeline-regen-dac318cb-c7ce-4774-a8e3-906697b5edfc', 'workflow_type': 'ChainExecutorWorkflow'})
2026-01-20 15:08:25,712 - temporalio.workflow - INFO - Total levels: 3 ({'attempt': 1, 'namespace': 'default', 'run_id': '019bdac5-0d14-7821-a4ec-325a275a362b', 'task_queue': 'comfyui-gpu-farm', 'workflow_id': 'chain-image-edit-to-video-pipeline-regen-dac318cb-c7ce-4774-a8e3-906697b5edfc', 'workflow_type': 'ChainExecutorWorkflow'})
2026-01-20 15:08:25,712 - temporalio.workflow - INFO - Applied cache for step: edit_frame1 ({'attempt': 1, 'namespace': 'default', 'run_id': '019bdac5-0d14-7821-a4ec-325a275a362b', 'task_queue': 'comfyui-gpu-farm', 'workflow_id': 'chain-image-edit-to-video-pipeline-regen-dac318cb-c7ce-4774-a8e3-906697b5edfc', 'workflow_type': 'ChainExecutorWorkflow'})
2026-01-20 15:08:25,712 - temporalio.workflow - INFO - Applied cache for step: extract_frame1 ({'attempt': 1, 'namespace': 'default', 'run_id': '019bdac5-0d14-7821-a4ec-325a275a362b', 'task_queue': 'comfyui-gpu-farm', 'workflow_id': 'chain-image-edit-to-video-pipeline-regen-dac318cb-c7ce-4774-a8e3-906697b5edfc', 'workflow_type': 'ChainExecutorWorkflow'})
2026-01-20 15:08:25,712 - temporalio.workflow - INFO - Using chain ID: 6338728d-aa67-4dc9-95da-163168463e21 ({'attempt': 1, 'namespace': 'default', 'run_id': '019bdac5-0d14-7821-a4ec-325a275a362b', 'task_queue': 'comfyui-gpu-farm', 'workflow_id': 'chain-image-edit-to-video-pipeline-regen-dac318cb-c7ce-4774-a8e3-906697b5edfc', 'workflow_type': 'ChainExecutorWorkflow'})
2026-01-20 15:08:25,722 - temporalio.activity - INFO - Updating chain 6338728d-aa67-4dc9-95da-163168463e21 status to: executing_level_0 ({'activity_id': '1', 'activity_type': 'update_chain_status_activity', 'attempt': 1, 'namespace': 'default', 'task_queue': 'comfyui-gpu-farm', 'workflow_id': 'chain-image-edit-to-video-pipeline-regen-dac318cb-c7ce-4774-a8e3-906697b5edfc', 'workflow_run_id': '019bdac5-0d14-7821-a4ec-325a275a362b', 'workflow_type': 'ChainExecutorWorkflow'})
2026-01-20 15:08:25,726 - temporalio.activity - INFO - ✓ Updated chain status ({'activity_id': '1', 'activity_type': 'update_chain_status_activity', 'attempt': 1, 'namespace': 'default', 'task_queue': 'comfyui-gpu-farm', 'workflow_id': 'chain-image-edit-to-video-pipeline-regen-dac318cb-c7ce-4774-a8e3-906697b5edfc', 'workflow_run_id': '019bdac5-0d14-7821-a4ec-325a275a362b', 'workflow_type': 'ChainExecutorWorkflow'})
2026-01-20 15:08:25,735 - temporalio.workflow - INFO - Level 0: Executing 2 step(s) ({'attempt': 1, 'namespace': 'default', 'run_id': '019bdac5-0d14-7821-a4ec-325a275a362b', 'task_queue': 'comfyui-gpu-farm', 'workflow_id': 'chain-image-edit-to-video-pipeline-regen-dac318cb-c7ce-4774-a8e3-906697b5edfc', 'workflow_type': 'ChainExecutorWorkflow'})
2026-01-20 15:08:25,735 - temporalio.workflow - INFO - Step extract_frame1: Using cached result ({'attempt': 1, 'namespace': 'default', 'run_id': '019bdac5-0d14-7821-a4ec-325a275a362b', 'task_queue': 'comfyui-gpu-farm', 'workflow_id': 'chain-image-edit-to-video-pipeline-regen-dac318cb-c7ce-4774-a8e3-906697b5edfc', 'workflow_type': 'ChainExecutorWorkflow'})
2026-01-20 15:08:25,736 - temporalio.workflow - INFO - Executing step: extract_frame2 ({'attempt': 1, 'namespace': 'default', 'run_id': '019bdac5-0d14-7821-a4ec-325a275a362b', 'task_queue': 'comfyui-gpu-farm', 'workflow_id': 'chain-image-edit-to-video-pipeline-regen-dac318cb-c7ce-4774-a8e3-906697b5edfc', 'workflow_type': 'ChainExecutorWorkflow'})
2026-01-20 15:08:25,744 - temporalio.activity - INFO - Resolving templates in parameters ({'activity_id': '2', 'activity_type': 'resolve_chain_templates', 'attempt': 1, 'namespace': 'default', 'task_queue': 'comfyui-gpu-farm', 'workflow_id': 'chain-image-edit-to-video-pipeline-regen-dac318cb-c7ce-4774-a8e3-906697b5edfc', 'workflow_run_id': '019bdac5-0d14-7821-a4ec-325a275a362b', 'workflow_type': 'ChainExecutorWorkflow'})
2026-01-20 15:08:25,745 - temporalio.activity - INFO - Templates resolved successfully ({'activity_id': '2', 'activity_type': 'resolve_chain_templates', 'attempt': 1, 'namespace': 'default', 'task_queue': 'comfyui-gpu-farm', 'workflow_id': 'chain-image-edit-to-video-pipeline-regen-dac318cb-c7ce-4774-a8e3-906697b5edfc', 'workflow_run_id': '019bdac5-0d14-7821-a4ec-325a275a362b', 'workflow_type': 'ChainExecutorWorkflow'})
2026-01-20 15:08:25,765 - temporalio.activity - INFO - Applying parameters to workflow: imageSave ({'activity_id': '3', 'activity_type': 'apply_workflow_parameters', 'attempt': 1, 'namespace': 'default', 'task_queue': 'comfyui-gpu-farm', 'workflow_id': 'chain-image-edit-to-video-pipeline-regen-dac318cb-c7ce-4774-a8e3-906697b5edfc', 'workflow_run_id': '019bdac5-0d14-7821-a4ec-325a275a362b', 'workflow_type': 'ChainExecutorWorkflow'})
2026-01-20 15:08:25,765 - temporal_gateway.registry - INFO - Applied override: 1.frame_load_cap = 1
2026-01-20 15:08:25,765 - temporal_gateway.registry - INFO - Applied override: 1.select_every_nth = 1
2026-01-20 15:08:25,765 - temporal_gateway.registry - INFO - Applied override: 1.skip_first_frames = 172
2026-01-20 15:08:25,765 - temporal_gateway.registry - INFO - Applied override: 1.video = ComfyUI_00012_.mp4
2026-01-20 15:08:25,765 - temporalio.activity - INFO - Parameters applied successfully ({'activity_id': '3', 'activity_type': 'apply_workflow_parameters', 'attempt': 1, 'namespace': 'default', 'task_queue': 'comfyui-gpu-farm', 'workflow_id': 'chain-image-edit-to-video-pipeline-regen-dac318cb-c7ce-4774-a8e3-906697b5edfc', 'workflow_run_id': '019bdac5-0d14-7821-a4ec-325a275a362b', 'workflow_type': 'ChainExecutorWorkflow'})
2026-01-20 15:08:25,781 - temporalio.activity - INFO - Selecting server with strategy: least_loaded ({'activity_id': '4', 'activity_type': 'select_best_server', 'attempt': 1, 'namespace': 'default', 'task_queue': 'comfyui-gpu-farm', 'workflow_id': 'chain-image-edit-to-video-pipeline-regen-dac318cb-c7ce-4774-a8e3-906697b5edfc', 'workflow_run_id': '019bdac5-0d14-7821-a4ec-325a275a362b', 'workflow_type': 'ChainExecutorWorkflow'})
2026-01-20 15:08:25,883 - httpx - INFO - HTTP Request: GET http://procure-x.testmcp.org/system_stats "HTTP/1.1 200 OK"
2026-01-20 15:08:25,899 - httpx - INFO - HTTP Request: GET http://procure-x.testmcp.org/queue "HTTP/1.1 200 OK"
2026-01-20 15:08:25,903 - temporal_gateway.servers.load_balancer - INFO - Selected server procure-x (queue_depth=0, gpu_mem=0.0%)
2026-01-20 15:08:25,903 - temporalio.activity - INFO - Selected server: procure-x (http://procure-x.testmcp.org) ({'activity_id': '4', 'activity_type': 'select_best_server', 'attempt': 1, 'namespace': 'default', 'task_queue': 'comfyui-gpu-farm', 'workflow_id': 'chain-image-edit-to-video-pipeline-regen-dac318cb-c7ce-4774-a8e3-906697b5edfc', 'workflow_run_id': '019bdac5-0d14-7821-a4ec-325a275a362b', 'workflow_type': 'ChainExecutorWorkflow'})
2026-01-20 15:08:25,923 - temporalio.workflow - INFO - Step extract_frame2: Server http://procure-x.testmcp.org ({'attempt': 1, 'namespace': 'default', 'run_id': '019bdac5-0d14-7821-a4ec-325a275a362b', 'task_queue': 'comfyui-gpu-farm', 'workflow_id': 'chain-image-edit-to-video-pipeline-regen-dac318cb-c7ce-4774-a8e3-906697b5edfc', 'workflow_type': 'ChainExecutorWorkflow'})
2026-01-20 15:08:25,931 - temporalio.activity - INFO - Creating workflow record: imageSave (prompt: pending) ({'activity_id': '5', 'activity_type': 'create_workflow_record', 'attempt': 1, 'namespace': 'default', 'task_queue': 'comfyui-gpu-farm', 'workflow_id': 'chain-image-edit-to-video-pipeline-regen-dac318cb-c7ce-4774-a8e3-906697b5edfc', 'workflow_run_id': '019bdac5-0d14-7821-a4ec-325a275a362b', 'workflow_type': 'ChainExecutorWorkflow'})
2026-01-20 15:08:25,935 - temporalio.activity - INFO - ✓ Created workflow record: 6b5de35c-939d-4dc7-9051-f1f16ba083f6 ({'activity_id': '5', 'activity_type': 'create_workflow_record', 'attempt': 1, 'namespace': 'default', 'task_queue': 'comfyui-gpu-farm', 'workflow_id': 'chain-image-edit-to-video-pipeline-regen-dac318cb-c7ce-4774-a8e3-906697b5edfc', 'workflow_run_id': '019bdac5-0d14-7821-a4ec-325a275a362b', 'workflow_type': 'ChainExecutorWorkflow'})
2026-01-20 15:08:25,969 - temporalio.workflow - INFO - Starting ComfyUI workflow execution ({'attempt': 1, 'namespace': 'default', 'run_id': '019bdac5-0e1b-7c60-9ad1-9e66e2f2d849', 'task_queue': 'comfyui-gpu-farm', 'workflow_id': 'chain-image-edit-to-video-pipeline-regen-dac318cb-c7ce-4774-a8e3-906697b5edfc-extract_frame2', 'workflow_type': 'ComfyUIWorkflow'})
2026-01-20 15:08:25,970 - temporalio.workflow - INFO - Generated client_id: 1b0f4a1b-3330-435b-85a7-a78d13db6797 ({'attempt': 1, 'namespace': 'default', 'run_id': '019bdac5-0e1b-7c60-9ad1-9e66e2f2d849', 'task_queue': 'comfyui-gpu-farm', 'workflow_id': 'chain-image-edit-to-video-pipeline-regen-dac318cb-c7ce-4774-a8e3-906697b5edfc-extract_frame2', 'workflow_type': 'ComfyUIWorkflow'})
2026-01-20 15:08:25,970 - temporalio.workflow - INFO - Using pre-selected server: http://procure-x.testmcp.org ({'attempt': 1, 'namespace': 'default', 'run_id': '019bdac5-0e1b-7c60-9ad1-9e66e2f2d849', 'task_queue': 'comfyui-gpu-farm', 'workflow_id': 'chain-image-edit-to-video-pipeline-regen-dac318cb-c7ce-4774-a8e3-906697b5edfc-extract_frame2', 'workflow_type': 'ComfyUIWorkflow'})
2026-01-20 15:08:25,978 - temporalio.activity - INFO - [V3] Executing workflow on http://procure-x.testmcp.org ({'activity_id': '1', 'activity_type': 'execute_and_track_workflow', 'attempt': 1, 'namespace': 'default', 'task_queue': 'comfyui-gpu-farm', 'workflow_id': 'chain-image-edit-to-video-pipeline-regen-dac318cb-c7ce-4774-a8e3-906697b5edfc-extract_frame2', 'workflow_run_id': '019bdac5-0e1b-7c60-9ad1-9e66e2f2d849', 'workflow_type': 'ComfyUIWorkflow'})
2026-01-20 15:08:25,978 - temporalio.activity - INFO - [V3] Workflow name: imageSave ({'activity_id': '1', 'activity_type': 'execute_and_track_workflow', 'attempt': 1, 'namespace': 'default', 'task_queue': 'comfyui-gpu-farm', 'workflow_id': 'chain-image-edit-to-video-pipeline-regen-dac318cb-c7ce-4774-a8e3-906697b5edfc-extract_frame2', 'workflow_run_id': '019bdac5-0e1b-7c60-9ad1-9e66e2f2d849', 'workflow_type': 'ComfyUIWorkflow'})
2026-01-20 15:08:26,021 - temporal_gateway.clients.comfy.client - INFO - ComfyUI client initialized for http://procure-x.testmcp.org
2026-01-20 15:08:26,021 - temporal_gateway.clients.comfy.client - INFO - Submitting workflow to ComfyUI
2026-01-20 15:08:26,081 - httpx - INFO - HTTP Request: POST http://procure-x.testmcp.org/prompt "HTTP/1.1 200 OK"
2026-01-20 15:08:26,084 - temporal_gateway.clients.comfy.client - INFO - Workflow queued with prompt_id: 12bc7b82-672c-480f-8dda-fb13b7f0be69
2026-01-20 15:08:26,085 - temporal_gateway.clients.comfy.tracker - INFO - Starting execution tracking for prompt 12bc7b82-672c-480f-8dda-fb13b7f0be69
2026-01-20 15:08:26,085 - temporal_gateway.clients.comfy.tracker - INFO - Starting history polling
2026-01-20 15:08:26,089 - temporal_gateway.clients.comfy.tracker - INFO - Starting WebSocket listener
2026-01-20 15:08:26,089 - temporal_gateway.clients.comfy.websocket - INFO - Connecting to WebSocket: ws://procure-x.testmcp.org/ws?clientId=d6805e03-b7ed-4c92-a1da-9d1cc008ba1f
2026-01-20 15:08:26,138 - httpx - INFO - HTTP Request: GET http://procure-x.testmcp.org/history/12bc7b82-672c-480f-8dda-fb13b7f0be69 "HTTP/1.1 200 OK"
2026-01-20 15:08:26,142 - temporal_gateway.clients.comfy.websocket - INFO - WebSocket connected successfully
2026-01-20 15:08:27,164 - httpx - INFO - HTTP Request: GET http://procure-x.testmcp.org/history/12bc7b82-672c-480f-8dda-fb13b7f0be69 "HTTP/1.1 200 OK"
2026-01-20 15:08:27,449 - temporal_gateway.clients.comfy.tracker - INFO - [WS] Execution completed successfully
2026-01-20 15:08:27,838 - httpx - INFO - HTTP Request: GET http://procure-x.testmcp.org/history/12bc7b82-672c-480f-8dda-fb13b7f0be69 "HTTP/1.1 200 OK"
2026-01-20 15:08:27,842 - temporal_gateway.clients.comfy.tracker - INFO - Tracking completed: success (took 1.76s)
2026-01-20 15:08:27,843 - temporalio.activity - INFO - [V3] Workflow completed successfully ({'activity_id': '1', 'activity_type': 'execute_and_track_workflow', 'attempt': 1, 'namespace': 'default', 'task_queue': 'comfyui-gpu-farm', 'workflow_id': 'chain-image-edit-to-video-pipeline-regen-dac318cb-c7ce-4774-a8e3-906697b5edfc-extract_frame2', 'workflow_run_id': '019bdac5-0e1b-7c60-9ad1-9e66e2f2d849', 'workflow_type': 'ComfyUIWorkflow'})
2026-01-20 15:08:27,863 - temporalio.workflow - INFO - Execution completed successfully ({'attempt': 1, 'namespace': 'default', 'run_id': '019bdac5-0e1b-7c60-9ad1-9e66e2f2d849', 'task_queue': 'comfyui-gpu-farm', 'workflow_id': 'chain-image-edit-to-video-pipeline-regen-dac318cb-c7ce-4774-a8e3-906697b5edfc-extract_frame2', 'workflow_type': 'ComfyUIWorkflow'})
2026-01-20 15:08:27,870 - temporalio.activity - INFO - Extracting server output files ({'activity_id': '2', 'activity_type': 'get_server_output_files', 'attempt': 1, 'namespace': 'default', 'task_queue': 'comfyui-gpu-farm', 'workflow_id': 'chain-image-edit-to-video-pipeline-regen-dac318cb-c7ce-4774-a8e3-906697b5edfc-extract_frame2', 'workflow_run_id': '019bdac5-0e1b-7c60-9ad1-9e66e2f2d849', 'workflow_type': 'ComfyUIWorkflow'})
2026-01-20 15:08:27,870 - temporalio.activity - INFO - Found 1 output file(s) ({'activity_id': '2', 'activity_type': 'get_server_output_files', 'attempt': 1, 'namespace': 'default', 'task_queue': 'comfyui-gpu-farm', 'workflow_id': 'chain-image-edit-to-video-pipeline-regen-dac318cb-c7ce-4774-a8e3-906697b5edfc-extract_frame2', 'workflow_run_id': '019bdac5-0e1b-7c60-9ad1-9e66e2f2d849', 'workflow_type': 'ComfyUIWorkflow'})
2026-01-20 15:08:27,878 - temporalio.workflow - INFO - Found 1 server output file(s) ({'attempt': 1, 'namespace': 'default', 'run_id': '019bdac5-0e1b-7c60-9ad1-9e66e2f2d849', 'task_queue': 'comfyui-gpu-farm', 'workflow_id': 'chain-image-edit-to-video-pipeline-regen-dac318cb-c7ce-4774-a8e3-906697b5edfc-extract_frame2', 'workflow_type': 'ComfyUIWorkflow'})
2026-01-20 15:08:27,886 - temporalio.activity - INFO - Downloading and persisting 1 artifact(s) for workflow 6b5de35c-939d-4dc7-9051-f1f16ba083f6 ({'activity_id': '3', 'activity_type': 'download_and_store_artifacts', 'attempt': 1, 'namespace': 'default', 'task_queue': 'comfyui-gpu-farm', 'workflow_id': 'chain-image-edit-to-video-pipeline-regen-dac318cb-c7ce-4774-a8e3-906697b5edfc-extract_frame2', 'workflow_run_id': '019bdac5-0e1b-7c60-9ad1-9e66e2f2d849', 'workflow_type': 'ComfyUIWorkflow'})
2026-01-20 15:08:27,928 - temporal_gateway.clients.comfy.client - INFO - ComfyUI client initialized for http://procure-x.testmcp.org
2026-01-20 15:08:27,971 - httpx - INFO - HTTP Request: GET http://procure-x.testmcp.org/view?filename=ComfyUI_00312_.png&type=output "HTTP/1.1 200 OK"
2026-01-20 15:08:27,995 - temporalio.activity - INFO - ✓ Saved artifact to DB: 0d8a06c4-1371-4484-9a1f-d05778e7b156 (ComfyUI_00312_.png) ({'activity_id': '3', 'activity_type': 'download_and_store_artifacts', 'attempt': 1, 'namespace': 'default', 'task_queue': 'comfyui-gpu-farm', 'workflow_id': 'chain-image-edit-to-video-pipeline-regen-dac318cb-c7ce-4774-a8e3-906697b5edfc-extract_frame2', 'workflow_run_id': '019bdac5-0e1b-7c60-9ad1-9e66e2f2d849', 'workflow_type': 'ComfyUIWorkflow'})
2026-01-20 15:08:27,995 - temporalio.activity - INFO - Downloaded and persisted 1 artifact(s) ({'activity_id': '3', 'activity_type': 'download_and_store_artifacts', 'attempt': 1, 'namespace': 'default', 'task_queue': 'comfyui-gpu-farm', 'workflow_id': 'chain-image-edit-to-video-pipeline-regen-dac318cb-c7ce-4774-a8e3-906697b5edfc-extract_frame2', 'workflow_run_id': '019bdac5-0e1b-7c60-9ad1-9e66e2f2d849', 'workflow_type': 'ComfyUIWorkflow'})
2026-01-20 15:08:28,005 - temporalio.workflow - INFO - Downloaded 1 file(s) locally ({'attempt': 1, 'namespace': 'default', 'run_id': '019bdac5-0e1b-7c60-9ad1-9e66e2f2d849', 'task_queue': 'comfyui-gpu-farm', 'workflow_id': 'chain-image-edit-to-video-pipeline-regen-dac318cb-c7ce-4774-a8e3-906697b5edfc-extract_frame2', 'workflow_type': 'ComfyUIWorkflow'})
2026-01-20 15:08:28,024 - temporalio.activity - INFO - Updating workflow 6b5de35c-939d-4dc7-9051-f1f16ba083f6 status to: completed ({'activity_id': '6', 'activity_type': 'update_workflow_status_activity', 'attempt': 1, 'namespace': 'default', 'task_queue': 'comfyui-gpu-farm', 'workflow_id': 'chain-image-edit-to-video-pipeline-regen-dac318cb-c7ce-4774-a8e3-906697b5edfc', 'workflow_run_id': '019bdac5-0d14-7821-a4ec-325a275a362b', 'workflow_type': 'ChainExecutorWorkflow'})
2026-01-20 15:08:28,027 - temporalio.activity - INFO - ✓ Updated workflow status ({'activity_id': '6', 'activity_type': 'update_workflow_status_activity', 'attempt': 1, 'namespace': 'default', 'task_queue': 'comfyui-gpu-farm', 'workflow_id': 'chain-image-edit-to-video-pipeline-regen-dac318cb-c7ce-4774-a8e3-906697b5edfc', 'workflow_run_id': '019bdac5-0d14-7821-a4ec-325a275a362b', 'workflow_type': 'ChainExecutorWorkflow'})
2026-01-20 15:08:28,042 - temporalio.activity - INFO - Getting artifacts for workflow: 6b5de35c-939d-4dc7-9051-f1f16ba083f6 ({'activity_id': '7', 'activity_type': 'get_workflow_artifacts', 'attempt': 1, 'namespace': 'default', 'task_queue': 'comfyui-gpu-farm', 'workflow_id': 'chain-image-edit-to-video-pipeline-regen-dac318cb-c7ce-4774-a8e3-906697b5edfc', 'workflow_run_id': '019bdac5-0d14-7821-a4ec-325a275a362b', 'workflow_type': 'ChainExecutorWorkflow'})
2026-01-20 15:08:28,058 - temporalio.activity - INFO - Creating approval request for artifact: 0d8a06c4-1371-4484-9a1f-d05778e7b156 ({'activity_id': '8', 'activity_type': 'create_approval_request_activity', 'attempt': 1, 'namespace': 'default', 'task_queue': 'comfyui-gpu-farm', 'workflow_id': 'chain-image-edit-to-video-pipeline-regen-dac318cb-c7ce-4774-a8e3-906697b5edfc', 'workflow_run_id': '019bdac5-0d14-7821-a4ec-325a275a362b', 'workflow_type': 'ChainExecutorWorkflow'})
2026-01-20 15:08:28,062 - temporalio.activity - INFO - ✓ Created approval request: 9fa19a00-ebbd-47ff-9b62-dde3c6310209, token: NKG2SSGwu5NrQYey... ({'activity_id': '8', 'activity_type': 'create_approval_request_activity', 'attempt': 1, 'namespace': 'default', 'task_queue': 'comfyui-gpu-farm', 'workflow_id': 'chain-image-edit-to-video-pipeline-regen-dac318cb-c7ce-4774-a8e3-906697b5edfc', 'workflow_run_id': '019bdac5-0d14-7821-a4ec-325a275a362b', 'workflow_type': 'ChainExecutorWorkflow'})
2026-01-20 15:08:28,062 - temporal_gateway.services.broadcast - INFO - Published approval_requested to chain:6338728d-aa67-4dc9-95da-163168463e21
2026-01-20 15:08:28,062 - temporalio.activity - INFO - Published approval_requested event for chain 6338728d-aa67-4dc9-95da-163168463e21 ({'activity_id': '8', 'activity_type': 'create_approval_request_activity', 'attempt': 1, 'namespace': 'default', 'task_queue': 'comfyui-gpu-farm', 'workflow_id': 'chain-image-edit-to-video-pipeline-regen-dac318cb-c7ce-4774-a8e3-906697b5edfc', 'workflow_run_id': '019bdac5-0d14-7821-a4ec-325a275a362b', 'workflow_type': 'ChainExecutorWorkflow'})
2026-01-20 15:08:28,071 - temporalio.workflow - INFO - Step extract_frame2: Approval request created, token: NKG2SSGwu5NrQYey... ({'attempt': 1, 'namespace': 'default', 'run_id': '019bdac5-0d14-7821-a4ec-325a275a362b', 'task_queue': 'comfyui-gpu-farm', 'workflow_id': 'chain-image-edit-to-video-pipeline-regen-dac318cb-c7ce-4774-a8e3-906697b5edfc', 'workflow_type': 'ChainExecutorWorkflow'})
2026-01-20 15:08:30,650 - temporalio.workflow - INFO - Received approval decision for step extract_frame2: approved by cli-user ({'attempt': 1, 'namespace': 'default', 'run_id': '019bdac5-0d14-7821-a4ec-325a275a362b', 'task_queue': 'comfyui-gpu-farm', 'workflow_id': 'chain-image-edit-to-video-pipeline-regen-dac318cb-c7ce-4774-a8e3-906697b5edfc', 'workflow_type': 'ChainExecutorWorkflow'})
2026-01-20 15:08:30,650 - temporalio.workflow - INFO - Step extract_frame2: Approved by cli-user ({'attempt': 1, 'namespace': 'default', 'run_id': '019bdac5-0d14-7821-a4ec-325a275a362b', 'task_queue': 'comfyui-gpu-farm', 'workflow_id': 'chain-image-edit-to-video-pipeline-regen-dac318cb-c7ce-4774-a8e3-906697b5edfc', 'workflow_type': 'ChainExecutorWorkflow'})
2026-01-20 15:08:30,650 - temporalio.workflow - INFO - Step extract_frame2: Approved ({'attempt': 1, 'namespace': 'default', 'run_id': '019bdac5-0d14-7821-a4ec-325a275a362b', 'task_queue': 'comfyui-gpu-farm', 'workflow_id': 'chain-image-edit-to-video-pipeline-regen-dac318cb-c7ce-4774-a8e3-906697b5edfc', 'workflow_type': 'ChainExecutorWorkflow'})
2026-01-20 15:08:30,659 - temporalio.activity - INFO - Getting artifacts for workflow: 6b5de35c-939d-4dc7-9051-f1f16ba083f6 ({'activity_id': '9', 'activity_type': 'get_workflow_artifacts', 'attempt': 1, 'namespace': 'default', 'task_queue': 'comfyui-gpu-farm', 'workflow_id': 'chain-image-edit-to-video-pipeline-regen-dac318cb-c7ce-4774-a8e3-906697b5edfc', 'workflow_run_id': '019bdac5-0d14-7821-a4ec-325a275a362b', 'workflow_type': 'ChainExecutorWorkflow'})
2026-01-20 15:08:30,677 - temporal_gateway.services.broadcast - INFO - Published step_completed to chain:6338728d-aa67-4dc9-95da-163168463e21
2026-01-20 15:08:30,677 - temporalio.activity - INFO - Published step_completed event for extract_frame2 in chain 6338728d-aa67-4dc9-95da-163168463e21 ({'activity_id': '10', 'activity_type': 'publish_step_completed_activity', 'attempt': 1, 'namespace': 'default', 'task_queue': 'comfyui-gpu-farm', 'workflow_id': 'chain-image-edit-to-video-pipeline-regen-dac318cb-c7ce-4774-a8e3-906697b5edfc', 'workflow_run_id': '019bdac5-0d14-7821-a4ec-325a275a362b', 'workflow_type': 'ChainExecutorWorkflow'})
2026-01-20 15:08:30,687 - temporalio.workflow - INFO - Step extract_frame1: completed ({'attempt': 1, 'namespace': 'default', 'run_id': '019bdac5-0d14-7821-a4ec-325a275a362b', 'task_queue': 'comfyui-gpu-farm', 'workflow_id': 'chain-image-edit-to-video-pipeline-regen-dac318cb-c7ce-4774-a8e3-906697b5edfc', 'workflow_type': 'ChainExecutorWorkflow'})
2026-01-20 15:08:30,687 - temporalio.workflow - INFO - Step extract_frame2: completed ({'attempt': 1, 'namespace': 'default', 'run_id': '019bdac5-0d14-7821-a4ec-325a275a362b', 'task_queue': 'comfyui-gpu-farm', 'workflow_id': 'chain-image-edit-to-video-pipeline-regen-dac318cb-c7ce-4774-a8e3-906697b5edfc', 'workflow_type': 'ChainExecutorWorkflow'})
2026-01-20 15:08:30,695 - temporalio.activity - INFO - Updating chain 6338728d-aa67-4dc9-95da-163168463e21 status to: executing_level_1 ({'activity_id': '11', 'activity_type': 'update_chain_status_activity', 'attempt': 1, 'namespace': 'default', 'task_queue': 'comfyui-gpu-farm', 'workflow_id': 'chain-image-edit-to-video-pipeline-regen-dac318cb-c7ce-4774-a8e3-906697b5edfc', 'workflow_run_id': '019bdac5-0d14-7821-a4ec-325a275a362b', 'workflow_type': 'ChainExecutorWorkflow'})
2026-01-20 15:08:30,699 - temporalio.activity - INFO - ✓ Updated chain status ({'activity_id': '11', 'activity_type': 'update_chain_status_activity', 'attempt': 1, 'namespace': 'default', 'task_queue': 'comfyui-gpu-farm', 'workflow_id': 'chain-image-edit-to-video-pipeline-regen-dac318cb-c7ce-4774-a8e3-906697b5edfc', 'workflow_run_id': '019bdac5-0d14-7821-a4ec-325a275a362b', 'workflow_type': 'ChainExecutorWorkflow'})
2026-01-20 15:08:30,709 - temporalio.workflow - INFO - Level 1: Executing 2 step(s) ({'attempt': 1, 'namespace': 'default', 'run_id': '019bdac5-0d14-7821-a4ec-325a275a362b', 'task_queue': 'comfyui-gpu-farm', 'workflow_id': 'chain-image-edit-to-video-pipeline-regen-dac318cb-c7ce-4774-a8e3-906697b5edfc', 'workflow_type': 'ChainExecutorWorkflow'})
2026-01-20 15:08:30,709 - temporalio.workflow - INFO - Step edit_frame1: Using cached result ({'attempt': 1, 'namespace': 'default', 'run_id': '019bdac5-0d14-7821-a4ec-325a275a362b', 'task_queue': 'comfyui-gpu-farm', 'workflow_id': 'chain-image-edit-to-video-pipeline-regen-dac318cb-c7ce-4774-a8e3-906697b5edfc', 'workflow_type': 'ChainExecutorWorkflow'})
2026-01-20 15:08:30,709 - temporalio.workflow - INFO - Executing step: edit_frame2 ({'attempt': 1, 'namespace': 'default', 'run_id': '019bdac5-0d14-7821-a4ec-325a275a362b', 'task_queue': 'comfyui-gpu-farm', 'workflow_id': 'chain-image-edit-to-video-pipeline-regen-dac318cb-c7ce-4774-a8e3-906697b5edfc', 'workflow_type': 'ChainExecutorWorkflow'})
2026-01-20 15:08:30,719 - temporalio.activity - INFO - Resolving templates in parameters ({'activity_id': '12', 'activity_type': 'resolve_chain_templates', 'attempt': 1, 'namespace': 'default', 'task_queue': 'comfyui-gpu-farm', 'workflow_id': 'chain-image-edit-to-video-pipeline-regen-dac318cb-c7ce-4774-a8e3-906697b5edfc', 'workflow_run_id': '019bdac5-0d14-7821-a4ec-325a275a362b', 'workflow_type': 'ChainExecutorWorkflow'})
2026-01-20 15:08:30,720 - temporalio.activity - INFO - Templates resolved successfully ({'activity_id': '12', 'activity_type': 'resolve_chain_templates', 'attempt': 1, 'namespace': 'default', 'task_queue': 'comfyui-gpu-farm', 'workflow_id': 'chain-image-edit-to-video-pipeline-regen-dac318cb-c7ce-4774-a8e3-906697b5edfc', 'workflow_run_id': '019bdac5-0d14-7821-a4ec-325a275a362b', 'workflow_type': 'ChainExecutorWorkflow'})
2026-01-20 15:08:30,738 - temporalio.activity - INFO - Applying parameters to workflow: qwen_image_edit ({'activity_id': '13', 'activity_type': 'apply_workflow_parameters', 'attempt': 1, 'namespace': 'default', 'task_queue': 'comfyui-gpu-farm', 'workflow_id': 'chain-image-edit-to-video-pipeline-regen-dac318cb-c7ce-4774-a8e3-906697b5edfc', 'workflow_run_id': '019bdac5-0d14-7821-a4ec-325a275a362b', 'workflow_type': 'ChainExecutorWorkflow'})
2026-01-20 15:08:30,739 - temporal_gateway.registry - INFO - Applied override: 111.prompt = Make the scene more vibrant and colorful with enhanced details
2026-01-20 15:08:30,739 - temporal_gateway.registry - INFO - Applied override: 78.image = ComfyUI_00312_.png
2026-01-20 15:08:30,739 - temporalio.activity - INFO - Parameters applied successfully ({'activity_id': '13', 'activity_type': 'apply_workflow_parameters', 'attempt': 1, 'namespace': 'default', 'task_queue': 'comfyui-gpu-farm', 'workflow_id': 'chain-image-edit-to-video-pipeline-regen-dac318cb-c7ce-4774-a8e3-906697b5edfc', 'workflow_run_id': '019bdac5-0d14-7821-a4ec-325a275a362b', 'workflow_type': 'ChainExecutorWorkflow'})
2026-01-20 15:08:30,759 - temporalio.activity - INFO - Selecting server with strategy: least_loaded ({'activity_id': '14', 'activity_type': 'select_best_server', 'attempt': 1, 'namespace': 'default', 'task_queue': 'comfyui-gpu-farm', 'workflow_id': 'chain-image-edit-to-video-pipeline-regen-dac318cb-c7ce-4774-a8e3-906697b5edfc', 'workflow_run_id': '019bdac5-0d14-7821-a4ec-325a275a362b', 'workflow_type': 'ChainExecutorWorkflow'})
2026-01-20 15:08:30,853 - httpx - INFO - HTTP Request: GET http://procure-x.testmcp.org/system_stats "HTTP/1.1 200 OK"
2026-01-20 15:08:30,874 - httpx - INFO - HTTP Request: GET http://procure-x.testmcp.org/queue "HTTP/1.1 200 OK"
2026-01-20 15:08:30,878 - temporal_gateway.servers.load_balancer - INFO - Selected server procure-x (queue_depth=0, gpu_mem=0.0%)
2026-01-20 15:08:30,879 - temporalio.activity - INFO - Selected server: procure-x (http://procure-x.testmcp.org) ({'activity_id': '14', 'activity_type': 'select_best_server', 'attempt': 1, 'namespace': 'default', 'task_queue': 'comfyui-gpu-farm', 'workflow_id': 'chain-image-edit-to-video-pipeline-regen-dac318cb-c7ce-4774-a8e3-906697b5edfc', 'workflow_run_id': '019bdac5-0d14-7821-a4ec-325a275a362b', 'workflow_type': 'ChainExecutorWorkflow'})
2026-01-20 15:08:30,901 - temporalio.workflow - INFO - Step edit_frame2: Server http://procure-x.testmcp.org ({'attempt': 1, 'namespace': 'default', 'run_id': '019bdac5-0d14-7821-a4ec-325a275a362b', 'task_queue': 'comfyui-gpu-farm', 'workflow_id': 'chain-image-edit-to-video-pipeline-regen-dac318cb-c7ce-4774-a8e3-906697b5edfc', 'workflow_type': 'ChainExecutorWorkflow'})
2026-01-20 15:08:30,909 - temporalio.activity - INFO - Getting artifacts for workflow: 6b5de35c-939d-4dc7-9051-f1f16ba083f6 ({'activity_id': '15', 'activity_type': 'get_workflow_artifacts', 'attempt': 1, 'namespace': 'default', 'task_queue': 'comfyui-gpu-farm', 'workflow_id': 'chain-image-edit-to-video-pipeline-regen-dac318cb-c7ce-4774-a8e3-906697b5edfc', 'workflow_run_id': '019bdac5-0d14-7821-a4ec-325a275a362b', 'workflow_type': 'ChainExecutorWorkflow'})
2026-01-20 15:08:30,919 - temporalio.workflow - INFO - Transferring 1 artifact(s) from extract_frame2 ({'attempt': 1, 'namespace': 'default', 'run_id': '019bdac5-0d14-7821-a4ec-325a275a362b', 'task_queue': 'comfyui-gpu-farm', 'workflow_id': 'chain-image-edit-to-video-pipeline-regen-dac318cb-c7ce-4774-a8e3-906697b5edfc', 'workflow_type': 'ChainExecutorWorkflow'})
2026-01-20 15:08:30,927 - temporalio.activity - INFO - Transferring 1 artifact(s) from workflow 6b5de35c-939d-4dc7-9051-f1f16ba083f6 to http://procure-x.testmcp.org ({'activity_id': '16', 'activity_type': 'transfer_artifacts_from_storage', 'attempt': 1, 'namespace': 'default', 'task_queue': 'comfyui-gpu-farm', 'workflow_id': 'chain-image-edit-to-video-pipeline-regen-dac318cb-c7ce-4774-a8e3-906697b5edfc', 'workflow_run_id': '019bdac5-0d14-7821-a4ec-325a275a362b', 'workflow_type': 'ChainExecutorWorkflow'})
2026-01-20 15:08:30,971 - temporal_gateway.clients.comfy.client - INFO - ComfyUI client initialized for http://procure-x.testmcp.org
2026-01-20 15:08:30,975 - temporalio.activity - INFO - Uploading: ComfyUI_00312_.png from local storage to http://procure-x.testmcp.org/input/ ({'activity_id': '16', 'activity_type': 'transfer_artifacts_from_storage', 'attempt': 1, 'namespace': 'default', 'task_queue': 'comfyui-gpu-farm', 'workflow_id': 'chain-image-edit-to-video-pipeline-regen-dac318cb-c7ce-4774-a8e3-906697b5edfc', 'workflow_run_id': '019bdac5-0d14-7821-a4ec-325a275a362b', 'workflow_type': 'ChainExecutorWorkflow'})
2026-01-20 15:08:31,041 - httpx - INFO - HTTP Request: POST http://procure-x.testmcp.org/upload/image "HTTP/1.1 200 OK"
2026-01-20 15:08:31,044 - temporalio.activity - INFO - ✓ Uploaded: ComfyUI_00312_.png (119859 bytes) ({'activity_id': '16', 'activity_type': 'transfer_artifacts_from_storage', 'attempt': 1, 'namespace': 'default', 'task_queue': 'comfyui-gpu-farm', 'workflow_id': 'chain-image-edit-to-video-pipeline-regen-dac318cb-c7ce-4774-a8e3-906697b5edfc', 'workflow_run_id': '019bdac5-0d14-7821-a4ec-325a275a362b', 'workflow_type': 'ChainExecutorWorkflow'})
2026-01-20 15:08:31,056 - temporalio.activity - INFO - Successfully transferred 1 file(s) ({'activity_id': '16', 'activity_type': 'transfer_artifacts_from_storage', 'attempt': 1, 'namespace': 'default', 'task_queue': 'comfyui-gpu-farm', 'workflow_id': 'chain-image-edit-to-video-pipeline-regen-dac318cb-c7ce-4774-a8e3-906697b5edfc', 'workflow_run_id': '019bdac5-0d14-7821-a4ec-325a275a362b', 'workflow_type': 'ChainExecutorWorkflow'})
2026-01-20 15:08:31,079 - temporalio.activity - INFO - Creating workflow record: qwen_image_edit (prompt: pending) ({'activity_id': '17', 'activity_type': 'create_workflow_record', 'attempt': 1, 'namespace': 'default', 'task_queue': 'comfyui-gpu-farm', 'workflow_id': 'chain-image-edit-to-video-pipeline-regen-dac318cb-c7ce-4774-a8e3-906697b5edfc', 'workflow_run_id': '019bdac5-0d14-7821-a4ec-325a275a362b', 'workflow_type': 'ChainExecutorWorkflow'})
2026-01-20 15:08:31,082 - temporalio.activity - INFO - ✓ Created workflow record: b71c349d-89e2-4c06-bcf8-4416393beef9 ({'activity_id': '17', 'activity_type': 'create_workflow_record', 'attempt': 1, 'namespace': 'default', 'task_queue': 'comfyui-gpu-farm', 'workflow_id': 'chain-image-edit-to-video-pipeline-regen-dac318cb-c7ce-4774-a8e3-906697b5edfc', 'workflow_run_id': '019bdac5-0d14-7821-a4ec-325a275a362b', 'workflow_type': 'ChainExecutorWorkflow'})
2026-01-20 15:08:31,116 - temporalio.workflow - INFO - Starting ComfyUI workflow execution ({'attempt': 1, 'namespace': 'default', 'run_id': '019bdac5-2238-7a5e-bcdc-97624a7712a5', 'task_queue': 'comfyui-gpu-farm', 'workflow_id': 'chain-image-edit-to-video-pipeline-regen-dac318cb-c7ce-4774-a8e3-906697b5edfc-edit_frame2', 'workflow_type': 'ComfyUIWorkflow'})
2026-01-20 15:08:31,117 - temporalio.workflow - INFO - Generated client_id: b03a3779-d314-44eb-9846-97acee2622b8 ({'attempt': 1, 'namespace': 'default', 'run_id': '019bdac5-2238-7a5e-bcdc-97624a7712a5', 'task_queue': 'comfyui-gpu-farm', 'workflow_id': 'chain-image-edit-to-video-pipeline-regen-dac318cb-c7ce-4774-a8e3-906697b5edfc-edit_frame2', 'workflow_type': 'ComfyUIWorkflow'})
2026-01-20 15:08:31,117 - temporalio.workflow - INFO - Using pre-selected server: http://procure-x.testmcp.org ({'attempt': 1, 'namespace': 'default', 'run_id': '019bdac5-2238-7a5e-bcdc-97624a7712a5', 'task_queue': 'comfyui-gpu-farm', 'workflow_id': 'chain-image-edit-to-video-pipeline-regen-dac318cb-c7ce-4774-a8e3-906697b5edfc-edit_frame2', 'workflow_type': 'ComfyUIWorkflow'})
2026-01-20 15:08:31,125 - temporalio.activity - INFO - [V3] Executing workflow on http://procure-x.testmcp.org ({'activity_id': '1', 'activity_type': 'execute_and_track_workflow', 'attempt': 1, 'namespace': 'default', 'task_queue': 'comfyui-gpu-farm', 'workflow_id': 'chain-image-edit-to-video-pipeline-regen-dac318cb-c7ce-4774-a8e3-906697b5edfc-edit_frame2', 'workflow_run_id': '019bdac5-2238-7a5e-bcdc-97624a7712a5', 'workflow_type': 'ComfyUIWorkflow'})
2026-01-20 15:08:31,125 - temporalio.activity - INFO - [V3] Workflow name: qwen_image_edit ({'activity_id': '1', 'activity_type': 'execute_and_track_workflow', 'attempt': 1, 'namespace': 'default', 'task_queue': 'comfyui-gpu-farm', 'workflow_id': 'chain-image-edit-to-video-pipeline-regen-dac318cb-c7ce-4774-a8e3-906697b5edfc-edit_frame2', 'workflow_run_id': '019bdac5-2238-7a5e-bcdc-97624a7712a5', 'workflow_type': 'ComfyUIWorkflow'})
2026-01-20 15:08:31,169 - temporal_gateway.clients.comfy.client - INFO - ComfyUI client initialized for http://procure-x.testmcp.org
2026-01-20 15:08:31,169 - temporal_gateway.clients.comfy.client - INFO - Submitting workflow to ComfyUI
2026-01-20 15:08:31,226 - httpx - INFO - HTTP Request: POST http://procure-x.testmcp.org/prompt "HTTP/1.1 200 OK"
2026-01-20 15:08:31,227 - temporal_gateway.clients.comfy.client - INFO - Workflow queued with prompt_id: 8640cbe4-1d27-478a-ae1d-affd22f7c2ea
2026-01-20 15:08:31,227 - temporal_gateway.clients.comfy.tracker - INFO - Starting execution tracking for prompt 8640cbe4-1d27-478a-ae1d-affd22f7c2ea
2026-01-20 15:08:31,228 - temporal_gateway.clients.comfy.tracker - INFO - Starting history polling
2026-01-20 15:08:31,229 - temporal_gateway.clients.comfy.tracker - INFO - Starting WebSocket listener
2026-01-20 15:08:31,229 - temporal_gateway.clients.comfy.websocket - INFO - Connecting to WebSocket: ws://procure-x.testmcp.org/ws?clientId=5bafbc02-874c-446e-90a8-8fe32ed70701
2026-01-20 15:08:31,242 - httpx - INFO - HTTP Request: GET http://procure-x.testmcp.org/history/8640cbe4-1d27-478a-ae1d-affd22f7c2ea "HTTP/1.1 200 OK"
2026-01-20 15:08:31,267 - temporal_gateway.clients.comfy.websocket - INFO - WebSocket connected successfully
2026-01-20 15:08:32,265 - httpx - INFO - HTTP Request: GET http://procure-x.testmcp.org/history/8640cbe4-1d27-478a-ae1d-affd22f7c2ea "HTTP/1.1 200 OK"
2026-01-20 15:08:33,290 - httpx - INFO - HTTP Request: GET http://procure-x.testmcp.org/history/8640cbe4-1d27-478a-ae1d-affd22f7c2ea "HTTP/1.1 200 OK"
2026-01-20 15:08:34,318 - httpx - INFO - HTTP Request: GET http://procure-x.testmcp.org/history/8640cbe4-1d27-478a-ae1d-affd22f7c2ea "HTTP/1.1 200 OK"
2026-01-20 15:08:35,343 - httpx - INFO - HTTP Request: GET http://procure-x.testmcp.org/history/8640cbe4-1d27-478a-ae1d-affd22f7c2ea "HTTP/1.1 200 OK"
2026-01-20 15:08:36,365 - httpx - INFO - HTTP Request: GET http://procure-x.testmcp.org/history/8640cbe4-1d27-478a-ae1d-affd22f7c2ea "HTTP/1.1 200 OK"
2026-01-20 15:08:37,388 - httpx - INFO - HTTP Request: GET http://procure-x.testmcp.org/history/8640cbe4-1d27-478a-ae1d-affd22f7c2ea "HTTP/1.1 200 OK"
2026-01-20 15:08:38,411 - httpx - INFO - HTTP Request: GET http://procure-x.testmcp.org/history/8640cbe4-1d27-478a-ae1d-affd22f7c2ea "HTTP/1.1 200 OK"
2026-01-20 15:08:39,446 - httpx - INFO - HTTP Request: GET http://procure-x.testmcp.org/history/8640cbe4-1d27-478a-ae1d-affd22f7c2ea "HTTP/1.1 200 OK"
2026-01-20 15:08:40,469 - httpx - INFO - HTTP Request: GET http://procure-x.testmcp.org/history/8640cbe4-1d27-478a-ae1d-affd22f7c2ea "HTTP/1.1 200 OK"
2026-01-20 15:08:41,493 - httpx - INFO - HTTP Request: GET http://procure-x.testmcp.org/history/8640cbe4-1d27-478a-ae1d-affd22f7c2ea "HTTP/1.1 200 OK"
2026-01-20 15:08:42,519 - httpx - INFO - HTTP Request: GET http://procure-x.testmcp.org/history/8640cbe4-1d27-478a-ae1d-affd22f7c2ea "HTTP/1.1 200 OK"
2026-01-20 15:08:43,545 - httpx - INFO - HTTP Request: GET http://procure-x.testmcp.org/history/8640cbe4-1d27-478a-ae1d-affd22f7c2ea "HTTP/1.1 200 OK"
2026-01-20 15:08:44,572 - httpx - INFO - HTTP Request: GET http://procure-x.testmcp.org/history/8640cbe4-1d27-478a-ae1d-affd22f7c2ea "HTTP/1.1 200 OK"
2026-01-20 15:08:45,595 - httpx - INFO - HTTP Request: GET http://procure-x.testmcp.org/history/8640cbe4-1d27-478a-ae1d-affd22f7c2ea "HTTP/1.1 200 OK"
2026-01-20 15:08:46,642 - httpx - INFO - HTTP Request: GET http://procure-x.testmcp.org/history/8640cbe4-1d27-478a-ae1d-affd22f7c2ea "HTTP/1.1 200 OK"
2026-01-20 15:08:47,664 - httpx - INFO - HTTP Request: GET http://procure-x.testmcp.org/history/8640cbe4-1d27-478a-ae1d-affd22f7c2ea "HTTP/1.1 200 OK"
2026-01-20 15:08:48,689 - httpx - INFO - HTTP Request: GET http://procure-x.testmcp.org/history/8640cbe4-1d27-478a-ae1d-affd22f7c2ea "HTTP/1.1 200 OK"
2026-01-20 15:08:49,713 - httpx - INFO - HTTP Request: GET http://procure-x.testmcp.org/history/8640cbe4-1d27-478a-ae1d-affd22f7c2ea "HTTP/1.1 200 OK"
2026-01-20 15:08:50,744 - httpx - INFO - HTTP Request: GET http://procure-x.testmcp.org/history/8640cbe4-1d27-478a-ae1d-affd22f7c2ea "HTTP/1.1 200 OK"
2026-01-20 15:08:51,768 - httpx - INFO - HTTP Request: GET http://procure-x.testmcp.org/history/8640cbe4-1d27-478a-ae1d-affd22f7c2ea "HTTP/1.1 200 OK"
2026-01-20 15:08:52,796 - httpx - INFO - HTTP Request: GET http://procure-x.testmcp.org/history/8640cbe4-1d27-478a-ae1d-affd22f7c2ea "HTTP/1.1 200 OK"
2026-01-20 15:08:53,818 - httpx - INFO - HTTP Request: GET http://procure-x.testmcp.org/history/8640cbe4-1d27-478a-ae1d-affd22f7c2ea "HTTP/1.1 200 OK"
2026-01-20 15:08:54,844 - httpx - INFO - HTTP Request: GET http://procure-x.testmcp.org/history/8640cbe4-1d27-478a-ae1d-affd22f7c2ea "HTTP/1.1 200 OK"
2026-01-20 15:08:55,870 - httpx - INFO - HTTP Request: GET http://procure-x.testmcp.org/history/8640cbe4-1d27-478a-ae1d-affd22f7c2ea "HTTP/1.1 200 OK"
2026-01-20 15:08:56,898 - httpx - INFO - HTTP Request: GET http://procure-x.testmcp.org/history/8640cbe4-1d27-478a-ae1d-affd22f7c2ea "HTTP/1.1 200 OK"
2026-01-20 15:08:57,924 - httpx - INFO - HTTP Request: GET http://procure-x.testmcp.org/history/8640cbe4-1d27-478a-ae1d-affd22f7c2ea "HTTP/1.1 200 OK"
2026-01-20 15:08:59,003 - httpx - INFO - HTTP Request: GET http://procure-x.testmcp.org/history/8640cbe4-1d27-478a-ae1d-affd22f7c2ea "HTTP/1.1 200 OK"
2026-01-20 15:09:00,030 - httpx - INFO - HTTP Request: GET http://procure-x.testmcp.org/history/8640cbe4-1d27-478a-ae1d-affd22f7c2ea "HTTP/1.1 200 OK"
2026-01-20 15:09:01,054 - httpx - INFO - HTTP Request: GET http://procure-x.testmcp.org/history/8640cbe4-1d27-478a-ae1d-affd22f7c2ea "HTTP/1.1 200 OK"
2026-01-20 15:09:02,077 - httpx - INFO - HTTP Request: GET http://procure-x.testmcp.org/history/8640cbe4-1d27-478a-ae1d-affd22f7c2ea "HTTP/1.1 200 OK"
2026-01-20 15:09:03,104 - httpx - INFO - HTTP Request: GET http://procure-x.testmcp.org/history/8640cbe4-1d27-478a-ae1d-affd22f7c2ea "HTTP/1.1 200 OK"
2026-01-20 15:09:04,146 - httpx - INFO - HTTP Request: GET http://procure-x.testmcp.org/history/8640cbe4-1d27-478a-ae1d-affd22f7c2ea "HTTP/1.1 200 OK"
2026-01-20 15:09:05,166 - httpx - INFO - HTTP Request: GET http://procure-x.testmcp.org/history/8640cbe4-1d27-478a-ae1d-affd22f7c2ea "HTTP/1.1 200 OK"
2026-01-20 15:09:06,193 - httpx - INFO - HTTP Request: GET http://procure-x.testmcp.org/history/8640cbe4-1d27-478a-ae1d-affd22f7c2ea "HTTP/1.1 200 OK"
2026-01-20 15:09:07,216 - httpx - INFO - HTTP Request: GET http://procure-x.testmcp.org/history/8640cbe4-1d27-478a-ae1d-affd22f7c2ea "HTTP/1.1 200 OK"
2026-01-20 15:09:08,242 - httpx - INFO - HTTP Request: GET http://procure-x.testmcp.org/history/8640cbe4-1d27-478a-ae1d-affd22f7c2ea "HTTP/1.1 200 OK"
2026-01-20 15:09:09,268 - httpx - INFO - HTTP Request: GET http://procure-x.testmcp.org/history/8640cbe4-1d27-478a-ae1d-affd22f7c2ea "HTTP/1.1 200 OK"
2026-01-20 15:09:10,294 - httpx - INFO - HTTP Request: GET http://procure-x.testmcp.org/history/8640cbe4-1d27-478a-ae1d-affd22f7c2ea "HTTP/1.1 200 OK"
2026-01-20 15:09:11,317 - httpx - INFO - HTTP Request: GET http://procure-x.testmcp.org/history/8640cbe4-1d27-478a-ae1d-affd22f7c2ea "HTTP/1.1 200 OK"
2026-01-20 15:09:12,345 - httpx - INFO - HTTP Request: GET http://procure-x.testmcp.org/history/8640cbe4-1d27-478a-ae1d-affd22f7c2ea "HTTP/1.1 200 OK"
2026-01-20 15:09:13,365 - httpx - INFO - HTTP Request: GET http://procure-x.testmcp.org/history/8640cbe4-1d27-478a-ae1d-affd22f7c2ea "HTTP/1.1 200 OK"
2026-01-20 15:09:14,388 - httpx - INFO - HTTP Request: GET http://procure-x.testmcp.org/history/8640cbe4-1d27-478a-ae1d-affd22f7c2ea "HTTP/1.1 200 OK"
2026-01-20 15:09:15,425 - httpx - INFO - HTTP Request: GET http://procure-x.testmcp.org/history/8640cbe4-1d27-478a-ae1d-affd22f7c2ea "HTTP/1.1 200 OK"
2026-01-20 15:09:16,452 - httpx - INFO - HTTP Request: GET http://procure-x.testmcp.org/history/8640cbe4-1d27-478a-ae1d-affd22f7c2ea "HTTP/1.1 200 OK"
2026-01-20 15:09:17,472 - httpx - INFO - HTTP Request: GET http://procure-x.testmcp.org/history/8640cbe4-1d27-478a-ae1d-affd22f7c2ea "HTTP/1.1 200 OK"
2026-01-20 15:09:18,500 - httpx - INFO - HTTP Request: GET http://procure-x.testmcp.org/history/8640cbe4-1d27-478a-ae1d-affd22f7c2ea "HTTP/1.1 200 OK"
2026-01-20 15:09:19,524 - httpx - INFO - HTTP Request: GET http://procure-x.testmcp.org/history/8640cbe4-1d27-478a-ae1d-affd22f7c2ea "HTTP/1.1 200 OK"
2026-01-20 15:09:19,934 - temporal_gateway.clients.comfy.tracker - INFO - [WS] Execution completed successfully
2026-01-20 15:09:20,598 - httpx - INFO - HTTP Request: GET http://procure-x.testmcp.org/history/8640cbe4-1d27-478a-ae1d-affd22f7c2ea "HTTP/1.1 200 OK"
2026-01-20 15:09:20,600 - temporal_gateway.clients.comfy.tracker - INFO - Tracking completed: success (took 49.37s)
2026-01-20 15:09:20,601 - httpx - INFO - HTTP Request: GET http://procure-x.testmcp.org/history/8640cbe4-1d27-478a-ae1d-affd22f7c2ea "HTTP/1.1 200 OK"
2026-01-20 15:09:20,602 - temporal_gateway.clients.comfy.tracker - INFO - [POLL] Found in history: success
2026-01-20 15:09:20,602 - temporalio.activity - INFO - [V3] Workflow completed successfully ({'activity_id': '1', 'activity_type': 'execute_and_track_workflow', 'attempt': 1, 'namespace': 'default', 'task_queue': 'comfyui-gpu-farm', 'workflow_id': 'chain-image-edit-to-video-pipeline-regen-dac318cb-c7ce-4774-a8e3-906697b5edfc-edit_frame2', 'workflow_run_id': '019bdac5-2238-7a5e-bcdc-97624a7712a5', 'workflow_type': 'ComfyUIWorkflow'})
2026-01-20 15:09:20,613 - temporalio.workflow - INFO - Execution completed successfully ({'attempt': 1, 'namespace': 'default', 'run_id': '019bdac5-2238-7a5e-bcdc-97624a7712a5', 'task_queue': 'comfyui-gpu-farm', 'workflow_id': 'chain-image-edit-to-video-pipeline-regen-dac318cb-c7ce-4774-a8e3-906697b5edfc-edit_frame2', 'workflow_type': 'ComfyUIWorkflow'})
2026-01-20 15:09:20,621 - temporalio.activity - INFO - Extracting server output files ({'activity_id': '2', 'activity_type': 'get_server_output_files', 'attempt': 1, 'namespace': 'default', 'task_queue': 'comfyui-gpu-farm', 'workflow_id': 'chain-image-edit-to-video-pipeline-regen-dac318cb-c7ce-4774-a8e3-906697b5edfc-edit_frame2', 'workflow_run_id': '019bdac5-2238-7a5e-bcdc-97624a7712a5', 'workflow_type': 'ComfyUIWorkflow'})
2026-01-20 15:09:20,621 - temporalio.activity - INFO - Found 1 output file(s) ({'activity_id': '2', 'activity_type': 'get_server_output_files', 'attempt': 1, 'namespace': 'default', 'task_queue': 'comfyui-gpu-farm', 'workflow_id': 'chain-image-edit-to-video-pipeline-regen-dac318cb-c7ce-4774-a8e3-906697b5edfc-edit_frame2', 'workflow_run_id': '019bdac5-2238-7a5e-bcdc-97624a7712a5', 'workflow_type': 'ComfyUIWorkflow'})
2026-01-20 15:09:20,630 - temporalio.workflow - INFO - Found 1 server output file(s) ({'attempt': 1, 'namespace': 'default', 'run_id': '019bdac5-2238-7a5e-bcdc-97624a7712a5', 'task_queue': 'comfyui-gpu-farm', 'workflow_id': 'chain-image-edit-to-video-pipeline-regen-dac318cb-c7ce-4774-a8e3-906697b5edfc-edit_frame2', 'workflow_type': 'ComfyUIWorkflow'})
2026-01-20 15:09:20,637 - temporalio.activity - INFO - Downloading and persisting 1 artifact(s) for workflow b71c349d-89e2-4c06-bcf8-4416393beef9 ({'activity_id': '3', 'activity_type': 'download_and_store_artifacts', 'attempt': 1, 'namespace': 'default', 'task_queue': 'comfyui-gpu-farm', 'workflow_id': 'chain-image-edit-to-video-pipeline-regen-dac318cb-c7ce-4774-a8e3-906697b5edfc-edit_frame2', 'workflow_run_id': '019bdac5-2238-7a5e-bcdc-97624a7712a5', 'workflow_type': 'ComfyUIWorkflow'})
2026-01-20 15:09:20,680 - temporal_gateway.clients.comfy.client - INFO - ComfyUI client initialized for http://procure-x.testmcp.org
2026-01-20 15:09:20,723 - httpx - INFO - HTTP Request: GET http://procure-x.testmcp.org/view?filename=ComfyUI_00313_.png&type=output "HTTP/1.1 200 OK"
2026-01-20 15:09:20,838 - temporalio.activity - INFO - ✓ Saved artifact to DB: a98f096a-85b9-46d4-b0ca-2a32eedac50b (ComfyUI_00313_.png) ({'activity_id': '3', 'activity_type': 'download_and_store_artifacts', 'attempt': 1, 'namespace': 'default', 'task_queue': 'comfyui-gpu-farm', 'workflow_id': 'chain-image-edit-to-video-pipeline-regen-dac318cb-c7ce-4774-a8e3-906697b5edfc-edit_frame2', 'workflow_run_id': '019bdac5-2238-7a5e-bcdc-97624a7712a5', 'workflow_type': 'ComfyUIWorkflow'})
2026-01-20 15:09:20,838 - temporalio.activity - INFO - Downloaded and persisted 1 artifact(s) ({'activity_id': '3', 'activity_type': 'download_and_store_artifacts', 'attempt': 1, 'namespace': 'default', 'task_queue': 'comfyui-gpu-farm', 'workflow_id': 'chain-image-edit-to-video-pipeline-regen-dac318cb-c7ce-4774-a8e3-906697b5edfc-edit_frame2', 'workflow_run_id': '019bdac5-2238-7a5e-bcdc-97624a7712a5', 'workflow_type': 'ComfyUIWorkflow'})
2026-01-20 15:09:20,847 - temporalio.workflow - INFO - Downloaded 1 file(s) locally ({'attempt': 1, 'namespace': 'default', 'run_id': '019bdac5-2238-7a5e-bcdc-97624a7712a5', 'task_queue': 'comfyui-gpu-farm', 'workflow_id': 'chain-image-edit-to-video-pipeline-regen-dac318cb-c7ce-4774-a8e3-906697b5edfc-edit_frame2', 'workflow_type': 'ComfyUIWorkflow'})
2026-01-20 15:09:20,866 - temporalio.activity - INFO - Updating workflow b71c349d-89e2-4c06-bcf8-4416393beef9 status to: completed ({'activity_id': '18', 'activity_type': 'update_workflow_status_activity', 'attempt': 1, 'namespace': 'default', 'task_queue': 'comfyui-gpu-farm', 'workflow_id': 'chain-image-edit-to-video-pipeline-regen-dac318cb-c7ce-4774-a8e3-906697b5edfc', 'workflow_run_id': '019bdac5-0d14-7821-a4ec-325a275a362b', 'workflow_type': 'ChainExecutorWorkflow'})
2026-01-20 15:09:20,869 - temporalio.activity - INFO - ✓ Updated workflow status ({'activity_id': '18', 'activity_type': 'update_workflow_status_activity', 'attempt': 1, 'namespace': 'default', 'task_queue': 'comfyui-gpu-farm', 'workflow_id': 'chain-image-edit-to-video-pipeline-regen-dac318cb-c7ce-4774-a8e3-906697b5edfc', 'workflow_run_id': '019bdac5-0d14-7821-a4ec-325a275a362b', 'workflow_type': 'ChainExecutorWorkflow'})
2026-01-20 15:09:20,884 - temporalio.activity - INFO - Getting artifacts for workflow: b71c349d-89e2-4c06-bcf8-4416393beef9 ({'activity_id': '19', 'activity_type': 'get_workflow_artifacts', 'attempt': 1, 'namespace': 'default', 'task_queue': 'comfyui-gpu-farm', 'workflow_id': 'chain-image-edit-to-video-pipeline-regen-dac318cb-c7ce-4774-a8e3-906697b5edfc', 'workflow_run_id': '019bdac5-0d14-7821-a4ec-325a275a362b', 'workflow_type': 'ChainExecutorWorkflow'})
2026-01-20 15:09:20,900 - temporalio.activity - INFO - Creating approval request for artifact: a98f096a-85b9-46d4-b0ca-2a32eedac50b ({'activity_id': '20', 'activity_type': 'create_approval_request_activity', 'attempt': 1, 'namespace': 'default', 'task_queue': 'comfyui-gpu-farm', 'workflow_id': 'chain-image-edit-to-video-pipeline-regen-dac318cb-c7ce-4774-a8e3-906697b5edfc', 'workflow_run_id': '019bdac5-0d14-7821-a4ec-325a275a362b', 'workflow_type': 'ChainExecutorWorkflow'})
2026-01-20 15:09:20,904 - temporalio.activity - INFO - ✓ Created approval request: a751d021-8899-4552-b58d-09ae0d0d5f04, token: idjRNW-ZGQ_tBEhZ... ({'activity_id': '20', 'activity_type': 'create_approval_request_activity', 'attempt': 1, 'namespace': 'default', 'task_queue': 'comfyui-gpu-farm', 'workflow_id': 'chain-image-edit-to-video-pipeline-regen-dac318cb-c7ce-4774-a8e3-906697b5edfc', 'workflow_run_id': '019bdac5-0d14-7821-a4ec-325a275a362b', 'workflow_type': 'ChainExecutorWorkflow'})
2026-01-20 15:09:20,904 - temporal_gateway.services.broadcast - INFO - Published approval_requested to chain:6338728d-aa67-4dc9-95da-163168463e21
2026-01-20 15:09:20,904 - temporalio.activity - INFO - Published approval_requested event for chain 6338728d-aa67-4dc9-95da-163168463e21 ({'activity_id': '20', 'activity_type': 'create_approval_request_activity', 'attempt': 1, 'namespace': 'default', 'task_queue': 'comfyui-gpu-farm', 'workflow_id': 'chain-image-edit-to-video-pipeline-regen-dac318cb-c7ce-4774-a8e3-906697b5edfc', 'workflow_run_id': '019bdac5-0d14-7821-a4ec-325a275a362b', 'workflow_type': 'ChainExecutorWorkflow'})
2026-01-20 15:09:20,914 - temporalio.workflow - INFO - Step edit_frame2: Approval request created, token: idjRNW-ZGQ_tBEhZ... ({'attempt': 1, 'namespace': 'default', 'run_id': '019bdac5-0d14-7821-a4ec-325a275a362b', 'task_queue': 'comfyui-gpu-farm', 'workflow_id': 'chain-image-edit-to-video-pipeline-regen-dac318cb-c7ce-4774-a8e3-906697b5edfc', 'workflow_type': 'ChainExecutorWorkflow'})
2026-01-20 15:09:24,905 - temporalio.workflow - INFO - Received approval decision for step edit_frame2: approved by cli-user ({'attempt': 1, 'namespace': 'default', 'run_id': '019bdac5-0d14-7821-a4ec-325a275a362b', 'task_queue': 'comfyui-gpu-farm', 'workflow_id': 'chain-image-edit-to-video-pipeline-regen-dac318cb-c7ce-4774-a8e3-906697b5edfc', 'workflow_type': 'ChainExecutorWorkflow'})
2026-01-20 15:09:24,906 - temporalio.workflow - INFO - Step edit_frame2: Approved by cli-user ({'attempt': 1, 'namespace': 'default', 'run_id': '019bdac5-0d14-7821-a4ec-325a275a362b', 'task_queue': 'comfyui-gpu-farm', 'workflow_id': 'chain-image-edit-to-video-pipeline-regen-dac318cb-c7ce-4774-a8e3-906697b5edfc', 'workflow_type': 'ChainExecutorWorkflow'})
2026-01-20 15:09:24,906 - temporalio.workflow - INFO - Step edit_frame2: Approved ({'attempt': 1, 'namespace': 'default', 'run_id': '019bdac5-0d14-7821-a4ec-325a275a362b', 'task_queue': 'comfyui-gpu-farm', 'workflow_id': 'chain-image-edit-to-video-pipeline-regen-dac318cb-c7ce-4774-a8e3-906697b5edfc', 'workflow_type': 'ChainExecutorWorkflow'})
2026-01-20 15:09:24,915 - temporalio.activity - INFO - Getting artifacts for workflow: b71c349d-89e2-4c06-bcf8-4416393beef9 ({'activity_id': '21', 'activity_type': 'get_workflow_artifacts', 'attempt': 1, 'namespace': 'default', 'task_queue': 'comfyui-gpu-farm', 'workflow_id': 'chain-image-edit-to-video-pipeline-regen-dac318cb-c7ce-4774-a8e3-906697b5edfc', 'workflow_run_id': '019bdac5-0d14-7821-a4ec-325a275a362b', 'workflow_type': 'ChainExecutorWorkflow'})
2026-01-20 15:09:24,936 - temporal_gateway.services.broadcast - INFO - Published step_completed to chain:6338728d-aa67-4dc9-95da-163168463e21
2026-01-20 15:09:24,936 - temporalio.activity - INFO - Published step_completed event for edit_frame2 in chain 6338728d-aa67-4dc9-95da-163168463e21 ({'activity_id': '22', 'activity_type': 'publish_step_completed_activity', 'attempt': 1, 'namespace': 'default', 'task_queue': 'comfyui-gpu-farm', 'workflow_id': 'chain-image-edit-to-video-pipeline-regen-dac318cb-c7ce-4774-a8e3-906697b5edfc', 'workflow_run_id': '019bdac5-0d14-7821-a4ec-325a275a362b', 'workflow_type': 'ChainExecutorWorkflow'})
2026-01-20 15:09:24,945 - temporalio.workflow - INFO - Step edit_frame1: completed ({'attempt': 1, 'namespace': 'default', 'run_id': '019bdac5-0d14-7821-a4ec-325a275a362b', 'task_queue': 'comfyui-gpu-farm', 'workflow_id': 'chain-image-edit-to-video-pipeline-regen-dac318cb-c7ce-4774-a8e3-906697b5edfc', 'workflow_type': 'ChainExecutorWorkflow'})
2026-01-20 15:09:24,945 - temporalio.workflow - INFO - Step edit_frame2: completed ({'attempt': 1, 'namespace': 'default', 'run_id': '019bdac5-0d14-7821-a4ec-325a275a362b', 'task_queue': 'comfyui-gpu-farm', 'workflow_id': 'chain-image-edit-to-video-pipeline-regen-dac318cb-c7ce-4774-a8e3-906697b5edfc', 'workflow_type': 'ChainExecutorWorkflow'})
2026-01-20 15:09:24,953 - temporalio.activity - INFO - Updating chain 6338728d-aa67-4dc9-95da-163168463e21 status to: executing_level_2 ({'activity_id': '23', 'activity_type': 'update_chain_status_activity', 'attempt': 1, 'namespace': 'default', 'task_queue': 'comfyui-gpu-farm', 'workflow_id': 'chain-image-edit-to-video-pipeline-regen-dac318cb-c7ce-4774-a8e3-906697b5edfc', 'workflow_run_id': '019bdac5-0d14-7821-a4ec-325a275a362b', 'workflow_type': 'ChainExecutorWorkflow'})
2026-01-20 15:09:24,957 - temporalio.activity - INFO - ✓ Updated chain status ({'activity_id': '23', 'activity_type': 'update_chain_status_activity', 'attempt': 1, 'namespace': 'default', 'task_queue': 'comfyui-gpu-farm', 'workflow_id': 'chain-image-edit-to-video-pipeline-regen-dac318cb-c7ce-4774-a8e3-906697b5edfc', 'workflow_run_id': '019bdac5-0d14-7821-a4ec-325a275a362b', 'workflow_type': 'ChainExecutorWorkflow'})
2026-01-20 15:09:24,966 - temporalio.workflow - INFO - Level 2: Executing 1 step(s) ({'attempt': 1, 'namespace': 'default', 'run_id': '019bdac5-0d14-7821-a4ec-325a275a362b', 'task_queue': 'comfyui-gpu-farm', 'workflow_id': 'chain-image-edit-to-video-pipeline-regen-dac318cb-c7ce-4774-a8e3-906697b5edfc', 'workflow_type': 'ChainExecutorWorkflow'})
2026-01-20 15:09:24,966 - temporalio.workflow - INFO - Executing step: create_video ({'attempt': 1, 'namespace': 'default', 'run_id': '019bdac5-0d14-7821-a4ec-325a275a362b', 'task_queue': 'comfyui-gpu-farm', 'workflow_id': 'chain-image-edit-to-video-pipeline-regen-dac318cb-c7ce-4774-a8e3-906697b5edfc', 'workflow_type': 'ChainExecutorWorkflow'})
2026-01-20 15:09:24,976 - temporalio.activity - INFO - Resolving templates in parameters ({'activity_id': '24', 'activity_type': 'resolve_chain_templates', 'attempt': 1, 'namespace': 'default', 'task_queue': 'comfyui-gpu-farm', 'workflow_id': 'chain-image-edit-to-video-pipeline-regen-dac318cb-c7ce-4774-a8e3-906697b5edfc', 'workflow_run_id': '019bdac5-0d14-7821-a4ec-325a275a362b', 'workflow_type': 'ChainExecutorWorkflow'})
2026-01-20 15:09:24,977 - temporalio.activity - INFO - Templates resolved successfully ({'activity_id': '24', 'activity_type': 'resolve_chain_templates', 'attempt': 1, 'namespace': 'default', 'task_queue': 'comfyui-gpu-farm', 'workflow_id': 'chain-image-edit-to-video-pipeline-regen-dac318cb-c7ce-4774-a8e3-906697b5edfc', 'workflow_run_id': '019bdac5-0d14-7821-a4ec-325a275a362b', 'workflow_type': 'ChainExecutorWorkflow'})
2026-01-20 15:09:24,993 - temporalio.activity - INFO - Applying parameters to workflow: firstEndTovideo ({'activity_id': '25', 'activity_type': 'apply_workflow_parameters', 'attempt': 1, 'namespace': 'default', 'task_queue': 'comfyui-gpu-farm', 'workflow_id': 'chain-image-edit-to-video-pipeline-regen-dac318cb-c7ce-4774-a8e3-906697b5edfc', 'workflow_run_id': '019bdac5-0d14-7821-a4ec-325a275a362b', 'workflow_type': 'ChainExecutorWorkflow'})
2026-01-20 15:09:24,994 - temporal_gateway.registry - INFO - Applied override: 6.text = Smooth cinematic transition between vibrant colorful scenes
2026-01-20 15:09:24,994 - temporal_gateway.registry - INFO - Applied override: 60.fps = 16
2026-01-20 15:09:24,994 - temporal_gateway.registry - INFO - Applied override: 62.image = ComfyUI_00306_.png
2026-01-20 15:09:24,994 - temporal_gateway.registry - INFO - Applied override: 67.height = 1025
2026-01-20 15:09:24,994 - temporal_gateway.registry - INFO - Applied override: 67.length = 81
2026-01-20 15:09:24,994 - temporal_gateway.registry - INFO - Applied override: 67.width = 595
2026-01-20 15:09:24,994 - temporal_gateway.registry - INFO - Applied override: 68.image = ComfyUI_00313_.png
2026-01-20 15:09:24,994 - temporalio.activity - INFO - Parameters applied successfully ({'activity_id': '25', 'activity_type': 'apply_workflow_parameters', 'attempt': 1, 'namespace': 'default', 'task_queue': 'comfyui-gpu-farm', 'workflow_id': 'chain-image-edit-to-video-pipeline-regen-dac318cb-c7ce-4774-a8e3-906697b5edfc', 'workflow_run_id': '019bdac5-0d14-7821-a4ec-325a275a362b', 'workflow_type': 'ChainExecutorWorkflow'})
2026-01-20 15:09:25,010 - temporalio.activity - INFO - Selecting server with strategy: least_loaded ({'activity_id': '26', 'activity_type': 'select_best_server', 'attempt': 1, 'namespace': 'default', 'task_queue': 'comfyui-gpu-farm', 'workflow_id': 'chain-image-edit-to-video-pipeline-regen-dac318cb-c7ce-4774-a8e3-906697b5edfc', 'workflow_run_id': '019bdac5-0d14-7821-a4ec-325a275a362b', 'workflow_type': 'ChainExecutorWorkflow'})
2026-01-20 15:09:25,109 - httpx - INFO - HTTP Request: GET http://procure-x.testmcp.org/system_stats "HTTP/1.1 200 OK"
2026-01-20 15:09:25,124 - httpx - INFO - HTTP Request: GET http://procure-x.testmcp.org/queue "HTTP/1.1 200 OK"
2026-01-20 15:09:25,126 - temporal_gateway.servers.load_balancer - INFO - Selected server procure-x (queue_depth=0, gpu_mem=0.0%)
2026-01-20 15:09:25,126 - temporalio.activity - INFO - Selected server: procure-x (http://procure-x.testmcp.org) ({'activity_id': '26', 'activity_type': 'select_best_server', 'attempt': 1, 'namespace': 'default', 'task_queue': 'comfyui-gpu-farm', 'workflow_id': 'chain-image-edit-to-video-pipeline-regen-dac318cb-c7ce-4774-a8e3-906697b5edfc', 'workflow_run_id': '019bdac5-0d14-7821-a4ec-325a275a362b', 'workflow_type': 'ChainExecutorWorkflow'})
2026-01-20 15:09:25,137 - temporalio.workflow - INFO - Step create_video: Server http://procure-x.testmcp.org ({'attempt': 1, 'namespace': 'default', 'run_id': '019bdac5-0d14-7821-a4ec-325a275a362b', 'task_queue': 'comfyui-gpu-farm', 'workflow_id': 'chain-image-edit-to-video-pipeline-regen-dac318cb-c7ce-4774-a8e3-906697b5edfc', 'workflow_type': 'ChainExecutorWorkflow'})
2026-01-20 15:09:25,137 - temporalio.workflow - WARNING - Dependency edit_frame1 workflow ID not found ({'attempt': 1, 'namespace': 'default', 'run_id': '019bdac5-0d14-7821-a4ec-325a275a362b', 'task_queue': 'comfyui-gpu-farm', 'workflow_id': 'chain-image-edit-to-video-pipeline-regen-dac318cb-c7ce-4774-a8e3-906697b5edfc', 'workflow_type': 'ChainExecutorWorkflow'})
2026-01-20 15:09:25,145 - temporalio.activity - INFO - Getting artifacts for workflow: b71c349d-89e2-4c06-bcf8-4416393beef9 ({'activity_id': '27', 'activity_type': 'get_workflow_artifacts', 'attempt': 1, 'namespace': 'default', 'task_queue': 'comfyui-gpu-farm', 'workflow_id': 'chain-image-edit-to-video-pipeline-regen-dac318cb-c7ce-4774-a8e3-906697b5edfc', 'workflow_run_id': '019bdac5-0d14-7821-a4ec-325a275a362b', 'workflow_type': 'ChainExecutorWorkflow'})
2026-01-20 15:09:25,172 - temporalio.workflow - INFO - Transferring 1 artifact(s) from edit_frame2 ({'attempt': 1, 'namespace': 'default', 'run_id': '019bdac5-0d14-7821-a4ec-325a275a362b', 'task_queue': 'comfyui-gpu-farm', 'workflow_id': 'chain-image-edit-to-video-pipeline-regen-dac318cb-c7ce-4774-a8e3-906697b5edfc', 'workflow_type': 'ChainExecutorWorkflow'})
2026-01-20 15:09:25,190 - temporalio.activity - INFO - Transferring 1 artifact(s) from workflow b71c349d-89e2-4c06-bcf8-4416393beef9 to http://procure-x.testmcp.org ({'activity_id': '28', 'activity_type': 'transfer_artifacts_from_storage', 'attempt': 1, 'namespace': 'default', 'task_queue': 'comfyui-gpu-farm', 'workflow_id': 'chain-image-edit-to-video-pipeline-regen-dac318cb-c7ce-4774-a8e3-906697b5edfc', 'workflow_run_id': '019bdac5-0d14-7821-a4ec-325a275a362b', 'workflow_type': 'ChainExecutorWorkflow'})
2026-01-20 15:09:25,236 - temporal_gateway.clients.comfy.client - INFO - ComfyUI client initialized for http://procure-x.testmcp.org
2026-01-20 15:09:25,240 - temporalio.activity - INFO - Uploading: ComfyUI_00313_.png from local storage to http://procure-x.testmcp.org/input/ ({'activity_id': '28', 'activity_type': 'transfer_artifacts_from_storage', 'attempt': 1, 'namespace': 'default', 'task_queue': 'comfyui-gpu-farm', 'workflow_id': 'chain-image-edit-to-video-pipeline-regen-dac318cb-c7ce-4774-a8e3-906697b5edfc', 'workflow_run_id': '019bdac5-0d14-7821-a4ec-325a275a362b', 'workflow_type': 'ChainExecutorWorkflow'})
2026-01-20 15:09:25,399 - httpx - INFO - HTTP Request: POST http://procure-x.testmcp.org/upload/image "HTTP/1.1 200 OK"
2026-01-20 15:09:25,402 - temporalio.activity - INFO - ✓ Uploaded: ComfyUI_00313_.png (800815 bytes) ({'activity_id': '28', 'activity_type': 'transfer_artifacts_from_storage', 'attempt': 1, 'namespace': 'default', 'task_queue': 'comfyui-gpu-farm', 'workflow_id': 'chain-image-edit-to-video-pipeline-regen-dac318cb-c7ce-4774-a8e3-906697b5edfc', 'workflow_run_id': '019bdac5-0d14-7821-a4ec-325a275a362b', 'workflow_type': 'ChainExecutorWorkflow'})
2026-01-20 15:09:25,415 - temporalio.activity - INFO - Successfully transferred 1 file(s) ({'activity_id': '28', 'activity_type': 'transfer_artifacts_from_storage', 'attempt': 1, 'namespace': 'default', 'task_queue': 'comfyui-gpu-farm', 'workflow_id': 'chain-image-edit-to-video-pipeline-regen-dac318cb-c7ce-4774-a8e3-906697b5edfc', 'workflow_run_id': '019bdac5-0d14-7821-a4ec-325a275a362b', 'workflow_type': 'ChainExecutorWorkflow'})
2026-01-20 15:09:25,447 - temporalio.activity - INFO - Creating workflow record: firstEndTovideo (prompt: pending) ({'activity_id': '29', 'activity_type': 'create_workflow_record', 'attempt': 1, 'namespace': 'default', 'task_queue': 'comfyui-gpu-farm', 'workflow_id': 'chain-image-edit-to-video-pipeline-regen-dac318cb-c7ce-4774-a8e3-906697b5edfc', 'workflow_run_id': '019bdac5-0d14-7821-a4ec-325a275a362b', 'workflow_type': 'ChainExecutorWorkflow'})
2026-01-20 15:09:25,454 - temporalio.activity - INFO - ✓ Created workflow record: 99ae30e1-f3bd-4a69-95e9-8ebde8384c5a ({'activity_id': '29', 'activity_type': 'create_workflow_record', 'attempt': 1, 'namespace': 'default', 'task_queue': 'comfyui-gpu-farm', 'workflow_id': 'chain-image-edit-to-video-pipeline-regen-dac318cb-c7ce-4774-a8e3-906697b5edfc', 'workflow_run_id': '019bdac5-0d14-7821-a4ec-325a275a362b', 'workflow_type': 'ChainExecutorWorkflow'})
2026-01-20 15:09:25,488 - temporalio.workflow - INFO - Starting ComfyUI workflow execution ({'attempt': 1, 'namespace': 'default', 'run_id': '019bdac5-f69e-7037-b48d-3366decf3e8f', 'task_queue': 'comfyui-gpu-farm', 'workflow_id': 'chain-image-edit-to-video-pipeline-regen-dac318cb-c7ce-4774-a8e3-906697b5edfc-create_video', 'workflow_type': 'ComfyUIWorkflow'})
2026-01-20 15:09:25,488 - temporalio.workflow - INFO - Generated client_id: c3312df4-9065-48ba-9512-a742a9e59d68 ({'attempt': 1, 'namespace': 'default', 'run_id': '019bdac5-f69e-7037-b48d-3366decf3e8f', 'task_queue': 'comfyui-gpu-farm', 'workflow_id': 'chain-image-edit-to-video-pipeline-regen-dac318cb-c7ce-4774-a8e3-906697b5edfc-create_video', 'workflow_type': 'ComfyUIWorkflow'})
2026-01-20 15:09:25,488 - temporalio.workflow - INFO - Using pre-selected server: http://procure-x.testmcp.org ({'attempt': 1, 'namespace': 'default', 'run_id': '019bdac5-f69e-7037-b48d-3366decf3e8f', 'task_queue': 'comfyui-gpu-farm', 'workflow_id': 'chain-image-edit-to-video-pipeline-regen-dac318cb-c7ce-4774-a8e3-906697b5edfc-create_video', 'workflow_type': 'ComfyUIWorkflow'})
2026-01-20 15:09:25,497 - temporalio.activity - INFO - [V3] Executing workflow on http://procure-x.testmcp.org ({'activity_id': '1', 'activity_type': 'execute_and_track_workflow', 'attempt': 1, 'namespace': 'default', 'task_queue': 'comfyui-gpu-farm', 'workflow_id': 'chain-image-edit-to-video-pipeline-regen-dac318cb-c7ce-4774-a8e3-906697b5edfc-create_video', 'workflow_run_id': '019bdac5-f69e-7037-b48d-3366decf3e8f', 'workflow_type': 'ComfyUIWorkflow'})
2026-01-20 15:09:25,497 - temporalio.activity - INFO - [V3] Workflow name: firstEndTovideo ({'activity_id': '1', 'activity_type': 'execute_and_track_workflow', 'attempt': 1, 'namespace': 'default', 'task_queue': 'comfyui-gpu-farm', 'workflow_id': 'chain-image-edit-to-video-pipeline-regen-dac318cb-c7ce-4774-a8e3-906697b5edfc-create_video', 'workflow_run_id': '019bdac5-f69e-7037-b48d-3366decf3e8f', 'workflow_type': 'ComfyUIWorkflow'})
2026-01-20 15:09:25,538 - temporal_gateway.clients.comfy.client - INFO - ComfyUI client initialized for http://procure-x.testmcp.org
2026-01-20 15:09:25,538 - temporal_gateway.clients.comfy.client - INFO - Submitting workflow to ComfyUI
2026-01-20 15:09:25,621 - httpx - INFO - HTTP Request: POST http://procure-x.testmcp.org/prompt "HTTP/1.1 400 Bad Request"
2026-01-20 15:09:25,626 - temporalio.activity - WARNING - Completing activity as failed ({'activity_id': '1', 'activity_type': 'execute_and_track_workflow', 'attempt': 1, 'namespace': 'default', 'task_queue': 'comfyui-gpu-farm', 'workflow_id': 'chain-image-edit-to-video-pipeline-regen-dac318cb-c7ce-4774-a8e3-906697b5edfc-create_video', 'workflow_run_id': '019bdac5-f69e-7037-b48d-3366decf3e8f', 'workflow_type': 'ComfyUIWorkflow'})
Traceback (most recent call last):
  File "/home/jaskirat/Documents/comfyautomate/.venv/lib/python3.10/site-packages/temporalio/worker/_activity.py", line 316, in _handle_start_activity_task
    result = await self._execute_activity(
  File "/home/jaskirat/Documents/comfyautomate/.venv/lib/python3.10/site-packages/temporalio/worker/_activity.py", line 628, in _execute_activity
    return await impl.execute_activity(input)
  File "/home/jaskirat/Documents/comfyautomate/.venv/lib/python3.10/site-packages/temporalio/worker/_activity.py", line 823, in execute_activity
    return await input.fn(*input.args)
  File "/home/jaskirat/Documents/comfyautomate/temporal_gateway/activities/execute_workflow.py", line 61, in execute_and_track_workflow
    result = await client.execute_workflow(
  File "/home/jaskirat/Documents/comfyautomate/temporal_gateway/clients/comfy/client.py", line 74, in execute_workflow
    response = await self.http.queue_prompt(workflow, self.client_id)
  File "/home/jaskirat/Documents/comfyautomate/temporal_gateway/clients/comfy/http.py", line 40, in queue_prompt
    response.raise_for_status()
  File "/home/jaskirat/Documents/comfyautomate/.venv/lib/python3.10/site-packages/httpx/_models.py", line 829, in raise_for_status
    raise HTTPStatusError(message, request=request, response=self)
httpx.HTTPStatusError: Client error '400 Bad Request' for url 'http://procure-x.testmcp.org/prompt'
For more information check: https://developer.mozilla.org/en-US/docs/Web/HTTP/Status/400
2026-01-20 15:09:30,646 - temporalio.activity - INFO - [V3] Executing workflow on http://procure-x.testmcp.org ({'activity_id': '1', 'activity_type': 'execute_and_track_workflow', 'attempt': 2, 'namespace': 'default', 'task_queue': 'comfyui-gpu-farm', 'workflow_id': 'chain-image-edit-to-video-pipeline-regen-dac318cb-c7ce-4774-a8e3-906697b5edfc-create_video', 'workflow_run_id': '019bdac5-f69e-7037-b48d-3366decf3e8f', 'workflow_type': 'ComfyUIWorkflow'})
2026-01-20 15:09:30,646 - temporalio.activity - INFO - [V3] Workflow name: firstEndTovideo ({'activity_id': '1', 'activity_type': 'execute_and_track_workflow', 'attempt': 2, 'namespace': 'default', 'task_queue': 'comfyui-gpu-farm', 'workflow_id': 'chain-image-edit-to-video-pipeline-regen-dac318cb-c7ce-4774-a8e3-906697b5edfc-create_video', 'workflow_run_id': '019bdac5-f69e-7037-b48d-3366decf3e8f', 'workflow_type': 'ComfyUIWorkflow'})
2026-01-20 15:09:30,688 - temporal_gateway.clients.comfy.client - INFO - ComfyUI client initialized for http://procure-x.testmcp.org
2026-01-20 15:09:30,688 - temporal_gateway.clients.comfy.client - INFO - Submitting workflow to ComfyUI
2026-01-20 15:09:30,778 - httpx - INFO - HTTP Request: POST http://procure-x.testmcp.org/prompt "HTTP/1.1 400 Bad Request"
2026-01-20 15:09:30,782 - temporalio.activity - WARNING - Completing activity as failed ({'activity_id': '1', 'activity_type': 'execute_and_track_workflow', 'attempt': 2, 'namespace': 'default', 'task_queue': 'comfyui-gpu-farm', 'workflow_id': 'chain-image-edit-to-video-pipeline-regen-dac318cb-c7ce-4774-a8e3-906697b5edfc-create_video', 'workflow_run_id': '019bdac5-f69e-7037-b48d-3366decf3e8f', 'workflow_type': 'ComfyUIWorkflow'})
Traceback (most recent call last):
  File "/home/jaskirat/Documents/comfyautomate/.venv/lib/python3.10/site-packages/temporalio/worker/_activity.py", line 316, in _handle_start_activity_task
    result = await self._execute_activity(
  File "/home/jaskirat/Documents/comfyautomate/.venv/lib/python3.10/site-packages/temporalio/worker/_activity.py", line 628, in _execute_activity
    return await impl.execute_activity(input)
  File "/home/jaskirat/Documents/comfyautomate/.venv/lib/python3.10/site-packages/temporalio/worker/_activity.py", line 823, in execute_activity
    return await input.fn(*input.args)
  File "/home/jaskirat/Documents/comfyautomate/temporal_gateway/activities/execute_workflow.py", line 61, in execute_and_track_workflow
    result = await client.execute_workflow(
  File "/home/jaskirat/Documents/comfyautomate/temporal_gateway/clients/comfy/client.py", line 74, in execute_workflow
    response = await self.http.queue_prompt(workflow, self.client_id)
  File "/home/jaskirat/Documents/comfyautomate/temporal_gateway/clients/comfy/http.py", line 40, in queue_prompt
    response.raise_for_status()
  File "/home/jaskirat/Documents/comfyautomate/.venv/lib/python3.10/site-packages/httpx/_models.py", line 829, in raise_for_status
    raise HTTPStatusError(message, request=request, response=self)
httpx.HTTPStatusError: Client error '400 Bad Request' for url 'http://procure-x.testmcp.org/prompt'
For more information check: https://developer.mozilla.org/en-US/docs/Web/HTTP/Status/400
2026-01-20 15:09:30,805 - temporalio.workflow - ERROR - Workflow failed with error: Activity task failed ({'attempt': 1, 'namespace': 'default', 'run_id': '019bdac5-f69e-7037-b48d-3366decf3e8f', 'task_queue': 'comfyui-gpu-farm', 'workflow_id': 'chain-image-edit-to-video-pipeline-regen-dac318cb-c7ce-4774-a8e3-906697b5edfc-create_video', 'workflow_type': 'ComfyUIWorkflow'})
2026-01-20 15:09:30,824 - temporalio.activity - INFO - Updating workflow 99ae30e1-f3bd-4a69-95e9-8ebde8384c5a status to: failed ({'activity_id': '30', 'activity_type': 'update_workflow_status_activity', 'attempt': 1, 'namespace': 'default', 'task_queue': 'comfyui-gpu-farm', 'workflow_id': 'chain-image-edit-to-video-pipeline-regen-dac318cb-c7ce-4774-a8e3-906697b5edfc', 'workflow_run_id': '019bdac5-0d14-7821-a4ec-325a275a362b', 'workflow_type': 'ChainExecutorWorkflow'})
2026-01-20 15:09:30,828 - temporalio.activity - INFO - ✓ Updated workflow status ({'activity_id': '30', 'activity_type': 'update_workflow_status_activity', 'attempt': 1, 'namespace': 'default', 'task_queue': 'comfyui-gpu-farm', 'workflow_id': 'chain-image-edit-to-video-pipeline-regen-dac318cb-c7ce-4774-a8e3-906697b5edfc', 'workflow_run_id': '019bdac5-0d14-7821-a4ec-325a275a362b', 'workflow_type': 'ChainExecutorWorkflow'})
2026-01-20 15:09:30,843 - temporalio.activity - INFO - Getting artifacts for workflow: 99ae30e1-f3bd-4a69-95e9-8ebde8384c5a ({'activity_id': '31', 'activity_type': 'get_workflow_artifacts', 'attempt': 1, 'namespace': 'default', 'task_queue': 'comfyui-gpu-farm', 'workflow_id': 'chain-image-edit-to-video-pipeline-regen-dac318cb-c7ce-4774-a8e3-906697b5edfc', 'workflow_run_id': '019bdac5-0d14-7821-a4ec-325a275a362b', 'workflow_type': 'ChainExecutorWorkflow'})
2026-01-20 15:09:30,844 - temporalio.activity - WARNING - No artifacts found for workflow 99ae30e1-f3bd-4a69-95e9-8ebde8384c5a ({'activity_id': '31', 'activity_type': 'get_workflow_artifacts', 'attempt': 1, 'namespace': 'default', 'task_queue': 'comfyui-gpu-farm', 'workflow_id': 'chain-image-edit-to-video-pipeline-regen-dac318cb-c7ce-4774-a8e3-906697b5edfc', 'workflow_run_id': '019bdac5-0d14-7821-a4ec-325a275a362b', 'workflow_type': 'ChainExecutorWorkflow'})
2026-01-20 15:09:30,852 - temporalio.workflow - WARNING - Step create_video: No artifacts to approve, auto-approving ({'attempt': 1, 'namespace': 'default', 'run_id': '019bdac5-0d14-7821-a4ec-325a275a362b', 'task_queue': 'comfyui-gpu-farm', 'workflow_id': 'chain-image-edit-to-video-pipeline-regen-dac318cb-c7ce-4774-a8e3-906697b5edfc', 'workflow_type': 'ChainExecutorWorkflow'})
2026-01-20 15:09:30,852 - temporalio.workflow - INFO - Step create_video: Approved ({'attempt': 1, 'namespace': 'default', 'run_id': '019bdac5-0d14-7821-a4ec-325a275a362b', 'task_queue': 'comfyui-gpu-farm', 'workflow_id': 'chain-image-edit-to-video-pipeline-regen-dac318cb-c7ce-4774-a8e3-906697b5edfc', 'workflow_type': 'ChainExecutorWorkflow'})
2026-01-20 15:09:30,860 - temporalio.activity - INFO - Getting artifacts for workflow: 99ae30e1-f3bd-4a69-95e9-8ebde8384c5a ({'activity_id': '32', 'activity_type': 'get_workflow_artifacts', 'attempt': 1, 'namespace': 'default', 'task_queue': 'comfyui-gpu-farm', 'workflow_id': 'chain-image-edit-to-video-pipeline-regen-dac318cb-c7ce-4774-a8e3-906697b5edfc', 'workflow_run_id': '019bdac5-0d14-7821-a4ec-325a275a362b', 'workflow_type': 'ChainExecutorWorkflow'})
2026-01-20 15:09:30,861 - temporalio.activity - WARNING - No artifacts found for workflow 99ae30e1-f3bd-4a69-95e9-8ebde8384c5a ({'activity_id': '32', 'activity_type': 'get_workflow_artifacts', 'attempt': 1, 'namespace': 'default', 'task_queue': 'comfyui-gpu-farm', 'workflow_id': 'chain-image-edit-to-video-pipeline-regen-dac318cb-c7ce-4774-a8e3-906697b5edfc', 'workflow_run_id': '019bdac5-0d14-7821-a4ec-325a275a362b', 'workflow_type': 'ChainExecutorWorkflow'})
2026-01-20 15:09:30,876 - temporal_gateway.services.broadcast - INFO - Published step_completed to chain:6338728d-aa67-4dc9-95da-163168463e21
2026-01-20 15:09:30,876 - temporalio.activity - INFO - Published step_completed event for create_video in chain 6338728d-aa67-4dc9-95da-163168463e21 ({'activity_id': '33', 'activity_type': 'publish_step_completed_activity', 'attempt': 1, 'namespace': 'default', 'task_queue': 'comfyui-gpu-farm', 'workflow_id': 'chain-image-edit-to-video-pipeline-regen-dac318cb-c7ce-4774-a8e3-906697b5edfc', 'workflow_run_id': '019bdac5-0d14-7821-a4ec-325a275a362b', 'workflow_type': 'ChainExecutorWorkflow'})
2026-01-20 15:09:30,884 - temporalio.workflow - INFO - Step create_video: failed ({'attempt': 1, 'namespace': 'default', 'run_id': '019bdac5-0d14-7821-a4ec-325a275a362b', 'task_queue': 'comfyui-gpu-farm', 'workflow_id': 'chain-image-edit-to-video-pipeline-regen-dac318cb-c7ce-4774-a8e3-906697b5edfc', 'workflow_type': 'ChainExecutorWorkflow'})
2026-01-20 15:09:30,892 - temporalio.activity - INFO - Updating chain 6338728d-aa67-4dc9-95da-163168463e21 status to: completed ({'activity_id': '34', 'activity_type': 'update_chain_status_activity', 'attempt': 1, 'namespace': 'default', 'task_queue': 'comfyui-gpu-farm', 'workflow_id': 'chain-image-edit-to-video-pipeline-regen-dac318cb-c7ce-4774-a8e3-906697b5edfc', 'workflow_run_id': '019bdac5-0d14-7821-a4ec-325a275a362b', 'workflow_type': 'ChainExecutorWorkflow'})
2026-01-20 15:09:30,895 - temporalio.activity - INFO - ✓ Updated chain status ({'activity_id': '34', 'activity_type': 'update_chain_status_activity', 'attempt': 1, 'namespace': 'default', 'task_queue': 'comfyui-gpu-farm', 'workflow_id': 'chain-image-edit-to-video-pipeline-regen-dac318cb-c7ce-4774-a8e3-906697b5edfc', 'workflow_run_id': '019bdac5-0d14-7821-a4ec-325a275a362b', 'workflow_type': 'ChainExecutorWorkflow'})
2026-01-20 15:09:30,896 - temporal_gateway.services.broadcast - INFO - Published chain_completed to chain:6338728d-aa67-4dc9-95da-163168463e21
2026-01-20 15:09:30,896 - temporalio.activity - INFO - Published chain_completed event for chain 6338728d-aa67-4dc9-95da-163168463e21 ({'activity_id': '34', 'activity_type': 'update_chain_status_activity', 'attempt': 1, 'namespace': 'default', 'task_queue': 'comfyui-gpu-farm', 'workflow_id': 'chain-image-edit-to-video-pipeline-regen-dac318cb-c7ce-4774-a8e3-906697b5edfc', 'workflow_run_id': '019bdac5-0d14-7821-a4ec-325a275a362b', 'workflow_type': 'ChainExecutorWorkflow'})
2026-01-20 15:10:56,648 - temporalio.workflow - INFO - Starting chain execution: image-edit-to-video-pipeline ({'attempt': 1, 'namespace': 'default', 'run_id': '019bdac7-5aa8-7c5f-84f6-d75b7b502269', 'task_queue': 'comfyui-gpu-farm', 'workflow_id': 'chain-image-edit-to-video-pipeline-regen-d34da552-5093-423a-9eb2-bdba9c765431', 'workflow_type': 'ChainExecutorWorkflow'})
2026-01-20 15:10:56,649 - temporalio.workflow - INFO - Retry number: 0 ({'attempt': 1, 'namespace': 'default', 'run_id': '019bdac7-5aa8-7c5f-84f6-d75b7b502269', 'task_queue': 'comfyui-gpu-farm', 'workflow_id': 'chain-image-edit-to-video-pipeline-regen-d34da552-5093-423a-9eb2-bdba9c765431', 'workflow_type': 'ChainExecutorWorkflow'})
2026-01-20 15:10:56,649 - temporalio.workflow - INFO - Cached steps: ['edit_frame1', 'extract_frame1'] ({'attempt': 1, 'namespace': 'default', 'run_id': '019bdac7-5aa8-7c5f-84f6-d75b7b502269', 'task_queue': 'comfyui-gpu-farm', 'workflow_id': 'chain-image-edit-to-video-pipeline-regen-d34da552-5093-423a-9eb2-bdba9c765431', 'workflow_type': 'ChainExecutorWorkflow'})
2026-01-20 15:10:56,649 - temporalio.workflow - INFO - Total levels: 3 ({'attempt': 1, 'namespace': 'default', 'run_id': '019bdac7-5aa8-7c5f-84f6-d75b7b502269', 'task_queue': 'comfyui-gpu-farm', 'workflow_id': 'chain-image-edit-to-video-pipeline-regen-d34da552-5093-423a-9eb2-bdba9c765431', 'workflow_type': 'ChainExecutorWorkflow'})
2026-01-20 15:10:56,649 - temporalio.workflow - INFO - Applied cache for step: edit_frame1 ({'attempt': 1, 'namespace': 'default', 'run_id': '019bdac7-5aa8-7c5f-84f6-d75b7b502269', 'task_queue': 'comfyui-gpu-farm', 'workflow_id': 'chain-image-edit-to-video-pipeline-regen-d34da552-5093-423a-9eb2-bdba9c765431', 'workflow_type': 'ChainExecutorWorkflow'})
2026-01-20 15:10:56,649 - temporalio.workflow - INFO - Applied cache for step: extract_frame1 ({'attempt': 1, 'namespace': 'default', 'run_id': '019bdac7-5aa8-7c5f-84f6-d75b7b502269', 'task_queue': 'comfyui-gpu-farm', 'workflow_id': 'chain-image-edit-to-video-pipeline-regen-d34da552-5093-423a-9eb2-bdba9c765431', 'workflow_type': 'ChainExecutorWorkflow'})
2026-01-20 15:10:56,649 - temporalio.workflow - INFO - Using chain ID: 684d26e4-7434-4f88-a18e-60fb077d88cb ({'attempt': 1, 'namespace': 'default', 'run_id': '019bdac7-5aa8-7c5f-84f6-d75b7b502269', 'task_queue': 'comfyui-gpu-farm', 'workflow_id': 'chain-image-edit-to-video-pipeline-regen-d34da552-5093-423a-9eb2-bdba9c765431', 'workflow_type': 'ChainExecutorWorkflow'})
2026-01-20 15:10:56,659 - temporalio.activity - INFO - Updating chain 684d26e4-7434-4f88-a18e-60fb077d88cb status to: executing_level_0 ({'activity_id': '1', 'activity_type': 'update_chain_status_activity', 'attempt': 1, 'namespace': 'default', 'task_queue': 'comfyui-gpu-farm', 'workflow_id': 'chain-image-edit-to-video-pipeline-regen-d34da552-5093-423a-9eb2-bdba9c765431', 'workflow_run_id': '019bdac7-5aa8-7c5f-84f6-d75b7b502269', 'workflow_type': 'ChainExecutorWorkflow'})
2026-01-20 15:10:56,664 - temporalio.activity - INFO - ✓ Updated chain status ({'activity_id': '1', 'activity_type': 'update_chain_status_activity', 'attempt': 1, 'namespace': 'default', 'task_queue': 'comfyui-gpu-farm', 'workflow_id': 'chain-image-edit-to-video-pipeline-regen-d34da552-5093-423a-9eb2-bdba9c765431', 'workflow_run_id': '019bdac7-5aa8-7c5f-84f6-d75b7b502269', 'workflow_type': 'ChainExecutorWorkflow'})
2026-01-20 15:10:56,673 - temporalio.workflow - INFO - Level 0: Executing 2 step(s) ({'attempt': 1, 'namespace': 'default', 'run_id': '019bdac7-5aa8-7c5f-84f6-d75b7b502269', 'task_queue': 'comfyui-gpu-farm', 'workflow_id': 'chain-image-edit-to-video-pipeline-regen-d34da552-5093-423a-9eb2-bdba9c765431', 'workflow_type': 'ChainExecutorWorkflow'})
2026-01-20 15:10:56,674 - temporalio.workflow - INFO - Step extract_frame1: Using cached result ({'attempt': 1, 'namespace': 'default', 'run_id': '019bdac7-5aa8-7c5f-84f6-d75b7b502269', 'task_queue': 'comfyui-gpu-farm', 'workflow_id': 'chain-image-edit-to-video-pipeline-regen-d34da552-5093-423a-9eb2-bdba9c765431', 'workflow_type': 'ChainExecutorWorkflow'})
2026-01-20 15:10:56,674 - temporalio.workflow - INFO - Executing step: extract_frame2 ({'attempt': 1, 'namespace': 'default', 'run_id': '019bdac7-5aa8-7c5f-84f6-d75b7b502269', 'task_queue': 'comfyui-gpu-farm', 'workflow_id': 'chain-image-edit-to-video-pipeline-regen-d34da552-5093-423a-9eb2-bdba9c765431', 'workflow_type': 'ChainExecutorWorkflow'})
2026-01-20 15:10:56,683 - temporalio.activity - INFO - Resolving templates in parameters ({'activity_id': '2', 'activity_type': 'resolve_chain_templates', 'attempt': 1, 'namespace': 'default', 'task_queue': 'comfyui-gpu-farm', 'workflow_id': 'chain-image-edit-to-video-pipeline-regen-d34da552-5093-423a-9eb2-bdba9c765431', 'workflow_run_id': '019bdac7-5aa8-7c5f-84f6-d75b7b502269', 'workflow_type': 'ChainExecutorWorkflow'})
2026-01-20 15:10:56,683 - temporalio.activity - INFO - Templates resolved successfully ({'activity_id': '2', 'activity_type': 'resolve_chain_templates', 'attempt': 1, 'namespace': 'default', 'task_queue': 'comfyui-gpu-farm', 'workflow_id': 'chain-image-edit-to-video-pipeline-regen-d34da552-5093-423a-9eb2-bdba9c765431', 'workflow_run_id': '019bdac7-5aa8-7c5f-84f6-d75b7b502269', 'workflow_type': 'ChainExecutorWorkflow'})
2026-01-20 15:10:56,700 - temporalio.activity - INFO - Applying parameters to workflow: imageSave ({'activity_id': '3', 'activity_type': 'apply_workflow_parameters', 'attempt': 1, 'namespace': 'default', 'task_queue': 'comfyui-gpu-farm', 'workflow_id': 'chain-image-edit-to-video-pipeline-regen-d34da552-5093-423a-9eb2-bdba9c765431', 'workflow_run_id': '019bdac7-5aa8-7c5f-84f6-d75b7b502269', 'workflow_type': 'ChainExecutorWorkflow'})
2026-01-20 15:10:56,700 - temporal_gateway.registry - INFO - Applied override: 1.frame_load_cap = 1
2026-01-20 15:10:56,700 - temporal_gateway.registry - INFO - Applied override: 1.select_every_nth = 1
2026-01-20 15:10:56,700 - temporal_gateway.registry - INFO - Applied override: 1.skip_first_frames = 172
2026-01-20 15:10:56,700 - temporal_gateway.registry - INFO - Applied override: 1.video = ComfyUI_00012_.mp4
2026-01-20 15:10:56,700 - temporalio.activity - INFO - Parameters applied successfully ({'activity_id': '3', 'activity_type': 'apply_workflow_parameters', 'attempt': 1, 'namespace': 'default', 'task_queue': 'comfyui-gpu-farm', 'workflow_id': 'chain-image-edit-to-video-pipeline-regen-d34da552-5093-423a-9eb2-bdba9c765431', 'workflow_run_id': '019bdac7-5aa8-7c5f-84f6-d75b7b502269', 'workflow_type': 'ChainExecutorWorkflow'})
2026-01-20 15:10:56,715 - temporalio.activity - INFO - Selecting server with strategy: least_loaded ({'activity_id': '4', 'activity_type': 'select_best_server', 'attempt': 1, 'namespace': 'default', 'task_queue': 'comfyui-gpu-farm', 'workflow_id': 'chain-image-edit-to-video-pipeline-regen-d34da552-5093-423a-9eb2-bdba9c765431', 'workflow_run_id': '019bdac7-5aa8-7c5f-84f6-d75b7b502269', 'workflow_type': 'ChainExecutorWorkflow'})
2026-01-20 15:10:56,815 - httpx - INFO - HTTP Request: GET http://procure-x.testmcp.org/system_stats "HTTP/1.1 200 OK"
2026-01-20 15:10:56,832 - httpx - INFO - HTTP Request: GET http://procure-x.testmcp.org/queue "HTTP/1.1 200 OK"
2026-01-20 15:10:56,836 - temporal_gateway.servers.load_balancer - INFO - Selected server procure-x (queue_depth=0, gpu_mem=0.0%)
2026-01-20 15:10:56,836 - temporalio.activity - INFO - Selected server: procure-x (http://procure-x.testmcp.org) ({'activity_id': '4', 'activity_type': 'select_best_server', 'attempt': 1, 'namespace': 'default', 'task_queue': 'comfyui-gpu-farm', 'workflow_id': 'chain-image-edit-to-video-pipeline-regen-d34da552-5093-423a-9eb2-bdba9c765431', 'workflow_run_id': '019bdac7-5aa8-7c5f-84f6-d75b7b502269', 'workflow_type': 'ChainExecutorWorkflow'})
2026-01-20 15:10:56,855 - temporalio.workflow - INFO - Step extract_frame2: Server http://procure-x.testmcp.org ({'attempt': 1, 'namespace': 'default', 'run_id': '019bdac7-5aa8-7c5f-84f6-d75b7b502269', 'task_queue': 'comfyui-gpu-farm', 'workflow_id': 'chain-image-edit-to-video-pipeline-regen-d34da552-5093-423a-9eb2-bdba9c765431', 'workflow_type': 'ChainExecutorWorkflow'})
2026-01-20 15:10:56,863 - temporalio.activity - INFO - Creating workflow record: imageSave (prompt: pending) ({'activity_id': '5', 'activity_type': 'create_workflow_record', 'attempt': 1, 'namespace': 'default', 'task_queue': 'comfyui-gpu-farm', 'workflow_id': 'chain-image-edit-to-video-pipeline-regen-d34da552-5093-423a-9eb2-bdba9c765431', 'workflow_run_id': '019bdac7-5aa8-7c5f-84f6-d75b7b502269', 'workflow_type': 'ChainExecutorWorkflow'})
2026-01-20 15:10:56,867 - temporalio.activity - INFO - ✓ Created workflow record: 8f0f6ded-6255-4ae1-bb42-66e71be2503c ({'activity_id': '5', 'activity_type': 'create_workflow_record', 'attempt': 1, 'namespace': 'default', 'task_queue': 'comfyui-gpu-farm', 'workflow_id': 'chain-image-edit-to-video-pipeline-regen-d34da552-5093-423a-9eb2-bdba9c765431', 'workflow_run_id': '019bdac7-5aa8-7c5f-84f6-d75b7b502269', 'workflow_type': 'ChainExecutorWorkflow'})
2026-01-20 15:10:56,899 - temporalio.workflow - INFO - Starting ComfyUI workflow execution ({'attempt': 1, 'namespace': 'default', 'run_id': '019bdac7-5baf-79a6-b475-919ec0218fd1', 'task_queue': 'comfyui-gpu-farm', 'workflow_id': 'chain-image-edit-to-video-pipeline-regen-d34da552-5093-423a-9eb2-bdba9c765431-extract_frame2', 'workflow_type': 'ComfyUIWorkflow'})
2026-01-20 15:10:56,899 - temporalio.workflow - INFO - Generated client_id: ffbc0ebf-911a-4be9-80c8-ab485daed28c ({'attempt': 1, 'namespace': 'default', 'run_id': '019bdac7-5baf-79a6-b475-919ec0218fd1', 'task_queue': 'comfyui-gpu-farm', 'workflow_id': 'chain-image-edit-to-video-pipeline-regen-d34da552-5093-423a-9eb2-bdba9c765431-extract_frame2', 'workflow_type': 'ComfyUIWorkflow'})
2026-01-20 15:10:56,899 - temporalio.workflow - INFO - Using pre-selected server: http://procure-x.testmcp.org ({'attempt': 1, 'namespace': 'default', 'run_id': '019bdac7-5baf-79a6-b475-919ec0218fd1', 'task_queue': 'comfyui-gpu-farm', 'workflow_id': 'chain-image-edit-to-video-pipeline-regen-d34da552-5093-423a-9eb2-bdba9c765431-extract_frame2', 'workflow_type': 'ComfyUIWorkflow'})
2026-01-20 15:10:56,908 - temporalio.activity - INFO - [V3] Executing workflow on http://procure-x.testmcp.org ({'activity_id': '1', 'activity_type': 'execute_and_track_workflow', 'attempt': 1, 'namespace': 'default', 'task_queue': 'comfyui-gpu-farm', 'workflow_id': 'chain-image-edit-to-video-pipeline-regen-d34da552-5093-423a-9eb2-bdba9c765431-extract_frame2', 'workflow_run_id': '019bdac7-5baf-79a6-b475-919ec0218fd1', 'workflow_type': 'ComfyUIWorkflow'})
2026-01-20 15:10:56,908 - temporalio.activity - INFO - [V3] Workflow name: imageSave ({'activity_id': '1', 'activity_type': 'execute_and_track_workflow', 'attempt': 1, 'namespace': 'default', 'task_queue': 'comfyui-gpu-farm', 'workflow_id': 'chain-image-edit-to-video-pipeline-regen-d34da552-5093-423a-9eb2-bdba9c765431-extract_frame2', 'workflow_run_id': '019bdac7-5baf-79a6-b475-919ec0218fd1', 'workflow_type': 'ComfyUIWorkflow'})
2026-01-20 15:10:56,952 - temporal_gateway.clients.comfy.client - INFO - ComfyUI client initialized for http://procure-x.testmcp.org
2026-01-20 15:10:56,952 - temporal_gateway.clients.comfy.client - INFO - Submitting workflow to ComfyUI
2026-01-20 15:10:57,028 - httpx - INFO - HTTP Request: POST http://procure-x.testmcp.org/prompt "HTTP/1.1 200 OK"
2026-01-20 15:10:57,030 - temporal_gateway.clients.comfy.client - INFO - Workflow queued with prompt_id: 50e88d06-c48e-4d60-8570-0a5a25d97ad8
2026-01-20 15:10:57,030 - temporal_gateway.clients.comfy.tracker - INFO - Starting execution tracking for prompt 50e88d06-c48e-4d60-8570-0a5a25d97ad8
2026-01-20 15:10:57,030 - temporal_gateway.clients.comfy.tracker - INFO - Starting history polling
2026-01-20 15:10:57,032 - temporal_gateway.clients.comfy.tracker - INFO - Starting WebSocket listener
2026-01-20 15:10:57,032 - temporal_gateway.clients.comfy.websocket - INFO - Connecting to WebSocket: ws://procure-x.testmcp.org/ws?clientId=cacdd018-23f1-41ba-870d-59e2b8d10ec2
2026-01-20 15:10:57,076 - httpx - INFO - HTTP Request: GET http://procure-x.testmcp.org/history/50e88d06-c48e-4d60-8570-0a5a25d97ad8 "HTTP/1.1 200 OK"
2026-01-20 15:10:57,081 - temporal_gateway.clients.comfy.websocket - INFO - WebSocket connected successfully
2026-01-20 15:10:58,106 - httpx - INFO - HTTP Request: GET http://procure-x.testmcp.org/history/50e88d06-c48e-4d60-8570-0a5a25d97ad8 "HTTP/1.1 200 OK"
2026-01-20 15:10:58,454 - temporal_gateway.clients.comfy.tracker - INFO - [WS] Execution completed successfully
2026-01-20 15:10:58,777 - httpx - INFO - HTTP Request: GET http://procure-x.testmcp.org/history/50e88d06-c48e-4d60-8570-0a5a25d97ad8 "HTTP/1.1 200 OK"
2026-01-20 15:10:58,781 - temporal_gateway.clients.comfy.tracker - INFO - Tracking completed: success (took 1.75s)
2026-01-20 15:10:58,782 - temporalio.activity - INFO - [V3] Workflow completed successfully ({'activity_id': '1', 'activity_type': 'execute_and_track_workflow', 'attempt': 1, 'namespace': 'default', 'task_queue': 'comfyui-gpu-farm', 'workflow_id': 'chain-image-edit-to-video-pipeline-regen-d34da552-5093-423a-9eb2-bdba9c765431-extract_frame2', 'workflow_run_id': '019bdac7-5baf-79a6-b475-919ec0218fd1', 'workflow_type': 'ComfyUIWorkflow'})
2026-01-20 15:10:58,813 - temporalio.workflow - INFO - Execution completed successfully ({'attempt': 1, 'namespace': 'default', 'run_id': '019bdac7-5baf-79a6-b475-919ec0218fd1', 'task_queue': 'comfyui-gpu-farm', 'workflow_id': 'chain-image-edit-to-video-pipeline-regen-d34da552-5093-423a-9eb2-bdba9c765431-extract_frame2', 'workflow_type': 'ComfyUIWorkflow'})
2026-01-20 15:10:58,820 - temporalio.activity - INFO - Extracting server output files ({'activity_id': '2', 'activity_type': 'get_server_output_files', 'attempt': 1, 'namespace': 'default', 'task_queue': 'comfyui-gpu-farm', 'workflow_id': 'chain-image-edit-to-video-pipeline-regen-d34da552-5093-423a-9eb2-bdba9c765431-extract_frame2', 'workflow_run_id': '019bdac7-5baf-79a6-b475-919ec0218fd1', 'workflow_type': 'ComfyUIWorkflow'})
2026-01-20 15:10:58,820 - temporalio.activity - INFO - Found 1 output file(s) ({'activity_id': '2', 'activity_type': 'get_server_output_files', 'attempt': 1, 'namespace': 'default', 'task_queue': 'comfyui-gpu-farm', 'workflow_id': 'chain-image-edit-to-video-pipeline-regen-d34da552-5093-423a-9eb2-bdba9c765431-extract_frame2', 'workflow_run_id': '019bdac7-5baf-79a6-b475-919ec0218fd1', 'workflow_type': 'ComfyUIWorkflow'})
2026-01-20 15:10:58,828 - temporalio.workflow - INFO - Found 1 server output file(s) ({'attempt': 1, 'namespace': 'default', 'run_id': '019bdac7-5baf-79a6-b475-919ec0218fd1', 'task_queue': 'comfyui-gpu-farm', 'workflow_id': 'chain-image-edit-to-video-pipeline-regen-d34da552-5093-423a-9eb2-bdba9c765431-extract_frame2', 'workflow_type': 'ComfyUIWorkflow'})
2026-01-20 15:10:58,836 - temporalio.activity - INFO - Downloading and persisting 1 artifact(s) for workflow 8f0f6ded-6255-4ae1-bb42-66e71be2503c ({'activity_id': '3', 'activity_type': 'download_and_store_artifacts', 'attempt': 1, 'namespace': 'default', 'task_queue': 'comfyui-gpu-farm', 'workflow_id': 'chain-image-edit-to-video-pipeline-regen-d34da552-5093-423a-9eb2-bdba9c765431-extract_frame2', 'workflow_run_id': '019bdac7-5baf-79a6-b475-919ec0218fd1', 'workflow_type': 'ComfyUIWorkflow'})
2026-01-20 15:10:58,878 - temporal_gateway.clients.comfy.client - INFO - ComfyUI client initialized for http://procure-x.testmcp.org
2026-01-20 15:10:58,924 - httpx - INFO - HTTP Request: GET http://procure-x.testmcp.org/view?filename=ComfyUI_00314_.png&type=output "HTTP/1.1 200 OK"
2026-01-20 15:10:58,954 - temporalio.activity - INFO - ✓ Saved artifact to DB: 02c3268f-e991-4ceb-a42c-b0bb1eef92b8 (ComfyUI_00314_.png) ({'activity_id': '3', 'activity_type': 'download_and_store_artifacts', 'attempt': 1, 'namespace': 'default', 'task_queue': 'comfyui-gpu-farm', 'workflow_id': 'chain-image-edit-to-video-pipeline-regen-d34da552-5093-423a-9eb2-bdba9c765431-extract_frame2', 'workflow_run_id': '019bdac7-5baf-79a6-b475-919ec0218fd1', 'workflow_type': 'ComfyUIWorkflow'})
2026-01-20 15:10:58,955 - temporalio.activity - INFO - Downloaded and persisted 1 artifact(s) ({'activity_id': '3', 'activity_type': 'download_and_store_artifacts', 'attempt': 1, 'namespace': 'default', 'task_queue': 'comfyui-gpu-farm', 'workflow_id': 'chain-image-edit-to-video-pipeline-regen-d34da552-5093-423a-9eb2-bdba9c765431-extract_frame2', 'workflow_run_id': '019bdac7-5baf-79a6-b475-919ec0218fd1', 'workflow_type': 'ComfyUIWorkflow'})
2026-01-20 15:10:58,966 - temporalio.workflow - INFO - Downloaded 1 file(s) locally ({'attempt': 1, 'namespace': 'default', 'run_id': '019bdac7-5baf-79a6-b475-919ec0218fd1', 'task_queue': 'comfyui-gpu-farm', 'workflow_id': 'chain-image-edit-to-video-pipeline-regen-d34da552-5093-423a-9eb2-bdba9c765431-extract_frame2', 'workflow_type': 'ComfyUIWorkflow'})
2026-01-20 15:10:58,985 - temporalio.activity - INFO - Updating workflow 8f0f6ded-6255-4ae1-bb42-66e71be2503c status to: completed ({'activity_id': '6', 'activity_type': 'update_workflow_status_activity', 'attempt': 1, 'namespace': 'default', 'task_queue': 'comfyui-gpu-farm', 'workflow_id': 'chain-image-edit-to-video-pipeline-regen-d34da552-5093-423a-9eb2-bdba9c765431', 'workflow_run_id': '019bdac7-5aa8-7c5f-84f6-d75b7b502269', 'workflow_type': 'ChainExecutorWorkflow'})
2026-01-20 15:10:58,988 - temporalio.activity - INFO - ✓ Updated workflow status ({'activity_id': '6', 'activity_type': 'update_workflow_status_activity', 'attempt': 1, 'namespace': 'default', 'task_queue': 'comfyui-gpu-farm', 'workflow_id': 'chain-image-edit-to-video-pipeline-regen-d34da552-5093-423a-9eb2-bdba9c765431', 'workflow_run_id': '019bdac7-5aa8-7c5f-84f6-d75b7b502269', 'workflow_type': 'ChainExecutorWorkflow'})
2026-01-20 15:10:59,002 - temporalio.activity - INFO - Getting artifacts for workflow: 8f0f6ded-6255-4ae1-bb42-66e71be2503c ({'activity_id': '7', 'activity_type': 'get_workflow_artifacts', 'attempt': 1, 'namespace': 'default', 'task_queue': 'comfyui-gpu-farm', 'workflow_id': 'chain-image-edit-to-video-pipeline-regen-d34da552-5093-423a-9eb2-bdba9c765431', 'workflow_run_id': '019bdac7-5aa8-7c5f-84f6-d75b7b502269', 'workflow_type': 'ChainExecutorWorkflow'})
2026-01-20 15:10:59,019 - temporalio.activity - INFO - Creating approval request for artifact: 02c3268f-e991-4ceb-a42c-b0bb1eef92b8 ({'activity_id': '8', 'activity_type': 'create_approval_request_activity', 'attempt': 1, 'namespace': 'default', 'task_queue': 'comfyui-gpu-farm', 'workflow_id': 'chain-image-edit-to-video-pipeline-regen-d34da552-5093-423a-9eb2-bdba9c765431', 'workflow_run_id': '019bdac7-5aa8-7c5f-84f6-d75b7b502269', 'workflow_type': 'ChainExecutorWorkflow'})
2026-01-20 15:10:59,022 - temporalio.activity - INFO - ✓ Created approval request: 4ba39a2f-ade0-4107-a2d2-a7549700167a, token: yeA3vEDmIBX8Qaaa... ({'activity_id': '8', 'activity_type': 'create_approval_request_activity', 'attempt': 1, 'namespace': 'default', 'task_queue': 'comfyui-gpu-farm', 'workflow_id': 'chain-image-edit-to-video-pipeline-regen-d34da552-5093-423a-9eb2-bdba9c765431', 'workflow_run_id': '019bdac7-5aa8-7c5f-84f6-d75b7b502269', 'workflow_type': 'ChainExecutorWorkflow'})
2026-01-20 15:10:59,022 - temporal_gateway.services.broadcast - INFO - Published approval_requested to chain:684d26e4-7434-4f88-a18e-60fb077d88cb
2026-01-20 15:10:59,022 - temporalio.activity - INFO - Published approval_requested event for chain 684d26e4-7434-4f88-a18e-60fb077d88cb ({'activity_id': '8', 'activity_type': 'create_approval_request_activity', 'attempt': 1, 'namespace': 'default', 'task_queue': 'comfyui-gpu-farm', 'workflow_id': 'chain-image-edit-to-video-pipeline-regen-d34da552-5093-423a-9eb2-bdba9c765431', 'workflow_run_id': '019bdac7-5aa8-7c5f-84f6-d75b7b502269', 'workflow_type': 'ChainExecutorWorkflow'})
2026-01-20 15:10:59,031 - temporalio.workflow - INFO - Step extract_frame2: Approval request created, token: yeA3vEDmIBX8Qaaa... ({'attempt': 1, 'namespace': 'default', 'run_id': '019bdac7-5aa8-7c5f-84f6-d75b7b502269', 'task_queue': 'comfyui-gpu-farm', 'workflow_id': 'chain-image-edit-to-video-pipeline-regen-d34da552-5093-423a-9eb2-bdba9c765431', 'workflow_type': 'ChainExecutorWorkflow'})
2026-01-20 15:28:35,344 - temporalio.worker._worker - INFO - Worker cancelled, shutting down
2026-01-20 15:28:35,344 - temporalio.worker._worker - INFO - Beginning worker shutdown, will wait 0:00:00 before cancelling activities
