2026-01-15 00:41:41,149 - worker - INFO - Initializing artifact database...
2026-01-15 00:41:41,151 - worker - INFO - Database initialized
2026-01-15 00:41:41,151 - worker - INFO - Connecting to Redis for event broadcasting...
2026-01-15 00:41:41,188 - temporal_gateway.services.broadcast - INFO - Created broadcast instance for redis://localhost:6379
2026-01-15 00:41:41,190 - temporal_gateway.services.broadcast - INFO - Broadcast connected to Redis
2026-01-15 00:41:41,190 - worker - INFO - Redis broadcast connected
2026-01-15 00:41:41,190 - worker - INFO - Loading server registry...
2026-01-15 00:41:41,190 - temporal_gateway.servers.registry - INFO - Registered server: procure-x (comfyui)
2026-01-15 00:41:41,190 - temporal_gateway.servers.registry - INFO - Loaded 1 servers from config
2026-01-15 00:41:41,191 - worker - INFO - Registered 1 servers
2026-01-15 00:41:41,191 - worker - INFO -   Server: procure-x (comfyui)
2026-01-15 00:41:41,321 - worker - INFO - ============================================================
2026-01-15 00:41:41,321 - worker - INFO - 🔧 Temporal Worker Started
2026-01-15 00:41:41,321 - worker - INFO - ============================================================
2026-01-15 00:41:41,321 - worker - INFO - Connected to Temporal: localhost:7233
2026-01-15 00:41:41,321 - worker - INFO - Task Queue: comfyui-gpu-farm
2026-01-15 00:41:41,322 - worker - INFO - Workflows: ['ComfyUIWorkflow', 'ChainExecutorWorkflow']
2026-01-15 00:41:41,322 - worker - INFO - Log file: /home/jaskirat/Documents/comfyautomate/temporal_gateway/logs/worker_20260114_191141.log
2026-01-15 00:41:41,322 - worker - INFO - ============================================================
2026-01-15 00:41:41,322 - worker - INFO - Worker is running. Press Ctrl+C to stop.
2026-01-15 00:41:49,580 - temporalio.workflow - INFO - Received approval decision for step create_video: approved by cli-user ({'attempt': 1, 'namespace': 'default', 'run_id': '019bbddb-d447-712c-879a-fbc3ba1b92ea', 'task_queue': 'comfyui-gpu-farm', 'workflow_id': 'chain-image-edit-to-video-pipeline-c544ce1f-b051-49d8-bbb7-4e882b0dff7c', 'workflow_type': 'ChainExecutorWorkflow'})
2026-01-15 00:41:49,580 - temporalio.workflow - INFO - Step create_video: Approved by cli-user ({'attempt': 1, 'namespace': 'default', 'run_id': '019bbddb-d447-712c-879a-fbc3ba1b92ea', 'task_queue': 'comfyui-gpu-farm', 'workflow_id': 'chain-image-edit-to-video-pipeline-c544ce1f-b051-49d8-bbb7-4e882b0dff7c', 'workflow_type': 'ChainExecutorWorkflow'})
2026-01-15 00:41:49,580 - temporalio.workflow - INFO - Step create_video: Approved ({'attempt': 1, 'namespace': 'default', 'run_id': '019bbddb-d447-712c-879a-fbc3ba1b92ea', 'task_queue': 'comfyui-gpu-farm', 'workflow_id': 'chain-image-edit-to-video-pipeline-c544ce1f-b051-49d8-bbb7-4e882b0dff7c', 'workflow_type': 'ChainExecutorWorkflow'})
2026-01-15 00:41:49,588 - temporalio.activity - INFO - Getting artifacts for workflow: b6a75a39-c2b5-412f-ad6d-40a5ef552a65 ({'activity_id': '64', 'activity_type': 'get_workflow_artifacts', 'attempt': 1, 'namespace': 'default', 'task_queue': 'comfyui-gpu-farm', 'workflow_id': 'chain-image-edit-to-video-pipeline-c544ce1f-b051-49d8-bbb7-4e882b0dff7c', 'workflow_run_id': '019bbddb-d447-712c-879a-fbc3ba1b92ea', 'workflow_type': 'ChainExecutorWorkflow'})
2026-01-15 00:41:49,629 - temporal_gateway.services.broadcast - INFO - Published step_completed to chain:6dd30b03-1cd4-4472-9c01-fbd2a5d1da29
2026-01-15 00:41:49,629 - temporalio.activity - INFO - Published step_completed event for create_video in chain 6dd30b03-1cd4-4472-9c01-fbd2a5d1da29 ({'activity_id': '65', 'activity_type': 'publish_step_completed_activity', 'attempt': 1, 'namespace': 'default', 'task_queue': 'comfyui-gpu-farm', 'workflow_id': 'chain-image-edit-to-video-pipeline-c544ce1f-b051-49d8-bbb7-4e882b0dff7c', 'workflow_run_id': '019bbddb-d447-712c-879a-fbc3ba1b92ea', 'workflow_type': 'ChainExecutorWorkflow'})
2026-01-15 00:41:49,637 - temporalio.workflow - INFO - Step create_video: completed ({'attempt': 1, 'namespace': 'default', 'run_id': '019bbddb-d447-712c-879a-fbc3ba1b92ea', 'task_queue': 'comfyui-gpu-farm', 'workflow_id': 'chain-image-edit-to-video-pipeline-c544ce1f-b051-49d8-bbb7-4e882b0dff7c', 'workflow_type': 'ChainExecutorWorkflow'})
2026-01-15 00:41:49,644 - temporalio.activity - INFO - Updating chain 6dd30b03-1cd4-4472-9c01-fbd2a5d1da29 status to: completed ({'activity_id': '66', 'activity_type': 'update_chain_status_activity', 'attempt': 1, 'namespace': 'default', 'task_queue': 'comfyui-gpu-farm', 'workflow_id': 'chain-image-edit-to-video-pipeline-c544ce1f-b051-49d8-bbb7-4e882b0dff7c', 'workflow_run_id': '019bbddb-d447-712c-879a-fbc3ba1b92ea', 'workflow_type': 'ChainExecutorWorkflow'})
2026-01-15 00:41:49,652 - temporalio.activity - INFO - ✓ Updated chain status ({'activity_id': '66', 'activity_type': 'update_chain_status_activity', 'attempt': 1, 'namespace': 'default', 'task_queue': 'comfyui-gpu-farm', 'workflow_id': 'chain-image-edit-to-video-pipeline-c544ce1f-b051-49d8-bbb7-4e882b0dff7c', 'workflow_run_id': '019bbddb-d447-712c-879a-fbc3ba1b92ea', 'workflow_type': 'ChainExecutorWorkflow'})
2026-01-15 00:41:49,652 - temporal_gateway.services.broadcast - INFO - Published chain_completed to chain:6dd30b03-1cd4-4472-9c01-fbd2a5d1da29
2026-01-15 00:41:49,652 - temporalio.activity - INFO - Published chain_completed event for chain 6dd30b03-1cd4-4472-9c01-fbd2a5d1da29 ({'activity_id': '66', 'activity_type': 'update_chain_status_activity', 'attempt': 1, 'namespace': 'default', 'task_queue': 'comfyui-gpu-farm', 'workflow_id': 'chain-image-edit-to-video-pipeline-c544ce1f-b051-49d8-bbb7-4e882b0dff7c', 'workflow_run_id': '019bbddb-d447-712c-879a-fbc3ba1b92ea', 'workflow_type': 'ChainExecutorWorkflow'})
2026-01-15 00:41:51,450 - temporalio.workflow - INFO - Starting chain execution: image-edit-to-video-pipeline ({'attempt': 1, 'namespace': 'default', 'run_id': '019bbdeb-e284-75e4-be3d-dcb2a6a88baf', 'task_queue': 'comfyui-gpu-farm', 'workflow_id': 'chain-image-edit-to-video-pipeline-d317a3be-8c1b-4a5f-8c21-ff528cab7efe', 'workflow_type': 'ChainExecutorWorkflow'})
2026-01-15 00:41:51,450 - temporalio.workflow - INFO - Retry number: 0 ({'attempt': 1, 'namespace': 'default', 'run_id': '019bbdeb-e284-75e4-be3d-dcb2a6a88baf', 'task_queue': 'comfyui-gpu-farm', 'workflow_id': 'chain-image-edit-to-video-pipeline-d317a3be-8c1b-4a5f-8c21-ff528cab7efe', 'workflow_type': 'ChainExecutorWorkflow'})
2026-01-15 00:41:51,450 - temporalio.workflow - INFO - Cached steps: [] ({'attempt': 1, 'namespace': 'default', 'run_id': '019bbdeb-e284-75e4-be3d-dcb2a6a88baf', 'task_queue': 'comfyui-gpu-farm', 'workflow_id': 'chain-image-edit-to-video-pipeline-d317a3be-8c1b-4a5f-8c21-ff528cab7efe', 'workflow_type': 'ChainExecutorWorkflow'})
2026-01-15 00:41:51,450 - temporalio.workflow - INFO - Total levels: 3 ({'attempt': 1, 'namespace': 'default', 'run_id': '019bbdeb-e284-75e4-be3d-dcb2a6a88baf', 'task_queue': 'comfyui-gpu-farm', 'workflow_id': 'chain-image-edit-to-video-pipeline-d317a3be-8c1b-4a5f-8c21-ff528cab7efe', 'workflow_type': 'ChainExecutorWorkflow'})
2026-01-15 00:41:51,450 - temporalio.workflow - INFO - Using chain ID: 6704aa7a-9653-4351-9877-80ad2e5d127a ({'attempt': 1, 'namespace': 'default', 'run_id': '019bbdeb-e284-75e4-be3d-dcb2a6a88baf', 'task_queue': 'comfyui-gpu-farm', 'workflow_id': 'chain-image-edit-to-video-pipeline-d317a3be-8c1b-4a5f-8c21-ff528cab7efe', 'workflow_type': 'ChainExecutorWorkflow'})
2026-01-15 00:41:51,459 - temporalio.activity - INFO - Updating chain 6704aa7a-9653-4351-9877-80ad2e5d127a status to: executing_level_0 ({'activity_id': '1', 'activity_type': 'update_chain_status_activity', 'attempt': 1, 'namespace': 'default', 'task_queue': 'comfyui-gpu-farm', 'workflow_id': 'chain-image-edit-to-video-pipeline-d317a3be-8c1b-4a5f-8c21-ff528cab7efe', 'workflow_run_id': '019bbdeb-e284-75e4-be3d-dcb2a6a88baf', 'workflow_type': 'ChainExecutorWorkflow'})
2026-01-15 00:41:51,465 - temporalio.activity - INFO - ✓ Updated chain status ({'activity_id': '1', 'activity_type': 'update_chain_status_activity', 'attempt': 1, 'namespace': 'default', 'task_queue': 'comfyui-gpu-farm', 'workflow_id': 'chain-image-edit-to-video-pipeline-d317a3be-8c1b-4a5f-8c21-ff528cab7efe', 'workflow_run_id': '019bbdeb-e284-75e4-be3d-dcb2a6a88baf', 'workflow_type': 'ChainExecutorWorkflow'})
2026-01-15 00:41:51,477 - temporalio.workflow - INFO - Level 0: Executing 2 step(s) ({'attempt': 1, 'namespace': 'default', 'run_id': '019bbdeb-e284-75e4-be3d-dcb2a6a88baf', 'task_queue': 'comfyui-gpu-farm', 'workflow_id': 'chain-image-edit-to-video-pipeline-d317a3be-8c1b-4a5f-8c21-ff528cab7efe', 'workflow_type': 'ChainExecutorWorkflow'})
2026-01-15 00:41:51,477 - temporalio.workflow - INFO - Executing step: extract_frame1 ({'attempt': 1, 'namespace': 'default', 'run_id': '019bbdeb-e284-75e4-be3d-dcb2a6a88baf', 'task_queue': 'comfyui-gpu-farm', 'workflow_id': 'chain-image-edit-to-video-pipeline-d317a3be-8c1b-4a5f-8c21-ff528cab7efe', 'workflow_type': 'ChainExecutorWorkflow'})
2026-01-15 00:41:51,477 - temporalio.workflow - INFO - Executing step: extract_frame2 ({'attempt': 1, 'namespace': 'default', 'run_id': '019bbdeb-e284-75e4-be3d-dcb2a6a88baf', 'task_queue': 'comfyui-gpu-farm', 'workflow_id': 'chain-image-edit-to-video-pipeline-d317a3be-8c1b-4a5f-8c21-ff528cab7efe', 'workflow_type': 'ChainExecutorWorkflow'})
2026-01-15 00:41:51,487 - temporalio.activity - INFO - Resolving templates in parameters ({'activity_id': '2', 'activity_type': 'resolve_chain_templates', 'attempt': 1, 'namespace': 'default', 'task_queue': 'comfyui-gpu-farm', 'workflow_id': 'chain-image-edit-to-video-pipeline-d317a3be-8c1b-4a5f-8c21-ff528cab7efe', 'workflow_run_id': '019bbdeb-e284-75e4-be3d-dcb2a6a88baf', 'workflow_type': 'ChainExecutorWorkflow'})
2026-01-15 00:41:51,487 - temporalio.activity - INFO - Templates resolved successfully ({'activity_id': '2', 'activity_type': 'resolve_chain_templates', 'attempt': 1, 'namespace': 'default', 'task_queue': 'comfyui-gpu-farm', 'workflow_id': 'chain-image-edit-to-video-pipeline-d317a3be-8c1b-4a5f-8c21-ff528cab7efe', 'workflow_run_id': '019bbdeb-e284-75e4-be3d-dcb2a6a88baf', 'workflow_type': 'ChainExecutorWorkflow'})
2026-01-15 00:41:51,490 - temporalio.activity - INFO - Resolving templates in parameters ({'activity_id': '3', 'activity_type': 'resolve_chain_templates', 'attempt': 1, 'namespace': 'default', 'task_queue': 'comfyui-gpu-farm', 'workflow_id': 'chain-image-edit-to-video-pipeline-d317a3be-8c1b-4a5f-8c21-ff528cab7efe', 'workflow_run_id': '019bbdeb-e284-75e4-be3d-dcb2a6a88baf', 'workflow_type': 'ChainExecutorWorkflow'})
2026-01-15 00:41:51,490 - temporalio.activity - INFO - Templates resolved successfully ({'activity_id': '3', 'activity_type': 'resolve_chain_templates', 'attempt': 1, 'namespace': 'default', 'task_queue': 'comfyui-gpu-farm', 'workflow_id': 'chain-image-edit-to-video-pipeline-d317a3be-8c1b-4a5f-8c21-ff528cab7efe', 'workflow_run_id': '019bbdeb-e284-75e4-be3d-dcb2a6a88baf', 'workflow_type': 'ChainExecutorWorkflow'})
2026-01-15 00:41:51,511 - temporalio.activity - INFO - Applying parameters to workflow: imageSave ({'activity_id': '5', 'activity_type': 'apply_workflow_parameters', 'attempt': 1, 'namespace': 'default', 'task_queue': 'comfyui-gpu-farm', 'workflow_id': 'chain-image-edit-to-video-pipeline-d317a3be-8c1b-4a5f-8c21-ff528cab7efe', 'workflow_run_id': '019bbdeb-e284-75e4-be3d-dcb2a6a88baf', 'workflow_type': 'ChainExecutorWorkflow'})
2026-01-15 00:41:51,511 - temporal_gateway.registry - INFO - WorkflowRegistry initialized: /home/jaskirat/Documents/comfyautomate/templates
2026-01-15 00:41:51,512 - temporal_gateway.registry - INFO - ✓ fluxdev: Loading from override file
2026-01-15 00:41:51,512 - temporal_gateway.registry - INFO -   Loaded 13 parameters from override file
2026-01-15 00:41:51,513 - temporal_gateway.registry - INFO - ✓ firstEndTovideo: Loading from override file
2026-01-15 00:41:51,513 - temporal_gateway.registry - INFO -   Loaded 44 parameters from override file
2026-01-15 00:41:51,514 - temporal_gateway.registry - INFO - ✓ image_qwen_edit: Loading from override file
2026-01-15 00:41:51,514 - temporal_gateway.registry - INFO -   Loaded 27 parameters from override file
2026-01-15 00:41:51,515 - temporal_gateway.registry - INFO - ✓ video_wan2_2_14B_fun_camera_test: Loading from override file
2026-01-15 00:41:51,515 - temporal_gateway.registry - INFO -   Loaded 49 parameters from override file
2026-01-15 00:41:51,515 - temporal_gateway.registry - INFO - ✓ qwen_image_edit: Loading from override file
2026-01-15 00:41:51,516 - temporal_gateway.registry - INFO -   Loaded 25 parameters from override file
2026-01-15 00:41:51,516 - temporal_gateway.registry - INFO - ✓ video_wan2_2_14B_i2v: Loading from override file
2026-01-15 00:41:51,517 - temporal_gateway.registry - INFO -   Loaded 43 parameters from override file
2026-01-15 00:41:51,517 - temporal_gateway.registry - INFO - ✓ imageSave: Loading from override file
2026-01-15 00:41:51,517 - temporal_gateway.registry - INFO -   Loaded 9 parameters from override file
2026-01-15 00:41:51,517 - temporal_gateway.registry - INFO - Discovery complete: 7 workflows, 0 generated, 7 loaded, 0 regenerated
2026-01-15 00:41:51,517 - temporal_gateway.registry - INFO - Applied override: 1.frame_load_cap = 1
2026-01-15 00:41:51,517 - temporal_gateway.registry - INFO - Applied override: 1.select_every_nth = 1
2026-01-15 00:41:51,518 - temporal_gateway.registry - INFO - Applied override: 1.skip_first_frames = 172
2026-01-15 00:41:51,518 - temporal_gateway.registry - INFO - Applied override: 1.video = ComfyUI_00012_.mp4
2026-01-15 00:41:51,518 - temporalio.activity - INFO - Parameters applied successfully ({'activity_id': '5', 'activity_type': 'apply_workflow_parameters', 'attempt': 1, 'namespace': 'default', 'task_queue': 'comfyui-gpu-farm', 'workflow_id': 'chain-image-edit-to-video-pipeline-d317a3be-8c1b-4a5f-8c21-ff528cab7efe', 'workflow_run_id': '019bbdeb-e284-75e4-be3d-dcb2a6a88baf', 'workflow_type': 'ChainExecutorWorkflow'})
2026-01-15 00:41:51,518 - temporalio.activity - INFO - Applying parameters to workflow: imageSave ({'activity_id': '4', 'activity_type': 'apply_workflow_parameters', 'attempt': 1, 'namespace': 'default', 'task_queue': 'comfyui-gpu-farm', 'workflow_id': 'chain-image-edit-to-video-pipeline-d317a3be-8c1b-4a5f-8c21-ff528cab7efe', 'workflow_run_id': '019bbdeb-e284-75e4-be3d-dcb2a6a88baf', 'workflow_type': 'ChainExecutorWorkflow'})
2026-01-15 00:41:51,519 - temporal_gateway.registry - INFO - Applied override: 1.frame_load_cap = 1
2026-01-15 00:41:51,519 - temporal_gateway.registry - INFO - Applied override: 1.select_every_nth = 1
2026-01-15 00:41:51,519 - temporal_gateway.registry - INFO - Applied override: 1.skip_first_frames = 0
2026-01-15 00:41:51,519 - temporal_gateway.registry - INFO - Applied override: 1.video = ComfyUI_00012_.mp4
2026-01-15 00:41:51,519 - temporalio.activity - INFO - Parameters applied successfully ({'activity_id': '4', 'activity_type': 'apply_workflow_parameters', 'attempt': 1, 'namespace': 'default', 'task_queue': 'comfyui-gpu-farm', 'workflow_id': 'chain-image-edit-to-video-pipeline-d317a3be-8c1b-4a5f-8c21-ff528cab7efe', 'workflow_run_id': '019bbdeb-e284-75e4-be3d-dcb2a6a88baf', 'workflow_type': 'ChainExecutorWorkflow'})
2026-01-15 00:41:51,536 - temporalio.activity - INFO - Selecting server with strategy: least_loaded ({'activity_id': '7', 'activity_type': 'select_best_server', 'attempt': 1, 'namespace': 'default', 'task_queue': 'comfyui-gpu-farm', 'workflow_id': 'chain-image-edit-to-video-pipeline-d317a3be-8c1b-4a5f-8c21-ff528cab7efe', 'workflow_run_id': '019bbdeb-e284-75e4-be3d-dcb2a6a88baf', 'workflow_type': 'ChainExecutorWorkflow'})
2026-01-15 00:41:51,621 - temporalio.activity - INFO - Selecting server with strategy: least_loaded ({'activity_id': '6', 'activity_type': 'select_best_server', 'attempt': 1, 'namespace': 'default', 'task_queue': 'comfyui-gpu-farm', 'workflow_id': 'chain-image-edit-to-video-pipeline-d317a3be-8c1b-4a5f-8c21-ff528cab7efe', 'workflow_run_id': '019bbdeb-e284-75e4-be3d-dcb2a6a88baf', 'workflow_type': 'ChainExecutorWorkflow'})
2026-01-15 00:41:51,712 - httpx - INFO - HTTP Request: GET http://procure-x.testmcp.org/system_stats "HTTP/1.1 200 OK"
2026-01-15 00:41:51,722 - httpx - INFO - HTTP Request: GET http://procure-x.testmcp.org/system_stats "HTTP/1.1 200 OK"
2026-01-15 00:41:51,730 - httpx - INFO - HTTP Request: GET http://procure-x.testmcp.org/queue "HTTP/1.1 200 OK"
2026-01-15 00:41:51,732 - temporal_gateway.servers.load_balancer - INFO - Selected server procure-x (queue_depth=0, gpu_mem=0.0%)
2026-01-15 00:41:51,732 - temporalio.activity - INFO - Selected server: procure-x (http://procure-x.testmcp.org) ({'activity_id': '7', 'activity_type': 'select_best_server', 'attempt': 1, 'namespace': 'default', 'task_queue': 'comfyui-gpu-farm', 'workflow_id': 'chain-image-edit-to-video-pipeline-d317a3be-8c1b-4a5f-8c21-ff528cab7efe', 'workflow_run_id': '019bbdeb-e284-75e4-be3d-dcb2a6a88baf', 'workflow_type': 'ChainExecutorWorkflow'})
2026-01-15 00:41:51,739 - httpx - INFO - HTTP Request: GET http://procure-x.testmcp.org/queue "HTTP/1.1 200 OK"
2026-01-15 00:41:51,740 - temporal_gateway.servers.load_balancer - INFO - Selected server procure-x (queue_depth=0, gpu_mem=0.0%)
2026-01-15 00:41:51,740 - temporalio.activity - INFO - Selected server: procure-x (http://procure-x.testmcp.org) ({'activity_id': '6', 'activity_type': 'select_best_server', 'attempt': 1, 'namespace': 'default', 'task_queue': 'comfyui-gpu-farm', 'workflow_id': 'chain-image-edit-to-video-pipeline-d317a3be-8c1b-4a5f-8c21-ff528cab7efe', 'workflow_run_id': '019bbdeb-e284-75e4-be3d-dcb2a6a88baf', 'workflow_type': 'ChainExecutorWorkflow'})
2026-01-15 00:41:51,744 - temporalio.workflow - INFO - Step extract_frame1: Server http://procure-x.testmcp.org ({'attempt': 1, 'namespace': 'default', 'run_id': '019bbdeb-e284-75e4-be3d-dcb2a6a88baf', 'task_queue': 'comfyui-gpu-farm', 'workflow_id': 'chain-image-edit-to-video-pipeline-d317a3be-8c1b-4a5f-8c21-ff528cab7efe', 'workflow_type': 'ChainExecutorWorkflow'})
2026-01-15 00:41:51,751 - temporalio.workflow - INFO - Step extract_frame2: Server http://procure-x.testmcp.org ({'attempt': 1, 'namespace': 'default', 'run_id': '019bbdeb-e284-75e4-be3d-dcb2a6a88baf', 'task_queue': 'comfyui-gpu-farm', 'workflow_id': 'chain-image-edit-to-video-pipeline-d317a3be-8c1b-4a5f-8c21-ff528cab7efe', 'workflow_type': 'ChainExecutorWorkflow'})
2026-01-15 00:41:51,754 - temporalio.activity - INFO - Creating workflow record: imageSave (prompt: pending) ({'activity_id': '8', 'activity_type': 'create_workflow_record', 'attempt': 1, 'namespace': 'default', 'task_queue': 'comfyui-gpu-farm', 'workflow_id': 'chain-image-edit-to-video-pipeline-d317a3be-8c1b-4a5f-8c21-ff528cab7efe', 'workflow_run_id': '019bbdeb-e284-75e4-be3d-dcb2a6a88baf', 'workflow_type': 'ChainExecutorWorkflow'})
2026-01-15 00:41:51,760 - temporalio.activity - INFO - ✓ Created workflow record: 60cdea51-51ec-45e7-b05a-dc27342a3dcb ({'activity_id': '8', 'activity_type': 'create_workflow_record', 'attempt': 1, 'namespace': 'default', 'task_queue': 'comfyui-gpu-farm', 'workflow_id': 'chain-image-edit-to-video-pipeline-d317a3be-8c1b-4a5f-8c21-ff528cab7efe', 'workflow_run_id': '019bbdeb-e284-75e4-be3d-dcb2a6a88baf', 'workflow_type': 'ChainExecutorWorkflow'})
2026-01-15 00:41:51,761 - temporalio.activity - INFO - Creating workflow record: imageSave (prompt: pending) ({'activity_id': '9', 'activity_type': 'create_workflow_record', 'attempt': 1, 'namespace': 'default', 'task_queue': 'comfyui-gpu-farm', 'workflow_id': 'chain-image-edit-to-video-pipeline-d317a3be-8c1b-4a5f-8c21-ff528cab7efe', 'workflow_run_id': '019bbdeb-e284-75e4-be3d-dcb2a6a88baf', 'workflow_type': 'ChainExecutorWorkflow'})
2026-01-15 00:41:51,765 - temporalio.activity - INFO - ✓ Created workflow record: 69299070-80ee-45c5-bd50-59c23778474a ({'activity_id': '9', 'activity_type': 'create_workflow_record', 'attempt': 1, 'namespace': 'default', 'task_queue': 'comfyui-gpu-farm', 'workflow_id': 'chain-image-edit-to-video-pipeline-d317a3be-8c1b-4a5f-8c21-ff528cab7efe', 'workflow_run_id': '019bbdeb-e284-75e4-be3d-dcb2a6a88baf', 'workflow_type': 'ChainExecutorWorkflow'})
2026-01-15 00:41:51,797 - temporalio.workflow - INFO - Starting ComfyUI workflow execution ({'attempt': 1, 'namespace': 'default', 'run_id': '019bbdeb-e3df-733a-a55d-f4cb4eecb493', 'task_queue': 'comfyui-gpu-farm', 'workflow_id': 'chain-image-edit-to-video-pipeline-d317a3be-8c1b-4a5f-8c21-ff528cab7efe-extract_frame1', 'workflow_type': 'ComfyUIWorkflow'})
2026-01-15 00:41:51,798 - temporalio.workflow - INFO - Generated client_id: 613f2c42-b8ef-43b4-a16f-e796dc79a76b ({'attempt': 1, 'namespace': 'default', 'run_id': '019bbdeb-e3df-733a-a55d-f4cb4eecb493', 'task_queue': 'comfyui-gpu-farm', 'workflow_id': 'chain-image-edit-to-video-pipeline-d317a3be-8c1b-4a5f-8c21-ff528cab7efe-extract_frame1', 'workflow_type': 'ComfyUIWorkflow'})
2026-01-15 00:41:51,799 - temporalio.workflow - INFO - Using pre-selected server: http://procure-x.testmcp.org ({'attempt': 1, 'namespace': 'default', 'run_id': '019bbdeb-e3df-733a-a55d-f4cb4eecb493', 'task_queue': 'comfyui-gpu-farm', 'workflow_id': 'chain-image-edit-to-video-pipeline-d317a3be-8c1b-4a5f-8c21-ff528cab7efe-extract_frame1', 'workflow_type': 'ComfyUIWorkflow'})
2026-01-15 00:41:51,804 - temporalio.workflow - INFO - Starting ComfyUI workflow execution ({'attempt': 1, 'namespace': 'default', 'run_id': '019bbdeb-e3e7-78b1-8d75-263a140e07fe', 'task_queue': 'comfyui-gpu-farm', 'workflow_id': 'chain-image-edit-to-video-pipeline-d317a3be-8c1b-4a5f-8c21-ff528cab7efe-extract_frame2', 'workflow_type': 'ComfyUIWorkflow'})
2026-01-15 00:41:51,805 - temporalio.workflow - INFO - Generated client_id: ea4d7892-7783-49c6-951f-2179df242f56 ({'attempt': 1, 'namespace': 'default', 'run_id': '019bbdeb-e3e7-78b1-8d75-263a140e07fe', 'task_queue': 'comfyui-gpu-farm', 'workflow_id': 'chain-image-edit-to-video-pipeline-d317a3be-8c1b-4a5f-8c21-ff528cab7efe-extract_frame2', 'workflow_type': 'ComfyUIWorkflow'})
2026-01-15 00:41:51,805 - temporalio.workflow - INFO - Using pre-selected server: http://procure-x.testmcp.org ({'attempt': 1, 'namespace': 'default', 'run_id': '019bbdeb-e3e7-78b1-8d75-263a140e07fe', 'task_queue': 'comfyui-gpu-farm', 'workflow_id': 'chain-image-edit-to-video-pipeline-d317a3be-8c1b-4a5f-8c21-ff528cab7efe-extract_frame2', 'workflow_type': 'ComfyUIWorkflow'})
2026-01-15 00:41:51,813 - temporalio.activity - INFO - [V3] Executing workflow on http://procure-x.testmcp.org ({'activity_id': '1', 'activity_type': 'execute_and_track_workflow', 'attempt': 1, 'namespace': 'default', 'task_queue': 'comfyui-gpu-farm', 'workflow_id': 'chain-image-edit-to-video-pipeline-d317a3be-8c1b-4a5f-8c21-ff528cab7efe-extract_frame2', 'workflow_run_id': '019bbdeb-e3e7-78b1-8d75-263a140e07fe', 'workflow_type': 'ComfyUIWorkflow'})
2026-01-15 00:41:51,813 - temporalio.activity - INFO - [V3] Workflow name: imageSave ({'activity_id': '1', 'activity_type': 'execute_and_track_workflow', 'attempt': 1, 'namespace': 'default', 'task_queue': 'comfyui-gpu-farm', 'workflow_id': 'chain-image-edit-to-video-pipeline-d317a3be-8c1b-4a5f-8c21-ff528cab7efe-extract_frame2', 'workflow_run_id': '019bbdeb-e3e7-78b1-8d75-263a140e07fe', 'workflow_type': 'ComfyUIWorkflow'})
2026-01-15 00:41:51,856 - temporal_gateway.clients.comfy.client - INFO - ComfyUI client initialized for http://procure-x.testmcp.org
2026-01-15 00:41:51,856 - temporal_gateway.clients.comfy.client - INFO - Submitting workflow to ComfyUI
2026-01-15 00:41:51,858 - temporalio.activity - INFO - [V3] Executing workflow on http://procure-x.testmcp.org ({'activity_id': '1', 'activity_type': 'execute_and_track_workflow', 'attempt': 1, 'namespace': 'default', 'task_queue': 'comfyui-gpu-farm', 'workflow_id': 'chain-image-edit-to-video-pipeline-d317a3be-8c1b-4a5f-8c21-ff528cab7efe-extract_frame1', 'workflow_run_id': '019bbdeb-e3df-733a-a55d-f4cb4eecb493', 'workflow_type': 'ComfyUIWorkflow'})
2026-01-15 00:41:51,858 - temporalio.activity - INFO - [V3] Workflow name: imageSave ({'activity_id': '1', 'activity_type': 'execute_and_track_workflow', 'attempt': 1, 'namespace': 'default', 'task_queue': 'comfyui-gpu-farm', 'workflow_id': 'chain-image-edit-to-video-pipeline-d317a3be-8c1b-4a5f-8c21-ff528cab7efe-extract_frame1', 'workflow_run_id': '019bbdeb-e3df-733a-a55d-f4cb4eecb493', 'workflow_type': 'ComfyUIWorkflow'})
2026-01-15 00:41:51,899 - temporal_gateway.clients.comfy.client - INFO - ComfyUI client initialized for http://procure-x.testmcp.org
2026-01-15 00:41:51,899 - temporal_gateway.clients.comfy.client - INFO - Submitting workflow to ComfyUI
2026-01-15 00:41:51,953 - httpx - INFO - HTTP Request: POST http://procure-x.testmcp.org/prompt "HTTP/1.1 200 OK"
2026-01-15 00:41:51,955 - temporal_gateway.clients.comfy.client - INFO - Workflow queued with prompt_id: e727cbcd-bad2-4123-a5d0-2137565faf38
2026-01-15 00:41:51,955 - temporal_gateway.clients.comfy.tracker - INFO - Starting execution tracking for prompt e727cbcd-bad2-4123-a5d0-2137565faf38
2026-01-15 00:41:51,955 - temporal_gateway.clients.comfy.tracker - INFO - Starting history polling
2026-01-15 00:41:51,956 - temporal_gateway.clients.comfy.tracker - INFO - Starting WebSocket listener
2026-01-15 00:41:51,956 - temporal_gateway.clients.comfy.websocket - INFO - Connecting to WebSocket: ws://procure-x.testmcp.org/ws?clientId=7725c64d-b066-44a9-8bb3-9770897fd5e6
2026-01-15 00:41:52,068 - httpx - INFO - HTTP Request: POST http://procure-x.testmcp.org/prompt "HTTP/1.1 200 OK"
2026-01-15 00:41:52,071 - httpx - INFO - HTTP Request: GET http://procure-x.testmcp.org/history/e727cbcd-bad2-4123-a5d0-2137565faf38 "HTTP/1.1 200 OK"
2026-01-15 00:41:52,075 - temporal_gateway.clients.comfy.client - INFO - Workflow queued with prompt_id: cfd196ed-f325-4fe3-8061-d7069dee7092
2026-01-15 00:41:52,076 - temporal_gateway.clients.comfy.tracker - INFO - Starting execution tracking for prompt cfd196ed-f325-4fe3-8061-d7069dee7092
2026-01-15 00:41:52,078 - temporal_gateway.clients.comfy.websocket - INFO - WebSocket connected successfully
2026-01-15 00:41:52,079 - temporal_gateway.clients.comfy.tracker - INFO - Starting history polling
2026-01-15 00:41:52,082 - temporal_gateway.clients.comfy.tracker - INFO - Starting WebSocket listener
2026-01-15 00:41:52,082 - temporal_gateway.clients.comfy.websocket - INFO - Connecting to WebSocket: ws://procure-x.testmcp.org/ws?clientId=4b04bf66-e6ab-4637-b577-7a4486a7d3e8
2026-01-15 00:41:52,099 - httpx - INFO - HTTP Request: GET http://procure-x.testmcp.org/history/cfd196ed-f325-4fe3-8061-d7069dee7092 "HTTP/1.1 200 OK"
2026-01-15 00:41:52,119 - temporal_gateway.clients.comfy.websocket - INFO - WebSocket connected successfully
2026-01-15 00:41:53,101 - httpx - INFO - HTTP Request: GET http://procure-x.testmcp.org/history/e727cbcd-bad2-4123-a5d0-2137565faf38 "HTTP/1.1 200 OK"
2026-01-15 00:41:53,124 - httpx - INFO - HTTP Request: GET http://procure-x.testmcp.org/history/cfd196ed-f325-4fe3-8061-d7069dee7092 "HTTP/1.1 200 OK"
2026-01-15 00:41:54,137 - httpx - INFO - HTTP Request: GET http://procure-x.testmcp.org/history/e727cbcd-bad2-4123-a5d0-2137565faf38 "HTTP/1.1 200 OK"
2026-01-15 00:41:54,152 - httpx - INFO - HTTP Request: GET http://procure-x.testmcp.org/history/cfd196ed-f325-4fe3-8061-d7069dee7092 "HTTP/1.1 200 OK"
2026-01-15 00:41:54,655 - temporal_gateway.clients.comfy.tracker - INFO - [WS] Execution completed successfully
2026-01-15 00:41:55,114 - httpx - INFO - HTTP Request: GET http://procure-x.testmcp.org/history/e727cbcd-bad2-4123-a5d0-2137565faf38 "HTTP/1.1 200 OK"
2026-01-15 00:41:55,118 - temporal_gateway.clients.comfy.tracker - INFO - Tracking completed: success (took 3.16s)
2026-01-15 00:41:55,120 - temporalio.activity - INFO - [V3] Workflow completed successfully ({'activity_id': '1', 'activity_type': 'execute_and_track_workflow', 'attempt': 1, 'namespace': 'default', 'task_queue': 'comfyui-gpu-farm', 'workflow_id': 'chain-image-edit-to-video-pipeline-d317a3be-8c1b-4a5f-8c21-ff528cab7efe-extract_frame2', 'workflow_run_id': '019bbdeb-e3e7-78b1-8d75-263a140e07fe', 'workflow_type': 'ComfyUIWorkflow'})
2026-01-15 00:41:55,139 - temporalio.workflow - INFO - Execution completed successfully ({'attempt': 1, 'namespace': 'default', 'run_id': '019bbdeb-e3e7-78b1-8d75-263a140e07fe', 'task_queue': 'comfyui-gpu-farm', 'workflow_id': 'chain-image-edit-to-video-pipeline-d317a3be-8c1b-4a5f-8c21-ff528cab7efe-extract_frame2', 'workflow_type': 'ComfyUIWorkflow'})
2026-01-15 00:41:55,148 - temporalio.activity - INFO - Extracting server output files ({'activity_id': '2', 'activity_type': 'get_server_output_files', 'attempt': 1, 'namespace': 'default', 'task_queue': 'comfyui-gpu-farm', 'workflow_id': 'chain-image-edit-to-video-pipeline-d317a3be-8c1b-4a5f-8c21-ff528cab7efe-extract_frame2', 'workflow_run_id': '019bbdeb-e3e7-78b1-8d75-263a140e07fe', 'workflow_type': 'ComfyUIWorkflow'})
2026-01-15 00:41:55,148 - temporalio.activity - INFO - Found 1 output file(s) ({'activity_id': '2', 'activity_type': 'get_server_output_files', 'attempt': 1, 'namespace': 'default', 'task_queue': 'comfyui-gpu-farm', 'workflow_id': 'chain-image-edit-to-video-pipeline-d317a3be-8c1b-4a5f-8c21-ff528cab7efe-extract_frame2', 'workflow_run_id': '019bbdeb-e3e7-78b1-8d75-263a140e07fe', 'workflow_type': 'ComfyUIWorkflow'})
2026-01-15 00:41:55,156 - temporalio.workflow - INFO - Found 1 server output file(s) ({'attempt': 1, 'namespace': 'default', 'run_id': '019bbdeb-e3e7-78b1-8d75-263a140e07fe', 'task_queue': 'comfyui-gpu-farm', 'workflow_id': 'chain-image-edit-to-video-pipeline-d317a3be-8c1b-4a5f-8c21-ff528cab7efe-extract_frame2', 'workflow_type': 'ComfyUIWorkflow'})
2026-01-15 00:41:55,165 - temporalio.activity - INFO - Downloading and persisting 1 artifact(s) for workflow 69299070-80ee-45c5-bd50-59c23778474a ({'activity_id': '3', 'activity_type': 'download_and_store_artifacts', 'attempt': 1, 'namespace': 'default', 'task_queue': 'comfyui-gpu-farm', 'workflow_id': 'chain-image-edit-to-video-pipeline-d317a3be-8c1b-4a5f-8c21-ff528cab7efe-extract_frame2', 'workflow_run_id': '019bbdeb-e3e7-78b1-8d75-263a140e07fe', 'workflow_type': 'ComfyUIWorkflow'})
2026-01-15 00:41:55,208 - temporal_gateway.clients.comfy.client - INFO - ComfyUI client initialized for http://procure-x.testmcp.org
2026-01-15 00:41:55,210 - httpx - INFO - HTTP Request: GET http://procure-x.testmcp.org/history/cfd196ed-f325-4fe3-8061-d7069dee7092 "HTTP/1.1 200 OK"
2026-01-15 00:41:55,212 - temporal_gateway.clients.comfy.tracker - INFO - [WS] Execution completed successfully
2026-01-15 00:41:55,229 - httpx - INFO - HTTP Request: GET http://procure-x.testmcp.org/history/cfd196ed-f325-4fe3-8061-d7069dee7092 "HTTP/1.1 200 OK"
2026-01-15 00:41:55,230 - temporal_gateway.clients.comfy.tracker - INFO - Tracking completed: success (took 3.15s)
2026-01-15 00:41:55,230 - temporalio.activity - INFO - [V3] Workflow completed successfully ({'activity_id': '1', 'activity_type': 'execute_and_track_workflow', 'attempt': 1, 'namespace': 'default', 'task_queue': 'comfyui-gpu-farm', 'workflow_id': 'chain-image-edit-to-video-pipeline-d317a3be-8c1b-4a5f-8c21-ff528cab7efe-extract_frame1', 'workflow_run_id': '019bbdeb-e3df-733a-a55d-f4cb4eecb493', 'workflow_type': 'ComfyUIWorkflow'})
2026-01-15 00:41:55,241 - temporalio.workflow - INFO - Execution completed successfully ({'attempt': 1, 'namespace': 'default', 'run_id': '019bbdeb-e3df-733a-a55d-f4cb4eecb493', 'task_queue': 'comfyui-gpu-farm', 'workflow_id': 'chain-image-edit-to-video-pipeline-d317a3be-8c1b-4a5f-8c21-ff528cab7efe-extract_frame1', 'workflow_type': 'ComfyUIWorkflow'})
2026-01-15 00:41:55,246 - httpx - INFO - HTTP Request: GET http://procure-x.testmcp.org/view?filename=ComfyUI_00286_.png&type=output "HTTP/1.1 200 OK"
2026-01-15 00:41:55,250 - temporalio.activity - INFO - Extracting server output files ({'activity_id': '2', 'activity_type': 'get_server_output_files', 'attempt': 1, 'namespace': 'default', 'task_queue': 'comfyui-gpu-farm', 'workflow_id': 'chain-image-edit-to-video-pipeline-d317a3be-8c1b-4a5f-8c21-ff528cab7efe-extract_frame1', 'workflow_run_id': '019bbdeb-e3df-733a-a55d-f4cb4eecb493', 'workflow_type': 'ComfyUIWorkflow'})
2026-01-15 00:41:55,250 - temporalio.activity - INFO - Found 1 output file(s) ({'activity_id': '2', 'activity_type': 'get_server_output_files', 'attempt': 1, 'namespace': 'default', 'task_queue': 'comfyui-gpu-farm', 'workflow_id': 'chain-image-edit-to-video-pipeline-d317a3be-8c1b-4a5f-8c21-ff528cab7efe-extract_frame1', 'workflow_run_id': '019bbdeb-e3df-733a-a55d-f4cb4eecb493', 'workflow_type': 'ComfyUIWorkflow'})
2026-01-15 00:41:55,268 - temporalio.activity - INFO - ✓ Saved artifact to DB: 3008ac74-84ca-410a-aed9-4d57b7163e93 (ComfyUI_00286_.png) ({'activity_id': '3', 'activity_type': 'download_and_store_artifacts', 'attempt': 1, 'namespace': 'default', 'task_queue': 'comfyui-gpu-farm', 'workflow_id': 'chain-image-edit-to-video-pipeline-d317a3be-8c1b-4a5f-8c21-ff528cab7efe-extract_frame2', 'workflow_run_id': '019bbdeb-e3e7-78b1-8d75-263a140e07fe', 'workflow_type': 'ComfyUIWorkflow'})
2026-01-15 00:41:55,269 - temporalio.activity - INFO - Downloaded and persisted 1 artifact(s) ({'activity_id': '3', 'activity_type': 'download_and_store_artifacts', 'attempt': 1, 'namespace': 'default', 'task_queue': 'comfyui-gpu-farm', 'workflow_id': 'chain-image-edit-to-video-pipeline-d317a3be-8c1b-4a5f-8c21-ff528cab7efe-extract_frame2', 'workflow_run_id': '019bbdeb-e3e7-78b1-8d75-263a140e07fe', 'workflow_type': 'ComfyUIWorkflow'})
2026-01-15 00:41:55,270 - temporalio.workflow - INFO - Found 1 server output file(s) ({'attempt': 1, 'namespace': 'default', 'run_id': '019bbdeb-e3df-733a-a55d-f4cb4eecb493', 'task_queue': 'comfyui-gpu-farm', 'workflow_id': 'chain-image-edit-to-video-pipeline-d317a3be-8c1b-4a5f-8c21-ff528cab7efe-extract_frame1', 'workflow_type': 'ComfyUIWorkflow'})
2026-01-15 00:41:55,279 - temporalio.workflow - INFO - Downloaded 1 file(s) locally ({'attempt': 1, 'namespace': 'default', 'run_id': '019bbdeb-e3e7-78b1-8d75-263a140e07fe', 'task_queue': 'comfyui-gpu-farm', 'workflow_id': 'chain-image-edit-to-video-pipeline-d317a3be-8c1b-4a5f-8c21-ff528cab7efe-extract_frame2', 'workflow_type': 'ComfyUIWorkflow'})
2026-01-15 00:41:55,280 - temporalio.activity - INFO - Downloading and persisting 1 artifact(s) for workflow 60cdea51-51ec-45e7-b05a-dc27342a3dcb ({'activity_id': '3', 'activity_type': 'download_and_store_artifacts', 'attempt': 1, 'namespace': 'default', 'task_queue': 'comfyui-gpu-farm', 'workflow_id': 'chain-image-edit-to-video-pipeline-d317a3be-8c1b-4a5f-8c21-ff528cab7efe-extract_frame1', 'workflow_run_id': '019bbdeb-e3df-733a-a55d-f4cb4eecb493', 'workflow_type': 'ComfyUIWorkflow'})
2026-01-15 00:41:55,325 - temporal_gateway.clients.comfy.client - INFO - ComfyUI client initialized for http://procure-x.testmcp.org
2026-01-15 00:41:55,335 - temporalio.activity - INFO - Updating workflow 69299070-80ee-45c5-bd50-59c23778474a status to: completed ({'activity_id': '10', 'activity_type': 'update_workflow_status_activity', 'attempt': 1, 'namespace': 'default', 'task_queue': 'comfyui-gpu-farm', 'workflow_id': 'chain-image-edit-to-video-pipeline-d317a3be-8c1b-4a5f-8c21-ff528cab7efe', 'workflow_run_id': '019bbdeb-e284-75e4-be3d-dcb2a6a88baf', 'workflow_type': 'ChainExecutorWorkflow'})
2026-01-15 00:41:55,339 - temporalio.activity - INFO - ✓ Updated workflow status ({'activity_id': '10', 'activity_type': 'update_workflow_status_activity', 'attempt': 1, 'namespace': 'default', 'task_queue': 'comfyui-gpu-farm', 'workflow_id': 'chain-image-edit-to-video-pipeline-d317a3be-8c1b-4a5f-8c21-ff528cab7efe', 'workflow_run_id': '019bbdeb-e284-75e4-be3d-dcb2a6a88baf', 'workflow_type': 'ChainExecutorWorkflow'})
2026-01-15 00:41:55,354 - httpx - INFO - HTTP Request: GET http://procure-x.testmcp.org/view?filename=ComfyUI_00287_.png&type=output "HTTP/1.1 200 OK"
2026-01-15 00:41:55,355 - temporalio.activity - INFO - Getting artifacts for workflow: 69299070-80ee-45c5-bd50-59c23778474a ({'activity_id': '11', 'activity_type': 'get_workflow_artifacts', 'attempt': 1, 'namespace': 'default', 'task_queue': 'comfyui-gpu-farm', 'workflow_id': 'chain-image-edit-to-video-pipeline-d317a3be-8c1b-4a5f-8c21-ff528cab7efe', 'workflow_run_id': '019bbdeb-e284-75e4-be3d-dcb2a6a88baf', 'workflow_type': 'ChainExecutorWorkflow'})
2026-01-15 00:41:55,374 - temporalio.activity - INFO - ✓ Saved artifact to DB: 39e44c08-293b-4fd7-aad6-95427844fab3 (ComfyUI_00287_.png) ({'activity_id': '3', 'activity_type': 'download_and_store_artifacts', 'attempt': 1, 'namespace': 'default', 'task_queue': 'comfyui-gpu-farm', 'workflow_id': 'chain-image-edit-to-video-pipeline-d317a3be-8c1b-4a5f-8c21-ff528cab7efe-extract_frame1', 'workflow_run_id': '019bbdeb-e3df-733a-a55d-f4cb4eecb493', 'workflow_type': 'ComfyUIWorkflow'})
2026-01-15 00:41:55,375 - temporalio.activity - INFO - Downloaded and persisted 1 artifact(s) ({'activity_id': '3', 'activity_type': 'download_and_store_artifacts', 'attempt': 1, 'namespace': 'default', 'task_queue': 'comfyui-gpu-farm', 'workflow_id': 'chain-image-edit-to-video-pipeline-d317a3be-8c1b-4a5f-8c21-ff528cab7efe-extract_frame1', 'workflow_run_id': '019bbdeb-e3df-733a-a55d-f4cb4eecb493', 'workflow_type': 'ComfyUIWorkflow'})
2026-01-15 00:41:55,376 - temporalio.activity - INFO - Creating approval request for artifact: 3008ac74-84ca-410a-aed9-4d57b7163e93 ({'activity_id': '12', 'activity_type': 'create_approval_request_activity', 'attempt': 1, 'namespace': 'default', 'task_queue': 'comfyui-gpu-farm', 'workflow_id': 'chain-image-edit-to-video-pipeline-d317a3be-8c1b-4a5f-8c21-ff528cab7efe', 'workflow_run_id': '019bbdeb-e284-75e4-be3d-dcb2a6a88baf', 'workflow_type': 'ChainExecutorWorkflow'})
2026-01-15 00:41:55,384 - temporalio.activity - INFO - ✓ Created approval request: 87989258-b94d-40c3-ade6-36661eec4a28, token: 3Bx-pPEYl4x4jIqO... ({'activity_id': '12', 'activity_type': 'create_approval_request_activity', 'attempt': 1, 'namespace': 'default', 'task_queue': 'comfyui-gpu-farm', 'workflow_id': 'chain-image-edit-to-video-pipeline-d317a3be-8c1b-4a5f-8c21-ff528cab7efe', 'workflow_run_id': '019bbdeb-e284-75e4-be3d-dcb2a6a88baf', 'workflow_type': 'ChainExecutorWorkflow'})
2026-01-15 00:41:55,385 - temporal_gateway.services.broadcast - INFO - Published approval_requested to chain:6704aa7a-9653-4351-9877-80ad2e5d127a
2026-01-15 00:41:55,386 - temporalio.workflow - INFO - Downloaded 1 file(s) locally ({'attempt': 1, 'namespace': 'default', 'run_id': '019bbdeb-e3df-733a-a55d-f4cb4eecb493', 'task_queue': 'comfyui-gpu-farm', 'workflow_id': 'chain-image-edit-to-video-pipeline-d317a3be-8c1b-4a5f-8c21-ff528cab7efe-extract_frame1', 'workflow_type': 'ComfyUIWorkflow'})
2026-01-15 00:41:55,386 - temporalio.activity - INFO - Published approval_requested event for chain 6704aa7a-9653-4351-9877-80ad2e5d127a ({'activity_id': '12', 'activity_type': 'create_approval_request_activity', 'attempt': 1, 'namespace': 'default', 'task_queue': 'comfyui-gpu-farm', 'workflow_id': 'chain-image-edit-to-video-pipeline-d317a3be-8c1b-4a5f-8c21-ff528cab7efe', 'workflow_run_id': '019bbdeb-e284-75e4-be3d-dcb2a6a88baf', 'workflow_type': 'ChainExecutorWorkflow'})
2026-01-15 00:41:55,399 - temporalio.workflow - INFO - Step extract_frame2: Approval request created, token: 3Bx-pPEYl4x4jIqO... ({'attempt': 1, 'namespace': 'default', 'run_id': '019bbdeb-e284-75e4-be3d-dcb2a6a88baf', 'task_queue': 'comfyui-gpu-farm', 'workflow_id': 'chain-image-edit-to-video-pipeline-d317a3be-8c1b-4a5f-8c21-ff528cab7efe', 'workflow_type': 'ChainExecutorWorkflow'})
2026-01-15 00:41:55,413 - temporalio.activity - INFO - Updating workflow 60cdea51-51ec-45e7-b05a-dc27342a3dcb status to: completed ({'activity_id': '13', 'activity_type': 'update_workflow_status_activity', 'attempt': 1, 'namespace': 'default', 'task_queue': 'comfyui-gpu-farm', 'workflow_id': 'chain-image-edit-to-video-pipeline-d317a3be-8c1b-4a5f-8c21-ff528cab7efe', 'workflow_run_id': '019bbdeb-e284-75e4-be3d-dcb2a6a88baf', 'workflow_type': 'ChainExecutorWorkflow'})
2026-01-15 00:41:55,417 - temporalio.activity - INFO - ✓ Updated workflow status ({'activity_id': '13', 'activity_type': 'update_workflow_status_activity', 'attempt': 1, 'namespace': 'default', 'task_queue': 'comfyui-gpu-farm', 'workflow_id': 'chain-image-edit-to-video-pipeline-d317a3be-8c1b-4a5f-8c21-ff528cab7efe', 'workflow_run_id': '019bbdeb-e284-75e4-be3d-dcb2a6a88baf', 'workflow_type': 'ChainExecutorWorkflow'})
2026-01-15 00:41:55,433 - temporalio.activity - INFO - Getting artifacts for workflow: 60cdea51-51ec-45e7-b05a-dc27342a3dcb ({'activity_id': '14', 'activity_type': 'get_workflow_artifacts', 'attempt': 1, 'namespace': 'default', 'task_queue': 'comfyui-gpu-farm', 'workflow_id': 'chain-image-edit-to-video-pipeline-d317a3be-8c1b-4a5f-8c21-ff528cab7efe', 'workflow_run_id': '019bbdeb-e284-75e4-be3d-dcb2a6a88baf', 'workflow_type': 'ChainExecutorWorkflow'})
2026-01-15 00:41:55,451 - temporalio.activity - INFO - Creating approval request for artifact: 39e44c08-293b-4fd7-aad6-95427844fab3 ({'activity_id': '15', 'activity_type': 'create_approval_request_activity', 'attempt': 1, 'namespace': 'default', 'task_queue': 'comfyui-gpu-farm', 'workflow_id': 'chain-image-edit-to-video-pipeline-d317a3be-8c1b-4a5f-8c21-ff528cab7efe', 'workflow_run_id': '019bbdeb-e284-75e4-be3d-dcb2a6a88baf', 'workflow_type': 'ChainExecutorWorkflow'})
2026-01-15 00:41:55,455 - temporalio.activity - INFO - ✓ Created approval request: 1e613469-e99b-4203-a2ff-f119f7b5d52f, token: 1SnEoWWwAHW3z41I... ({'activity_id': '15', 'activity_type': 'create_approval_request_activity', 'attempt': 1, 'namespace': 'default', 'task_queue': 'comfyui-gpu-farm', 'workflow_id': 'chain-image-edit-to-video-pipeline-d317a3be-8c1b-4a5f-8c21-ff528cab7efe', 'workflow_run_id': '019bbdeb-e284-75e4-be3d-dcb2a6a88baf', 'workflow_type': 'ChainExecutorWorkflow'})
2026-01-15 00:41:55,455 - temporal_gateway.services.broadcast - INFO - Published approval_requested to chain:6704aa7a-9653-4351-9877-80ad2e5d127a
2026-01-15 00:41:55,455 - temporalio.activity - INFO - Published approval_requested event for chain 6704aa7a-9653-4351-9877-80ad2e5d127a ({'activity_id': '15', 'activity_type': 'create_approval_request_activity', 'attempt': 1, 'namespace': 'default', 'task_queue': 'comfyui-gpu-farm', 'workflow_id': 'chain-image-edit-to-video-pipeline-d317a3be-8c1b-4a5f-8c21-ff528cab7efe', 'workflow_run_id': '019bbdeb-e284-75e4-be3d-dcb2a6a88baf', 'workflow_type': 'ChainExecutorWorkflow'})
2026-01-15 00:41:55,467 - temporalio.workflow - INFO - Step extract_frame1: Approval request created, token: 1SnEoWWwAHW3z41I... ({'attempt': 1, 'namespace': 'default', 'run_id': '019bbdeb-e284-75e4-be3d-dcb2a6a88baf', 'task_queue': 'comfyui-gpu-farm', 'workflow_id': 'chain-image-edit-to-video-pipeline-d317a3be-8c1b-4a5f-8c21-ff528cab7efe', 'workflow_type': 'ChainExecutorWorkflow'})
2026-01-15 00:41:58,036 - temporalio.workflow - INFO - Received approval decision for step extract_frame2: approved by cli-user ({'attempt': 1, 'namespace': 'default', 'run_id': '019bbdeb-e284-75e4-be3d-dcb2a6a88baf', 'task_queue': 'comfyui-gpu-farm', 'workflow_id': 'chain-image-edit-to-video-pipeline-d317a3be-8c1b-4a5f-8c21-ff528cab7efe', 'workflow_type': 'ChainExecutorWorkflow'})
2026-01-15 00:41:58,036 - temporalio.workflow - INFO - Step extract_frame2: Approved by cli-user ({'attempt': 1, 'namespace': 'default', 'run_id': '019bbdeb-e284-75e4-be3d-dcb2a6a88baf', 'task_queue': 'comfyui-gpu-farm', 'workflow_id': 'chain-image-edit-to-video-pipeline-d317a3be-8c1b-4a5f-8c21-ff528cab7efe', 'workflow_type': 'ChainExecutorWorkflow'})
2026-01-15 00:41:58,036 - temporalio.workflow - INFO - Step extract_frame2: Approved ({'attempt': 1, 'namespace': 'default', 'run_id': '019bbdeb-e284-75e4-be3d-dcb2a6a88baf', 'task_queue': 'comfyui-gpu-farm', 'workflow_id': 'chain-image-edit-to-video-pipeline-d317a3be-8c1b-4a5f-8c21-ff528cab7efe', 'workflow_type': 'ChainExecutorWorkflow'})
2026-01-15 00:41:58,045 - temporalio.activity - INFO - Getting artifacts for workflow: 69299070-80ee-45c5-bd50-59c23778474a ({'activity_id': '16', 'activity_type': 'get_workflow_artifacts', 'attempt': 1, 'namespace': 'default', 'task_queue': 'comfyui-gpu-farm', 'workflow_id': 'chain-image-edit-to-video-pipeline-d317a3be-8c1b-4a5f-8c21-ff528cab7efe', 'workflow_run_id': '019bbdeb-e284-75e4-be3d-dcb2a6a88baf', 'workflow_type': 'ChainExecutorWorkflow'})
2026-01-15 00:41:58,063 - temporal_gateway.services.broadcast - INFO - Published step_completed to chain:6704aa7a-9653-4351-9877-80ad2e5d127a
2026-01-15 00:41:58,063 - temporalio.activity - INFO - Published step_completed event for extract_frame2 in chain 6704aa7a-9653-4351-9877-80ad2e5d127a ({'activity_id': '17', 'activity_type': 'publish_step_completed_activity', 'attempt': 1, 'namespace': 'default', 'task_queue': 'comfyui-gpu-farm', 'workflow_id': 'chain-image-edit-to-video-pipeline-d317a3be-8c1b-4a5f-8c21-ff528cab7efe', 'workflow_run_id': '019bbdeb-e284-75e4-be3d-dcb2a6a88baf', 'workflow_type': 'ChainExecutorWorkflow'})
2026-01-15 00:41:59,384 - temporalio.workflow - INFO - Received approval decision for step extract_frame1: approved by cli-user ({'attempt': 1, 'namespace': 'default', 'run_id': '019bbdeb-e284-75e4-be3d-dcb2a6a88baf', 'task_queue': 'comfyui-gpu-farm', 'workflow_id': 'chain-image-edit-to-video-pipeline-d317a3be-8c1b-4a5f-8c21-ff528cab7efe', 'workflow_type': 'ChainExecutorWorkflow'})
2026-01-15 00:41:59,385 - temporalio.workflow - INFO - Step extract_frame1: Approved by cli-user ({'attempt': 1, 'namespace': 'default', 'run_id': '019bbdeb-e284-75e4-be3d-dcb2a6a88baf', 'task_queue': 'comfyui-gpu-farm', 'workflow_id': 'chain-image-edit-to-video-pipeline-d317a3be-8c1b-4a5f-8c21-ff528cab7efe', 'workflow_type': 'ChainExecutorWorkflow'})
2026-01-15 00:41:59,385 - temporalio.workflow - INFO - Step extract_frame1: Approved ({'attempt': 1, 'namespace': 'default', 'run_id': '019bbdeb-e284-75e4-be3d-dcb2a6a88baf', 'task_queue': 'comfyui-gpu-farm', 'workflow_id': 'chain-image-edit-to-video-pipeline-d317a3be-8c1b-4a5f-8c21-ff528cab7efe', 'workflow_type': 'ChainExecutorWorkflow'})
2026-01-15 00:41:59,394 - temporalio.activity - INFO - Getting artifacts for workflow: 60cdea51-51ec-45e7-b05a-dc27342a3dcb ({'activity_id': '18', 'activity_type': 'get_workflow_artifacts', 'attempt': 1, 'namespace': 'default', 'task_queue': 'comfyui-gpu-farm', 'workflow_id': 'chain-image-edit-to-video-pipeline-d317a3be-8c1b-4a5f-8c21-ff528cab7efe', 'workflow_run_id': '019bbdeb-e284-75e4-be3d-dcb2a6a88baf', 'workflow_type': 'ChainExecutorWorkflow'})
2026-01-15 00:41:59,414 - temporal_gateway.services.broadcast - INFO - Published step_completed to chain:6704aa7a-9653-4351-9877-80ad2e5d127a
2026-01-15 00:41:59,415 - temporalio.activity - INFO - Published step_completed event for extract_frame1 in chain 6704aa7a-9653-4351-9877-80ad2e5d127a ({'activity_id': '19', 'activity_type': 'publish_step_completed_activity', 'attempt': 1, 'namespace': 'default', 'task_queue': 'comfyui-gpu-farm', 'workflow_id': 'chain-image-edit-to-video-pipeline-d317a3be-8c1b-4a5f-8c21-ff528cab7efe', 'workflow_run_id': '019bbdeb-e284-75e4-be3d-dcb2a6a88baf', 'workflow_type': 'ChainExecutorWorkflow'})
2026-01-15 00:41:59,426 - temporalio.workflow - INFO - Step extract_frame1: completed ({'attempt': 1, 'namespace': 'default', 'run_id': '019bbdeb-e284-75e4-be3d-dcb2a6a88baf', 'task_queue': 'comfyui-gpu-farm', 'workflow_id': 'chain-image-edit-to-video-pipeline-d317a3be-8c1b-4a5f-8c21-ff528cab7efe', 'workflow_type': 'ChainExecutorWorkflow'})
2026-01-15 00:41:59,426 - temporalio.workflow - INFO - Step extract_frame2: completed ({'attempt': 1, 'namespace': 'default', 'run_id': '019bbdeb-e284-75e4-be3d-dcb2a6a88baf', 'task_queue': 'comfyui-gpu-farm', 'workflow_id': 'chain-image-edit-to-video-pipeline-d317a3be-8c1b-4a5f-8c21-ff528cab7efe', 'workflow_type': 'ChainExecutorWorkflow'})
2026-01-15 00:41:59,434 - temporalio.activity - INFO - Updating chain 6704aa7a-9653-4351-9877-80ad2e5d127a status to: executing_level_1 ({'activity_id': '20', 'activity_type': 'update_chain_status_activity', 'attempt': 1, 'namespace': 'default', 'task_queue': 'comfyui-gpu-farm', 'workflow_id': 'chain-image-edit-to-video-pipeline-d317a3be-8c1b-4a5f-8c21-ff528cab7efe', 'workflow_run_id': '019bbdeb-e284-75e4-be3d-dcb2a6a88baf', 'workflow_type': 'ChainExecutorWorkflow'})
2026-01-15 00:41:59,438 - temporalio.activity - INFO - ✓ Updated chain status ({'activity_id': '20', 'activity_type': 'update_chain_status_activity', 'attempt': 1, 'namespace': 'default', 'task_queue': 'comfyui-gpu-farm', 'workflow_id': 'chain-image-edit-to-video-pipeline-d317a3be-8c1b-4a5f-8c21-ff528cab7efe', 'workflow_run_id': '019bbdeb-e284-75e4-be3d-dcb2a6a88baf', 'workflow_type': 'ChainExecutorWorkflow'})
2026-01-15 00:41:59,447 - temporalio.workflow - INFO - Level 1: Executing 2 step(s) ({'attempt': 1, 'namespace': 'default', 'run_id': '019bbdeb-e284-75e4-be3d-dcb2a6a88baf', 'task_queue': 'comfyui-gpu-farm', 'workflow_id': 'chain-image-edit-to-video-pipeline-d317a3be-8c1b-4a5f-8c21-ff528cab7efe', 'workflow_type': 'ChainExecutorWorkflow'})
2026-01-15 00:41:59,448 - temporalio.workflow - INFO - Executing step: edit_frame1 ({'attempt': 1, 'namespace': 'default', 'run_id': '019bbdeb-e284-75e4-be3d-dcb2a6a88baf', 'task_queue': 'comfyui-gpu-farm', 'workflow_id': 'chain-image-edit-to-video-pipeline-d317a3be-8c1b-4a5f-8c21-ff528cab7efe', 'workflow_type': 'ChainExecutorWorkflow'})
2026-01-15 00:41:59,448 - temporalio.workflow - INFO - Executing step: edit_frame2 ({'attempt': 1, 'namespace': 'default', 'run_id': '019bbdeb-e284-75e4-be3d-dcb2a6a88baf', 'task_queue': 'comfyui-gpu-farm', 'workflow_id': 'chain-image-edit-to-video-pipeline-d317a3be-8c1b-4a5f-8c21-ff528cab7efe', 'workflow_type': 'ChainExecutorWorkflow'})
2026-01-15 00:41:59,457 - temporalio.activity - INFO - Resolving templates in parameters ({'activity_id': '22', 'activity_type': 'resolve_chain_templates', 'attempt': 1, 'namespace': 'default', 'task_queue': 'comfyui-gpu-farm', 'workflow_id': 'chain-image-edit-to-video-pipeline-d317a3be-8c1b-4a5f-8c21-ff528cab7efe', 'workflow_run_id': '019bbdeb-e284-75e4-be3d-dcb2a6a88baf', 'workflow_type': 'ChainExecutorWorkflow'})
2026-01-15 00:41:59,460 - temporalio.activity - INFO - Templates resolved successfully ({'activity_id': '22', 'activity_type': 'resolve_chain_templates', 'attempt': 1, 'namespace': 'default', 'task_queue': 'comfyui-gpu-farm', 'workflow_id': 'chain-image-edit-to-video-pipeline-d317a3be-8c1b-4a5f-8c21-ff528cab7efe', 'workflow_run_id': '019bbdeb-e284-75e4-be3d-dcb2a6a88baf', 'workflow_type': 'ChainExecutorWorkflow'})
2026-01-15 00:41:59,461 - temporalio.activity - INFO - Resolving templates in parameters ({'activity_id': '21', 'activity_type': 'resolve_chain_templates', 'attempt': 1, 'namespace': 'default', 'task_queue': 'comfyui-gpu-farm', 'workflow_id': 'chain-image-edit-to-video-pipeline-d317a3be-8c1b-4a5f-8c21-ff528cab7efe', 'workflow_run_id': '019bbdeb-e284-75e4-be3d-dcb2a6a88baf', 'workflow_type': 'ChainExecutorWorkflow'})
2026-01-15 00:41:59,462 - temporalio.activity - INFO - Templates resolved successfully ({'activity_id': '21', 'activity_type': 'resolve_chain_templates', 'attempt': 1, 'namespace': 'default', 'task_queue': 'comfyui-gpu-farm', 'workflow_id': 'chain-image-edit-to-video-pipeline-d317a3be-8c1b-4a5f-8c21-ff528cab7efe', 'workflow_run_id': '019bbdeb-e284-75e4-be3d-dcb2a6a88baf', 'workflow_type': 'ChainExecutorWorkflow'})
2026-01-15 00:41:59,478 - temporalio.activity - INFO - Applying parameters to workflow: qwen_image_edit ({'activity_id': '24', 'activity_type': 'apply_workflow_parameters', 'attempt': 1, 'namespace': 'default', 'task_queue': 'comfyui-gpu-farm', 'workflow_id': 'chain-image-edit-to-video-pipeline-d317a3be-8c1b-4a5f-8c21-ff528cab7efe', 'workflow_run_id': '019bbdeb-e284-75e4-be3d-dcb2a6a88baf', 'workflow_type': 'ChainExecutorWorkflow'})
2026-01-15 00:41:59,479 - temporal_gateway.registry - INFO - Applied override: 111.prompt = Make the scene more vibrant and colorful with enhanced details
2026-01-15 00:41:59,479 - temporal_gateway.registry - INFO - Applied override: 78.image = ComfyUI_00287_.png
2026-01-15 00:41:59,479 - temporalio.activity - INFO - Parameters applied successfully ({'activity_id': '24', 'activity_type': 'apply_workflow_parameters', 'attempt': 1, 'namespace': 'default', 'task_queue': 'comfyui-gpu-farm', 'workflow_id': 'chain-image-edit-to-video-pipeline-d317a3be-8c1b-4a5f-8c21-ff528cab7efe', 'workflow_run_id': '019bbdeb-e284-75e4-be3d-dcb2a6a88baf', 'workflow_type': 'ChainExecutorWorkflow'})
2026-01-15 00:41:59,480 - temporalio.activity - INFO - Applying parameters to workflow: qwen_image_edit ({'activity_id': '23', 'activity_type': 'apply_workflow_parameters', 'attempt': 1, 'namespace': 'default', 'task_queue': 'comfyui-gpu-farm', 'workflow_id': 'chain-image-edit-to-video-pipeline-d317a3be-8c1b-4a5f-8c21-ff528cab7efe', 'workflow_run_id': '019bbdeb-e284-75e4-be3d-dcb2a6a88baf', 'workflow_type': 'ChainExecutorWorkflow'})
2026-01-15 00:41:59,481 - temporal_gateway.registry - INFO - Applied override: 111.prompt = Make the scene more vibrant and colorful with enhanced details
2026-01-15 00:41:59,481 - temporal_gateway.registry - INFO - Applied override: 78.image = ComfyUI_00286_.png
2026-01-15 00:41:59,481 - temporalio.activity - INFO - Parameters applied successfully ({'activity_id': '23', 'activity_type': 'apply_workflow_parameters', 'attempt': 1, 'namespace': 'default', 'task_queue': 'comfyui-gpu-farm', 'workflow_id': 'chain-image-edit-to-video-pipeline-d317a3be-8c1b-4a5f-8c21-ff528cab7efe', 'workflow_run_id': '019bbdeb-e284-75e4-be3d-dcb2a6a88baf', 'workflow_type': 'ChainExecutorWorkflow'})
2026-01-15 00:41:59,498 - temporalio.activity - INFO - Selecting server with strategy: least_loaded ({'activity_id': '26', 'activity_type': 'select_best_server', 'attempt': 1, 'namespace': 'default', 'task_queue': 'comfyui-gpu-farm', 'workflow_id': 'chain-image-edit-to-video-pipeline-d317a3be-8c1b-4a5f-8c21-ff528cab7efe', 'workflow_run_id': '019bbdeb-e284-75e4-be3d-dcb2a6a88baf', 'workflow_type': 'ChainExecutorWorkflow'})
2026-01-15 00:41:59,543 - temporalio.activity - INFO - Selecting server with strategy: least_loaded ({'activity_id': '25', 'activity_type': 'select_best_server', 'attempt': 1, 'namespace': 'default', 'task_queue': 'comfyui-gpu-farm', 'workflow_id': 'chain-image-edit-to-video-pipeline-d317a3be-8c1b-4a5f-8c21-ff528cab7efe', 'workflow_run_id': '019bbdeb-e284-75e4-be3d-dcb2a6a88baf', 'workflow_type': 'ChainExecutorWorkflow'})
2026-01-15 00:41:59,619 - httpx - INFO - HTTP Request: GET http://procure-x.testmcp.org/system_stats "HTTP/1.1 200 OK"
2026-01-15 00:41:59,633 - httpx - INFO - HTTP Request: GET http://procure-x.testmcp.org/system_stats "HTTP/1.1 200 OK"
2026-01-15 00:41:59,641 - httpx - INFO - HTTP Request: GET http://procure-x.testmcp.org/queue "HTTP/1.1 200 OK"
2026-01-15 00:41:59,647 - temporal_gateway.servers.load_balancer - INFO - Selected server procure-x (queue_depth=0, gpu_mem=0.0%)
2026-01-15 00:41:59,648 - temporalio.activity - INFO - Selected server: procure-x (http://procure-x.testmcp.org) ({'activity_id': '25', 'activity_type': 'select_best_server', 'attempt': 1, 'namespace': 'default', 'task_queue': 'comfyui-gpu-farm', 'workflow_id': 'chain-image-edit-to-video-pipeline-d317a3be-8c1b-4a5f-8c21-ff528cab7efe', 'workflow_run_id': '019bbdeb-e284-75e4-be3d-dcb2a6a88baf', 'workflow_type': 'ChainExecutorWorkflow'})
2026-01-15 00:41:59,660 - httpx - INFO - HTTP Request: GET http://procure-x.testmcp.org/queue "HTTP/1.1 200 OK"
2026-01-15 00:41:59,661 - temporal_gateway.servers.load_balancer - INFO - Selected server procure-x (queue_depth=0, gpu_mem=0.0%)
2026-01-15 00:41:59,661 - temporalio.activity - INFO - Selected server: procure-x (http://procure-x.testmcp.org) ({'activity_id': '26', 'activity_type': 'select_best_server', 'attempt': 1, 'namespace': 'default', 'task_queue': 'comfyui-gpu-farm', 'workflow_id': 'chain-image-edit-to-video-pipeline-d317a3be-8c1b-4a5f-8c21-ff528cab7efe', 'workflow_run_id': '019bbdeb-e284-75e4-be3d-dcb2a6a88baf', 'workflow_type': 'ChainExecutorWorkflow'})
2026-01-15 00:41:59,668 - temporalio.workflow - INFO - Step edit_frame1: Server http://procure-x.testmcp.org ({'attempt': 1, 'namespace': 'default', 'run_id': '019bbdeb-e284-75e4-be3d-dcb2a6a88baf', 'task_queue': 'comfyui-gpu-farm', 'workflow_id': 'chain-image-edit-to-video-pipeline-d317a3be-8c1b-4a5f-8c21-ff528cab7efe', 'workflow_type': 'ChainExecutorWorkflow'})
2026-01-15 00:41:59,679 - temporalio.workflow - INFO - Step edit_frame2: Server http://procure-x.testmcp.org ({'attempt': 1, 'namespace': 'default', 'run_id': '019bbdeb-e284-75e4-be3d-dcb2a6a88baf', 'task_queue': 'comfyui-gpu-farm', 'workflow_id': 'chain-image-edit-to-video-pipeline-d317a3be-8c1b-4a5f-8c21-ff528cab7efe', 'workflow_type': 'ChainExecutorWorkflow'})
2026-01-15 00:41:59,682 - temporalio.activity - INFO - Getting artifacts for workflow: 60cdea51-51ec-45e7-b05a-dc27342a3dcb ({'activity_id': '27', 'activity_type': 'get_workflow_artifacts', 'attempt': 1, 'namespace': 'default', 'task_queue': 'comfyui-gpu-farm', 'workflow_id': 'chain-image-edit-to-video-pipeline-d317a3be-8c1b-4a5f-8c21-ff528cab7efe', 'workflow_run_id': '019bbdeb-e284-75e4-be3d-dcb2a6a88baf', 'workflow_type': 'ChainExecutorWorkflow'})
2026-01-15 00:41:59,690 - temporalio.activity - INFO - Getting artifacts for workflow: 69299070-80ee-45c5-bd50-59c23778474a ({'activity_id': '28', 'activity_type': 'get_workflow_artifacts', 'attempt': 1, 'namespace': 'default', 'task_queue': 'comfyui-gpu-farm', 'workflow_id': 'chain-image-edit-to-video-pipeline-d317a3be-8c1b-4a5f-8c21-ff528cab7efe', 'workflow_run_id': '019bbdeb-e284-75e4-be3d-dcb2a6a88baf', 'workflow_type': 'ChainExecutorWorkflow'})
2026-01-15 00:41:59,694 - temporalio.workflow - INFO - Transferring 1 artifact(s) from extract_frame1 ({'attempt': 1, 'namespace': 'default', 'run_id': '019bbdeb-e284-75e4-be3d-dcb2a6a88baf', 'task_queue': 'comfyui-gpu-farm', 'workflow_id': 'chain-image-edit-to-video-pipeline-d317a3be-8c1b-4a5f-8c21-ff528cab7efe', 'workflow_type': 'ChainExecutorWorkflow'})
2026-01-15 00:41:59,700 - temporalio.workflow - INFO - Transferring 1 artifact(s) from extract_frame2 ({'attempt': 1, 'namespace': 'default', 'run_id': '019bbdeb-e284-75e4-be3d-dcb2a6a88baf', 'task_queue': 'comfyui-gpu-farm', 'workflow_id': 'chain-image-edit-to-video-pipeline-d317a3be-8c1b-4a5f-8c21-ff528cab7efe', 'workflow_type': 'ChainExecutorWorkflow'})
2026-01-15 00:41:59,703 - temporalio.activity - INFO - Transferring 1 artifact(s) from workflow 60cdea51-51ec-45e7-b05a-dc27342a3dcb to http://procure-x.testmcp.org ({'activity_id': '29', 'activity_type': 'transfer_artifacts_from_storage', 'attempt': 1, 'namespace': 'default', 'task_queue': 'comfyui-gpu-farm', 'workflow_id': 'chain-image-edit-to-video-pipeline-d317a3be-8c1b-4a5f-8c21-ff528cab7efe', 'workflow_run_id': '019bbdeb-e284-75e4-be3d-dcb2a6a88baf', 'workflow_type': 'ChainExecutorWorkflow'})
2026-01-15 00:41:59,748 - temporal_gateway.clients.comfy.client - INFO - ComfyUI client initialized for http://procure-x.testmcp.org
2026-01-15 00:41:59,759 - temporalio.activity - INFO - Uploading: ComfyUI_00287_.png from local storage to http://procure-x.testmcp.org/input/ ({'activity_id': '29', 'activity_type': 'transfer_artifacts_from_storage', 'attempt': 1, 'namespace': 'default', 'task_queue': 'comfyui-gpu-farm', 'workflow_id': 'chain-image-edit-to-video-pipeline-d317a3be-8c1b-4a5f-8c21-ff528cab7efe', 'workflow_run_id': '019bbdeb-e284-75e4-be3d-dcb2a6a88baf', 'workflow_type': 'ChainExecutorWorkflow'})
2026-01-15 00:41:59,761 - temporalio.activity - INFO - Transferring 1 artifact(s) from workflow 69299070-80ee-45c5-bd50-59c23778474a to http://procure-x.testmcp.org ({'activity_id': '30', 'activity_type': 'transfer_artifacts_from_storage', 'attempt': 1, 'namespace': 'default', 'task_queue': 'comfyui-gpu-farm', 'workflow_id': 'chain-image-edit-to-video-pipeline-d317a3be-8c1b-4a5f-8c21-ff528cab7efe', 'workflow_run_id': '019bbdeb-e284-75e4-be3d-dcb2a6a88baf', 'workflow_type': 'ChainExecutorWorkflow'})
2026-01-15 00:41:59,802 - temporal_gateway.clients.comfy.client - INFO - ComfyUI client initialized for http://procure-x.testmcp.org
2026-01-15 00:41:59,807 - temporalio.activity - INFO - Uploading: ComfyUI_00286_.png from local storage to http://procure-x.testmcp.org/input/ ({'activity_id': '30', 'activity_type': 'transfer_artifacts_from_storage', 'attempt': 1, 'namespace': 'default', 'task_queue': 'comfyui-gpu-farm', 'workflow_id': 'chain-image-edit-to-video-pipeline-d317a3be-8c1b-4a5f-8c21-ff528cab7efe', 'workflow_run_id': '019bbdeb-e284-75e4-be3d-dcb2a6a88baf', 'workflow_type': 'ChainExecutorWorkflow'})
2026-01-15 00:41:59,854 - httpx - INFO - HTTP Request: POST http://procure-x.testmcp.org/upload/image "HTTP/1.1 200 OK"
2026-01-15 00:41:59,855 - temporalio.activity - INFO - ✓ Uploaded: ComfyUI_00286_.png (119859 bytes) ({'activity_id': '30', 'activity_type': 'transfer_artifacts_from_storage', 'attempt': 1, 'namespace': 'default', 'task_queue': 'comfyui-gpu-farm', 'workflow_id': 'chain-image-edit-to-video-pipeline-d317a3be-8c1b-4a5f-8c21-ff528cab7efe', 'workflow_run_id': '019bbdeb-e284-75e4-be3d-dcb2a6a88baf', 'workflow_type': 'ChainExecutorWorkflow'})
2026-01-15 00:41:59,862 - temporalio.activity - INFO - Successfully transferred 1 file(s) ({'activity_id': '30', 'activity_type': 'transfer_artifacts_from_storage', 'attempt': 1, 'namespace': 'default', 'task_queue': 'comfyui-gpu-farm', 'workflow_id': 'chain-image-edit-to-video-pipeline-d317a3be-8c1b-4a5f-8c21-ff528cab7efe', 'workflow_run_id': '019bbdeb-e284-75e4-be3d-dcb2a6a88baf', 'workflow_type': 'ChainExecutorWorkflow'})
2026-01-15 00:41:59,864 - httpx - INFO - HTTP Request: POST http://procure-x.testmcp.org/upload/image "HTTP/1.1 200 OK"
2026-01-15 00:41:59,866 - temporalio.activity - INFO - ✓ Uploaded: ComfyUI_00287_.png (105368 bytes) ({'activity_id': '29', 'activity_type': 'transfer_artifacts_from_storage', 'attempt': 1, 'namespace': 'default', 'task_queue': 'comfyui-gpu-farm', 'workflow_id': 'chain-image-edit-to-video-pipeline-d317a3be-8c1b-4a5f-8c21-ff528cab7efe', 'workflow_run_id': '019bbdeb-e284-75e4-be3d-dcb2a6a88baf', 'workflow_type': 'ChainExecutorWorkflow'})
2026-01-15 00:41:59,871 - temporalio.activity - INFO - Successfully transferred 1 file(s) ({'activity_id': '29', 'activity_type': 'transfer_artifacts_from_storage', 'attempt': 1, 'namespace': 'default', 'task_queue': 'comfyui-gpu-farm', 'workflow_id': 'chain-image-edit-to-video-pipeline-d317a3be-8c1b-4a5f-8c21-ff528cab7efe', 'workflow_run_id': '019bbdeb-e284-75e4-be3d-dcb2a6a88baf', 'workflow_type': 'ChainExecutorWorkflow'})
2026-01-15 00:41:59,884 - temporalio.activity - INFO - Creating workflow record: qwen_image_edit (prompt: pending) ({'activity_id': '31', 'activity_type': 'create_workflow_record', 'attempt': 1, 'namespace': 'default', 'task_queue': 'comfyui-gpu-farm', 'workflow_id': 'chain-image-edit-to-video-pipeline-d317a3be-8c1b-4a5f-8c21-ff528cab7efe', 'workflow_run_id': '019bbdeb-e284-75e4-be3d-dcb2a6a88baf', 'workflow_type': 'ChainExecutorWorkflow'})
2026-01-15 00:41:59,888 - temporalio.activity - INFO - ✓ Created workflow record: ef1873f4-732b-42b2-a1fe-9e78d5e20d6f ({'activity_id': '31', 'activity_type': 'create_workflow_record', 'attempt': 1, 'namespace': 'default', 'task_queue': 'comfyui-gpu-farm', 'workflow_id': 'chain-image-edit-to-video-pipeline-d317a3be-8c1b-4a5f-8c21-ff528cab7efe', 'workflow_run_id': '019bbdeb-e284-75e4-be3d-dcb2a6a88baf', 'workflow_type': 'ChainExecutorWorkflow'})
2026-01-15 00:41:59,890 - temporalio.activity - INFO - Creating workflow record: qwen_image_edit (prompt: pending) ({'activity_id': '32', 'activity_type': 'create_workflow_record', 'attempt': 1, 'namespace': 'default', 'task_queue': 'comfyui-gpu-farm', 'workflow_id': 'chain-image-edit-to-video-pipeline-d317a3be-8c1b-4a5f-8c21-ff528cab7efe', 'workflow_run_id': '019bbdeb-e284-75e4-be3d-dcb2a6a88baf', 'workflow_type': 'ChainExecutorWorkflow'})
2026-01-15 00:41:59,894 - temporalio.activity - INFO - ✓ Created workflow record: 63ab4edd-9fdc-4ada-a2b8-49c7cd9fac2d ({'activity_id': '32', 'activity_type': 'create_workflow_record', 'attempt': 1, 'namespace': 'default', 'task_queue': 'comfyui-gpu-farm', 'workflow_id': 'chain-image-edit-to-video-pipeline-d317a3be-8c1b-4a5f-8c21-ff528cab7efe', 'workflow_run_id': '019bbdeb-e284-75e4-be3d-dcb2a6a88baf', 'workflow_type': 'ChainExecutorWorkflow'})
2026-01-15 00:41:59,927 - temporalio.workflow - INFO - Starting ComfyUI workflow execution ({'attempt': 1, 'namespace': 'default', 'run_id': '019bbdec-03a1-7222-aedf-96fd755b3d70', 'task_queue': 'comfyui-gpu-farm', 'workflow_id': 'chain-image-edit-to-video-pipeline-d317a3be-8c1b-4a5f-8c21-ff528cab7efe-edit_frame2', 'workflow_type': 'ComfyUIWorkflow'})
2026-01-15 00:41:59,927 - temporalio.workflow - INFO - Generated client_id: f599e9c0-43d5-48f2-804b-07ec3b5c2b96 ({'attempt': 1, 'namespace': 'default', 'run_id': '019bbdec-03a1-7222-aedf-96fd755b3d70', 'task_queue': 'comfyui-gpu-farm', 'workflow_id': 'chain-image-edit-to-video-pipeline-d317a3be-8c1b-4a5f-8c21-ff528cab7efe-edit_frame2', 'workflow_type': 'ComfyUIWorkflow'})
2026-01-15 00:41:59,929 - temporalio.workflow - INFO - Using pre-selected server: http://procure-x.testmcp.org ({'attempt': 1, 'namespace': 'default', 'run_id': '019bbdec-03a1-7222-aedf-96fd755b3d70', 'task_queue': 'comfyui-gpu-farm', 'workflow_id': 'chain-image-edit-to-video-pipeline-d317a3be-8c1b-4a5f-8c21-ff528cab7efe-edit_frame2', 'workflow_type': 'ComfyUIWorkflow'})
2026-01-15 00:41:59,937 - temporalio.workflow - INFO - Starting ComfyUI workflow execution ({'attempt': 1, 'namespace': 'default', 'run_id': '019bbdec-03ab-73f2-b5de-b9c7f820c8d8', 'task_queue': 'comfyui-gpu-farm', 'workflow_id': 'chain-image-edit-to-video-pipeline-d317a3be-8c1b-4a5f-8c21-ff528cab7efe-edit_frame1', 'workflow_type': 'ComfyUIWorkflow'})
2026-01-15 00:41:59,937 - temporalio.workflow - INFO - Generated client_id: 0a3c0951-50bd-4e01-841c-586aef6948a9 ({'attempt': 1, 'namespace': 'default', 'run_id': '019bbdec-03ab-73f2-b5de-b9c7f820c8d8', 'task_queue': 'comfyui-gpu-farm', 'workflow_id': 'chain-image-edit-to-video-pipeline-d317a3be-8c1b-4a5f-8c21-ff528cab7efe-edit_frame1', 'workflow_type': 'ComfyUIWorkflow'})
2026-01-15 00:41:59,938 - temporalio.workflow - INFO - Using pre-selected server: http://procure-x.testmcp.org ({'attempt': 1, 'namespace': 'default', 'run_id': '019bbdec-03ab-73f2-b5de-b9c7f820c8d8', 'task_queue': 'comfyui-gpu-farm', 'workflow_id': 'chain-image-edit-to-video-pipeline-d317a3be-8c1b-4a5f-8c21-ff528cab7efe-edit_frame1', 'workflow_type': 'ComfyUIWorkflow'})
2026-01-15 00:41:59,946 - temporalio.activity - INFO - [V3] Executing workflow on http://procure-x.testmcp.org ({'activity_id': '1', 'activity_type': 'execute_and_track_workflow', 'attempt': 1, 'namespace': 'default', 'task_queue': 'comfyui-gpu-farm', 'workflow_id': 'chain-image-edit-to-video-pipeline-d317a3be-8c1b-4a5f-8c21-ff528cab7efe-edit_frame2', 'workflow_run_id': '019bbdec-03a1-7222-aedf-96fd755b3d70', 'workflow_type': 'ComfyUIWorkflow'})
2026-01-15 00:41:59,946 - temporalio.activity - INFO - [V3] Workflow name: qwen_image_edit ({'activity_id': '1', 'activity_type': 'execute_and_track_workflow', 'attempt': 1, 'namespace': 'default', 'task_queue': 'comfyui-gpu-farm', 'workflow_id': 'chain-image-edit-to-video-pipeline-d317a3be-8c1b-4a5f-8c21-ff528cab7efe-edit_frame2', 'workflow_run_id': '019bbdec-03a1-7222-aedf-96fd755b3d70', 'workflow_type': 'ComfyUIWorkflow'})
2026-01-15 00:41:59,991 - temporal_gateway.clients.comfy.client - INFO - ComfyUI client initialized for http://procure-x.testmcp.org
2026-01-15 00:41:59,991 - temporal_gateway.clients.comfy.client - INFO - Submitting workflow to ComfyUI
2026-01-15 00:41:59,993 - temporalio.activity - INFO - [V3] Executing workflow on http://procure-x.testmcp.org ({'activity_id': '1', 'activity_type': 'execute_and_track_workflow', 'attempt': 1, 'namespace': 'default', 'task_queue': 'comfyui-gpu-farm', 'workflow_id': 'chain-image-edit-to-video-pipeline-d317a3be-8c1b-4a5f-8c21-ff528cab7efe-edit_frame1', 'workflow_run_id': '019bbdec-03ab-73f2-b5de-b9c7f820c8d8', 'workflow_type': 'ComfyUIWorkflow'})
2026-01-15 00:41:59,993 - temporalio.activity - INFO - [V3] Workflow name: qwen_image_edit ({'activity_id': '1', 'activity_type': 'execute_and_track_workflow', 'attempt': 1, 'namespace': 'default', 'task_queue': 'comfyui-gpu-farm', 'workflow_id': 'chain-image-edit-to-video-pipeline-d317a3be-8c1b-4a5f-8c21-ff528cab7efe-edit_frame1', 'workflow_run_id': '019bbdec-03ab-73f2-b5de-b9c7f820c8d8', 'workflow_type': 'ComfyUIWorkflow'})
2026-01-15 00:42:00,035 - temporal_gateway.clients.comfy.client - INFO - ComfyUI client initialized for http://procure-x.testmcp.org
2026-01-15 00:42:00,035 - temporal_gateway.clients.comfy.client - INFO - Submitting workflow to ComfyUI
2026-01-15 00:42:00,080 - httpx - INFO - HTTP Request: POST http://procure-x.testmcp.org/prompt "HTTP/1.1 200 OK"
2026-01-15 00:42:00,082 - temporal_gateway.clients.comfy.client - INFO - Workflow queued with prompt_id: f6da6753-5bd3-4e0a-bef3-e1e8f572038d
2026-01-15 00:42:00,082 - temporal_gateway.clients.comfy.tracker - INFO - Starting execution tracking for prompt f6da6753-5bd3-4e0a-bef3-e1e8f572038d
2026-01-15 00:42:00,082 - temporal_gateway.clients.comfy.tracker - INFO - Starting history polling
2026-01-15 00:42:00,083 - temporal_gateway.clients.comfy.tracker - INFO - Starting WebSocket listener
2026-01-15 00:42:00,083 - temporal_gateway.clients.comfy.websocket - INFO - Connecting to WebSocket: ws://procure-x.testmcp.org/ws?clientId=97acf28b-e6d7-4757-bdab-78163c7e2693
2026-01-15 00:42:00,131 - httpx - INFO - HTTP Request: POST http://procure-x.testmcp.org/prompt "HTTP/1.1 200 OK"
2026-01-15 00:42:00,136 - temporal_gateway.clients.comfy.client - INFO - Workflow queued with prompt_id: a34116ff-de82-4d8b-af42-bad650feaf56
2026-01-15 00:42:00,136 - temporal_gateway.clients.comfy.tracker - INFO - Starting execution tracking for prompt a34116ff-de82-4d8b-af42-bad650feaf56
2026-01-15 00:42:00,137 - temporal_gateway.clients.comfy.tracker - INFO - Starting history polling
2026-01-15 00:42:00,141 - temporal_gateway.clients.comfy.tracker - INFO - Starting WebSocket listener
2026-01-15 00:42:00,142 - temporal_gateway.clients.comfy.websocket - INFO - Connecting to WebSocket: ws://procure-x.testmcp.org/ws?clientId=b034f147-6e9f-44f3-b3f8-3a90ddb7d493
2026-01-15 00:42:00,144 - temporal_gateway.clients.comfy.websocket - INFO - WebSocket connected successfully
2026-01-15 00:42:00,146 - httpx - INFO - HTTP Request: GET http://procure-x.testmcp.org/history/f6da6753-5bd3-4e0a-bef3-e1e8f572038d "HTTP/1.1 200 OK"
2026-01-15 00:42:00,165 - httpx - INFO - HTTP Request: GET http://procure-x.testmcp.org/history/a34116ff-de82-4d8b-af42-bad650feaf56 "HTTP/1.1 200 OK"
2026-01-15 00:42:00,188 - temporal_gateway.clients.comfy.websocket - INFO - WebSocket connected successfully
2026-01-15 00:42:01,166 - httpx - INFO - HTTP Request: GET http://procure-x.testmcp.org/history/f6da6753-5bd3-4e0a-bef3-e1e8f572038d "HTTP/1.1 200 OK"
2026-01-15 00:42:01,182 - httpx - INFO - HTTP Request: GET http://procure-x.testmcp.org/history/a34116ff-de82-4d8b-af42-bad650feaf56 "HTTP/1.1 200 OK"
2026-01-15 00:42:02,188 - httpx - INFO - HTTP Request: GET http://procure-x.testmcp.org/history/f6da6753-5bd3-4e0a-bef3-e1e8f572038d "HTTP/1.1 200 OK"
2026-01-15 00:42:02,206 - httpx - INFO - HTTP Request: GET http://procure-x.testmcp.org/history/a34116ff-de82-4d8b-af42-bad650feaf56 "HTTP/1.1 200 OK"
2026-01-15 00:42:03,215 - httpx - INFO - HTTP Request: GET http://procure-x.testmcp.org/history/f6da6753-5bd3-4e0a-bef3-e1e8f572038d "HTTP/1.1 200 OK"
2026-01-15 00:42:03,229 - httpx - INFO - HTTP Request: GET http://procure-x.testmcp.org/history/a34116ff-de82-4d8b-af42-bad650feaf56 "HTTP/1.1 200 OK"
2026-01-15 00:42:04,239 - httpx - INFO - HTTP Request: GET http://procure-x.testmcp.org/history/f6da6753-5bd3-4e0a-bef3-e1e8f572038d "HTTP/1.1 200 OK"
2026-01-15 00:42:04,250 - httpx - INFO - HTTP Request: GET http://procure-x.testmcp.org/history/a34116ff-de82-4d8b-af42-bad650feaf56 "HTTP/1.1 200 OK"
2026-01-15 00:42:05,263 - httpx - INFO - HTTP Request: GET http://procure-x.testmcp.org/history/f6da6753-5bd3-4e0a-bef3-e1e8f572038d "HTTP/1.1 200 OK"
2026-01-15 00:42:05,271 - httpx - INFO - HTTP Request: GET http://procure-x.testmcp.org/history/a34116ff-de82-4d8b-af42-bad650feaf56 "HTTP/1.1 200 OK"
2026-01-15 00:42:06,286 - httpx - INFO - HTTP Request: GET http://procure-x.testmcp.org/history/f6da6753-5bd3-4e0a-bef3-e1e8f572038d "HTTP/1.1 200 OK"
2026-01-15 00:42:06,290 - httpx - INFO - HTTP Request: GET http://procure-x.testmcp.org/history/a34116ff-de82-4d8b-af42-bad650feaf56 "HTTP/1.1 200 OK"
2026-01-15 00:42:07,312 - httpx - INFO - HTTP Request: GET http://procure-x.testmcp.org/history/f6da6753-5bd3-4e0a-bef3-e1e8f572038d "HTTP/1.1 200 OK"
2026-01-15 00:42:07,317 - httpx - INFO - HTTP Request: GET http://procure-x.testmcp.org/history/a34116ff-de82-4d8b-af42-bad650feaf56 "HTTP/1.1 200 OK"
2026-01-15 00:42:08,337 - httpx - INFO - HTTP Request: GET http://procure-x.testmcp.org/history/f6da6753-5bd3-4e0a-bef3-e1e8f572038d "HTTP/1.1 200 OK"
2026-01-15 00:42:08,342 - httpx - INFO - HTTP Request: GET http://procure-x.testmcp.org/history/a34116ff-de82-4d8b-af42-bad650feaf56 "HTTP/1.1 200 OK"
2026-01-15 00:42:09,362 - httpx - INFO - HTTP Request: GET http://procure-x.testmcp.org/history/f6da6753-5bd3-4e0a-bef3-e1e8f572038d "HTTP/1.1 200 OK"
2026-01-15 00:42:09,367 - httpx - INFO - HTTP Request: GET http://procure-x.testmcp.org/history/a34116ff-de82-4d8b-af42-bad650feaf56 "HTTP/1.1 200 OK"
2026-01-15 00:42:10,386 - httpx - INFO - HTTP Request: GET http://procure-x.testmcp.org/history/f6da6753-5bd3-4e0a-bef3-e1e8f572038d "HTTP/1.1 200 OK"
2026-01-15 00:42:10,391 - httpx - INFO - HTTP Request: GET http://procure-x.testmcp.org/history/a34116ff-de82-4d8b-af42-bad650feaf56 "HTTP/1.1 200 OK"
2026-01-15 00:42:11,410 - httpx - INFO - HTTP Request: GET http://procure-x.testmcp.org/history/f6da6753-5bd3-4e0a-bef3-e1e8f572038d "HTTP/1.1 200 OK"
2026-01-15 00:42:11,412 - httpx - INFO - HTTP Request: GET http://procure-x.testmcp.org/history/a34116ff-de82-4d8b-af42-bad650feaf56 "HTTP/1.1 200 OK"
2026-01-15 00:42:12,436 - httpx - INFO - HTTP Request: GET http://procure-x.testmcp.org/history/f6da6753-5bd3-4e0a-bef3-e1e8f572038d "HTTP/1.1 200 OK"
2026-01-15 00:42:12,441 - httpx - INFO - HTTP Request: GET http://procure-x.testmcp.org/history/a34116ff-de82-4d8b-af42-bad650feaf56 "HTTP/1.1 200 OK"
2026-01-15 00:42:13,457 - httpx - INFO - HTTP Request: GET http://procure-x.testmcp.org/history/f6da6753-5bd3-4e0a-bef3-e1e8f572038d "HTTP/1.1 200 OK"
2026-01-15 00:42:13,468 - httpx - INFO - HTTP Request: GET http://procure-x.testmcp.org/history/a34116ff-de82-4d8b-af42-bad650feaf56 "HTTP/1.1 200 OK"
2026-01-15 00:42:14,483 - httpx - INFO - HTTP Request: GET http://procure-x.testmcp.org/history/f6da6753-5bd3-4e0a-bef3-e1e8f572038d "HTTP/1.1 200 OK"
2026-01-15 00:42:14,489 - httpx - INFO - HTTP Request: GET http://procure-x.testmcp.org/history/a34116ff-de82-4d8b-af42-bad650feaf56 "HTTP/1.1 200 OK"
2026-01-15 00:42:15,504 - httpx - INFO - HTTP Request: GET http://procure-x.testmcp.org/history/f6da6753-5bd3-4e0a-bef3-e1e8f572038d "HTTP/1.1 200 OK"
2026-01-15 00:42:15,509 - httpx - INFO - HTTP Request: GET http://procure-x.testmcp.org/history/a34116ff-de82-4d8b-af42-bad650feaf56 "HTTP/1.1 200 OK"
2026-01-15 00:42:16,527 - httpx - INFO - HTTP Request: GET http://procure-x.testmcp.org/history/f6da6753-5bd3-4e0a-bef3-e1e8f572038d "HTTP/1.1 200 OK"
2026-01-15 00:42:16,535 - httpx - INFO - HTTP Request: GET http://procure-x.testmcp.org/history/a34116ff-de82-4d8b-af42-bad650feaf56 "HTTP/1.1 200 OK"
2026-01-15 00:42:17,550 - httpx - INFO - HTTP Request: GET http://procure-x.testmcp.org/history/f6da6753-5bd3-4e0a-bef3-e1e8f572038d "HTTP/1.1 200 OK"
2026-01-15 00:42:17,556 - httpx - INFO - HTTP Request: GET http://procure-x.testmcp.org/history/a34116ff-de82-4d8b-af42-bad650feaf56 "HTTP/1.1 200 OK"
2026-01-15 00:42:18,575 - httpx - INFO - HTTP Request: GET http://procure-x.testmcp.org/history/a34116ff-de82-4d8b-af42-bad650feaf56 "HTTP/1.1 200 OK"
2026-01-15 00:42:18,580 - httpx - INFO - HTTP Request: GET http://procure-x.testmcp.org/history/f6da6753-5bd3-4e0a-bef3-e1e8f572038d "HTTP/1.1 200 OK"
2026-01-15 00:42:19,598 - httpx - INFO - HTTP Request: GET http://procure-x.testmcp.org/history/a34116ff-de82-4d8b-af42-bad650feaf56 "HTTP/1.1 200 OK"
2026-01-15 00:42:19,603 - httpx - INFO - HTTP Request: GET http://procure-x.testmcp.org/history/f6da6753-5bd3-4e0a-bef3-e1e8f572038d "HTTP/1.1 200 OK"
2026-01-15 00:42:20,624 - httpx - INFO - HTTP Request: GET http://procure-x.testmcp.org/history/f6da6753-5bd3-4e0a-bef3-e1e8f572038d "HTTP/1.1 200 OK"
2026-01-15 00:42:20,629 - httpx - INFO - HTTP Request: GET http://procure-x.testmcp.org/history/a34116ff-de82-4d8b-af42-bad650feaf56 "HTTP/1.1 200 OK"
2026-01-15 00:42:21,647 - httpx - INFO - HTTP Request: GET http://procure-x.testmcp.org/history/f6da6753-5bd3-4e0a-bef3-e1e8f572038d "HTTP/1.1 200 OK"
2026-01-15 00:42:21,652 - httpx - INFO - HTTP Request: GET http://procure-x.testmcp.org/history/a34116ff-de82-4d8b-af42-bad650feaf56 "HTTP/1.1 200 OK"
2026-01-15 00:42:22,672 - httpx - INFO - HTTP Request: GET http://procure-x.testmcp.org/history/f6da6753-5bd3-4e0a-bef3-e1e8f572038d "HTTP/1.1 200 OK"
2026-01-15 00:42:22,678 - httpx - INFO - HTTP Request: GET http://procure-x.testmcp.org/history/a34116ff-de82-4d8b-af42-bad650feaf56 "HTTP/1.1 200 OK"
2026-01-15 00:42:23,696 - httpx - INFO - HTTP Request: GET http://procure-x.testmcp.org/history/f6da6753-5bd3-4e0a-bef3-e1e8f572038d "HTTP/1.1 200 OK"
2026-01-15 00:42:23,702 - httpx - INFO - HTTP Request: GET http://procure-x.testmcp.org/history/a34116ff-de82-4d8b-af42-bad650feaf56 "HTTP/1.1 200 OK"
2026-01-15 00:42:24,722 - httpx - INFO - HTTP Request: GET http://procure-x.testmcp.org/history/f6da6753-5bd3-4e0a-bef3-e1e8f572038d "HTTP/1.1 200 OK"
2026-01-15 00:42:24,727 - httpx - INFO - HTTP Request: GET http://procure-x.testmcp.org/history/a34116ff-de82-4d8b-af42-bad650feaf56 "HTTP/1.1 200 OK"
2026-01-15 00:42:25,753 - httpx - INFO - HTTP Request: GET http://procure-x.testmcp.org/history/f6da6753-5bd3-4e0a-bef3-e1e8f572038d "HTTP/1.1 200 OK"
2026-01-15 00:42:25,758 - httpx - INFO - HTTP Request: GET http://procure-x.testmcp.org/history/a34116ff-de82-4d8b-af42-bad650feaf56 "HTTP/1.1 200 OK"
2026-01-15 00:42:26,775 - httpx - INFO - HTTP Request: GET http://procure-x.testmcp.org/history/f6da6753-5bd3-4e0a-bef3-e1e8f572038d "HTTP/1.1 200 OK"
2026-01-15 00:42:26,777 - httpx - INFO - HTTP Request: GET http://procure-x.testmcp.org/history/a34116ff-de82-4d8b-af42-bad650feaf56 "HTTP/1.1 200 OK"
2026-01-15 00:42:27,799 - httpx - INFO - HTTP Request: GET http://procure-x.testmcp.org/history/a34116ff-de82-4d8b-af42-bad650feaf56 "HTTP/1.1 200 OK"
2026-01-15 00:42:27,804 - httpx - INFO - HTTP Request: GET http://procure-x.testmcp.org/history/f6da6753-5bd3-4e0a-bef3-e1e8f572038d "HTTP/1.1 200 OK"
2026-01-15 00:42:28,834 - httpx - INFO - HTTP Request: GET http://procure-x.testmcp.org/history/a34116ff-de82-4d8b-af42-bad650feaf56 "HTTP/1.1 200 OK"
2026-01-15 00:42:28,844 - httpx - INFO - HTTP Request: GET http://procure-x.testmcp.org/history/f6da6753-5bd3-4e0a-bef3-e1e8f572038d "HTTP/1.1 200 OK"
2026-01-15 00:42:29,869 - httpx - INFO - HTTP Request: GET http://procure-x.testmcp.org/history/a34116ff-de82-4d8b-af42-bad650feaf56 "HTTP/1.1 200 OK"
2026-01-15 00:42:29,872 - httpx - INFO - HTTP Request: GET http://procure-x.testmcp.org/history/f6da6753-5bd3-4e0a-bef3-e1e8f572038d "HTTP/1.1 200 OK"
2026-01-15 00:42:30,904 - httpx - INFO - HTTP Request: GET http://procure-x.testmcp.org/history/f6da6753-5bd3-4e0a-bef3-e1e8f572038d "HTTP/1.1 200 OK"
2026-01-15 00:42:30,908 - httpx - INFO - HTTP Request: GET http://procure-x.testmcp.org/history/a34116ff-de82-4d8b-af42-bad650feaf56 "HTTP/1.1 200 OK"
2026-01-15 00:42:31,935 - httpx - INFO - HTTP Request: GET http://procure-x.testmcp.org/history/f6da6753-5bd3-4e0a-bef3-e1e8f572038d "HTTP/1.1 200 OK"
2026-01-15 00:42:31,938 - httpx - INFO - HTTP Request: GET http://procure-x.testmcp.org/history/a34116ff-de82-4d8b-af42-bad650feaf56 "HTTP/1.1 200 OK"
2026-01-15 00:42:32,971 - httpx - INFO - HTTP Request: GET http://procure-x.testmcp.org/history/a34116ff-de82-4d8b-af42-bad650feaf56 "HTTP/1.1 200 OK"
2026-01-15 00:42:33,197 - httpx - INFO - HTTP Request: GET http://procure-x.testmcp.org/history/f6da6753-5bd3-4e0a-bef3-e1e8f572038d "HTTP/1.1 200 OK"
2026-01-15 00:42:33,995 - httpx - INFO - HTTP Request: GET http://procure-x.testmcp.org/history/a34116ff-de82-4d8b-af42-bad650feaf56 "HTTP/1.1 200 OK"
2026-01-15 00:42:34,221 - httpx - INFO - HTTP Request: GET http://procure-x.testmcp.org/history/f6da6753-5bd3-4e0a-bef3-e1e8f572038d "HTTP/1.1 200 OK"
2026-01-15 00:42:35,023 - httpx - INFO - HTTP Request: GET http://procure-x.testmcp.org/history/a34116ff-de82-4d8b-af42-bad650feaf56 "HTTP/1.1 200 OK"
2026-01-15 00:42:35,247 - httpx - INFO - HTTP Request: GET http://procure-x.testmcp.org/history/f6da6753-5bd3-4e0a-bef3-e1e8f572038d "HTTP/1.1 200 OK"
2026-01-15 00:42:36,056 - httpx - INFO - HTTP Request: GET http://procure-x.testmcp.org/history/a34116ff-de82-4d8b-af42-bad650feaf56 "HTTP/1.1 200 OK"
2026-01-15 00:42:36,272 - httpx - INFO - HTTP Request: GET http://procure-x.testmcp.org/history/f6da6753-5bd3-4e0a-bef3-e1e8f572038d "HTTP/1.1 200 OK"
2026-01-15 00:42:37,079 - httpx - INFO - HTTP Request: GET http://procure-x.testmcp.org/history/a34116ff-de82-4d8b-af42-bad650feaf56 "HTTP/1.1 200 OK"
2026-01-15 00:42:37,298 - httpx - INFO - HTTP Request: GET http://procure-x.testmcp.org/history/f6da6753-5bd3-4e0a-bef3-e1e8f572038d "HTTP/1.1 200 OK"
2026-01-15 00:42:38,101 - httpx - INFO - HTTP Request: GET http://procure-x.testmcp.org/history/a34116ff-de82-4d8b-af42-bad650feaf56 "HTTP/1.1 200 OK"
2026-01-15 00:42:38,321 - httpx - INFO - HTTP Request: GET http://procure-x.testmcp.org/history/f6da6753-5bd3-4e0a-bef3-e1e8f572038d "HTTP/1.1 200 OK"
2026-01-15 00:42:39,129 - httpx - INFO - HTTP Request: GET http://procure-x.testmcp.org/history/a34116ff-de82-4d8b-af42-bad650feaf56 "HTTP/1.1 200 OK"
2026-01-15 00:42:39,343 - httpx - INFO - HTTP Request: GET http://procure-x.testmcp.org/history/f6da6753-5bd3-4e0a-bef3-e1e8f572038d "HTTP/1.1 200 OK"
2026-01-15 00:42:40,155 - httpx - INFO - HTTP Request: GET http://procure-x.testmcp.org/history/a34116ff-de82-4d8b-af42-bad650feaf56 "HTTP/1.1 200 OK"
2026-01-15 00:42:40,366 - httpx - INFO - HTTP Request: GET http://procure-x.testmcp.org/history/f6da6753-5bd3-4e0a-bef3-e1e8f572038d "HTTP/1.1 200 OK"
2026-01-15 00:42:41,179 - httpx - INFO - HTTP Request: GET http://procure-x.testmcp.org/history/a34116ff-de82-4d8b-af42-bad650feaf56 "HTTP/1.1 200 OK"
2026-01-15 00:42:41,391 - httpx - INFO - HTTP Request: GET http://procure-x.testmcp.org/history/f6da6753-5bd3-4e0a-bef3-e1e8f572038d "HTTP/1.1 200 OK"
2026-01-15 00:42:42,204 - httpx - INFO - HTTP Request: GET http://procure-x.testmcp.org/history/a34116ff-de82-4d8b-af42-bad650feaf56 "HTTP/1.1 200 OK"
2026-01-15 00:42:42,415 - httpx - INFO - HTTP Request: GET http://procure-x.testmcp.org/history/f6da6753-5bd3-4e0a-bef3-e1e8f572038d "HTTP/1.1 200 OK"
2026-01-15 00:42:43,230 - httpx - INFO - HTTP Request: GET http://procure-x.testmcp.org/history/a34116ff-de82-4d8b-af42-bad650feaf56 "HTTP/1.1 200 OK"
2026-01-15 00:42:43,441 - httpx - INFO - HTTP Request: GET http://procure-x.testmcp.org/history/f6da6753-5bd3-4e0a-bef3-e1e8f572038d "HTTP/1.1 200 OK"
2026-01-15 00:42:44,256 - httpx - INFO - HTTP Request: GET http://procure-x.testmcp.org/history/a34116ff-de82-4d8b-af42-bad650feaf56 "HTTP/1.1 200 OK"
2026-01-15 00:42:44,465 - httpx - INFO - HTTP Request: GET http://procure-x.testmcp.org/history/f6da6753-5bd3-4e0a-bef3-e1e8f572038d "HTTP/1.1 200 OK"
2026-01-15 00:42:45,278 - httpx - INFO - HTTP Request: GET http://procure-x.testmcp.org/history/a34116ff-de82-4d8b-af42-bad650feaf56 "HTTP/1.1 200 OK"
2026-01-15 00:42:45,485 - httpx - INFO - HTTP Request: GET http://procure-x.testmcp.org/history/f6da6753-5bd3-4e0a-bef3-e1e8f572038d "HTTP/1.1 200 OK"
2026-01-15 00:42:46,409 - httpx - INFO - HTTP Request: GET http://procure-x.testmcp.org/history/a34116ff-de82-4d8b-af42-bad650feaf56 "HTTP/1.1 200 OK"
2026-01-15 00:42:46,511 - httpx - INFO - HTTP Request: GET http://procure-x.testmcp.org/history/f6da6753-5bd3-4e0a-bef3-e1e8f572038d "HTTP/1.1 200 OK"
2026-01-15 00:42:47,431 - httpx - INFO - HTTP Request: GET http://procure-x.testmcp.org/history/a34116ff-de82-4d8b-af42-bad650feaf56 "HTTP/1.1 200 OK"
2026-01-15 00:42:47,537 - httpx - INFO - HTTP Request: GET http://procure-x.testmcp.org/history/f6da6753-5bd3-4e0a-bef3-e1e8f572038d "HTTP/1.1 200 OK"
2026-01-15 00:42:48,455 - httpx - INFO - HTTP Request: GET http://procure-x.testmcp.org/history/a34116ff-de82-4d8b-af42-bad650feaf56 "HTTP/1.1 200 OK"
2026-01-15 00:42:48,559 - httpx - INFO - HTTP Request: GET http://procure-x.testmcp.org/history/f6da6753-5bd3-4e0a-bef3-e1e8f572038d "HTTP/1.1 200 OK"
2026-01-15 00:42:49,476 - httpx - INFO - HTTP Request: GET http://procure-x.testmcp.org/history/a34116ff-de82-4d8b-af42-bad650feaf56 "HTTP/1.1 200 OK"
2026-01-15 00:42:49,582 - httpx - INFO - HTTP Request: GET http://procure-x.testmcp.org/history/f6da6753-5bd3-4e0a-bef3-e1e8f572038d "HTTP/1.1 200 OK"
2026-01-15 00:42:50,109 - temporal_gateway.clients.comfy.tracker - INFO - [WS] Execution completed successfully
2026-01-15 00:42:50,434 - httpx - INFO - HTTP Request: GET http://procure-x.testmcp.org/history/f6da6753-5bd3-4e0a-bef3-e1e8f572038d "HTTP/1.1 200 OK"
2026-01-15 00:42:50,438 - temporal_gateway.clients.comfy.tracker - INFO - Tracking completed: success (took 50.36s)
2026-01-15 00:42:50,438 - temporalio.activity - INFO - [V3] Workflow completed successfully ({'activity_id': '1', 'activity_type': 'execute_and_track_workflow', 'attempt': 1, 'namespace': 'default', 'task_queue': 'comfyui-gpu-farm', 'workflow_id': 'chain-image-edit-to-video-pipeline-d317a3be-8c1b-4a5f-8c21-ff528cab7efe-edit_frame1', 'workflow_run_id': '019bbdec-03ab-73f2-b5de-b9c7f820c8d8', 'workflow_type': 'ComfyUIWorkflow'})
2026-01-15 00:42:50,450 - temporalio.workflow - INFO - Execution completed successfully ({'attempt': 1, 'namespace': 'default', 'run_id': '019bbdec-03ab-73f2-b5de-b9c7f820c8d8', 'task_queue': 'comfyui-gpu-farm', 'workflow_id': 'chain-image-edit-to-video-pipeline-d317a3be-8c1b-4a5f-8c21-ff528cab7efe-edit_frame1', 'workflow_type': 'ComfyUIWorkflow'})
2026-01-15 00:42:50,458 - temporalio.activity - INFO - Extracting server output files ({'activity_id': '2', 'activity_type': 'get_server_output_files', 'attempt': 1, 'namespace': 'default', 'task_queue': 'comfyui-gpu-farm', 'workflow_id': 'chain-image-edit-to-video-pipeline-d317a3be-8c1b-4a5f-8c21-ff528cab7efe-edit_frame1', 'workflow_run_id': '019bbdec-03ab-73f2-b5de-b9c7f820c8d8', 'workflow_type': 'ComfyUIWorkflow'})
2026-01-15 00:42:50,459 - temporalio.activity - INFO - Found 1 output file(s) ({'activity_id': '2', 'activity_type': 'get_server_output_files', 'attempt': 1, 'namespace': 'default', 'task_queue': 'comfyui-gpu-farm', 'workflow_id': 'chain-image-edit-to-video-pipeline-d317a3be-8c1b-4a5f-8c21-ff528cab7efe-edit_frame1', 'workflow_run_id': '019bbdec-03ab-73f2-b5de-b9c7f820c8d8', 'workflow_type': 'ComfyUIWorkflow'})
2026-01-15 00:42:50,467 - temporalio.workflow - INFO - Found 1 server output file(s) ({'attempt': 1, 'namespace': 'default', 'run_id': '019bbdec-03ab-73f2-b5de-b9c7f820c8d8', 'task_queue': 'comfyui-gpu-farm', 'workflow_id': 'chain-image-edit-to-video-pipeline-d317a3be-8c1b-4a5f-8c21-ff528cab7efe-edit_frame1', 'workflow_type': 'ComfyUIWorkflow'})
2026-01-15 00:42:50,475 - temporalio.activity - INFO - Downloading and persisting 1 artifact(s) for workflow 63ab4edd-9fdc-4ada-a2b8-49c7cd9fac2d ({'activity_id': '3', 'activity_type': 'download_and_store_artifacts', 'attempt': 1, 'namespace': 'default', 'task_queue': 'comfyui-gpu-farm', 'workflow_id': 'chain-image-edit-to-video-pipeline-d317a3be-8c1b-4a5f-8c21-ff528cab7efe-edit_frame1', 'workflow_run_id': '019bbdec-03ab-73f2-b5de-b9c7f820c8d8', 'workflow_type': 'ComfyUIWorkflow'})
2026-01-15 00:42:50,521 - temporal_gateway.clients.comfy.client - INFO - ComfyUI client initialized for http://procure-x.testmcp.org
2026-01-15 00:42:50,544 - httpx - INFO - HTTP Request: GET http://procure-x.testmcp.org/history/a34116ff-de82-4d8b-af42-bad650feaf56 "HTTP/1.1 200 OK"
2026-01-15 00:42:50,589 - httpx - INFO - HTTP Request: GET http://procure-x.testmcp.org/view?filename=ComfyUI_00288_.png&type=output "HTTP/1.1 200 OK"
2026-01-15 00:42:50,817 - temporalio.activity - INFO - ✓ Saved artifact to DB: def36c28-526f-4d74-96bf-d71a52360a8d (ComfyUI_00288_.png) ({'activity_id': '3', 'activity_type': 'download_and_store_artifacts', 'attempt': 1, 'namespace': 'default', 'task_queue': 'comfyui-gpu-farm', 'workflow_id': 'chain-image-edit-to-video-pipeline-d317a3be-8c1b-4a5f-8c21-ff528cab7efe-edit_frame1', 'workflow_run_id': '019bbdec-03ab-73f2-b5de-b9c7f820c8d8', 'workflow_type': 'ComfyUIWorkflow'})
2026-01-15 00:42:50,820 - temporalio.activity - INFO - Downloaded and persisted 1 artifact(s) ({'activity_id': '3', 'activity_type': 'download_and_store_artifacts', 'attempt': 1, 'namespace': 'default', 'task_queue': 'comfyui-gpu-farm', 'workflow_id': 'chain-image-edit-to-video-pipeline-d317a3be-8c1b-4a5f-8c21-ff528cab7efe-edit_frame1', 'workflow_run_id': '019bbdec-03ab-73f2-b5de-b9c7f820c8d8', 'workflow_type': 'ComfyUIWorkflow'})
2026-01-15 00:42:50,836 - temporalio.workflow - INFO - Downloaded 1 file(s) locally ({'attempt': 1, 'namespace': 'default', 'run_id': '019bbdec-03ab-73f2-b5de-b9c7f820c8d8', 'task_queue': 'comfyui-gpu-farm', 'workflow_id': 'chain-image-edit-to-video-pipeline-d317a3be-8c1b-4a5f-8c21-ff528cab7efe-edit_frame1', 'workflow_type': 'ComfyUIWorkflow'})
2026-01-15 00:42:50,855 - temporalio.activity - INFO - Updating workflow 63ab4edd-9fdc-4ada-a2b8-49c7cd9fac2d status to: completed ({'activity_id': '33', 'activity_type': 'update_workflow_status_activity', 'attempt': 1, 'namespace': 'default', 'task_queue': 'comfyui-gpu-farm', 'workflow_id': 'chain-image-edit-to-video-pipeline-d317a3be-8c1b-4a5f-8c21-ff528cab7efe', 'workflow_run_id': '019bbdeb-e284-75e4-be3d-dcb2a6a88baf', 'workflow_type': 'ChainExecutorWorkflow'})
2026-01-15 00:42:50,858 - temporalio.activity - INFO - ✓ Updated workflow status ({'activity_id': '33', 'activity_type': 'update_workflow_status_activity', 'attempt': 1, 'namespace': 'default', 'task_queue': 'comfyui-gpu-farm', 'workflow_id': 'chain-image-edit-to-video-pipeline-d317a3be-8c1b-4a5f-8c21-ff528cab7efe', 'workflow_run_id': '019bbdeb-e284-75e4-be3d-dcb2a6a88baf', 'workflow_type': 'ChainExecutorWorkflow'})
2026-01-15 00:42:50,874 - temporalio.activity - INFO - Getting artifacts for workflow: 63ab4edd-9fdc-4ada-a2b8-49c7cd9fac2d ({'activity_id': '34', 'activity_type': 'get_workflow_artifacts', 'attempt': 1, 'namespace': 'default', 'task_queue': 'comfyui-gpu-farm', 'workflow_id': 'chain-image-edit-to-video-pipeline-d317a3be-8c1b-4a5f-8c21-ff528cab7efe', 'workflow_run_id': '019bbdeb-e284-75e4-be3d-dcb2a6a88baf', 'workflow_type': 'ChainExecutorWorkflow'})
2026-01-15 00:42:50,891 - temporalio.activity - INFO - Creating approval request for artifact: def36c28-526f-4d74-96bf-d71a52360a8d ({'activity_id': '35', 'activity_type': 'create_approval_request_activity', 'attempt': 1, 'namespace': 'default', 'task_queue': 'comfyui-gpu-farm', 'workflow_id': 'chain-image-edit-to-video-pipeline-d317a3be-8c1b-4a5f-8c21-ff528cab7efe', 'workflow_run_id': '019bbdeb-e284-75e4-be3d-dcb2a6a88baf', 'workflow_type': 'ChainExecutorWorkflow'})
2026-01-15 00:42:50,894 - temporalio.activity - INFO - ✓ Created approval request: 1a4ed6e9-e7d0-4558-af6a-f1c455f99f27, token: yyh01YgvwpLTqD_k... ({'activity_id': '35', 'activity_type': 'create_approval_request_activity', 'attempt': 1, 'namespace': 'default', 'task_queue': 'comfyui-gpu-farm', 'workflow_id': 'chain-image-edit-to-video-pipeline-d317a3be-8c1b-4a5f-8c21-ff528cab7efe', 'workflow_run_id': '019bbdeb-e284-75e4-be3d-dcb2a6a88baf', 'workflow_type': 'ChainExecutorWorkflow'})
2026-01-15 00:42:50,894 - temporal_gateway.services.broadcast - INFO - Published approval_requested to chain:6704aa7a-9653-4351-9877-80ad2e5d127a
2026-01-15 00:42:50,894 - temporalio.activity - INFO - Published approval_requested event for chain 6704aa7a-9653-4351-9877-80ad2e5d127a ({'activity_id': '35', 'activity_type': 'create_approval_request_activity', 'attempt': 1, 'namespace': 'default', 'task_queue': 'comfyui-gpu-farm', 'workflow_id': 'chain-image-edit-to-video-pipeline-d317a3be-8c1b-4a5f-8c21-ff528cab7efe', 'workflow_run_id': '019bbdeb-e284-75e4-be3d-dcb2a6a88baf', 'workflow_type': 'ChainExecutorWorkflow'})
2026-01-15 00:42:50,904 - temporalio.workflow - INFO - Step edit_frame1: Approval request created, token: yyh01YgvwpLTqD_k... ({'attempt': 1, 'namespace': 'default', 'run_id': '019bbdeb-e284-75e4-be3d-dcb2a6a88baf', 'task_queue': 'comfyui-gpu-farm', 'workflow_id': 'chain-image-edit-to-video-pipeline-d317a3be-8c1b-4a5f-8c21-ff528cab7efe', 'workflow_type': 'ChainExecutorWorkflow'})
2026-01-15 00:42:51,568 - httpx - INFO - HTTP Request: GET http://procure-x.testmcp.org/history/a34116ff-de82-4d8b-af42-bad650feaf56 "HTTP/1.1 200 OK"
2026-01-15 00:42:52,597 - httpx - INFO - HTTP Request: GET http://procure-x.testmcp.org/history/a34116ff-de82-4d8b-af42-bad650feaf56 "HTTP/1.1 200 OK"
2026-01-15 00:42:53,630 - httpx - INFO - HTTP Request: GET http://procure-x.testmcp.org/history/a34116ff-de82-4d8b-af42-bad650feaf56 "HTTP/1.1 200 OK"
2026-01-15 00:42:54,654 - httpx - INFO - HTTP Request: GET http://procure-x.testmcp.org/history/a34116ff-de82-4d8b-af42-bad650feaf56 "HTTP/1.1 200 OK"
2026-01-15 00:42:55,673 - httpx - INFO - HTTP Request: GET http://procure-x.testmcp.org/history/a34116ff-de82-4d8b-af42-bad650feaf56 "HTTP/1.1 200 OK"
2026-01-15 00:42:56,695 - httpx - INFO - HTTP Request: GET http://procure-x.testmcp.org/history/a34116ff-de82-4d8b-af42-bad650feaf56 "HTTP/1.1 200 OK"
2026-01-15 00:42:57,719 - httpx - INFO - HTTP Request: GET http://procure-x.testmcp.org/history/a34116ff-de82-4d8b-af42-bad650feaf56 "HTTP/1.1 200 OK"
2026-01-15 00:42:58,742 - httpx - INFO - HTTP Request: GET http://procure-x.testmcp.org/history/a34116ff-de82-4d8b-af42-bad650feaf56 "HTTP/1.1 200 OK"
2026-01-15 00:42:59,774 - httpx - INFO - HTTP Request: GET http://procure-x.testmcp.org/history/a34116ff-de82-4d8b-af42-bad650feaf56 "HTTP/1.1 200 OK"
2026-01-15 00:43:00,800 - httpx - INFO - HTTP Request: GET http://procure-x.testmcp.org/history/a34116ff-de82-4d8b-af42-bad650feaf56 "HTTP/1.1 200 OK"
2026-01-15 00:43:01,826 - httpx - INFO - HTTP Request: GET http://procure-x.testmcp.org/history/a34116ff-de82-4d8b-af42-bad650feaf56 "HTTP/1.1 200 OK"
2026-01-15 00:43:02,851 - httpx - INFO - HTTP Request: GET http://procure-x.testmcp.org/history/a34116ff-de82-4d8b-af42-bad650feaf56 "HTTP/1.1 200 OK"
2026-01-15 00:43:03,876 - httpx - INFO - HTTP Request: GET http://procure-x.testmcp.org/history/a34116ff-de82-4d8b-af42-bad650feaf56 "HTTP/1.1 200 OK"
2026-01-15 00:43:04,898 - httpx - INFO - HTTP Request: GET http://procure-x.testmcp.org/history/a34116ff-de82-4d8b-af42-bad650feaf56 "HTTP/1.1 200 OK"
2026-01-15 00:43:05,922 - httpx - INFO - HTTP Request: GET http://procure-x.testmcp.org/history/a34116ff-de82-4d8b-af42-bad650feaf56 "HTTP/1.1 200 OK"
2026-01-15 00:43:06,947 - httpx - INFO - HTTP Request: GET http://procure-x.testmcp.org/history/a34116ff-de82-4d8b-af42-bad650feaf56 "HTTP/1.1 200 OK"
2026-01-15 00:43:07,973 - httpx - INFO - HTTP Request: GET http://procure-x.testmcp.org/history/a34116ff-de82-4d8b-af42-bad650feaf56 "HTTP/1.1 200 OK"
2026-01-15 00:43:08,995 - httpx - INFO - HTTP Request: GET http://procure-x.testmcp.org/history/a34116ff-de82-4d8b-af42-bad650feaf56 "HTTP/1.1 200 OK"
2026-01-15 00:43:10,016 - httpx - INFO - HTTP Request: GET http://procure-x.testmcp.org/history/a34116ff-de82-4d8b-af42-bad650feaf56 "HTTP/1.1 200 OK"
2026-01-15 00:43:11,039 - httpx - INFO - HTTP Request: GET http://procure-x.testmcp.org/history/a34116ff-de82-4d8b-af42-bad650feaf56 "HTTP/1.1 200 OK"
2026-01-15 00:43:12,062 - httpx - INFO - HTTP Request: GET http://procure-x.testmcp.org/history/a34116ff-de82-4d8b-af42-bad650feaf56 "HTTP/1.1 200 OK"
2026-01-15 00:43:13,086 - httpx - INFO - HTTP Request: GET http://procure-x.testmcp.org/history/a34116ff-de82-4d8b-af42-bad650feaf56 "HTTP/1.1 200 OK"
2026-01-15 00:43:14,115 - httpx - INFO - HTTP Request: GET http://procure-x.testmcp.org/history/a34116ff-de82-4d8b-af42-bad650feaf56 "HTTP/1.1 200 OK"
2026-01-15 00:43:15,145 - httpx - INFO - HTTP Request: GET http://procure-x.testmcp.org/history/a34116ff-de82-4d8b-af42-bad650feaf56 "HTTP/1.1 200 OK"
2026-01-15 00:43:16,171 - httpx - INFO - HTTP Request: GET http://procure-x.testmcp.org/history/a34116ff-de82-4d8b-af42-bad650feaf56 "HTTP/1.1 200 OK"
2026-01-15 00:43:16,941 - temporal_gateway.clients.comfy.tracker - INFO - [WS] Execution completed successfully
2026-01-15 00:43:17,185 - httpx - INFO - HTTP Request: GET http://procure-x.testmcp.org/history/a34116ff-de82-4d8b-af42-bad650feaf56 "HTTP/1.1 200 OK"
2026-01-15 00:43:17,189 - temporal_gateway.clients.comfy.tracker - INFO - Tracking completed: success (took 77.05s)
2026-01-15 00:43:17,190 - temporalio.activity - INFO - [V3] Workflow completed successfully ({'activity_id': '1', 'activity_type': 'execute_and_track_workflow', 'attempt': 1, 'namespace': 'default', 'task_queue': 'comfyui-gpu-farm', 'workflow_id': 'chain-image-edit-to-video-pipeline-d317a3be-8c1b-4a5f-8c21-ff528cab7efe-edit_frame2', 'workflow_run_id': '019bbdec-03a1-7222-aedf-96fd755b3d70', 'workflow_type': 'ComfyUIWorkflow'})
2026-01-15 00:43:17,229 - temporalio.workflow - INFO - Execution completed successfully ({'attempt': 1, 'namespace': 'default', 'run_id': '019bbdec-03a1-7222-aedf-96fd755b3d70', 'task_queue': 'comfyui-gpu-farm', 'workflow_id': 'chain-image-edit-to-video-pipeline-d317a3be-8c1b-4a5f-8c21-ff528cab7efe-edit_frame2', 'workflow_type': 'ComfyUIWorkflow'})
2026-01-15 00:43:17,237 - temporalio.activity - INFO - Extracting server output files ({'activity_id': '2', 'activity_type': 'get_server_output_files', 'attempt': 1, 'namespace': 'default', 'task_queue': 'comfyui-gpu-farm', 'workflow_id': 'chain-image-edit-to-video-pipeline-d317a3be-8c1b-4a5f-8c21-ff528cab7efe-edit_frame2', 'workflow_run_id': '019bbdec-03a1-7222-aedf-96fd755b3d70', 'workflow_type': 'ComfyUIWorkflow'})
2026-01-15 00:43:17,237 - temporalio.activity - INFO - Found 1 output file(s) ({'activity_id': '2', 'activity_type': 'get_server_output_files', 'attempt': 1, 'namespace': 'default', 'task_queue': 'comfyui-gpu-farm', 'workflow_id': 'chain-image-edit-to-video-pipeline-d317a3be-8c1b-4a5f-8c21-ff528cab7efe-edit_frame2', 'workflow_run_id': '019bbdec-03a1-7222-aedf-96fd755b3d70', 'workflow_type': 'ComfyUIWorkflow'})
2026-01-15 00:43:17,246 - temporalio.workflow - INFO - Found 1 server output file(s) ({'attempt': 1, 'namespace': 'default', 'run_id': '019bbdec-03a1-7222-aedf-96fd755b3d70', 'task_queue': 'comfyui-gpu-farm', 'workflow_id': 'chain-image-edit-to-video-pipeline-d317a3be-8c1b-4a5f-8c21-ff528cab7efe-edit_frame2', 'workflow_type': 'ComfyUIWorkflow'})
2026-01-15 00:43:17,253 - temporalio.activity - INFO - Downloading and persisting 1 artifact(s) for workflow ef1873f4-732b-42b2-a1fe-9e78d5e20d6f ({'activity_id': '3', 'activity_type': 'download_and_store_artifacts', 'attempt': 1, 'namespace': 'default', 'task_queue': 'comfyui-gpu-farm', 'workflow_id': 'chain-image-edit-to-video-pipeline-d317a3be-8c1b-4a5f-8c21-ff528cab7efe-edit_frame2', 'workflow_run_id': '019bbdec-03a1-7222-aedf-96fd755b3d70', 'workflow_type': 'ComfyUIWorkflow'})
2026-01-15 00:43:17,296 - temporal_gateway.clients.comfy.client - INFO - ComfyUI client initialized for http://procure-x.testmcp.org
2026-01-15 00:43:17,341 - httpx - INFO - HTTP Request: GET http://procure-x.testmcp.org/view?filename=ComfyUI_00289_.png&type=output "HTTP/1.1 200 OK"
2026-01-15 00:43:17,500 - temporalio.activity - INFO - ✓ Saved artifact to DB: e9c1cf0f-0fc5-4a27-a527-2d1c9bc5b958 (ComfyUI_00289_.png) ({'activity_id': '3', 'activity_type': 'download_and_store_artifacts', 'attempt': 1, 'namespace': 'default', 'task_queue': 'comfyui-gpu-farm', 'workflow_id': 'chain-image-edit-to-video-pipeline-d317a3be-8c1b-4a5f-8c21-ff528cab7efe-edit_frame2', 'workflow_run_id': '019bbdec-03a1-7222-aedf-96fd755b3d70', 'workflow_type': 'ComfyUIWorkflow'})
2026-01-15 00:43:17,502 - temporalio.activity - INFO - Downloaded and persisted 1 artifact(s) ({'activity_id': '3', 'activity_type': 'download_and_store_artifacts', 'attempt': 1, 'namespace': 'default', 'task_queue': 'comfyui-gpu-farm', 'workflow_id': 'chain-image-edit-to-video-pipeline-d317a3be-8c1b-4a5f-8c21-ff528cab7efe-edit_frame2', 'workflow_run_id': '019bbdec-03a1-7222-aedf-96fd755b3d70', 'workflow_type': 'ComfyUIWorkflow'})
2026-01-15 00:43:17,515 - temporalio.workflow - INFO - Downloaded 1 file(s) locally ({'attempt': 1, 'namespace': 'default', 'run_id': '019bbdec-03a1-7222-aedf-96fd755b3d70', 'task_queue': 'comfyui-gpu-farm', 'workflow_id': 'chain-image-edit-to-video-pipeline-d317a3be-8c1b-4a5f-8c21-ff528cab7efe-edit_frame2', 'workflow_type': 'ComfyUIWorkflow'})
2026-01-15 00:43:17,535 - temporalio.activity - INFO - Updating workflow ef1873f4-732b-42b2-a1fe-9e78d5e20d6f status to: completed ({'activity_id': '36', 'activity_type': 'update_workflow_status_activity', 'attempt': 1, 'namespace': 'default', 'task_queue': 'comfyui-gpu-farm', 'workflow_id': 'chain-image-edit-to-video-pipeline-d317a3be-8c1b-4a5f-8c21-ff528cab7efe', 'workflow_run_id': '019bbdeb-e284-75e4-be3d-dcb2a6a88baf', 'workflow_type': 'ChainExecutorWorkflow'})
2026-01-15 00:43:17,538 - temporalio.activity - INFO - ✓ Updated workflow status ({'activity_id': '36', 'activity_type': 'update_workflow_status_activity', 'attempt': 1, 'namespace': 'default', 'task_queue': 'comfyui-gpu-farm', 'workflow_id': 'chain-image-edit-to-video-pipeline-d317a3be-8c1b-4a5f-8c21-ff528cab7efe', 'workflow_run_id': '019bbdeb-e284-75e4-be3d-dcb2a6a88baf', 'workflow_type': 'ChainExecutorWorkflow'})
2026-01-15 00:43:17,553 - temporalio.activity - INFO - Getting artifacts for workflow: ef1873f4-732b-42b2-a1fe-9e78d5e20d6f ({'activity_id': '37', 'activity_type': 'get_workflow_artifacts', 'attempt': 1, 'namespace': 'default', 'task_queue': 'comfyui-gpu-farm', 'workflow_id': 'chain-image-edit-to-video-pipeline-d317a3be-8c1b-4a5f-8c21-ff528cab7efe', 'workflow_run_id': '019bbdeb-e284-75e4-be3d-dcb2a6a88baf', 'workflow_type': 'ChainExecutorWorkflow'})
2026-01-15 00:43:17,569 - temporalio.activity - INFO - Creating approval request for artifact: e9c1cf0f-0fc5-4a27-a527-2d1c9bc5b958 ({'activity_id': '38', 'activity_type': 'create_approval_request_activity', 'attempt': 1, 'namespace': 'default', 'task_queue': 'comfyui-gpu-farm', 'workflow_id': 'chain-image-edit-to-video-pipeline-d317a3be-8c1b-4a5f-8c21-ff528cab7efe', 'workflow_run_id': '019bbdeb-e284-75e4-be3d-dcb2a6a88baf', 'workflow_type': 'ChainExecutorWorkflow'})
2026-01-15 00:43:17,573 - temporalio.activity - INFO - ✓ Created approval request: af9edda5-3a3e-46cb-9d1b-55b160e68c8f, token: YBSOI_HHoJI-m_2j... ({'activity_id': '38', 'activity_type': 'create_approval_request_activity', 'attempt': 1, 'namespace': 'default', 'task_queue': 'comfyui-gpu-farm', 'workflow_id': 'chain-image-edit-to-video-pipeline-d317a3be-8c1b-4a5f-8c21-ff528cab7efe', 'workflow_run_id': '019bbdeb-e284-75e4-be3d-dcb2a6a88baf', 'workflow_type': 'ChainExecutorWorkflow'})
2026-01-15 00:43:17,573 - temporal_gateway.services.broadcast - INFO - Published approval_requested to chain:6704aa7a-9653-4351-9877-80ad2e5d127a
2026-01-15 00:43:17,573 - temporalio.activity - INFO - Published approval_requested event for chain 6704aa7a-9653-4351-9877-80ad2e5d127a ({'activity_id': '38', 'activity_type': 'create_approval_request_activity', 'attempt': 1, 'namespace': 'default', 'task_queue': 'comfyui-gpu-farm', 'workflow_id': 'chain-image-edit-to-video-pipeline-d317a3be-8c1b-4a5f-8c21-ff528cab7efe', 'workflow_run_id': '019bbdeb-e284-75e4-be3d-dcb2a6a88baf', 'workflow_type': 'ChainExecutorWorkflow'})
2026-01-15 00:43:17,583 - temporalio.workflow - INFO - Step edit_frame2: Approval request created, token: YBSOI_HHoJI-m_2j... ({'attempt': 1, 'namespace': 'default', 'run_id': '019bbdeb-e284-75e4-be3d-dcb2a6a88baf', 'task_queue': 'comfyui-gpu-farm', 'workflow_id': 'chain-image-edit-to-video-pipeline-d317a3be-8c1b-4a5f-8c21-ff528cab7efe', 'workflow_type': 'ChainExecutorWorkflow'})
2026-01-15 01:13:06,570 - temporalio.worker._worker - INFO - Worker cancelled, shutting down
2026-01-15 01:13:06,571 - temporalio.worker._worker - INFO - Beginning worker shutdown, will wait 0:00:00 before cancelling activities
