2026-01-13 11:03:31,094 - worker - INFO - Initializing artifact database...
2026-01-13 11:03:31,141 - worker - INFO - Database initialized
2026-01-13 11:03:31,141 - worker - INFO - Connecting to Redis for event broadcasting...
2026-01-13 11:03:31,184 - temporal_gateway.services.broadcast - INFO - Created broadcast instance for redis://localhost:6379
2026-01-13 11:03:31,187 - temporal_gateway.services.broadcast - INFO - Broadcast connected to Redis
2026-01-13 11:03:31,187 - worker - INFO - Redis broadcast connected
2026-01-13 11:03:31,187 - worker - INFO - Loading server registry...
2026-01-13 11:03:31,187 - temporal_gateway.servers.registry - INFO - Registered server: procure-x (comfyui)
2026-01-13 11:03:31,187 - temporal_gateway.servers.registry - INFO - Loaded 1 servers from config
2026-01-13 11:03:31,187 - worker - INFO - Registered 1 servers
2026-01-13 11:03:31,187 - worker - INFO -   Server: procure-x (comfyui)
2026-01-13 11:03:31,339 - worker - INFO - ============================================================
2026-01-13 11:03:31,340 - worker - INFO - 🔧 Temporal Worker Started
2026-01-13 11:03:31,340 - worker - INFO - ============================================================
2026-01-13 11:03:31,340 - worker - INFO - Connected to Temporal: localhost:7233
2026-01-13 11:03:31,340 - worker - INFO - Task Queue: comfyui-gpu-farm
2026-01-13 11:03:31,340 - worker - INFO - Workflows: ['ComfyUIWorkflow', 'ChainExecutorWorkflow']
2026-01-13 11:03:31,340 - worker - INFO - Log file: /home/jaskirat/Documents/comfyautomate/temporal_gateway/logs/worker_20260113_053331.log
2026-01-13 11:03:31,340 - worker - INFO - ============================================================
2026-01-13 11:03:31,340 - worker - INFO - Worker is running. Press Ctrl+C to stop.
2026-01-13 11:03:34,569 - temporalio.workflow - INFO - Starting chain execution: image-edit-to-video-pipeline ({'attempt': 1, 'namespace': 'default', 'run_id': '019bb5d8-5dd2-7d48-8285-386a4f303be1', 'task_queue': 'comfyui-gpu-farm', 'workflow_id': 'chain-image-edit-to-video-pipeline-47711261-967c-4b1b-9e32-dec4622c5bfb', 'workflow_type': 'ChainExecutorWorkflow'})
2026-01-13 11:03:34,569 - temporalio.workflow - INFO - Retry number: 0 ({'attempt': 1, 'namespace': 'default', 'run_id': '019bb5d8-5dd2-7d48-8285-386a4f303be1', 'task_queue': 'comfyui-gpu-farm', 'workflow_id': 'chain-image-edit-to-video-pipeline-47711261-967c-4b1b-9e32-dec4622c5bfb', 'workflow_type': 'ChainExecutorWorkflow'})
2026-01-13 11:03:34,569 - temporalio.workflow - INFO - Cached steps: [] ({'attempt': 1, 'namespace': 'default', 'run_id': '019bb5d8-5dd2-7d48-8285-386a4f303be1', 'task_queue': 'comfyui-gpu-farm', 'workflow_id': 'chain-image-edit-to-video-pipeline-47711261-967c-4b1b-9e32-dec4622c5bfb', 'workflow_type': 'ChainExecutorWorkflow'})
2026-01-13 11:03:34,569 - temporalio.workflow - INFO - Total levels: 3 ({'attempt': 1, 'namespace': 'default', 'run_id': '019bb5d8-5dd2-7d48-8285-386a4f303be1', 'task_queue': 'comfyui-gpu-farm', 'workflow_id': 'chain-image-edit-to-video-pipeline-47711261-967c-4b1b-9e32-dec4622c5bfb', 'workflow_type': 'ChainExecutorWorkflow'})
2026-01-13 11:03:34,570 - temporalio.workflow - INFO - Using chain ID: 749a87f0-92ea-47b6-875a-b343325d81f8 ({'attempt': 1, 'namespace': 'default', 'run_id': '019bb5d8-5dd2-7d48-8285-386a4f303be1', 'task_queue': 'comfyui-gpu-farm', 'workflow_id': 'chain-image-edit-to-video-pipeline-47711261-967c-4b1b-9e32-dec4622c5bfb', 'workflow_type': 'ChainExecutorWorkflow'})
2026-01-13 11:03:34,582 - temporalio.activity - INFO - Updating chain 749a87f0-92ea-47b6-875a-b343325d81f8 status to: executing_level_0 ({'activity_id': '1', 'activity_type': 'update_chain_status_activity', 'attempt': 1, 'namespace': 'default', 'task_queue': 'comfyui-gpu-farm', 'workflow_id': 'chain-image-edit-to-video-pipeline-47711261-967c-4b1b-9e32-dec4622c5bfb', 'workflow_run_id': '019bb5d8-5dd2-7d48-8285-386a4f303be1', 'workflow_type': 'ChainExecutorWorkflow'})
2026-01-13 11:03:34,613 - temporalio.activity - INFO - ✓ Updated chain status ({'activity_id': '1', 'activity_type': 'update_chain_status_activity', 'attempt': 1, 'namespace': 'default', 'task_queue': 'comfyui-gpu-farm', 'workflow_id': 'chain-image-edit-to-video-pipeline-47711261-967c-4b1b-9e32-dec4622c5bfb', 'workflow_run_id': '019bb5d8-5dd2-7d48-8285-386a4f303be1', 'workflow_type': 'ChainExecutorWorkflow'})
2026-01-13 11:03:34,623 - temporalio.workflow - INFO - Level 0: Executing 2 step(s) ({'attempt': 1, 'namespace': 'default', 'run_id': '019bb5d8-5dd2-7d48-8285-386a4f303be1', 'task_queue': 'comfyui-gpu-farm', 'workflow_id': 'chain-image-edit-to-video-pipeline-47711261-967c-4b1b-9e32-dec4622c5bfb', 'workflow_type': 'ChainExecutorWorkflow'})
2026-01-13 11:03:34,624 - temporalio.workflow - INFO - Executing step: extract_frame1 ({'attempt': 1, 'namespace': 'default', 'run_id': '019bb5d8-5dd2-7d48-8285-386a4f303be1', 'task_queue': 'comfyui-gpu-farm', 'workflow_id': 'chain-image-edit-to-video-pipeline-47711261-967c-4b1b-9e32-dec4622c5bfb', 'workflow_type': 'ChainExecutorWorkflow'})
2026-01-13 11:03:34,624 - temporalio.workflow - INFO - Executing step: extract_frame2 ({'attempt': 1, 'namespace': 'default', 'run_id': '019bb5d8-5dd2-7d48-8285-386a4f303be1', 'task_queue': 'comfyui-gpu-farm', 'workflow_id': 'chain-image-edit-to-video-pipeline-47711261-967c-4b1b-9e32-dec4622c5bfb', 'workflow_type': 'ChainExecutorWorkflow'})
2026-01-13 11:03:34,633 - temporalio.activity - INFO - Resolving templates in parameters ({'activity_id': '3', 'activity_type': 'resolve_chain_templates', 'attempt': 1, 'namespace': 'default', 'task_queue': 'comfyui-gpu-farm', 'workflow_id': 'chain-image-edit-to-video-pipeline-47711261-967c-4b1b-9e32-dec4622c5bfb', 'workflow_run_id': '019bb5d8-5dd2-7d48-8285-386a4f303be1', 'workflow_type': 'ChainExecutorWorkflow'})
2026-01-13 11:03:34,634 - temporalio.activity - INFO - Templates resolved successfully ({'activity_id': '3', 'activity_type': 'resolve_chain_templates', 'attempt': 1, 'namespace': 'default', 'task_queue': 'comfyui-gpu-farm', 'workflow_id': 'chain-image-edit-to-video-pipeline-47711261-967c-4b1b-9e32-dec4622c5bfb', 'workflow_run_id': '019bb5d8-5dd2-7d48-8285-386a4f303be1', 'workflow_type': 'ChainExecutorWorkflow'})
2026-01-13 11:03:34,635 - temporalio.activity - INFO - Resolving templates in parameters ({'activity_id': '2', 'activity_type': 'resolve_chain_templates', 'attempt': 1, 'namespace': 'default', 'task_queue': 'comfyui-gpu-farm', 'workflow_id': 'chain-image-edit-to-video-pipeline-47711261-967c-4b1b-9e32-dec4622c5bfb', 'workflow_run_id': '019bb5d8-5dd2-7d48-8285-386a4f303be1', 'workflow_type': 'ChainExecutorWorkflow'})
2026-01-13 11:03:34,636 - temporalio.activity - INFO - Templates resolved successfully ({'activity_id': '2', 'activity_type': 'resolve_chain_templates', 'attempt': 1, 'namespace': 'default', 'task_queue': 'comfyui-gpu-farm', 'workflow_id': 'chain-image-edit-to-video-pipeline-47711261-967c-4b1b-9e32-dec4622c5bfb', 'workflow_run_id': '019bb5d8-5dd2-7d48-8285-386a4f303be1', 'workflow_type': 'ChainExecutorWorkflow'})
2026-01-13 11:03:34,646 - temporalio.workflow - INFO - Step extract_frame2: Resolved parameters ({'attempt': 1, 'namespace': 'default', 'run_id': '019bb5d8-5dd2-7d48-8285-386a4f303be1', 'task_queue': 'comfyui-gpu-farm', 'workflow_id': 'chain-image-edit-to-video-pipeline-47711261-967c-4b1b-9e32-dec4622c5bfb', 'workflow_type': 'ChainExecutorWorkflow'})
2026-01-13 11:03:34,647 - temporalio.workflow - INFO - Step extract_frame1: Resolved parameters ({'attempt': 1, 'namespace': 'default', 'run_id': '019bb5d8-5dd2-7d48-8285-386a4f303be1', 'task_queue': 'comfyui-gpu-farm', 'workflow_id': 'chain-image-edit-to-video-pipeline-47711261-967c-4b1b-9e32-dec4622c5bfb', 'workflow_type': 'ChainExecutorWorkflow'})
2026-01-13 11:03:34,656 - temporalio.activity - INFO - Applying parameters to workflow: imageSave ({'activity_id': '5', 'activity_type': 'apply_workflow_parameters', 'attempt': 1, 'namespace': 'default', 'task_queue': 'comfyui-gpu-farm', 'workflow_id': 'chain-image-edit-to-video-pipeline-47711261-967c-4b1b-9e32-dec4622c5bfb', 'workflow_run_id': '019bb5d8-5dd2-7d48-8285-386a4f303be1', 'workflow_type': 'ChainExecutorWorkflow'})
2026-01-13 11:03:34,656 - temporal_gateway.registry - INFO - WorkflowRegistry initialized: /home/jaskirat/Documents/comfyautomate/templates
2026-01-13 11:03:34,657 - temporal_gateway.registry - INFO - ✓ fluxdev: Loading from override file
2026-01-13 11:03:34,657 - temporal_gateway.registry - INFO -   Loaded 13 parameters from override file
2026-01-13 11:03:34,658 - temporal_gateway.registry - INFO - ✓ firstEndTovideo: Loading from override file
2026-01-13 11:03:34,658 - temporal_gateway.registry - INFO -   Loaded 44 parameters from override file
2026-01-13 11:03:34,659 - temporal_gateway.registry - INFO - ✓ image_qwen_edit: Loading from override file
2026-01-13 11:03:34,659 - temporal_gateway.registry - INFO -   Loaded 27 parameters from override file
2026-01-13 11:03:34,660 - temporal_gateway.registry - INFO - ✓ video_wan2_2_14B_fun_camera_test: Loading from override file
2026-01-13 11:03:34,660 - temporal_gateway.registry - INFO -   Loaded 49 parameters from override file
2026-01-13 11:03:34,661 - temporal_gateway.registry - INFO - ✓ qwen_image_edit: Loading from override file
2026-01-13 11:03:34,661 - temporal_gateway.registry - INFO -   Loaded 25 parameters from override file
2026-01-13 11:03:34,662 - temporal_gateway.registry - INFO - ✓ video_wan2_2_14B_i2v: Loading from override file
2026-01-13 11:03:34,663 - temporal_gateway.registry - INFO -   Loaded 43 parameters from override file
2026-01-13 11:03:34,663 - temporal_gateway.registry - INFO - ✓ imageSave: Loading from override file
2026-01-13 11:03:34,663 - temporal_gateway.registry - INFO -   Loaded 9 parameters from override file
2026-01-13 11:03:34,663 - temporal_gateway.registry - INFO - Discovery complete: 7 workflows, 0 generated, 7 loaded, 0 regenerated
2026-01-13 11:03:34,664 - temporal_gateway.registry - INFO - Applied override: 1.frame_load_cap = 1
2026-01-13 11:03:34,664 - temporal_gateway.registry - INFO - Applied override: 1.select_every_nth = 1
2026-01-13 11:03:34,664 - temporal_gateway.registry - INFO - Applied override: 1.skip_first_frames = 0
2026-01-13 11:03:34,664 - temporal_gateway.registry - INFO - Applied override: 1.video = ComfyUI_00012_.mp4
2026-01-13 11:03:34,664 - temporalio.activity - INFO - Parameters applied successfully ({'activity_id': '5', 'activity_type': 'apply_workflow_parameters', 'attempt': 1, 'namespace': 'default', 'task_queue': 'comfyui-gpu-farm', 'workflow_id': 'chain-image-edit-to-video-pipeline-47711261-967c-4b1b-9e32-dec4622c5bfb', 'workflow_run_id': '019bb5d8-5dd2-7d48-8285-386a4f303be1', 'workflow_type': 'ChainExecutorWorkflow'})
2026-01-13 11:03:34,665 - temporalio.activity - INFO - Applying parameters to workflow: imageSave ({'activity_id': '4', 'activity_type': 'apply_workflow_parameters', 'attempt': 1, 'namespace': 'default', 'task_queue': 'comfyui-gpu-farm', 'workflow_id': 'chain-image-edit-to-video-pipeline-47711261-967c-4b1b-9e32-dec4622c5bfb', 'workflow_run_id': '019bb5d8-5dd2-7d48-8285-386a4f303be1', 'workflow_type': 'ChainExecutorWorkflow'})
2026-01-13 11:03:34,665 - temporal_gateway.registry - INFO - Applied override: 1.frame_load_cap = 1
2026-01-13 11:03:34,665 - temporal_gateway.registry - INFO - Applied override: 1.select_every_nth = 1
2026-01-13 11:03:34,665 - temporal_gateway.registry - INFO - Applied override: 1.skip_first_frames = 172
2026-01-13 11:03:34,665 - temporal_gateway.registry - INFO - Applied override: 1.video = ComfyUI_00012_.mp4
2026-01-13 11:03:34,665 - temporalio.activity - INFO - Parameters applied successfully ({'activity_id': '4', 'activity_type': 'apply_workflow_parameters', 'attempt': 1, 'namespace': 'default', 'task_queue': 'comfyui-gpu-farm', 'workflow_id': 'chain-image-edit-to-video-pipeline-47711261-967c-4b1b-9e32-dec4622c5bfb', 'workflow_run_id': '019bb5d8-5dd2-7d48-8285-386a4f303be1', 'workflow_type': 'ChainExecutorWorkflow'})
2026-01-13 11:03:34,684 - temporalio.activity - INFO - Selecting server with strategy: least_loaded ({'activity_id': '7', 'activity_type': 'select_best_server', 'attempt': 1, 'namespace': 'default', 'task_queue': 'comfyui-gpu-farm', 'workflow_id': 'chain-image-edit-to-video-pipeline-47711261-967c-4b1b-9e32-dec4622c5bfb', 'workflow_run_id': '019bb5d8-5dd2-7d48-8285-386a4f303be1', 'workflow_type': 'ChainExecutorWorkflow'})
2026-01-13 11:03:34,777 - temporalio.activity - INFO - Selecting server with strategy: least_loaded ({'activity_id': '6', 'activity_type': 'select_best_server', 'attempt': 1, 'namespace': 'default', 'task_queue': 'comfyui-gpu-farm', 'workflow_id': 'chain-image-edit-to-video-pipeline-47711261-967c-4b1b-9e32-dec4622c5bfb', 'workflow_run_id': '019bb5d8-5dd2-7d48-8285-386a4f303be1', 'workflow_type': 'ChainExecutorWorkflow'})
2026-01-13 11:03:34,895 - httpx - INFO - HTTP Request: GET http://procure-x.testmcp.org/system_stats "HTTP/1.1 200 OK"
2026-01-13 11:03:34,912 - httpx - INFO - HTTP Request: GET http://procure-x.testmcp.org/system_stats "HTTP/1.1 200 OK"
2026-01-13 11:03:34,918 - httpx - INFO - HTTP Request: GET http://procure-x.testmcp.org/queue "HTTP/1.1 200 OK"
2026-01-13 11:03:34,920 - temporal_gateway.servers.load_balancer - INFO - Selected server procure-x (queue_depth=0, gpu_mem=0.0%)
2026-01-13 11:03:34,921 - temporalio.activity - INFO - Selected server: procure-x (http://procure-x.testmcp.org) ({'activity_id': '7', 'activity_type': 'select_best_server', 'attempt': 1, 'namespace': 'default', 'task_queue': 'comfyui-gpu-farm', 'workflow_id': 'chain-image-edit-to-video-pipeline-47711261-967c-4b1b-9e32-dec4622c5bfb', 'workflow_run_id': '019bb5d8-5dd2-7d48-8285-386a4f303be1', 'workflow_type': 'ChainExecutorWorkflow'})
2026-01-13 11:03:34,932 - temporalio.workflow - INFO - Step extract_frame2: Selected target server: http://procure-x.testmcp.org ({'attempt': 1, 'namespace': 'default', 'run_id': '019bb5d8-5dd2-7d48-8285-386a4f303be1', 'task_queue': 'comfyui-gpu-farm', 'workflow_id': 'chain-image-edit-to-video-pipeline-47711261-967c-4b1b-9e32-dec4622c5bfb', 'workflow_type': 'ChainExecutorWorkflow'})
2026-01-13 11:03:34,941 - httpx - INFO - HTTP Request: GET http://procure-x.testmcp.org/queue "HTTP/1.1 200 OK"
2026-01-13 11:03:34,942 - temporalio.activity - INFO - Creating workflow record: imageSave (prompt: pending) ({'activity_id': '8', 'activity_type': 'create_workflow_record', 'attempt': 1, 'namespace': 'default', 'task_queue': 'comfyui-gpu-farm', 'workflow_id': 'chain-image-edit-to-video-pipeline-47711261-967c-4b1b-9e32-dec4622c5bfb', 'workflow_run_id': '019bb5d8-5dd2-7d48-8285-386a4f303be1', 'workflow_type': 'ChainExecutorWorkflow'})
2026-01-13 11:03:34,952 - temporalio.activity - INFO - ✓ Created workflow record: ca5a7eab-50cc-473c-b9ec-ca22918b10d3 ({'activity_id': '8', 'activity_type': 'create_workflow_record', 'attempt': 1, 'namespace': 'default', 'task_queue': 'comfyui-gpu-farm', 'workflow_id': 'chain-image-edit-to-video-pipeline-47711261-967c-4b1b-9e32-dec4622c5bfb', 'workflow_run_id': '019bb5d8-5dd2-7d48-8285-386a4f303be1', 'workflow_type': 'ChainExecutorWorkflow'})
2026-01-13 11:03:34,954 - temporal_gateway.servers.load_balancer - INFO - Selected server procure-x (queue_depth=0, gpu_mem=0.0%)
2026-01-13 11:03:34,954 - temporalio.activity - INFO - Selected server: procure-x (http://procure-x.testmcp.org) ({'activity_id': '6', 'activity_type': 'select_best_server', 'attempt': 1, 'namespace': 'default', 'task_queue': 'comfyui-gpu-farm', 'workflow_id': 'chain-image-edit-to-video-pipeline-47711261-967c-4b1b-9e32-dec4622c5bfb', 'workflow_run_id': '019bb5d8-5dd2-7d48-8285-386a4f303be1', 'workflow_type': 'ChainExecutorWorkflow'})
2026-01-13 11:03:34,964 - temporalio.workflow - INFO - Step extract_frame2: Created workflow record ca5a7eab-50cc-473c-b9ec-ca22918b10d3 ({'attempt': 1, 'namespace': 'default', 'run_id': '019bb5d8-5dd2-7d48-8285-386a4f303be1', 'task_queue': 'comfyui-gpu-farm', 'workflow_id': 'chain-image-edit-to-video-pipeline-47711261-967c-4b1b-9e32-dec4622c5bfb', 'workflow_type': 'ChainExecutorWorkflow'})
2026-01-13 11:03:34,965 - temporalio.workflow - INFO - Step extract_frame1: Selected target server: http://procure-x.testmcp.org ({'attempt': 1, 'namespace': 'default', 'run_id': '019bb5d8-5dd2-7d48-8285-386a4f303be1', 'task_queue': 'comfyui-gpu-farm', 'workflow_id': 'chain-image-edit-to-video-pipeline-47711261-967c-4b1b-9e32-dec4622c5bfb', 'workflow_type': 'ChainExecutorWorkflow'})
2026-01-13 11:03:34,979 - temporalio.activity - INFO - Creating workflow record: imageSave (prompt: pending) ({'activity_id': '9', 'activity_type': 'create_workflow_record', 'attempt': 1, 'namespace': 'default', 'task_queue': 'comfyui-gpu-farm', 'workflow_id': 'chain-image-edit-to-video-pipeline-47711261-967c-4b1b-9e32-dec4622c5bfb', 'workflow_run_id': '019bb5d8-5dd2-7d48-8285-386a4f303be1', 'workflow_type': 'ChainExecutorWorkflow'})
2026-01-13 11:03:34,983 - temporalio.activity - INFO - ✓ Created workflow record: 4f56db0c-3338-49ac-8ca5-2d4a96e1c084 ({'activity_id': '9', 'activity_type': 'create_workflow_record', 'attempt': 1, 'namespace': 'default', 'task_queue': 'comfyui-gpu-farm', 'workflow_id': 'chain-image-edit-to-video-pipeline-47711261-967c-4b1b-9e32-dec4622c5bfb', 'workflow_run_id': '019bb5d8-5dd2-7d48-8285-386a4f303be1', 'workflow_type': 'ChainExecutorWorkflow'})
2026-01-13 11:03:34,995 - temporalio.workflow - INFO - Starting ComfyUI workflow execution ({'attempt': 1, 'namespace': 'default', 'run_id': '019bb5d8-5f79-7c56-8d2d-5778ba2a2b68', 'task_queue': 'comfyui-gpu-farm', 'workflow_id': 'chain-image-edit-to-video-pipeline-47711261-967c-4b1b-9e32-dec4622c5bfb-extract_frame2', 'workflow_type': 'ComfyUIWorkflow'})
2026-01-13 11:03:34,995 - temporalio.workflow - INFO - Generated client_id: d90081c1-b87c-4793-afe0-53e824f545f1 ({'attempt': 1, 'namespace': 'default', 'run_id': '019bb5d8-5f79-7c56-8d2d-5778ba2a2b68', 'task_queue': 'comfyui-gpu-farm', 'workflow_id': 'chain-image-edit-to-video-pipeline-47711261-967c-4b1b-9e32-dec4622c5bfb-extract_frame2', 'workflow_type': 'ComfyUIWorkflow'})
2026-01-13 11:03:34,996 - temporalio.workflow - INFO - Step extract_frame1: Created workflow record 4f56db0c-3338-49ac-8ca5-2d4a96e1c084 ({'attempt': 1, 'namespace': 'default', 'run_id': '019bb5d8-5dd2-7d48-8285-386a4f303be1', 'task_queue': 'comfyui-gpu-farm', 'workflow_id': 'chain-image-edit-to-video-pipeline-47711261-967c-4b1b-9e32-dec4622c5bfb', 'workflow_type': 'ChainExecutorWorkflow'})
2026-01-13 11:03:34,996 - temporalio.workflow - INFO - Using pre-selected server: http://procure-x.testmcp.org ({'attempt': 1, 'namespace': 'default', 'run_id': '019bb5d8-5f79-7c56-8d2d-5778ba2a2b68', 'task_queue': 'comfyui-gpu-farm', 'workflow_id': 'chain-image-edit-to-video-pipeline-47711261-967c-4b1b-9e32-dec4622c5bfb-extract_frame2', 'workflow_type': 'ComfyUIWorkflow'})
2026-01-13 11:03:35,012 - temporalio.activity - INFO - [V3] Executing workflow on http://procure-x.testmcp.org ({'activity_id': '1', 'activity_type': 'execute_and_track_workflow', 'attempt': 1, 'namespace': 'default', 'task_queue': 'comfyui-gpu-farm', 'workflow_id': 'chain-image-edit-to-video-pipeline-47711261-967c-4b1b-9e32-dec4622c5bfb-extract_frame2', 'workflow_run_id': '019bb5d8-5f79-7c56-8d2d-5778ba2a2b68', 'workflow_type': 'ComfyUIWorkflow'})
2026-01-13 11:03:35,012 - temporalio.activity - INFO - [V3] Workflow name: imageSave ({'activity_id': '1', 'activity_type': 'execute_and_track_workflow', 'attempt': 1, 'namespace': 'default', 'task_queue': 'comfyui-gpu-farm', 'workflow_id': 'chain-image-edit-to-video-pipeline-47711261-967c-4b1b-9e32-dec4622c5bfb-extract_frame2', 'workflow_run_id': '019bb5d8-5f79-7c56-8d2d-5778ba2a2b68', 'workflow_type': 'ComfyUIWorkflow'})
2026-01-13 11:03:35,063 - temporal_gateway.clients.comfy.client - INFO - ComfyUI client initialized for http://procure-x.testmcp.org
2026-01-13 11:03:35,063 - temporal_gateway.clients.comfy.client - INFO - Submitting workflow to ComfyUI
2026-01-13 11:03:35,072 - temporalio.workflow - INFO - Starting ComfyUI workflow execution ({'attempt': 1, 'namespace': 'default', 'run_id': '019bb5d8-5f9a-7683-b05f-4f5c0c659c1f', 'task_queue': 'comfyui-gpu-farm', 'workflow_id': 'chain-image-edit-to-video-pipeline-47711261-967c-4b1b-9e32-dec4622c5bfb-extract_frame1', 'workflow_type': 'ComfyUIWorkflow'})
2026-01-13 11:03:35,072 - temporalio.workflow - INFO - Generated client_id: 633c6668-c53d-4dcb-ac2c-0d1d763fc6f8 ({'attempt': 1, 'namespace': 'default', 'run_id': '019bb5d8-5f9a-7683-b05f-4f5c0c659c1f', 'task_queue': 'comfyui-gpu-farm', 'workflow_id': 'chain-image-edit-to-video-pipeline-47711261-967c-4b1b-9e32-dec4622c5bfb-extract_frame1', 'workflow_type': 'ComfyUIWorkflow'})
2026-01-13 11:03:35,072 - temporalio.workflow - INFO - Using pre-selected server: http://procure-x.testmcp.org ({'attempt': 1, 'namespace': 'default', 'run_id': '019bb5d8-5f9a-7683-b05f-4f5c0c659c1f', 'task_queue': 'comfyui-gpu-farm', 'workflow_id': 'chain-image-edit-to-video-pipeline-47711261-967c-4b1b-9e32-dec4622c5bfb-extract_frame1', 'workflow_type': 'ComfyUIWorkflow'})
2026-01-13 11:03:35,083 - temporalio.activity - INFO - [V3] Executing workflow on http://procure-x.testmcp.org ({'activity_id': '1', 'activity_type': 'execute_and_track_workflow', 'attempt': 1, 'namespace': 'default', 'task_queue': 'comfyui-gpu-farm', 'workflow_id': 'chain-image-edit-to-video-pipeline-47711261-967c-4b1b-9e32-dec4622c5bfb-extract_frame1', 'workflow_run_id': '019bb5d8-5f9a-7683-b05f-4f5c0c659c1f', 'workflow_type': 'ComfyUIWorkflow'})
2026-01-13 11:03:35,083 - temporalio.activity - INFO - [V3] Workflow name: imageSave ({'activity_id': '1', 'activity_type': 'execute_and_track_workflow', 'attempt': 1, 'namespace': 'default', 'task_queue': 'comfyui-gpu-farm', 'workflow_id': 'chain-image-edit-to-video-pipeline-47711261-967c-4b1b-9e32-dec4622c5bfb-extract_frame1', 'workflow_run_id': '019bb5d8-5f9a-7683-b05f-4f5c0c659c1f', 'workflow_type': 'ComfyUIWorkflow'})
2026-01-13 11:03:35,135 - temporal_gateway.clients.comfy.client - INFO - ComfyUI client initialized for http://procure-x.testmcp.org
2026-01-13 11:03:35,136 - temporal_gateway.clients.comfy.client - INFO - Submitting workflow to ComfyUI
2026-01-13 11:03:35,137 - httpx - INFO - HTTP Request: POST http://procure-x.testmcp.org/prompt "HTTP/1.1 200 OK"
2026-01-13 11:03:35,138 - temporal_gateway.clients.comfy.client - INFO - Workflow queued with prompt_id: bf9ef067-e6f2-47b5-8355-a84a620d73c6
2026-01-13 11:03:35,139 - temporal_gateway.clients.comfy.tracker - INFO - Starting execution tracking for prompt bf9ef067-e6f2-47b5-8355-a84a620d73c6
2026-01-13 11:03:35,139 - temporal_gateway.clients.comfy.tracker - INFO - Starting history polling
2026-01-13 11:03:35,140 - temporal_gateway.clients.comfy.tracker - INFO - Starting WebSocket listener
2026-01-13 11:03:35,140 - temporal_gateway.clients.comfy.websocket - INFO - Connecting to WebSocket: ws://procure-x.testmcp.org/ws?clientId=bb851fdb-70d2-4153-afbc-21a6d056f967
2026-01-13 11:03:35,177 - httpx - INFO - HTTP Request: GET http://procure-x.testmcp.org/history/bf9ef067-e6f2-47b5-8355-a84a620d73c6 "HTTP/1.1 200 OK"
2026-01-13 11:03:35,225 - httpx - INFO - HTTP Request: POST http://procure-x.testmcp.org/prompt "HTTP/1.1 200 OK"
2026-01-13 11:03:35,226 - temporal_gateway.clients.comfy.websocket - INFO - WebSocket connected successfully
2026-01-13 11:03:35,227 - temporal_gateway.clients.comfy.client - INFO - Workflow queued with prompt_id: de056b1f-9fbb-4cc5-97de-83a7e261f218
2026-01-13 11:03:35,227 - temporal_gateway.clients.comfy.tracker - INFO - Starting execution tracking for prompt de056b1f-9fbb-4cc5-97de-83a7e261f218
2026-01-13 11:03:35,228 - temporal_gateway.clients.comfy.tracker - INFO - Starting history polling
2026-01-13 11:03:35,228 - temporal_gateway.clients.comfy.tracker - INFO - Starting WebSocket listener
2026-01-13 11:03:35,229 - temporal_gateway.clients.comfy.websocket - INFO - Connecting to WebSocket: ws://procure-x.testmcp.org/ws?clientId=557143d0-79f9-41d2-bef5-519e83c3198d
2026-01-13 11:03:35,248 - httpx - INFO - HTTP Request: GET http://procure-x.testmcp.org/history/de056b1f-9fbb-4cc5-97de-83a7e261f218 "HTTP/1.1 200 OK"
2026-01-13 11:03:35,254 - temporal_gateway.clients.comfy.tracker - INFO - [WS] Execution completed successfully
2026-01-13 11:03:35,579 - httpx - INFO - HTTP Request: GET http://procure-x.testmcp.org/history/bf9ef067-e6f2-47b5-8355-a84a620d73c6 "HTTP/1.1 200 OK"
2026-01-13 11:03:35,581 - temporal_gateway.clients.comfy.tracker - INFO - Tracking completed: success (took 0.44s)
2026-01-13 11:03:35,581 - temporal_gateway.clients.comfy.websocket - INFO - WebSocket connected successfully
2026-01-13 11:03:35,581 - temporalio.activity - INFO - [V3] Workflow completed successfully ({'activity_id': '1', 'activity_type': 'execute_and_track_workflow', 'attempt': 1, 'namespace': 'default', 'task_queue': 'comfyui-gpu-farm', 'workflow_id': 'chain-image-edit-to-video-pipeline-47711261-967c-4b1b-9e32-dec4622c5bfb-extract_frame2', 'workflow_run_id': '019bb5d8-5f79-7c56-8d2d-5778ba2a2b68', 'workflow_type': 'ComfyUIWorkflow'})
2026-01-13 11:03:35,591 - temporalio.workflow - INFO - Execution completed successfully ({'attempt': 1, 'namespace': 'default', 'run_id': '019bb5d8-5f79-7c56-8d2d-5778ba2a2b68', 'task_queue': 'comfyui-gpu-farm', 'workflow_id': 'chain-image-edit-to-video-pipeline-47711261-967c-4b1b-9e32-dec4622c5bfb-extract_frame2', 'workflow_type': 'ComfyUIWorkflow'})
2026-01-13 11:03:35,599 - temporalio.activity - INFO - Extracting server output files ({'activity_id': '2', 'activity_type': 'get_server_output_files', 'attempt': 1, 'namespace': 'default', 'task_queue': 'comfyui-gpu-farm', 'workflow_id': 'chain-image-edit-to-video-pipeline-47711261-967c-4b1b-9e32-dec4622c5bfb-extract_frame2', 'workflow_run_id': '019bb5d8-5f79-7c56-8d2d-5778ba2a2b68', 'workflow_type': 'ComfyUIWorkflow'})
2026-01-13 11:03:35,600 - temporalio.activity - INFO - Found 1 output file(s) ({'activity_id': '2', 'activity_type': 'get_server_output_files', 'attempt': 1, 'namespace': 'default', 'task_queue': 'comfyui-gpu-farm', 'workflow_id': 'chain-image-edit-to-video-pipeline-47711261-967c-4b1b-9e32-dec4622c5bfb-extract_frame2', 'workflow_run_id': '019bb5d8-5f79-7c56-8d2d-5778ba2a2b68', 'workflow_type': 'ComfyUIWorkflow'})
2026-01-13 11:03:35,608 - temporalio.workflow - INFO - Found 1 server output file(s) ({'attempt': 1, 'namespace': 'default', 'run_id': '019bb5d8-5f79-7c56-8d2d-5778ba2a2b68', 'task_queue': 'comfyui-gpu-farm', 'workflow_id': 'chain-image-edit-to-video-pipeline-47711261-967c-4b1b-9e32-dec4622c5bfb-extract_frame2', 'workflow_type': 'ComfyUIWorkflow'})
2026-01-13 11:03:35,617 - temporalio.activity - INFO - Downloading and persisting 1 artifact(s) for workflow ca5a7eab-50cc-473c-b9ec-ca22918b10d3 ({'activity_id': '3', 'activity_type': 'download_and_store_artifacts', 'attempt': 1, 'namespace': 'default', 'task_queue': 'comfyui-gpu-farm', 'workflow_id': 'chain-image-edit-to-video-pipeline-47711261-967c-4b1b-9e32-dec4622c5bfb-extract_frame2', 'workflow_run_id': '019bb5d8-5f79-7c56-8d2d-5778ba2a2b68', 'workflow_type': 'ComfyUIWorkflow'})
2026-01-13 11:03:35,662 - temporal_gateway.clients.comfy.client - INFO - ComfyUI client initialized for http://procure-x.testmcp.org
2026-01-13 11:03:35,671 - temporal_gateway.clients.comfy.tracker - INFO - [WS] Execution completed successfully
2026-01-13 11:03:35,698 - httpx - INFO - HTTP Request: GET http://procure-x.testmcp.org/history/de056b1f-9fbb-4cc5-97de-83a7e261f218 "HTTP/1.1 200 OK"
2026-01-13 11:03:35,699 - temporal_gateway.clients.comfy.tracker - INFO - Tracking completed: success (took 0.47s)
2026-01-13 11:03:35,700 - temporalio.activity - INFO - [V3] Workflow completed successfully ({'activity_id': '1', 'activity_type': 'execute_and_track_workflow', 'attempt': 1, 'namespace': 'default', 'task_queue': 'comfyui-gpu-farm', 'workflow_id': 'chain-image-edit-to-video-pipeline-47711261-967c-4b1b-9e32-dec4622c5bfb-extract_frame1', 'workflow_run_id': '019bb5d8-5f9a-7683-b05f-4f5c0c659c1f', 'workflow_type': 'ComfyUIWorkflow'})
2026-01-13 11:03:35,708 - temporalio.workflow - INFO - Execution completed successfully ({'attempt': 1, 'namespace': 'default', 'run_id': '019bb5d8-5f9a-7683-b05f-4f5c0c659c1f', 'task_queue': 'comfyui-gpu-farm', 'workflow_id': 'chain-image-edit-to-video-pipeline-47711261-967c-4b1b-9e32-dec4622c5bfb-extract_frame1', 'workflow_type': 'ComfyUIWorkflow'})
2026-01-13 11:03:35,717 - temporalio.activity - INFO - Extracting server output files ({'activity_id': '2', 'activity_type': 'get_server_output_files', 'attempt': 1, 'namespace': 'default', 'task_queue': 'comfyui-gpu-farm', 'workflow_id': 'chain-image-edit-to-video-pipeline-47711261-967c-4b1b-9e32-dec4622c5bfb-extract_frame1', 'workflow_run_id': '019bb5d8-5f9a-7683-b05f-4f5c0c659c1f', 'workflow_type': 'ComfyUIWorkflow'})
2026-01-13 11:03:35,717 - temporalio.activity - INFO - Found 1 output file(s) ({'activity_id': '2', 'activity_type': 'get_server_output_files', 'attempt': 1, 'namespace': 'default', 'task_queue': 'comfyui-gpu-farm', 'workflow_id': 'chain-image-edit-to-video-pipeline-47711261-967c-4b1b-9e32-dec4622c5bfb-extract_frame1', 'workflow_run_id': '019bb5d8-5f9a-7683-b05f-4f5c0c659c1f', 'workflow_type': 'ComfyUIWorkflow'})
2026-01-13 11:03:35,723 - httpx - INFO - HTTP Request: GET http://procure-x.testmcp.org/view?filename=ComfyUI_00248_.png&type=output "HTTP/1.1 200 OK"
2026-01-13 11:03:35,725 - temporalio.workflow - INFO - Found 1 server output file(s) ({'attempt': 1, 'namespace': 'default', 'run_id': '019bb5d8-5f9a-7683-b05f-4f5c0c659c1f', 'task_queue': 'comfyui-gpu-farm', 'workflow_id': 'chain-image-edit-to-video-pipeline-47711261-967c-4b1b-9e32-dec4622c5bfb-extract_frame1', 'workflow_type': 'ComfyUIWorkflow'})
2026-01-13 11:03:35,734 - temporalio.activity - INFO - Downloading and persisting 1 artifact(s) for workflow 4f56db0c-3338-49ac-8ca5-2d4a96e1c084 ({'activity_id': '3', 'activity_type': 'download_and_store_artifacts', 'attempt': 1, 'namespace': 'default', 'task_queue': 'comfyui-gpu-farm', 'workflow_id': 'chain-image-edit-to-video-pipeline-47711261-967c-4b1b-9e32-dec4622c5bfb-extract_frame1', 'workflow_run_id': '019bb5d8-5f9a-7683-b05f-4f5c0c659c1f', 'workflow_type': 'ComfyUIWorkflow'})
2026-01-13 11:03:35,779 - temporal_gateway.clients.comfy.client - INFO - ComfyUI client initialized for http://procure-x.testmcp.org
2026-01-13 11:03:35,794 - temporalio.activity - INFO - ✓ Saved artifact to DB: a67d0c7e-dc38-414c-946d-a2ebc3ffd01c (ComfyUI_00248_.png) ({'activity_id': '3', 'activity_type': 'download_and_store_artifacts', 'attempt': 1, 'namespace': 'default', 'task_queue': 'comfyui-gpu-farm', 'workflow_id': 'chain-image-edit-to-video-pipeline-47711261-967c-4b1b-9e32-dec4622c5bfb-extract_frame2', 'workflow_run_id': '019bb5d8-5f79-7c56-8d2d-5778ba2a2b68', 'workflow_type': 'ComfyUIWorkflow'})
2026-01-13 11:03:35,795 - temporalio.activity - INFO - Downloaded and persisted 1 artifact(s) ({'activity_id': '3', 'activity_type': 'download_and_store_artifacts', 'attempt': 1, 'namespace': 'default', 'task_queue': 'comfyui-gpu-farm', 'workflow_id': 'chain-image-edit-to-video-pipeline-47711261-967c-4b1b-9e32-dec4622c5bfb-extract_frame2', 'workflow_run_id': '019bb5d8-5f79-7c56-8d2d-5778ba2a2b68', 'workflow_type': 'ComfyUIWorkflow'})
2026-01-13 11:03:35,804 - temporalio.workflow - INFO - Downloaded 1 file(s) locally ({'attempt': 1, 'namespace': 'default', 'run_id': '019bb5d8-5f79-7c56-8d2d-5778ba2a2b68', 'task_queue': 'comfyui-gpu-farm', 'workflow_id': 'chain-image-edit-to-video-pipeline-47711261-967c-4b1b-9e32-dec4622c5bfb-extract_frame2', 'workflow_type': 'ComfyUIWorkflow'})
2026-01-13 11:03:35,826 - temporalio.activity - INFO - Updating workflow ca5a7eab-50cc-473c-b9ec-ca22918b10d3 status to: completed ({'activity_id': '10', 'activity_type': 'update_workflow_status_activity', 'attempt': 1, 'namespace': 'default', 'task_queue': 'comfyui-gpu-farm', 'workflow_id': 'chain-image-edit-to-video-pipeline-47711261-967c-4b1b-9e32-dec4622c5bfb', 'workflow_run_id': '019bb5d8-5dd2-7d48-8285-386a4f303be1', 'workflow_type': 'ChainExecutorWorkflow'})
2026-01-13 11:03:35,831 - temporalio.activity - INFO - ✓ Updated workflow status ({'activity_id': '10', 'activity_type': 'update_workflow_status_activity', 'attempt': 1, 'namespace': 'default', 'task_queue': 'comfyui-gpu-farm', 'workflow_id': 'chain-image-edit-to-video-pipeline-47711261-967c-4b1b-9e32-dec4622c5bfb', 'workflow_run_id': '019bb5d8-5dd2-7d48-8285-386a4f303be1', 'workflow_type': 'ChainExecutorWorkflow'})
2026-01-13 11:03:35,839 - temporalio.workflow - INFO - Step extract_frame2: Approval required, fetching artifacts... ({'attempt': 1, 'namespace': 'default', 'run_id': '019bb5d8-5dd2-7d48-8285-386a4f303be1', 'task_queue': 'comfyui-gpu-farm', 'workflow_id': 'chain-image-edit-to-video-pipeline-47711261-967c-4b1b-9e32-dec4622c5bfb', 'workflow_type': 'ChainExecutorWorkflow'})
2026-01-13 11:03:35,848 - temporalio.activity - INFO - Getting artifacts for workflow: ca5a7eab-50cc-473c-b9ec-ca22918b10d3 ({'activity_id': '11', 'activity_type': 'get_workflow_artifacts', 'attempt': 1, 'namespace': 'default', 'task_queue': 'comfyui-gpu-farm', 'workflow_id': 'chain-image-edit-to-video-pipeline-47711261-967c-4b1b-9e32-dec4622c5bfb', 'workflow_run_id': '019bb5d8-5dd2-7d48-8285-386a4f303be1', 'workflow_type': 'ChainExecutorWorkflow'})
2026-01-13 11:03:35,856 - httpx - INFO - HTTP Request: GET http://procure-x.testmcp.org/view?filename=ComfyUI_00249_.png&type=output "HTTP/1.1 200 OK"
2026-01-13 11:03:35,866 - temporalio.activity - INFO - Creating approval request for artifact: a67d0c7e-dc38-414c-946d-a2ebc3ffd01c ({'activity_id': '12', 'activity_type': 'create_approval_request_activity', 'attempt': 1, 'namespace': 'default', 'task_queue': 'comfyui-gpu-farm', 'workflow_id': 'chain-image-edit-to-video-pipeline-47711261-967c-4b1b-9e32-dec4622c5bfb', 'workflow_run_id': '019bb5d8-5dd2-7d48-8285-386a4f303be1', 'workflow_type': 'ChainExecutorWorkflow'})
2026-01-13 11:03:35,875 - temporalio.activity - INFO - ✓ Created approval request: 8c6b44c8-6a4e-4a5d-9a0f-15b2814812bb, token: x4rDDj6Iq-qMNVSw... ({'activity_id': '12', 'activity_type': 'create_approval_request_activity', 'attempt': 1, 'namespace': 'default', 'task_queue': 'comfyui-gpu-farm', 'workflow_id': 'chain-image-edit-to-video-pipeline-47711261-967c-4b1b-9e32-dec4622c5bfb', 'workflow_run_id': '019bb5d8-5dd2-7d48-8285-386a4f303be1', 'workflow_type': 'ChainExecutorWorkflow'})
2026-01-13 11:03:35,882 - temporalio.activity - INFO - ✓ Saved artifact to DB: b1ace984-78cf-46dc-8676-8b651032f921 (ComfyUI_00249_.png) ({'activity_id': '3', 'activity_type': 'download_and_store_artifacts', 'attempt': 1, 'namespace': 'default', 'task_queue': 'comfyui-gpu-farm', 'workflow_id': 'chain-image-edit-to-video-pipeline-47711261-967c-4b1b-9e32-dec4622c5bfb-extract_frame1', 'workflow_run_id': '019bb5d8-5f9a-7683-b05f-4f5c0c659c1f', 'workflow_type': 'ComfyUIWorkflow'})
2026-01-13 11:03:35,883 - temporalio.activity - INFO - Downloaded and persisted 1 artifact(s) ({'activity_id': '3', 'activity_type': 'download_and_store_artifacts', 'attempt': 1, 'namespace': 'default', 'task_queue': 'comfyui-gpu-farm', 'workflow_id': 'chain-image-edit-to-video-pipeline-47711261-967c-4b1b-9e32-dec4622c5bfb-extract_frame1', 'workflow_run_id': '019bb5d8-5f9a-7683-b05f-4f5c0c659c1f', 'workflow_type': 'ComfyUIWorkflow'})
2026-01-13 11:03:35,885 - temporal_gateway.services.broadcast - INFO - Published approval_requested to chain:749a87f0-92ea-47b6-875a-b343325d81f8
2026-01-13 11:03:35,885 - temporalio.activity - INFO - Published approval_requested event for chain 749a87f0-92ea-47b6-875a-b343325d81f8 ({'activity_id': '12', 'activity_type': 'create_approval_request_activity', 'attempt': 1, 'namespace': 'default', 'task_queue': 'comfyui-gpu-farm', 'workflow_id': 'chain-image-edit-to-video-pipeline-47711261-967c-4b1b-9e32-dec4622c5bfb', 'workflow_run_id': '019bb5d8-5dd2-7d48-8285-386a4f303be1', 'workflow_type': 'ChainExecutorWorkflow'})
2026-01-13 11:03:35,900 - temporalio.workflow - INFO - Downloaded 1 file(s) locally ({'attempt': 1, 'namespace': 'default', 'run_id': '019bb5d8-5f9a-7683-b05f-4f5c0c659c1f', 'task_queue': 'comfyui-gpu-farm', 'workflow_id': 'chain-image-edit-to-video-pipeline-47711261-967c-4b1b-9e32-dec4622c5bfb-extract_frame1', 'workflow_type': 'ComfyUIWorkflow'})
2026-01-13 11:03:35,903 - temporalio.workflow - INFO - Step extract_frame2: Approval request created, token: x4rDDj6Iq-qMNVSw... ({'attempt': 1, 'namespace': 'default', 'run_id': '019bb5d8-5dd2-7d48-8285-386a4f303be1', 'task_queue': 'comfyui-gpu-farm', 'workflow_id': 'chain-image-edit-to-video-pipeline-47711261-967c-4b1b-9e32-dec4622c5bfb', 'workflow_type': 'ChainExecutorWorkflow'})
2026-01-13 11:03:35,928 - temporalio.activity - INFO - Updating workflow 4f56db0c-3338-49ac-8ca5-2d4a96e1c084 status to: completed ({'activity_id': '13', 'activity_type': 'update_workflow_status_activity', 'attempt': 1, 'namespace': 'default', 'task_queue': 'comfyui-gpu-farm', 'workflow_id': 'chain-image-edit-to-video-pipeline-47711261-967c-4b1b-9e32-dec4622c5bfb', 'workflow_run_id': '019bb5d8-5dd2-7d48-8285-386a4f303be1', 'workflow_type': 'ChainExecutorWorkflow'})
2026-01-13 11:03:35,933 - temporalio.activity - INFO - ✓ Updated workflow status ({'activity_id': '13', 'activity_type': 'update_workflow_status_activity', 'attempt': 1, 'namespace': 'default', 'task_queue': 'comfyui-gpu-farm', 'workflow_id': 'chain-image-edit-to-video-pipeline-47711261-967c-4b1b-9e32-dec4622c5bfb', 'workflow_run_id': '019bb5d8-5dd2-7d48-8285-386a4f303be1', 'workflow_type': 'ChainExecutorWorkflow'})
2026-01-13 11:03:35,941 - temporalio.workflow - INFO - Step extract_frame1: Approval required, fetching artifacts... ({'attempt': 1, 'namespace': 'default', 'run_id': '019bb5d8-5dd2-7d48-8285-386a4f303be1', 'task_queue': 'comfyui-gpu-farm', 'workflow_id': 'chain-image-edit-to-video-pipeline-47711261-967c-4b1b-9e32-dec4622c5bfb', 'workflow_type': 'ChainExecutorWorkflow'})
2026-01-13 11:03:35,950 - temporalio.activity - INFO - Getting artifacts for workflow: 4f56db0c-3338-49ac-8ca5-2d4a96e1c084 ({'activity_id': '14', 'activity_type': 'get_workflow_artifacts', 'attempt': 1, 'namespace': 'default', 'task_queue': 'comfyui-gpu-farm', 'workflow_id': 'chain-image-edit-to-video-pipeline-47711261-967c-4b1b-9e32-dec4622c5bfb', 'workflow_run_id': '019bb5d8-5dd2-7d48-8285-386a4f303be1', 'workflow_type': 'ChainExecutorWorkflow'})
2026-01-13 11:03:35,968 - temporalio.activity - INFO - Creating approval request for artifact: b1ace984-78cf-46dc-8676-8b651032f921 ({'activity_id': '15', 'activity_type': 'create_approval_request_activity', 'attempt': 1, 'namespace': 'default', 'task_queue': 'comfyui-gpu-farm', 'workflow_id': 'chain-image-edit-to-video-pipeline-47711261-967c-4b1b-9e32-dec4622c5bfb', 'workflow_run_id': '019bb5d8-5dd2-7d48-8285-386a4f303be1', 'workflow_type': 'ChainExecutorWorkflow'})
2026-01-13 11:03:35,972 - temporalio.activity - INFO - ✓ Created approval request: 7e4ebd76-a6ec-4f20-b196-3422b0870ade, token: yaejNok78Q_jKAaW... ({'activity_id': '15', 'activity_type': 'create_approval_request_activity', 'attempt': 1, 'namespace': 'default', 'task_queue': 'comfyui-gpu-farm', 'workflow_id': 'chain-image-edit-to-video-pipeline-47711261-967c-4b1b-9e32-dec4622c5bfb', 'workflow_run_id': '019bb5d8-5dd2-7d48-8285-386a4f303be1', 'workflow_type': 'ChainExecutorWorkflow'})
2026-01-13 11:03:35,972 - temporal_gateway.services.broadcast - INFO - Published approval_requested to chain:749a87f0-92ea-47b6-875a-b343325d81f8
2026-01-13 11:03:35,972 - temporalio.activity - INFO - Published approval_requested event for chain 749a87f0-92ea-47b6-875a-b343325d81f8 ({'activity_id': '15', 'activity_type': 'create_approval_request_activity', 'attempt': 1, 'namespace': 'default', 'task_queue': 'comfyui-gpu-farm', 'workflow_id': 'chain-image-edit-to-video-pipeline-47711261-967c-4b1b-9e32-dec4622c5bfb', 'workflow_run_id': '019bb5d8-5dd2-7d48-8285-386a4f303be1', 'workflow_type': 'ChainExecutorWorkflow'})
2026-01-13 11:03:35,982 - temporalio.workflow - INFO - Step extract_frame1: Approval request created, token: yaejNok78Q_jKAaW... ({'attempt': 1, 'namespace': 'default', 'run_id': '019bb5d8-5dd2-7d48-8285-386a4f303be1', 'task_queue': 'comfyui-gpu-farm', 'workflow_id': 'chain-image-edit-to-video-pipeline-47711261-967c-4b1b-9e32-dec4622c5bfb', 'workflow_type': 'ChainExecutorWorkflow'})
2026-01-13 11:03:42,909 - temporalio.workflow - INFO - Received approval decision for step extract_frame2: approved by cli-user ({'attempt': 1, 'namespace': 'default', 'run_id': '019bb5d8-5dd2-7d48-8285-386a4f303be1', 'task_queue': 'comfyui-gpu-farm', 'workflow_id': 'chain-image-edit-to-video-pipeline-47711261-967c-4b1b-9e32-dec4622c5bfb', 'workflow_type': 'ChainExecutorWorkflow'})
2026-01-13 11:03:42,910 - temporalio.workflow - INFO - Step extract_frame2: Approved by cli-user ({'attempt': 1, 'namespace': 'default', 'run_id': '019bb5d8-5dd2-7d48-8285-386a4f303be1', 'task_queue': 'comfyui-gpu-farm', 'workflow_id': 'chain-image-edit-to-video-pipeline-47711261-967c-4b1b-9e32-dec4622c5bfb', 'workflow_type': 'ChainExecutorWorkflow'})
2026-01-13 11:03:42,910 - temporalio.workflow - INFO - Step extract_frame2: Approved, continuing... ({'attempt': 1, 'namespace': 'default', 'run_id': '019bb5d8-5dd2-7d48-8285-386a4f303be1', 'task_queue': 'comfyui-gpu-farm', 'workflow_id': 'chain-image-edit-to-video-pipeline-47711261-967c-4b1b-9e32-dec4622c5bfb', 'workflow_type': 'ChainExecutorWorkflow'})
2026-01-13 11:03:42,919 - temporalio.activity - INFO - Getting artifacts for workflow: ca5a7eab-50cc-473c-b9ec-ca22918b10d3 ({'activity_id': '16', 'activity_type': 'get_workflow_artifacts', 'attempt': 1, 'namespace': 'default', 'task_queue': 'comfyui-gpu-farm', 'workflow_id': 'chain-image-edit-to-video-pipeline-47711261-967c-4b1b-9e32-dec4622c5bfb', 'workflow_run_id': '019bb5d8-5dd2-7d48-8285-386a4f303be1', 'workflow_type': 'ChainExecutorWorkflow'})
2026-01-13 11:03:42,939 - temporal_gateway.services.broadcast - INFO - Published step_completed to chain:749a87f0-92ea-47b6-875a-b343325d81f8
2026-01-13 11:03:42,939 - temporalio.activity - INFO - Published step_completed event for extract_frame2 in chain 749a87f0-92ea-47b6-875a-b343325d81f8 ({'activity_id': '17', 'activity_type': 'publish_step_completed_activity', 'attempt': 1, 'namespace': 'default', 'task_queue': 'comfyui-gpu-farm', 'workflow_id': 'chain-image-edit-to-video-pipeline-47711261-967c-4b1b-9e32-dec4622c5bfb', 'workflow_run_id': '019bb5d8-5dd2-7d48-8285-386a4f303be1', 'workflow_type': 'ChainExecutorWorkflow'})
2026-01-13 11:03:44,837 - temporalio.workflow - INFO - Received approval decision for step extract_frame1: approved by cli-user ({'attempt': 1, 'namespace': 'default', 'run_id': '019bb5d8-5dd2-7d48-8285-386a4f303be1', 'task_queue': 'comfyui-gpu-farm', 'workflow_id': 'chain-image-edit-to-video-pipeline-47711261-967c-4b1b-9e32-dec4622c5bfb', 'workflow_type': 'ChainExecutorWorkflow'})
2026-01-13 11:03:44,837 - temporalio.workflow - INFO - Step extract_frame1: Approved by cli-user ({'attempt': 1, 'namespace': 'default', 'run_id': '019bb5d8-5dd2-7d48-8285-386a4f303be1', 'task_queue': 'comfyui-gpu-farm', 'workflow_id': 'chain-image-edit-to-video-pipeline-47711261-967c-4b1b-9e32-dec4622c5bfb', 'workflow_type': 'ChainExecutorWorkflow'})
2026-01-13 11:03:44,837 - temporalio.workflow - INFO - Step extract_frame1: Approved, continuing... ({'attempt': 1, 'namespace': 'default', 'run_id': '019bb5d8-5dd2-7d48-8285-386a4f303be1', 'task_queue': 'comfyui-gpu-farm', 'workflow_id': 'chain-image-edit-to-video-pipeline-47711261-967c-4b1b-9e32-dec4622c5bfb', 'workflow_type': 'ChainExecutorWorkflow'})
2026-01-13 11:03:44,848 - temporalio.activity - INFO - Getting artifacts for workflow: 4f56db0c-3338-49ac-8ca5-2d4a96e1c084 ({'activity_id': '18', 'activity_type': 'get_workflow_artifacts', 'attempt': 1, 'namespace': 'default', 'task_queue': 'comfyui-gpu-farm', 'workflow_id': 'chain-image-edit-to-video-pipeline-47711261-967c-4b1b-9e32-dec4622c5bfb', 'workflow_run_id': '019bb5d8-5dd2-7d48-8285-386a4f303be1', 'workflow_type': 'ChainExecutorWorkflow'})
2026-01-13 11:03:44,867 - temporal_gateway.services.broadcast - INFO - Published step_completed to chain:749a87f0-92ea-47b6-875a-b343325d81f8
2026-01-13 11:03:44,868 - temporalio.activity - INFO - Published step_completed event for extract_frame1 in chain 749a87f0-92ea-47b6-875a-b343325d81f8 ({'activity_id': '19', 'activity_type': 'publish_step_completed_activity', 'attempt': 1, 'namespace': 'default', 'task_queue': 'comfyui-gpu-farm', 'workflow_id': 'chain-image-edit-to-video-pipeline-47711261-967c-4b1b-9e32-dec4622c5bfb', 'workflow_run_id': '019bb5d8-5dd2-7d48-8285-386a4f303be1', 'workflow_type': 'ChainExecutorWorkflow'})
2026-01-13 11:03:44,879 - temporalio.workflow - INFO - Step extract_frame1: completed ({'attempt': 1, 'namespace': 'default', 'run_id': '019bb5d8-5dd2-7d48-8285-386a4f303be1', 'task_queue': 'comfyui-gpu-farm', 'workflow_id': 'chain-image-edit-to-video-pipeline-47711261-967c-4b1b-9e32-dec4622c5bfb', 'workflow_type': 'ChainExecutorWorkflow'})
2026-01-13 11:03:44,879 - temporalio.workflow - INFO - Step extract_frame2: completed ({'attempt': 1, 'namespace': 'default', 'run_id': '019bb5d8-5dd2-7d48-8285-386a4f303be1', 'task_queue': 'comfyui-gpu-farm', 'workflow_id': 'chain-image-edit-to-video-pipeline-47711261-967c-4b1b-9e32-dec4622c5bfb', 'workflow_type': 'ChainExecutorWorkflow'})
2026-01-13 11:03:44,888 - temporalio.activity - INFO - Updating chain 749a87f0-92ea-47b6-875a-b343325d81f8 status to: executing_level_1 ({'activity_id': '20', 'activity_type': 'update_chain_status_activity', 'attempt': 1, 'namespace': 'default', 'task_queue': 'comfyui-gpu-farm', 'workflow_id': 'chain-image-edit-to-video-pipeline-47711261-967c-4b1b-9e32-dec4622c5bfb', 'workflow_run_id': '019bb5d8-5dd2-7d48-8285-386a4f303be1', 'workflow_type': 'ChainExecutorWorkflow'})
2026-01-13 11:03:44,893 - temporalio.activity - INFO - ✓ Updated chain status ({'activity_id': '20', 'activity_type': 'update_chain_status_activity', 'attempt': 1, 'namespace': 'default', 'task_queue': 'comfyui-gpu-farm', 'workflow_id': 'chain-image-edit-to-video-pipeline-47711261-967c-4b1b-9e32-dec4622c5bfb', 'workflow_run_id': '019bb5d8-5dd2-7d48-8285-386a4f303be1', 'workflow_type': 'ChainExecutorWorkflow'})
2026-01-13 11:03:44,902 - temporalio.workflow - INFO - Level 1: Executing 2 step(s) ({'attempt': 1, 'namespace': 'default', 'run_id': '019bb5d8-5dd2-7d48-8285-386a4f303be1', 'task_queue': 'comfyui-gpu-farm', 'workflow_id': 'chain-image-edit-to-video-pipeline-47711261-967c-4b1b-9e32-dec4622c5bfb', 'workflow_type': 'ChainExecutorWorkflow'})
2026-01-13 11:03:44,902 - temporalio.workflow - INFO - Executing step: edit_frame1 ({'attempt': 1, 'namespace': 'default', 'run_id': '019bb5d8-5dd2-7d48-8285-386a4f303be1', 'task_queue': 'comfyui-gpu-farm', 'workflow_id': 'chain-image-edit-to-video-pipeline-47711261-967c-4b1b-9e32-dec4622c5bfb', 'workflow_type': 'ChainExecutorWorkflow'})
2026-01-13 11:03:44,903 - temporalio.workflow - INFO - Executing step: edit_frame2 ({'attempt': 1, 'namespace': 'default', 'run_id': '019bb5d8-5dd2-7d48-8285-386a4f303be1', 'task_queue': 'comfyui-gpu-farm', 'workflow_id': 'chain-image-edit-to-video-pipeline-47711261-967c-4b1b-9e32-dec4622c5bfb', 'workflow_type': 'ChainExecutorWorkflow'})
2026-01-13 11:03:44,914 - temporalio.activity - INFO - Resolving templates in parameters ({'activity_id': '22', 'activity_type': 'resolve_chain_templates', 'attempt': 1, 'namespace': 'default', 'task_queue': 'comfyui-gpu-farm', 'workflow_id': 'chain-image-edit-to-video-pipeline-47711261-967c-4b1b-9e32-dec4622c5bfb', 'workflow_run_id': '019bb5d8-5dd2-7d48-8285-386a4f303be1', 'workflow_type': 'ChainExecutorWorkflow'})
2026-01-13 11:03:44,916 - temporalio.activity - INFO - Templates resolved successfully ({'activity_id': '22', 'activity_type': 'resolve_chain_templates', 'attempt': 1, 'namespace': 'default', 'task_queue': 'comfyui-gpu-farm', 'workflow_id': 'chain-image-edit-to-video-pipeline-47711261-967c-4b1b-9e32-dec4622c5bfb', 'workflow_run_id': '019bb5d8-5dd2-7d48-8285-386a4f303be1', 'workflow_type': 'ChainExecutorWorkflow'})
2026-01-13 11:03:44,917 - temporalio.activity - INFO - Resolving templates in parameters ({'activity_id': '21', 'activity_type': 'resolve_chain_templates', 'attempt': 1, 'namespace': 'default', 'task_queue': 'comfyui-gpu-farm', 'workflow_id': 'chain-image-edit-to-video-pipeline-47711261-967c-4b1b-9e32-dec4622c5bfb', 'workflow_run_id': '019bb5d8-5dd2-7d48-8285-386a4f303be1', 'workflow_type': 'ChainExecutorWorkflow'})
2026-01-13 11:03:44,918 - temporalio.activity - INFO - Templates resolved successfully ({'activity_id': '21', 'activity_type': 'resolve_chain_templates', 'attempt': 1, 'namespace': 'default', 'task_queue': 'comfyui-gpu-farm', 'workflow_id': 'chain-image-edit-to-video-pipeline-47711261-967c-4b1b-9e32-dec4622c5bfb', 'workflow_run_id': '019bb5d8-5dd2-7d48-8285-386a4f303be1', 'workflow_type': 'ChainExecutorWorkflow'})
2026-01-13 11:03:44,928 - temporalio.workflow - INFO - Step edit_frame2: Resolved parameters ({'attempt': 1, 'namespace': 'default', 'run_id': '019bb5d8-5dd2-7d48-8285-386a4f303be1', 'task_queue': 'comfyui-gpu-farm', 'workflow_id': 'chain-image-edit-to-video-pipeline-47711261-967c-4b1b-9e32-dec4622c5bfb', 'workflow_type': 'ChainExecutorWorkflow'})
2026-01-13 11:03:44,929 - temporalio.workflow - INFO - Step edit_frame1: Resolved parameters ({'attempt': 1, 'namespace': 'default', 'run_id': '019bb5d8-5dd2-7d48-8285-386a4f303be1', 'task_queue': 'comfyui-gpu-farm', 'workflow_id': 'chain-image-edit-to-video-pipeline-47711261-967c-4b1b-9e32-dec4622c5bfb', 'workflow_type': 'ChainExecutorWorkflow'})
2026-01-13 11:03:44,937 - temporalio.activity - INFO - Applying parameters to workflow: qwen_image_edit ({'activity_id': '24', 'activity_type': 'apply_workflow_parameters', 'attempt': 1, 'namespace': 'default', 'task_queue': 'comfyui-gpu-farm', 'workflow_id': 'chain-image-edit-to-video-pipeline-47711261-967c-4b1b-9e32-dec4622c5bfb', 'workflow_run_id': '019bb5d8-5dd2-7d48-8285-386a4f303be1', 'workflow_type': 'ChainExecutorWorkflow'})
2026-01-13 11:03:44,937 - temporal_gateway.registry - INFO - Applied override: 111.prompt = Make the scene more vibrant and colorful with enhanced details
2026-01-13 11:03:44,937 - temporal_gateway.registry - INFO - Applied override: 78.image = ComfyUI_00249_.png
2026-01-13 11:03:44,937 - temporalio.activity - INFO - Parameters applied successfully ({'activity_id': '24', 'activity_type': 'apply_workflow_parameters', 'attempt': 1, 'namespace': 'default', 'task_queue': 'comfyui-gpu-farm', 'workflow_id': 'chain-image-edit-to-video-pipeline-47711261-967c-4b1b-9e32-dec4622c5bfb', 'workflow_run_id': '019bb5d8-5dd2-7d48-8285-386a4f303be1', 'workflow_type': 'ChainExecutorWorkflow'})
2026-01-13 11:03:44,939 - temporalio.activity - INFO - Applying parameters to workflow: qwen_image_edit ({'activity_id': '23', 'activity_type': 'apply_workflow_parameters', 'attempt': 1, 'namespace': 'default', 'task_queue': 'comfyui-gpu-farm', 'workflow_id': 'chain-image-edit-to-video-pipeline-47711261-967c-4b1b-9e32-dec4622c5bfb', 'workflow_run_id': '019bb5d8-5dd2-7d48-8285-386a4f303be1', 'workflow_type': 'ChainExecutorWorkflow'})
2026-01-13 11:03:44,940 - temporal_gateway.registry - INFO - Applied override: 111.prompt = Make the scene more vibrant and colorful with enhanced details
2026-01-13 11:03:44,940 - temporal_gateway.registry - INFO - Applied override: 78.image = ComfyUI_00248_.png
2026-01-13 11:03:44,940 - temporalio.activity - INFO - Parameters applied successfully ({'activity_id': '23', 'activity_type': 'apply_workflow_parameters', 'attempt': 1, 'namespace': 'default', 'task_queue': 'comfyui-gpu-farm', 'workflow_id': 'chain-image-edit-to-video-pipeline-47711261-967c-4b1b-9e32-dec4622c5bfb', 'workflow_run_id': '019bb5d8-5dd2-7d48-8285-386a4f303be1', 'workflow_type': 'ChainExecutorWorkflow'})
2026-01-13 11:03:44,958 - temporalio.activity - INFO - Selecting server with strategy: least_loaded ({'activity_id': '25', 'activity_type': 'select_best_server', 'attempt': 1, 'namespace': 'default', 'task_queue': 'comfyui-gpu-farm', 'workflow_id': 'chain-image-edit-to-video-pipeline-47711261-967c-4b1b-9e32-dec4622c5bfb', 'workflow_run_id': '019bb5d8-5dd2-7d48-8285-386a4f303be1', 'workflow_type': 'ChainExecutorWorkflow'})
2026-01-13 11:03:45,010 - temporalio.activity - INFO - Selecting server with strategy: least_loaded ({'activity_id': '26', 'activity_type': 'select_best_server', 'attempt': 1, 'namespace': 'default', 'task_queue': 'comfyui-gpu-farm', 'workflow_id': 'chain-image-edit-to-video-pipeline-47711261-967c-4b1b-9e32-dec4622c5bfb', 'workflow_run_id': '019bb5d8-5dd2-7d48-8285-386a4f303be1', 'workflow_type': 'ChainExecutorWorkflow'})
2026-01-13 11:03:45,126 - httpx - INFO - HTTP Request: GET http://procure-x.testmcp.org/system_stats "HTTP/1.1 200 OK"
2026-01-13 11:03:45,146 - httpx - INFO - HTTP Request: GET http://procure-x.testmcp.org/system_stats "HTTP/1.1 200 OK"
2026-01-13 11:03:45,156 - httpx - INFO - HTTP Request: GET http://procure-x.testmcp.org/queue "HTTP/1.1 200 OK"
2026-01-13 11:03:45,158 - temporal_gateway.servers.load_balancer - INFO - Selected server procure-x (queue_depth=0, gpu_mem=0.0%)
2026-01-13 11:03:45,158 - temporalio.activity - INFO - Selected server: procure-x (http://procure-x.testmcp.org) ({'activity_id': '26', 'activity_type': 'select_best_server', 'attempt': 1, 'namespace': 'default', 'task_queue': 'comfyui-gpu-farm', 'workflow_id': 'chain-image-edit-to-video-pipeline-47711261-967c-4b1b-9e32-dec4622c5bfb', 'workflow_run_id': '019bb5d8-5dd2-7d48-8285-386a4f303be1', 'workflow_type': 'ChainExecutorWorkflow'})
2026-01-13 11:03:45,167 - temporalio.workflow - INFO - Step edit_frame2: Selected target server: http://procure-x.testmcp.org ({'attempt': 1, 'namespace': 'default', 'run_id': '019bb5d8-5dd2-7d48-8285-386a4f303be1', 'task_queue': 'comfyui-gpu-farm', 'workflow_id': 'chain-image-edit-to-video-pipeline-47711261-967c-4b1b-9e32-dec4622c5bfb', 'workflow_type': 'ChainExecutorWorkflow'})
2026-01-13 11:03:45,167 - temporalio.workflow - INFO - Step edit_frame2: Processing 1 dependency step(s) ({'attempt': 1, 'namespace': 'default', 'run_id': '019bb5d8-5dd2-7d48-8285-386a4f303be1', 'task_queue': 'comfyui-gpu-farm', 'workflow_id': 'chain-image-edit-to-video-pipeline-47711261-967c-4b1b-9e32-dec4622c5bfb', 'workflow_type': 'ChainExecutorWorkflow'})
2026-01-13 11:03:45,175 - temporalio.activity - INFO - Getting artifacts for workflow: ca5a7eab-50cc-473c-b9ec-ca22918b10d3 ({'activity_id': '27', 'activity_type': 'get_workflow_artifacts', 'attempt': 1, 'namespace': 'default', 'task_queue': 'comfyui-gpu-farm', 'workflow_id': 'chain-image-edit-to-video-pipeline-47711261-967c-4b1b-9e32-dec4622c5bfb', 'workflow_run_id': '019bb5d8-5dd2-7d48-8285-386a4f303be1', 'workflow_type': 'ChainExecutorWorkflow'})
2026-01-13 11:03:45,185 - temporalio.workflow - INFO - Transferring 1 artifact(s) from extract_frame2 to http://procure-x.testmcp.org ({'attempt': 1, 'namespace': 'default', 'run_id': '019bb5d8-5dd2-7d48-8285-386a4f303be1', 'task_queue': 'comfyui-gpu-farm', 'workflow_id': 'chain-image-edit-to-video-pipeline-47711261-967c-4b1b-9e32-dec4622c5bfb', 'workflow_type': 'ChainExecutorWorkflow'})
2026-01-13 11:03:45,191 - httpx - INFO - HTTP Request: GET http://procure-x.testmcp.org/queue "HTTP/1.1 200 OK"
2026-01-13 11:03:45,192 - temporal_gateway.servers.load_balancer - INFO - Selected server procure-x (queue_depth=0, gpu_mem=0.0%)
2026-01-13 11:03:45,193 - temporalio.activity - INFO - Selected server: procure-x (http://procure-x.testmcp.org) ({'activity_id': '25', 'activity_type': 'select_best_server', 'attempt': 1, 'namespace': 'default', 'task_queue': 'comfyui-gpu-farm', 'workflow_id': 'chain-image-edit-to-video-pipeline-47711261-967c-4b1b-9e32-dec4622c5bfb', 'workflow_run_id': '019bb5d8-5dd2-7d48-8285-386a4f303be1', 'workflow_type': 'ChainExecutorWorkflow'})
2026-01-13 11:03:45,194 - temporalio.activity - INFO - Transferring 1 artifact(s) from workflow ca5a7eab-50cc-473c-b9ec-ca22918b10d3 to http://procure-x.testmcp.org ({'activity_id': '28', 'activity_type': 'transfer_artifacts_from_storage', 'attempt': 1, 'namespace': 'default', 'task_queue': 'comfyui-gpu-farm', 'workflow_id': 'chain-image-edit-to-video-pipeline-47711261-967c-4b1b-9e32-dec4622c5bfb', 'workflow_run_id': '019bb5d8-5dd2-7d48-8285-386a4f303be1', 'workflow_type': 'ChainExecutorWorkflow'})
2026-01-13 11:03:45,239 - temporal_gateway.clients.comfy.client - INFO - ComfyUI client initialized for http://procure-x.testmcp.org
2026-01-13 11:03:45,250 - temporalio.activity - INFO - Uploading: ComfyUI_00248_.png from local storage to http://procure-x.testmcp.org/input/ ({'activity_id': '28', 'activity_type': 'transfer_artifacts_from_storage', 'attempt': 1, 'namespace': 'default', 'task_queue': 'comfyui-gpu-farm', 'workflow_id': 'chain-image-edit-to-video-pipeline-47711261-967c-4b1b-9e32-dec4622c5bfb', 'workflow_run_id': '019bb5d8-5dd2-7d48-8285-386a4f303be1', 'workflow_type': 'ChainExecutorWorkflow'})
2026-01-13 11:03:45,252 - temporalio.workflow - INFO - Step edit_frame1: Selected target server: http://procure-x.testmcp.org ({'attempt': 1, 'namespace': 'default', 'run_id': '019bb5d8-5dd2-7d48-8285-386a4f303be1', 'task_queue': 'comfyui-gpu-farm', 'workflow_id': 'chain-image-edit-to-video-pipeline-47711261-967c-4b1b-9e32-dec4622c5bfb', 'workflow_type': 'ChainExecutorWorkflow'})
2026-01-13 11:03:45,252 - temporalio.workflow - INFO - Step edit_frame1: Processing 1 dependency step(s) ({'attempt': 1, 'namespace': 'default', 'run_id': '019bb5d8-5dd2-7d48-8285-386a4f303be1', 'task_queue': 'comfyui-gpu-farm', 'workflow_id': 'chain-image-edit-to-video-pipeline-47711261-967c-4b1b-9e32-dec4622c5bfb', 'workflow_type': 'ChainExecutorWorkflow'})
2026-01-13 11:03:45,262 - temporalio.activity - INFO - Getting artifacts for workflow: 4f56db0c-3338-49ac-8ca5-2d4a96e1c084 ({'activity_id': '29', 'activity_type': 'get_workflow_artifacts', 'attempt': 1, 'namespace': 'default', 'task_queue': 'comfyui-gpu-farm', 'workflow_id': 'chain-image-edit-to-video-pipeline-47711261-967c-4b1b-9e32-dec4622c5bfb', 'workflow_run_id': '019bb5d8-5dd2-7d48-8285-386a4f303be1', 'workflow_type': 'ChainExecutorWorkflow'})
2026-01-13 11:03:45,271 - temporalio.workflow - INFO - Transferring 1 artifact(s) from extract_frame1 to http://procure-x.testmcp.org ({'attempt': 1, 'namespace': 'default', 'run_id': '019bb5d8-5dd2-7d48-8285-386a4f303be1', 'task_queue': 'comfyui-gpu-farm', 'workflow_id': 'chain-image-edit-to-video-pipeline-47711261-967c-4b1b-9e32-dec4622c5bfb', 'workflow_type': 'ChainExecutorWorkflow'})
2026-01-13 11:03:45,280 - temporalio.activity - INFO - Transferring 1 artifact(s) from workflow 4f56db0c-3338-49ac-8ca5-2d4a96e1c084 to http://procure-x.testmcp.org ({'activity_id': '30', 'activity_type': 'transfer_artifacts_from_storage', 'attempt': 1, 'namespace': 'default', 'task_queue': 'comfyui-gpu-farm', 'workflow_id': 'chain-image-edit-to-video-pipeline-47711261-967c-4b1b-9e32-dec4622c5bfb', 'workflow_run_id': '019bb5d8-5dd2-7d48-8285-386a4f303be1', 'workflow_type': 'ChainExecutorWorkflow'})
2026-01-13 11:03:45,328 - temporal_gateway.clients.comfy.client - INFO - ComfyUI client initialized for http://procure-x.testmcp.org
2026-01-13 11:03:45,332 - temporalio.activity - INFO - Uploading: ComfyUI_00249_.png from local storage to http://procure-x.testmcp.org/input/ ({'activity_id': '30', 'activity_type': 'transfer_artifacts_from_storage', 'attempt': 1, 'namespace': 'default', 'task_queue': 'comfyui-gpu-farm', 'workflow_id': 'chain-image-edit-to-video-pipeline-47711261-967c-4b1b-9e32-dec4622c5bfb', 'workflow_run_id': '019bb5d8-5dd2-7d48-8285-386a4f303be1', 'workflow_type': 'ChainExecutorWorkflow'})
2026-01-13 11:03:45,617 - httpx - INFO - HTTP Request: POST http://procure-x.testmcp.org/upload/image "HTTP/1.1 200 OK"
2026-01-13 11:03:45,621 - temporalio.activity - INFO - ✓ Uploaded: ComfyUI_00249_.png (105368 bytes) ({'activity_id': '30', 'activity_type': 'transfer_artifacts_from_storage', 'attempt': 1, 'namespace': 'default', 'task_queue': 'comfyui-gpu-farm', 'workflow_id': 'chain-image-edit-to-video-pipeline-47711261-967c-4b1b-9e32-dec4622c5bfb', 'workflow_run_id': '019bb5d8-5dd2-7d48-8285-386a4f303be1', 'workflow_type': 'ChainExecutorWorkflow'})
2026-01-13 11:03:45,642 - httpx - INFO - HTTP Request: POST http://procure-x.testmcp.org/upload/image "HTTP/1.1 200 OK"
2026-01-13 11:03:45,644 - temporalio.activity - INFO - Successfully transferred 1 file(s) ({'activity_id': '30', 'activity_type': 'transfer_artifacts_from_storage', 'attempt': 1, 'namespace': 'default', 'task_queue': 'comfyui-gpu-farm', 'workflow_id': 'chain-image-edit-to-video-pipeline-47711261-967c-4b1b-9e32-dec4622c5bfb', 'workflow_run_id': '019bb5d8-5dd2-7d48-8285-386a4f303be1', 'workflow_type': 'ChainExecutorWorkflow'})
2026-01-13 11:03:45,647 - temporalio.activity - INFO - ✓ Uploaded: ComfyUI_00248_.png (119859 bytes) ({'activity_id': '28', 'activity_type': 'transfer_artifacts_from_storage', 'attempt': 1, 'namespace': 'default', 'task_queue': 'comfyui-gpu-farm', 'workflow_id': 'chain-image-edit-to-video-pipeline-47711261-967c-4b1b-9e32-dec4622c5bfb', 'workflow_run_id': '019bb5d8-5dd2-7d48-8285-386a4f303be1', 'workflow_type': 'ChainExecutorWorkflow'})
2026-01-13 11:03:45,653 - temporalio.activity - INFO - Successfully transferred 1 file(s) ({'activity_id': '28', 'activity_type': 'transfer_artifacts_from_storage', 'attempt': 1, 'namespace': 'default', 'task_queue': 'comfyui-gpu-farm', 'workflow_id': 'chain-image-edit-to-video-pipeline-47711261-967c-4b1b-9e32-dec4622c5bfb', 'workflow_run_id': '019bb5d8-5dd2-7d48-8285-386a4f303be1', 'workflow_type': 'ChainExecutorWorkflow'})
2026-01-13 11:03:45,669 - temporalio.activity - INFO - Creating workflow record: qwen_image_edit (prompt: pending) ({'activity_id': '31', 'activity_type': 'create_workflow_record', 'attempt': 1, 'namespace': 'default', 'task_queue': 'comfyui-gpu-farm', 'workflow_id': 'chain-image-edit-to-video-pipeline-47711261-967c-4b1b-9e32-dec4622c5bfb', 'workflow_run_id': '019bb5d8-5dd2-7d48-8285-386a4f303be1', 'workflow_type': 'ChainExecutorWorkflow'})
2026-01-13 11:03:45,674 - temporalio.activity - INFO - ✓ Created workflow record: 70397d8d-ab5b-4b22-a23d-85a8bb0da22b ({'activity_id': '31', 'activity_type': 'create_workflow_record', 'attempt': 1, 'namespace': 'default', 'task_queue': 'comfyui-gpu-farm', 'workflow_id': 'chain-image-edit-to-video-pipeline-47711261-967c-4b1b-9e32-dec4622c5bfb', 'workflow_run_id': '019bb5d8-5dd2-7d48-8285-386a4f303be1', 'workflow_type': 'ChainExecutorWorkflow'})
2026-01-13 11:03:45,676 - temporalio.activity - INFO - Creating workflow record: qwen_image_edit (prompt: pending) ({'activity_id': '32', 'activity_type': 'create_workflow_record', 'attempt': 1, 'namespace': 'default', 'task_queue': 'comfyui-gpu-farm', 'workflow_id': 'chain-image-edit-to-video-pipeline-47711261-967c-4b1b-9e32-dec4622c5bfb', 'workflow_run_id': '019bb5d8-5dd2-7d48-8285-386a4f303be1', 'workflow_type': 'ChainExecutorWorkflow'})
2026-01-13 11:03:45,680 - temporalio.activity - INFO - ✓ Created workflow record: a8a799c1-8c14-41dc-b5ce-83678ec3c412 ({'activity_id': '32', 'activity_type': 'create_workflow_record', 'attempt': 1, 'namespace': 'default', 'task_queue': 'comfyui-gpu-farm', 'workflow_id': 'chain-image-edit-to-video-pipeline-47711261-967c-4b1b-9e32-dec4622c5bfb', 'workflow_run_id': '019bb5d8-5dd2-7d48-8285-386a4f303be1', 'workflow_type': 'ChainExecutorWorkflow'})
2026-01-13 11:03:45,684 - temporalio.workflow - INFO - Step edit_frame1: Created workflow record 70397d8d-ab5b-4b22-a23d-85a8bb0da22b ({'attempt': 1, 'namespace': 'default', 'run_id': '019bb5d8-5dd2-7d48-8285-386a4f303be1', 'task_queue': 'comfyui-gpu-farm', 'workflow_id': 'chain-image-edit-to-video-pipeline-47711261-967c-4b1b-9e32-dec4622c5bfb', 'workflow_type': 'ChainExecutorWorkflow'})
2026-01-13 11:03:45,692 - temporalio.workflow - INFO - Step edit_frame2: Created workflow record a8a799c1-8c14-41dc-b5ce-83678ec3c412 ({'attempt': 1, 'namespace': 'default', 'run_id': '019bb5d8-5dd2-7d48-8285-386a4f303be1', 'task_queue': 'comfyui-gpu-farm', 'workflow_id': 'chain-image-edit-to-video-pipeline-47711261-967c-4b1b-9e32-dec4622c5bfb', 'workflow_type': 'ChainExecutorWorkflow'})
2026-01-13 11:03:45,712 - temporalio.workflow - INFO - Starting ComfyUI workflow execution ({'attempt': 1, 'namespace': 'default', 'run_id': '019bb5d8-895b-77cf-a8fd-7cc7119bd0ad', 'task_queue': 'comfyui-gpu-farm', 'workflow_id': 'chain-image-edit-to-video-pipeline-47711261-967c-4b1b-9e32-dec4622c5bfb-edit_frame1', 'workflow_type': 'ComfyUIWorkflow'})
2026-01-13 11:03:45,712 - temporalio.workflow - INFO - Generated client_id: 96283926-1e53-4eb8-b50f-958bceb9ecf8 ({'attempt': 1, 'namespace': 'default', 'run_id': '019bb5d8-895b-77cf-a8fd-7cc7119bd0ad', 'task_queue': 'comfyui-gpu-farm', 'workflow_id': 'chain-image-edit-to-video-pipeline-47711261-967c-4b1b-9e32-dec4622c5bfb-edit_frame1', 'workflow_type': 'ComfyUIWorkflow'})
2026-01-13 11:03:45,713 - temporalio.workflow - INFO - Using pre-selected server: http://procure-x.testmcp.org ({'attempt': 1, 'namespace': 'default', 'run_id': '019bb5d8-895b-77cf-a8fd-7cc7119bd0ad', 'task_queue': 'comfyui-gpu-farm', 'workflow_id': 'chain-image-edit-to-video-pipeline-47711261-967c-4b1b-9e32-dec4622c5bfb-edit_frame1', 'workflow_type': 'ComfyUIWorkflow'})
2026-01-13 11:03:45,726 - temporalio.workflow - INFO - Starting ComfyUI workflow execution ({'attempt': 1, 'namespace': 'default', 'run_id': '019bb5d8-8965-7143-a109-0c8aca779f4f', 'task_queue': 'comfyui-gpu-farm', 'workflow_id': 'chain-image-edit-to-video-pipeline-47711261-967c-4b1b-9e32-dec4622c5bfb-edit_frame2', 'workflow_type': 'ComfyUIWorkflow'})
2026-01-13 11:03:45,726 - temporalio.activity - INFO - [V3] Executing workflow on http://procure-x.testmcp.org ({'activity_id': '1', 'activity_type': 'execute_and_track_workflow', 'attempt': 1, 'namespace': 'default', 'task_queue': 'comfyui-gpu-farm', 'workflow_id': 'chain-image-edit-to-video-pipeline-47711261-967c-4b1b-9e32-dec4622c5bfb-edit_frame1', 'workflow_run_id': '019bb5d8-895b-77cf-a8fd-7cc7119bd0ad', 'workflow_type': 'ComfyUIWorkflow'})
2026-01-13 11:03:45,727 - temporalio.workflow - INFO - Generated client_id: 635fa4e8-7ce7-4ecf-abe1-f96ad25a8365 ({'attempt': 1, 'namespace': 'default', 'run_id': '019bb5d8-8965-7143-a109-0c8aca779f4f', 'task_queue': 'comfyui-gpu-farm', 'workflow_id': 'chain-image-edit-to-video-pipeline-47711261-967c-4b1b-9e32-dec4622c5bfb-edit_frame2', 'workflow_type': 'ComfyUIWorkflow'})
2026-01-13 11:03:45,727 - temporalio.activity - INFO - [V3] Workflow name: qwen_image_edit ({'activity_id': '1', 'activity_type': 'execute_and_track_workflow', 'attempt': 1, 'namespace': 'default', 'task_queue': 'comfyui-gpu-farm', 'workflow_id': 'chain-image-edit-to-video-pipeline-47711261-967c-4b1b-9e32-dec4622c5bfb-edit_frame1', 'workflow_run_id': '019bb5d8-895b-77cf-a8fd-7cc7119bd0ad', 'workflow_type': 'ComfyUIWorkflow'})
2026-01-13 11:03:45,727 - temporalio.workflow - INFO - Using pre-selected server: http://procure-x.testmcp.org ({'attempt': 1, 'namespace': 'default', 'run_id': '019bb5d8-8965-7143-a109-0c8aca779f4f', 'task_queue': 'comfyui-gpu-farm', 'workflow_id': 'chain-image-edit-to-video-pipeline-47711261-967c-4b1b-9e32-dec4622c5bfb-edit_frame2', 'workflow_type': 'ComfyUIWorkflow'})
2026-01-13 11:03:45,773 - temporal_gateway.clients.comfy.client - INFO - ComfyUI client initialized for http://procure-x.testmcp.org
2026-01-13 11:03:45,773 - temporal_gateway.clients.comfy.client - INFO - Submitting workflow to ComfyUI
2026-01-13 11:03:45,784 - temporalio.activity - INFO - [V3] Executing workflow on http://procure-x.testmcp.org ({'activity_id': '1', 'activity_type': 'execute_and_track_workflow', 'attempt': 1, 'namespace': 'default', 'task_queue': 'comfyui-gpu-farm', 'workflow_id': 'chain-image-edit-to-video-pipeline-47711261-967c-4b1b-9e32-dec4622c5bfb-edit_frame2', 'workflow_run_id': '019bb5d8-8965-7143-a109-0c8aca779f4f', 'workflow_type': 'ComfyUIWorkflow'})
2026-01-13 11:03:45,784 - temporalio.activity - INFO - [V3] Workflow name: qwen_image_edit ({'activity_id': '1', 'activity_type': 'execute_and_track_workflow', 'attempt': 1, 'namespace': 'default', 'task_queue': 'comfyui-gpu-farm', 'workflow_id': 'chain-image-edit-to-video-pipeline-47711261-967c-4b1b-9e32-dec4622c5bfb-edit_frame2', 'workflow_run_id': '019bb5d8-8965-7143-a109-0c8aca779f4f', 'workflow_type': 'ComfyUIWorkflow'})
2026-01-13 11:03:45,831 - temporal_gateway.clients.comfy.client - INFO - ComfyUI client initialized for http://procure-x.testmcp.org
2026-01-13 11:03:45,831 - temporal_gateway.clients.comfy.client - INFO - Submitting workflow to ComfyUI
2026-01-13 11:03:45,867 - httpx - INFO - HTTP Request: POST http://procure-x.testmcp.org/prompt "HTTP/1.1 200 OK"
2026-01-13 11:03:45,870 - temporal_gateway.clients.comfy.client - INFO - Workflow queued with prompt_id: 53772e94-e7d2-4470-9166-fc13ecaa6a60
2026-01-13 11:03:45,870 - temporal_gateway.clients.comfy.tracker - INFO - Starting execution tracking for prompt 53772e94-e7d2-4470-9166-fc13ecaa6a60
2026-01-13 11:03:45,870 - temporal_gateway.clients.comfy.tracker - INFO - Starting history polling
2026-01-13 11:03:45,872 - temporal_gateway.clients.comfy.tracker - INFO - Starting WebSocket listener
2026-01-13 11:03:45,873 - temporal_gateway.clients.comfy.websocket - INFO - Connecting to WebSocket: ws://procure-x.testmcp.org/ws?clientId=a2749400-2e15-4f35-bd6c-e4e25a80ae38
2026-01-13 11:03:45,925 - httpx - INFO - HTTP Request: GET http://procure-x.testmcp.org/history/53772e94-e7d2-4470-9166-fc13ecaa6a60 "HTTP/1.1 200 OK"
2026-01-13 11:03:45,926 - httpx - INFO - HTTP Request: POST http://procure-x.testmcp.org/prompt "HTTP/1.1 200 OK"
2026-01-13 11:03:45,927 - temporal_gateway.clients.comfy.client - INFO - Workflow queued with prompt_id: ee91cdb7-ff91-4d5d-8844-52b5f00c75a4
2026-01-13 11:03:45,927 - temporal_gateway.clients.comfy.tracker - INFO - Starting execution tracking for prompt ee91cdb7-ff91-4d5d-8844-52b5f00c75a4
2026-01-13 11:03:45,927 - temporal_gateway.clients.comfy.tracker - INFO - Starting history polling
2026-01-13 11:03:45,928 - temporal_gateway.clients.comfy.tracker - INFO - Starting WebSocket listener
2026-01-13 11:03:45,928 - temporal_gateway.clients.comfy.websocket - INFO - Connecting to WebSocket: ws://procure-x.testmcp.org/ws?clientId=6ffdf77b-64b4-4f94-adc5-4fc7b5b40525
2026-01-13 11:03:45,932 - temporal_gateway.clients.comfy.websocket - INFO - WebSocket connected successfully
2026-01-13 11:03:45,944 - httpx - INFO - HTTP Request: GET http://procure-x.testmcp.org/history/ee91cdb7-ff91-4d5d-8844-52b5f00c75a4 "HTTP/1.1 200 OK"
2026-01-13 11:03:45,973 - temporal_gateway.clients.comfy.websocket - INFO - WebSocket connected successfully
2026-01-13 11:03:46,952 - httpx - INFO - HTTP Request: GET http://procure-x.testmcp.org/history/53772e94-e7d2-4470-9166-fc13ecaa6a60 "HTTP/1.1 200 OK"
2026-01-13 11:03:46,965 - httpx - INFO - HTTP Request: GET http://procure-x.testmcp.org/history/ee91cdb7-ff91-4d5d-8844-52b5f00c75a4 "HTTP/1.1 200 OK"
2026-01-13 11:03:47,973 - httpx - INFO - HTTP Request: GET http://procure-x.testmcp.org/history/53772e94-e7d2-4470-9166-fc13ecaa6a60 "HTTP/1.1 200 OK"
2026-01-13 11:03:47,981 - httpx - INFO - HTTP Request: GET http://procure-x.testmcp.org/history/ee91cdb7-ff91-4d5d-8844-52b5f00c75a4 "HTTP/1.1 200 OK"
2026-01-13 11:03:48,995 - httpx - INFO - HTTP Request: GET http://procure-x.testmcp.org/history/53772e94-e7d2-4470-9166-fc13ecaa6a60 "HTTP/1.1 200 OK"
2026-01-13 11:03:49,001 - httpx - INFO - HTTP Request: GET http://procure-x.testmcp.org/history/ee91cdb7-ff91-4d5d-8844-52b5f00c75a4 "HTTP/1.1 200 OK"
2026-01-13 11:03:50,024 - httpx - INFO - HTTP Request: GET http://procure-x.testmcp.org/history/53772e94-e7d2-4470-9166-fc13ecaa6a60 "HTTP/1.1 200 OK"
2026-01-13 11:03:50,027 - httpx - INFO - HTTP Request: GET http://procure-x.testmcp.org/history/ee91cdb7-ff91-4d5d-8844-52b5f00c75a4 "HTTP/1.1 200 OK"
2026-01-13 11:03:51,043 - httpx - INFO - HTTP Request: GET http://procure-x.testmcp.org/history/53772e94-e7d2-4470-9166-fc13ecaa6a60 "HTTP/1.1 200 OK"
2026-01-13 11:03:51,045 - httpx - INFO - HTTP Request: GET http://procure-x.testmcp.org/history/ee91cdb7-ff91-4d5d-8844-52b5f00c75a4 "HTTP/1.1 200 OK"
2026-01-13 11:03:52,072 - httpx - INFO - HTTP Request: GET http://procure-x.testmcp.org/history/53772e94-e7d2-4470-9166-fc13ecaa6a60 "HTTP/1.1 200 OK"
2026-01-13 11:03:52,077 - httpx - INFO - HTTP Request: GET http://procure-x.testmcp.org/history/ee91cdb7-ff91-4d5d-8844-52b5f00c75a4 "HTTP/1.1 200 OK"
2026-01-13 11:03:53,103 - httpx - INFO - HTTP Request: GET http://procure-x.testmcp.org/history/ee91cdb7-ff91-4d5d-8844-52b5f00c75a4 "HTTP/1.1 200 OK"
2026-01-13 11:03:53,104 - httpx - INFO - HTTP Request: GET http://procure-x.testmcp.org/history/53772e94-e7d2-4470-9166-fc13ecaa6a60 "HTTP/1.1 200 OK"
2026-01-13 11:03:54,137 - httpx - INFO - HTTP Request: GET http://procure-x.testmcp.org/history/53772e94-e7d2-4470-9166-fc13ecaa6a60 "HTTP/1.1 200 OK"
2026-01-13 11:03:54,142 - httpx - INFO - HTTP Request: GET http://procure-x.testmcp.org/history/ee91cdb7-ff91-4d5d-8844-52b5f00c75a4 "HTTP/1.1 200 OK"
2026-01-13 11:03:55,165 - httpx - INFO - HTTP Request: GET http://procure-x.testmcp.org/history/53772e94-e7d2-4470-9166-fc13ecaa6a60 "HTTP/1.1 200 OK"
2026-01-13 11:03:55,169 - httpx - INFO - HTTP Request: GET http://procure-x.testmcp.org/history/ee91cdb7-ff91-4d5d-8844-52b5f00c75a4 "HTTP/1.1 200 OK"
2026-01-13 11:03:56,200 - httpx - INFO - HTTP Request: GET http://procure-x.testmcp.org/history/ee91cdb7-ff91-4d5d-8844-52b5f00c75a4 "HTTP/1.1 200 OK"
2026-01-13 11:03:56,202 - httpx - INFO - HTTP Request: GET http://procure-x.testmcp.org/history/53772e94-e7d2-4470-9166-fc13ecaa6a60 "HTTP/1.1 200 OK"
2026-01-13 11:03:57,233 - httpx - INFO - HTTP Request: GET http://procure-x.testmcp.org/history/53772e94-e7d2-4470-9166-fc13ecaa6a60 "HTTP/1.1 200 OK"
2026-01-13 11:03:57,234 - httpx - INFO - HTTP Request: GET http://procure-x.testmcp.org/history/ee91cdb7-ff91-4d5d-8844-52b5f00c75a4 "HTTP/1.1 200 OK"
2026-01-13 11:03:58,258 - httpx - INFO - HTTP Request: GET http://procure-x.testmcp.org/history/ee91cdb7-ff91-4d5d-8844-52b5f00c75a4 "HTTP/1.1 200 OK"
2026-01-13 11:03:58,260 - httpx - INFO - HTTP Request: GET http://procure-x.testmcp.org/history/53772e94-e7d2-4470-9166-fc13ecaa6a60 "HTTP/1.1 200 OK"
2026-01-13 11:03:59,277 - httpx - INFO - HTTP Request: GET http://procure-x.testmcp.org/history/ee91cdb7-ff91-4d5d-8844-52b5f00c75a4 "HTTP/1.1 200 OK"
2026-01-13 11:03:59,278 - httpx - INFO - HTTP Request: GET http://procure-x.testmcp.org/history/53772e94-e7d2-4470-9166-fc13ecaa6a60 "HTTP/1.1 200 OK"
2026-01-13 11:04:00,316 - httpx - INFO - HTTP Request: GET http://procure-x.testmcp.org/history/53772e94-e7d2-4470-9166-fc13ecaa6a60 "HTTP/1.1 200 OK"
2026-01-13 11:04:00,319 - httpx - INFO - HTTP Request: GET http://procure-x.testmcp.org/history/ee91cdb7-ff91-4d5d-8844-52b5f00c75a4 "HTTP/1.1 200 OK"
2026-01-13 11:04:01,346 - httpx - INFO - HTTP Request: GET http://procure-x.testmcp.org/history/53772e94-e7d2-4470-9166-fc13ecaa6a60 "HTTP/1.1 200 OK"
2026-01-13 11:04:01,347 - httpx - INFO - HTTP Request: GET http://procure-x.testmcp.org/history/ee91cdb7-ff91-4d5d-8844-52b5f00c75a4 "HTTP/1.1 200 OK"
2026-01-13 11:04:02,378 - httpx - INFO - HTTP Request: GET http://procure-x.testmcp.org/history/ee91cdb7-ff91-4d5d-8844-52b5f00c75a4 "HTTP/1.1 200 OK"
2026-01-13 11:04:02,381 - httpx - INFO - HTTP Request: GET http://procure-x.testmcp.org/history/53772e94-e7d2-4470-9166-fc13ecaa6a60 "HTTP/1.1 200 OK"
2026-01-13 11:04:03,400 - httpx - INFO - HTTP Request: GET http://procure-x.testmcp.org/history/ee91cdb7-ff91-4d5d-8844-52b5f00c75a4 "HTTP/1.1 200 OK"
2026-01-13 11:04:03,402 - httpx - INFO - HTTP Request: GET http://procure-x.testmcp.org/history/53772e94-e7d2-4470-9166-fc13ecaa6a60 "HTTP/1.1 200 OK"
2026-01-13 11:04:04,429 - httpx - INFO - HTTP Request: GET http://procure-x.testmcp.org/history/53772e94-e7d2-4470-9166-fc13ecaa6a60 "HTTP/1.1 200 OK"
2026-01-13 11:04:04,433 - httpx - INFO - HTTP Request: GET http://procure-x.testmcp.org/history/ee91cdb7-ff91-4d5d-8844-52b5f00c75a4 "HTTP/1.1 200 OK"
2026-01-13 11:04:05,453 - httpx - INFO - HTTP Request: GET http://procure-x.testmcp.org/history/ee91cdb7-ff91-4d5d-8844-52b5f00c75a4 "HTTP/1.1 200 OK"
2026-01-13 11:04:05,456 - httpx - INFO - HTTP Request: GET http://procure-x.testmcp.org/history/53772e94-e7d2-4470-9166-fc13ecaa6a60 "HTTP/1.1 200 OK"
2026-01-13 11:04:06,482 - httpx - INFO - HTTP Request: GET http://procure-x.testmcp.org/history/53772e94-e7d2-4470-9166-fc13ecaa6a60 "HTTP/1.1 200 OK"
2026-01-13 11:04:06,486 - httpx - INFO - HTTP Request: GET http://procure-x.testmcp.org/history/ee91cdb7-ff91-4d5d-8844-52b5f00c75a4 "HTTP/1.1 200 OK"
2026-01-13 11:04:07,507 - httpx - INFO - HTTP Request: GET http://procure-x.testmcp.org/history/53772e94-e7d2-4470-9166-fc13ecaa6a60 "HTTP/1.1 200 OK"
2026-01-13 11:04:07,514 - httpx - INFO - HTTP Request: GET http://procure-x.testmcp.org/history/ee91cdb7-ff91-4d5d-8844-52b5f00c75a4 "HTTP/1.1 200 OK"
2026-01-13 11:04:08,536 - httpx - INFO - HTTP Request: GET http://procure-x.testmcp.org/history/53772e94-e7d2-4470-9166-fc13ecaa6a60 "HTTP/1.1 200 OK"
2026-01-13 11:04:08,545 - httpx - INFO - HTTP Request: GET http://procure-x.testmcp.org/history/ee91cdb7-ff91-4d5d-8844-52b5f00c75a4 "HTTP/1.1 200 OK"
2026-01-13 11:04:09,570 - httpx - INFO - HTTP Request: GET http://procure-x.testmcp.org/history/ee91cdb7-ff91-4d5d-8844-52b5f00c75a4 "HTTP/1.1 200 OK"
2026-01-13 11:04:09,571 - httpx - INFO - HTTP Request: GET http://procure-x.testmcp.org/history/53772e94-e7d2-4470-9166-fc13ecaa6a60 "HTTP/1.1 200 OK"
2026-01-13 11:04:10,588 - httpx - INFO - HTTP Request: GET http://procure-x.testmcp.org/history/ee91cdb7-ff91-4d5d-8844-52b5f00c75a4 "HTTP/1.1 200 OK"
2026-01-13 11:04:10,589 - httpx - INFO - HTTP Request: GET http://procure-x.testmcp.org/history/53772e94-e7d2-4470-9166-fc13ecaa6a60 "HTTP/1.1 200 OK"
2026-01-13 11:04:11,617 - httpx - INFO - HTTP Request: GET http://procure-x.testmcp.org/history/ee91cdb7-ff91-4d5d-8844-52b5f00c75a4 "HTTP/1.1 200 OK"
2026-01-13 11:04:11,621 - httpx - INFO - HTTP Request: GET http://procure-x.testmcp.org/history/53772e94-e7d2-4470-9166-fc13ecaa6a60 "HTTP/1.1 200 OK"
2026-01-13 11:04:12,653 - httpx - INFO - HTTP Request: GET http://procure-x.testmcp.org/history/53772e94-e7d2-4470-9166-fc13ecaa6a60 "HTTP/1.1 200 OK"
2026-01-13 11:04:12,654 - httpx - INFO - HTTP Request: GET http://procure-x.testmcp.org/history/ee91cdb7-ff91-4d5d-8844-52b5f00c75a4 "HTTP/1.1 200 OK"
2026-01-13 11:04:13,682 - httpx - INFO - HTTP Request: GET http://procure-x.testmcp.org/history/53772e94-e7d2-4470-9166-fc13ecaa6a60 "HTTP/1.1 200 OK"
2026-01-13 11:04:13,684 - httpx - INFO - HTTP Request: GET http://procure-x.testmcp.org/history/ee91cdb7-ff91-4d5d-8844-52b5f00c75a4 "HTTP/1.1 200 OK"
2026-01-13 11:04:14,705 - httpx - INFO - HTTP Request: GET http://procure-x.testmcp.org/history/ee91cdb7-ff91-4d5d-8844-52b5f00c75a4 "HTTP/1.1 200 OK"
2026-01-13 11:04:14,707 - httpx - INFO - HTTP Request: GET http://procure-x.testmcp.org/history/53772e94-e7d2-4470-9166-fc13ecaa6a60 "HTTP/1.1 200 OK"
2026-01-13 11:04:15,732 - httpx - INFO - HTTP Request: GET http://procure-x.testmcp.org/history/ee91cdb7-ff91-4d5d-8844-52b5f00c75a4 "HTTP/1.1 200 OK"
2026-01-13 11:04:15,737 - httpx - INFO - HTTP Request: GET http://procure-x.testmcp.org/history/53772e94-e7d2-4470-9166-fc13ecaa6a60 "HTTP/1.1 200 OK"
2026-01-13 11:04:16,750 - httpx - INFO - HTTP Request: GET http://procure-x.testmcp.org/history/ee91cdb7-ff91-4d5d-8844-52b5f00c75a4 "HTTP/1.1 200 OK"
2026-01-13 11:04:16,763 - httpx - INFO - HTTP Request: GET http://procure-x.testmcp.org/history/53772e94-e7d2-4470-9166-fc13ecaa6a60 "HTTP/1.1 200 OK"
2026-01-13 11:04:17,772 - httpx - INFO - HTTP Request: GET http://procure-x.testmcp.org/history/ee91cdb7-ff91-4d5d-8844-52b5f00c75a4 "HTTP/1.1 200 OK"
2026-01-13 11:04:17,784 - httpx - INFO - HTTP Request: GET http://procure-x.testmcp.org/history/53772e94-e7d2-4470-9166-fc13ecaa6a60 "HTTP/1.1 200 OK"
2026-01-13 11:04:18,794 - httpx - INFO - HTTP Request: GET http://procure-x.testmcp.org/history/ee91cdb7-ff91-4d5d-8844-52b5f00c75a4 "HTTP/1.1 200 OK"
2026-01-13 11:04:18,803 - httpx - INFO - HTTP Request: GET http://procure-x.testmcp.org/history/53772e94-e7d2-4470-9166-fc13ecaa6a60 "HTTP/1.1 200 OK"
2026-01-13 11:04:19,823 - httpx - INFO - HTTP Request: GET http://procure-x.testmcp.org/history/ee91cdb7-ff91-4d5d-8844-52b5f00c75a4 "HTTP/1.1 200 OK"
2026-01-13 11:04:19,828 - httpx - INFO - HTTP Request: GET http://procure-x.testmcp.org/history/53772e94-e7d2-4470-9166-fc13ecaa6a60 "HTTP/1.1 200 OK"
2026-01-13 11:04:20,853 - httpx - INFO - HTTP Request: GET http://procure-x.testmcp.org/history/ee91cdb7-ff91-4d5d-8844-52b5f00c75a4 "HTTP/1.1 200 OK"
2026-01-13 11:04:20,855 - httpx - INFO - HTTP Request: GET http://procure-x.testmcp.org/history/53772e94-e7d2-4470-9166-fc13ecaa6a60 "HTTP/1.1 200 OK"
2026-01-13 11:04:21,887 - httpx - INFO - HTTP Request: GET http://procure-x.testmcp.org/history/ee91cdb7-ff91-4d5d-8844-52b5f00c75a4 "HTTP/1.1 200 OK"
2026-01-13 11:04:21,890 - httpx - INFO - HTTP Request: GET http://procure-x.testmcp.org/history/53772e94-e7d2-4470-9166-fc13ecaa6a60 "HTTP/1.1 200 OK"
2026-01-13 11:04:22,910 - httpx - INFO - HTTP Request: GET http://procure-x.testmcp.org/history/53772e94-e7d2-4470-9166-fc13ecaa6a60 "HTTP/1.1 200 OK"
2026-01-13 11:04:23,136 - httpx - INFO - HTTP Request: GET http://procure-x.testmcp.org/history/ee91cdb7-ff91-4d5d-8844-52b5f00c75a4 "HTTP/1.1 200 OK"
2026-01-13 11:04:23,945 - httpx - INFO - HTTP Request: GET http://procure-x.testmcp.org/history/53772e94-e7d2-4470-9166-fc13ecaa6a60 "HTTP/1.1 200 OK"
2026-01-13 11:04:24,185 - httpx - INFO - HTTP Request: GET http://procure-x.testmcp.org/history/ee91cdb7-ff91-4d5d-8844-52b5f00c75a4 "HTTP/1.1 200 OK"
2026-01-13 11:04:24,965 - httpx - INFO - HTTP Request: GET http://procure-x.testmcp.org/history/53772e94-e7d2-4470-9166-fc13ecaa6a60 "HTTP/1.1 200 OK"
2026-01-13 11:04:25,207 - httpx - INFO - HTTP Request: GET http://procure-x.testmcp.org/history/ee91cdb7-ff91-4d5d-8844-52b5f00c75a4 "HTTP/1.1 200 OK"
2026-01-13 11:04:26,009 - httpx - INFO - HTTP Request: GET http://procure-x.testmcp.org/history/53772e94-e7d2-4470-9166-fc13ecaa6a60 "HTTP/1.1 200 OK"
2026-01-13 11:04:26,232 - httpx - INFO - HTTP Request: GET http://procure-x.testmcp.org/history/ee91cdb7-ff91-4d5d-8844-52b5f00c75a4 "HTTP/1.1 200 OK"
2026-01-13 11:04:27,036 - httpx - INFO - HTTP Request: GET http://procure-x.testmcp.org/history/53772e94-e7d2-4470-9166-fc13ecaa6a60 "HTTP/1.1 200 OK"
2026-01-13 11:04:27,300 - httpx - INFO - HTTP Request: GET http://procure-x.testmcp.org/history/ee91cdb7-ff91-4d5d-8844-52b5f00c75a4 "HTTP/1.1 200 OK"
2026-01-13 11:04:28,060 - httpx - INFO - HTTP Request: GET http://procure-x.testmcp.org/history/53772e94-e7d2-4470-9166-fc13ecaa6a60 "HTTP/1.1 200 OK"
2026-01-13 11:04:28,343 - httpx - INFO - HTTP Request: GET http://procure-x.testmcp.org/history/ee91cdb7-ff91-4d5d-8844-52b5f00c75a4 "HTTP/1.1 200 OK"
2026-01-13 11:04:29,142 - httpx - INFO - HTTP Request: GET http://procure-x.testmcp.org/history/53772e94-e7d2-4470-9166-fc13ecaa6a60 "HTTP/1.1 200 OK"
2026-01-13 11:04:29,375 - httpx - INFO - HTTP Request: GET http://procure-x.testmcp.org/history/ee91cdb7-ff91-4d5d-8844-52b5f00c75a4 "HTTP/1.1 200 OK"
2026-01-13 11:04:30,163 - httpx - INFO - HTTP Request: GET http://procure-x.testmcp.org/history/53772e94-e7d2-4470-9166-fc13ecaa6a60 "HTTP/1.1 200 OK"
2026-01-13 11:04:30,405 - httpx - INFO - HTTP Request: GET http://procure-x.testmcp.org/history/ee91cdb7-ff91-4d5d-8844-52b5f00c75a4 "HTTP/1.1 200 OK"
2026-01-13 11:04:31,193 - httpx - INFO - HTTP Request: GET http://procure-x.testmcp.org/history/53772e94-e7d2-4470-9166-fc13ecaa6a60 "HTTP/1.1 200 OK"
2026-01-13 11:04:31,429 - httpx - INFO - HTTP Request: GET http://procure-x.testmcp.org/history/ee91cdb7-ff91-4d5d-8844-52b5f00c75a4 "HTTP/1.1 200 OK"
2026-01-13 11:04:32,217 - httpx - INFO - HTTP Request: GET http://procure-x.testmcp.org/history/53772e94-e7d2-4470-9166-fc13ecaa6a60 "HTTP/1.1 200 OK"
2026-01-13 11:04:32,458 - httpx - INFO - HTTP Request: GET http://procure-x.testmcp.org/history/ee91cdb7-ff91-4d5d-8844-52b5f00c75a4 "HTTP/1.1 200 OK"
2026-01-13 11:04:33,243 - httpx - INFO - HTTP Request: GET http://procure-x.testmcp.org/history/53772e94-e7d2-4470-9166-fc13ecaa6a60 "HTTP/1.1 200 OK"
2026-01-13 11:04:33,482 - httpx - INFO - HTTP Request: GET http://procure-x.testmcp.org/history/ee91cdb7-ff91-4d5d-8844-52b5f00c75a4 "HTTP/1.1 200 OK"
2026-01-13 11:04:34,270 - httpx - INFO - HTTP Request: GET http://procure-x.testmcp.org/history/53772e94-e7d2-4470-9166-fc13ecaa6a60 "HTTP/1.1 200 OK"
2026-01-13 11:04:34,515 - httpx - INFO - HTTP Request: GET http://procure-x.testmcp.org/history/ee91cdb7-ff91-4d5d-8844-52b5f00c75a4 "HTTP/1.1 200 OK"
2026-01-13 11:04:35,295 - httpx - INFO - HTTP Request: GET http://procure-x.testmcp.org/history/53772e94-e7d2-4470-9166-fc13ecaa6a60 "HTTP/1.1 200 OK"
2026-01-13 11:04:35,537 - httpx - INFO - HTTP Request: GET http://procure-x.testmcp.org/history/ee91cdb7-ff91-4d5d-8844-52b5f00c75a4 "HTTP/1.1 200 OK"
2026-01-13 11:04:36,326 - httpx - INFO - HTTP Request: GET http://procure-x.testmcp.org/history/53772e94-e7d2-4470-9166-fc13ecaa6a60 "HTTP/1.1 200 OK"
2026-01-13 11:04:36,579 - httpx - INFO - HTTP Request: GET http://procure-x.testmcp.org/history/ee91cdb7-ff91-4d5d-8844-52b5f00c75a4 "HTTP/1.1 200 OK"
2026-01-13 11:04:37,351 - httpx - INFO - HTTP Request: GET http://procure-x.testmcp.org/history/53772e94-e7d2-4470-9166-fc13ecaa6a60 "HTTP/1.1 200 OK"
2026-01-13 11:04:37,609 - httpx - INFO - HTTP Request: GET http://procure-x.testmcp.org/history/ee91cdb7-ff91-4d5d-8844-52b5f00c75a4 "HTTP/1.1 200 OK"
2026-01-13 11:04:38,383 - httpx - INFO - HTTP Request: GET http://procure-x.testmcp.org/history/53772e94-e7d2-4470-9166-fc13ecaa6a60 "HTTP/1.1 200 OK"
2026-01-13 11:04:38,632 - httpx - INFO - HTTP Request: GET http://procure-x.testmcp.org/history/ee91cdb7-ff91-4d5d-8844-52b5f00c75a4 "HTTP/1.1 200 OK"
2026-01-13 11:04:39,407 - httpx - INFO - HTTP Request: GET http://procure-x.testmcp.org/history/53772e94-e7d2-4470-9166-fc13ecaa6a60 "HTTP/1.1 200 OK"
2026-01-13 11:04:39,670 - httpx - INFO - HTTP Request: GET http://procure-x.testmcp.org/history/ee91cdb7-ff91-4d5d-8844-52b5f00c75a4 "HTTP/1.1 200 OK"
2026-01-13 11:04:40,467 - httpx - INFO - HTTP Request: GET http://procure-x.testmcp.org/history/53772e94-e7d2-4470-9166-fc13ecaa6a60 "HTTP/1.1 200 OK"
2026-01-13 11:04:40,714 - httpx - INFO - HTTP Request: GET http://procure-x.testmcp.org/history/ee91cdb7-ff91-4d5d-8844-52b5f00c75a4 "HTTP/1.1 200 OK"
2026-01-13 11:04:41,495 - httpx - INFO - HTTP Request: GET http://procure-x.testmcp.org/history/53772e94-e7d2-4470-9166-fc13ecaa6a60 "HTTP/1.1 200 OK"
2026-01-13 11:04:41,740 - httpx - INFO - HTTP Request: GET http://procure-x.testmcp.org/history/ee91cdb7-ff91-4d5d-8844-52b5f00c75a4 "HTTP/1.1 200 OK"
2026-01-13 11:04:42,559 - httpx - INFO - HTTP Request: GET http://procure-x.testmcp.org/history/53772e94-e7d2-4470-9166-fc13ecaa6a60 "HTTP/1.1 200 OK"
2026-01-13 11:04:42,840 - httpx - INFO - HTTP Request: GET http://procure-x.testmcp.org/history/ee91cdb7-ff91-4d5d-8844-52b5f00c75a4 "HTTP/1.1 200 OK"
2026-01-13 11:04:43,585 - httpx - INFO - HTTP Request: GET http://procure-x.testmcp.org/history/53772e94-e7d2-4470-9166-fc13ecaa6a60 "HTTP/1.1 200 OK"
2026-01-13 11:04:43,873 - httpx - INFO - HTTP Request: GET http://procure-x.testmcp.org/history/ee91cdb7-ff91-4d5d-8844-52b5f00c75a4 "HTTP/1.1 200 OK"
2026-01-13 11:04:44,608 - httpx - INFO - HTTP Request: GET http://procure-x.testmcp.org/history/53772e94-e7d2-4470-9166-fc13ecaa6a60 "HTTP/1.1 200 OK"
2026-01-13 11:04:44,896 - httpx - INFO - HTTP Request: GET http://procure-x.testmcp.org/history/ee91cdb7-ff91-4d5d-8844-52b5f00c75a4 "HTTP/1.1 200 OK"
2026-01-13 11:04:45,643 - httpx - INFO - HTTP Request: GET http://procure-x.testmcp.org/history/53772e94-e7d2-4470-9166-fc13ecaa6a60 "HTTP/1.1 200 OK"
2026-01-13 11:04:45,935 - httpx - INFO - HTTP Request: GET http://procure-x.testmcp.org/history/ee91cdb7-ff91-4d5d-8844-52b5f00c75a4 "HTTP/1.1 200 OK"
2026-01-13 11:04:46,661 - httpx - INFO - HTTP Request: GET http://procure-x.testmcp.org/history/53772e94-e7d2-4470-9166-fc13ecaa6a60 "HTTP/1.1 200 OK"
2026-01-13 11:04:46,959 - httpx - INFO - HTTP Request: GET http://procure-x.testmcp.org/history/ee91cdb7-ff91-4d5d-8844-52b5f00c75a4 "HTTP/1.1 200 OK"
2026-01-13 11:04:47,688 - httpx - INFO - HTTP Request: GET http://procure-x.testmcp.org/history/53772e94-e7d2-4470-9166-fc13ecaa6a60 "HTTP/1.1 200 OK"
2026-01-13 11:04:47,705 - temporal_gateway.clients.comfy.tracker - INFO - [WS] Execution completed successfully
2026-01-13 11:04:48,594 - httpx - INFO - HTTP Request: GET http://procure-x.testmcp.org/history/53772e94-e7d2-4470-9166-fc13ecaa6a60 "HTTP/1.1 200 OK"
2026-01-13 11:04:48,597 - httpx - INFO - HTTP Request: GET http://procure-x.testmcp.org/history/ee91cdb7-ff91-4d5d-8844-52b5f00c75a4 "HTTP/1.1 200 OK"
2026-01-13 11:04:48,599 - temporal_gateway.clients.comfy.tracker - INFO - Tracking completed: success (took 62.73s)
2026-01-13 11:04:48,602 - temporalio.activity - INFO - [V3] Workflow completed successfully ({'activity_id': '1', 'activity_type': 'execute_and_track_workflow', 'attempt': 1, 'namespace': 'default', 'task_queue': 'comfyui-gpu-farm', 'workflow_id': 'chain-image-edit-to-video-pipeline-47711261-967c-4b1b-9e32-dec4622c5bfb-edit_frame1', 'workflow_run_id': '019bb5d8-895b-77cf-a8fd-7cc7119bd0ad', 'workflow_type': 'ComfyUIWorkflow'})
2026-01-13 11:04:48,633 - temporalio.workflow - INFO - Execution completed successfully ({'attempt': 1, 'namespace': 'default', 'run_id': '019bb5d8-895b-77cf-a8fd-7cc7119bd0ad', 'task_queue': 'comfyui-gpu-farm', 'workflow_id': 'chain-image-edit-to-video-pipeline-47711261-967c-4b1b-9e32-dec4622c5bfb-edit_frame1', 'workflow_type': 'ComfyUIWorkflow'})
2026-01-13 11:04:48,642 - temporalio.activity - INFO - Extracting server output files ({'activity_id': '2', 'activity_type': 'get_server_output_files', 'attempt': 1, 'namespace': 'default', 'task_queue': 'comfyui-gpu-farm', 'workflow_id': 'chain-image-edit-to-video-pipeline-47711261-967c-4b1b-9e32-dec4622c5bfb-edit_frame1', 'workflow_run_id': '019bb5d8-895b-77cf-a8fd-7cc7119bd0ad', 'workflow_type': 'ComfyUIWorkflow'})
2026-01-13 11:04:48,642 - temporalio.activity - INFO - Found 1 output file(s) ({'activity_id': '2', 'activity_type': 'get_server_output_files', 'attempt': 1, 'namespace': 'default', 'task_queue': 'comfyui-gpu-farm', 'workflow_id': 'chain-image-edit-to-video-pipeline-47711261-967c-4b1b-9e32-dec4622c5bfb-edit_frame1', 'workflow_run_id': '019bb5d8-895b-77cf-a8fd-7cc7119bd0ad', 'workflow_type': 'ComfyUIWorkflow'})
2026-01-13 11:04:48,651 - temporalio.workflow - INFO - Found 1 server output file(s) ({'attempt': 1, 'namespace': 'default', 'run_id': '019bb5d8-895b-77cf-a8fd-7cc7119bd0ad', 'task_queue': 'comfyui-gpu-farm', 'workflow_id': 'chain-image-edit-to-video-pipeline-47711261-967c-4b1b-9e32-dec4622c5bfb-edit_frame1', 'workflow_type': 'ComfyUIWorkflow'})
2026-01-13 11:04:48,662 - temporalio.activity - INFO - Downloading and persisting 1 artifact(s) for workflow 70397d8d-ab5b-4b22-a23d-85a8bb0da22b ({'activity_id': '3', 'activity_type': 'download_and_store_artifacts', 'attempt': 1, 'namespace': 'default', 'task_queue': 'comfyui-gpu-farm', 'workflow_id': 'chain-image-edit-to-video-pipeline-47711261-967c-4b1b-9e32-dec4622c5bfb-edit_frame1', 'workflow_run_id': '019bb5d8-895b-77cf-a8fd-7cc7119bd0ad', 'workflow_type': 'ComfyUIWorkflow'})
2026-01-13 11:04:48,708 - temporal_gateway.clients.comfy.client - INFO - ComfyUI client initialized for http://procure-x.testmcp.org
2026-01-13 11:04:48,745 - httpx - INFO - HTTP Request: GET http://procure-x.testmcp.org/view?filename=ComfyUI_00250_.png&type=output "HTTP/1.1 200 OK"
2026-01-13 11:04:48,824 - temporalio.activity - INFO - ✓ Saved artifact to DB: 57861d5a-8b02-4c9b-a6e5-0d6f157e7328 (ComfyUI_00250_.png) ({'activity_id': '3', 'activity_type': 'download_and_store_artifacts', 'attempt': 1, 'namespace': 'default', 'task_queue': 'comfyui-gpu-farm', 'workflow_id': 'chain-image-edit-to-video-pipeline-47711261-967c-4b1b-9e32-dec4622c5bfb-edit_frame1', 'workflow_run_id': '019bb5d8-895b-77cf-a8fd-7cc7119bd0ad', 'workflow_type': 'ComfyUIWorkflow'})
2026-01-13 11:04:48,825 - temporalio.activity - INFO - Downloaded and persisted 1 artifact(s) ({'activity_id': '3', 'activity_type': 'download_and_store_artifacts', 'attempt': 1, 'namespace': 'default', 'task_queue': 'comfyui-gpu-farm', 'workflow_id': 'chain-image-edit-to-video-pipeline-47711261-967c-4b1b-9e32-dec4622c5bfb-edit_frame1', 'workflow_run_id': '019bb5d8-895b-77cf-a8fd-7cc7119bd0ad', 'workflow_type': 'ComfyUIWorkflow'})
2026-01-13 11:04:48,834 - temporalio.workflow - INFO - Downloaded 1 file(s) locally ({'attempt': 1, 'namespace': 'default', 'run_id': '019bb5d8-895b-77cf-a8fd-7cc7119bd0ad', 'task_queue': 'comfyui-gpu-farm', 'workflow_id': 'chain-image-edit-to-video-pipeline-47711261-967c-4b1b-9e32-dec4622c5bfb-edit_frame1', 'workflow_type': 'ComfyUIWorkflow'})
2026-01-13 11:04:48,856 - temporalio.activity - INFO - Updating workflow 70397d8d-ab5b-4b22-a23d-85a8bb0da22b status to: completed ({'activity_id': '33', 'activity_type': 'update_workflow_status_activity', 'attempt': 1, 'namespace': 'default', 'task_queue': 'comfyui-gpu-farm', 'workflow_id': 'chain-image-edit-to-video-pipeline-47711261-967c-4b1b-9e32-dec4622c5bfb', 'workflow_run_id': '019bb5d8-5dd2-7d48-8285-386a4f303be1', 'workflow_type': 'ChainExecutorWorkflow'})
2026-01-13 11:04:48,859 - temporalio.activity - INFO - ✓ Updated workflow status ({'activity_id': '33', 'activity_type': 'update_workflow_status_activity', 'attempt': 1, 'namespace': 'default', 'task_queue': 'comfyui-gpu-farm', 'workflow_id': 'chain-image-edit-to-video-pipeline-47711261-967c-4b1b-9e32-dec4622c5bfb', 'workflow_run_id': '019bb5d8-5dd2-7d48-8285-386a4f303be1', 'workflow_type': 'ChainExecutorWorkflow'})
2026-01-13 11:04:48,868 - temporalio.workflow - INFO - Step edit_frame1: Approval required, fetching artifacts... ({'attempt': 1, 'namespace': 'default', 'run_id': '019bb5d8-5dd2-7d48-8285-386a4f303be1', 'task_queue': 'comfyui-gpu-farm', 'workflow_id': 'chain-image-edit-to-video-pipeline-47711261-967c-4b1b-9e32-dec4622c5bfb', 'workflow_type': 'ChainExecutorWorkflow'})
2026-01-13 11:04:48,876 - temporalio.activity - INFO - Getting artifacts for workflow: 70397d8d-ab5b-4b22-a23d-85a8bb0da22b ({'activity_id': '34', 'activity_type': 'get_workflow_artifacts', 'attempt': 1, 'namespace': 'default', 'task_queue': 'comfyui-gpu-farm', 'workflow_id': 'chain-image-edit-to-video-pipeline-47711261-967c-4b1b-9e32-dec4622c5bfb', 'workflow_run_id': '019bb5d8-5dd2-7d48-8285-386a4f303be1', 'workflow_type': 'ChainExecutorWorkflow'})
2026-01-13 11:04:48,896 - temporalio.activity - INFO - Creating approval request for artifact: 57861d5a-8b02-4c9b-a6e5-0d6f157e7328 ({'activity_id': '35', 'activity_type': 'create_approval_request_activity', 'attempt': 1, 'namespace': 'default', 'task_queue': 'comfyui-gpu-farm', 'workflow_id': 'chain-image-edit-to-video-pipeline-47711261-967c-4b1b-9e32-dec4622c5bfb', 'workflow_run_id': '019bb5d8-5dd2-7d48-8285-386a4f303be1', 'workflow_type': 'ChainExecutorWorkflow'})
2026-01-13 11:04:48,899 - temporalio.activity - INFO - ✓ Created approval request: a9a146c1-23ac-408a-b56d-94e068af7f1c, token: bPb7oOBCc5vVSyTN... ({'activity_id': '35', 'activity_type': 'create_approval_request_activity', 'attempt': 1, 'namespace': 'default', 'task_queue': 'comfyui-gpu-farm', 'workflow_id': 'chain-image-edit-to-video-pipeline-47711261-967c-4b1b-9e32-dec4622c5bfb', 'workflow_run_id': '019bb5d8-5dd2-7d48-8285-386a4f303be1', 'workflow_type': 'ChainExecutorWorkflow'})
2026-01-13 11:04:48,900 - temporal_gateway.services.broadcast - INFO - Published approval_requested to chain:749a87f0-92ea-47b6-875a-b343325d81f8
2026-01-13 11:04:48,900 - temporalio.activity - INFO - Published approval_requested event for chain 749a87f0-92ea-47b6-875a-b343325d81f8 ({'activity_id': '35', 'activity_type': 'create_approval_request_activity', 'attempt': 1, 'namespace': 'default', 'task_queue': 'comfyui-gpu-farm', 'workflow_id': 'chain-image-edit-to-video-pipeline-47711261-967c-4b1b-9e32-dec4622c5bfb', 'workflow_run_id': '019bb5d8-5dd2-7d48-8285-386a4f303be1', 'workflow_type': 'ChainExecutorWorkflow'})
2026-01-13 11:04:48,910 - temporalio.workflow - INFO - Step edit_frame1: Approval request created, token: bPb7oOBCc5vVSyTN... ({'attempt': 1, 'namespace': 'default', 'run_id': '019bb5d8-5dd2-7d48-8285-386a4f303be1', 'task_queue': 'comfyui-gpu-farm', 'workflow_id': 'chain-image-edit-to-video-pipeline-47711261-967c-4b1b-9e32-dec4622c5bfb', 'workflow_type': 'ChainExecutorWorkflow'})
2026-01-13 11:04:49,622 - httpx - INFO - HTTP Request: GET http://procure-x.testmcp.org/history/ee91cdb7-ff91-4d5d-8844-52b5f00c75a4 "HTTP/1.1 200 OK"
2026-01-13 11:04:50,647 - httpx - INFO - HTTP Request: GET http://procure-x.testmcp.org/history/ee91cdb7-ff91-4d5d-8844-52b5f00c75a4 "HTTP/1.1 200 OK"
2026-01-13 11:04:51,666 - httpx - INFO - HTTP Request: GET http://procure-x.testmcp.org/history/ee91cdb7-ff91-4d5d-8844-52b5f00c75a4 "HTTP/1.1 200 OK"
2026-01-13 11:04:52,691 - httpx - INFO - HTTP Request: GET http://procure-x.testmcp.org/history/ee91cdb7-ff91-4d5d-8844-52b5f00c75a4 "HTTP/1.1 200 OK"
2026-01-13 11:04:53,714 - httpx - INFO - HTTP Request: GET http://procure-x.testmcp.org/history/ee91cdb7-ff91-4d5d-8844-52b5f00c75a4 "HTTP/1.1 200 OK"
2026-01-13 11:04:54,750 - httpx - INFO - HTTP Request: GET http://procure-x.testmcp.org/history/ee91cdb7-ff91-4d5d-8844-52b5f00c75a4 "HTTP/1.1 200 OK"
2026-01-13 11:04:55,782 - httpx - INFO - HTTP Request: GET http://procure-x.testmcp.org/history/ee91cdb7-ff91-4d5d-8844-52b5f00c75a4 "HTTP/1.1 200 OK"
2026-01-13 11:04:56,801 - httpx - INFO - HTTP Request: GET http://procure-x.testmcp.org/history/ee91cdb7-ff91-4d5d-8844-52b5f00c75a4 "HTTP/1.1 200 OK"
2026-01-13 11:04:57,825 - httpx - INFO - HTTP Request: GET http://procure-x.testmcp.org/history/ee91cdb7-ff91-4d5d-8844-52b5f00c75a4 "HTTP/1.1 200 OK"
2026-01-13 11:04:58,849 - httpx - INFO - HTTP Request: GET http://procure-x.testmcp.org/history/ee91cdb7-ff91-4d5d-8844-52b5f00c75a4 "HTTP/1.1 200 OK"
2026-01-13 11:04:59,877 - httpx - INFO - HTTP Request: GET http://procure-x.testmcp.org/history/ee91cdb7-ff91-4d5d-8844-52b5f00c75a4 "HTTP/1.1 200 OK"
2026-01-13 11:05:00,916 - httpx - INFO - HTTP Request: GET http://procure-x.testmcp.org/history/ee91cdb7-ff91-4d5d-8844-52b5f00c75a4 "HTTP/1.1 200 OK"
2026-01-13 11:05:01,939 - httpx - INFO - HTTP Request: GET http://procure-x.testmcp.org/history/ee91cdb7-ff91-4d5d-8844-52b5f00c75a4 "HTTP/1.1 200 OK"
2026-01-13 11:05:02,961 - httpx - INFO - HTTP Request: GET http://procure-x.testmcp.org/history/ee91cdb7-ff91-4d5d-8844-52b5f00c75a4 "HTTP/1.1 200 OK"
2026-01-13 11:05:03,981 - httpx - INFO - HTTP Request: GET http://procure-x.testmcp.org/history/ee91cdb7-ff91-4d5d-8844-52b5f00c75a4 "HTTP/1.1 200 OK"
2026-01-13 11:05:05,000 - httpx - INFO - HTTP Request: GET http://procure-x.testmcp.org/history/ee91cdb7-ff91-4d5d-8844-52b5f00c75a4 "HTTP/1.1 200 OK"
2026-01-13 11:05:06,025 - httpx - INFO - HTTP Request: GET http://procure-x.testmcp.org/history/ee91cdb7-ff91-4d5d-8844-52b5f00c75a4 "HTTP/1.1 200 OK"
2026-01-13 11:05:07,045 - httpx - INFO - HTTP Request: GET http://procure-x.testmcp.org/history/ee91cdb7-ff91-4d5d-8844-52b5f00c75a4 "HTTP/1.1 200 OK"
2026-01-13 11:05:08,072 - httpx - INFO - HTTP Request: GET http://procure-x.testmcp.org/history/ee91cdb7-ff91-4d5d-8844-52b5f00c75a4 "HTTP/1.1 200 OK"
2026-01-13 11:05:09,098 - httpx - INFO - HTTP Request: GET http://procure-x.testmcp.org/history/ee91cdb7-ff91-4d5d-8844-52b5f00c75a4 "HTTP/1.1 200 OK"
2026-01-13 11:05:10,120 - httpx - INFO - HTTP Request: GET http://procure-x.testmcp.org/history/ee91cdb7-ff91-4d5d-8844-52b5f00c75a4 "HTTP/1.1 200 OK"
2026-01-13 11:05:11,148 - httpx - INFO - HTTP Request: GET http://procure-x.testmcp.org/history/ee91cdb7-ff91-4d5d-8844-52b5f00c75a4 "HTTP/1.1 200 OK"
2026-01-13 11:05:12,171 - httpx - INFO - HTTP Request: GET http://procure-x.testmcp.org/history/ee91cdb7-ff91-4d5d-8844-52b5f00c75a4 "HTTP/1.1 200 OK"
2026-01-13 11:05:13,213 - httpx - INFO - HTTP Request: GET http://procure-x.testmcp.org/history/ee91cdb7-ff91-4d5d-8844-52b5f00c75a4 "HTTP/1.1 200 OK"
2026-01-13 11:05:14,476 - httpx - INFO - HTTP Request: GET http://procure-x.testmcp.org/history/ee91cdb7-ff91-4d5d-8844-52b5f00c75a4 "HTTP/1.1 200 OK"
2026-01-13 11:05:15,336 - temporal_gateway.clients.comfy.tracker - INFO - [WS] Execution completed successfully
2026-01-13 11:05:15,661 - httpx - INFO - HTTP Request: GET http://procure-x.testmcp.org/history/ee91cdb7-ff91-4d5d-8844-52b5f00c75a4 "HTTP/1.1 200 OK"
2026-01-13 11:05:15,667 - temporal_gateway.clients.comfy.tracker - INFO - Tracking completed: success (took 89.74s)
2026-01-13 11:05:15,669 - httpx - INFO - HTTP Request: GET http://procure-x.testmcp.org/history/ee91cdb7-ff91-4d5d-8844-52b5f00c75a4 "HTTP/1.1 200 OK"
2026-01-13 11:05:15,675 - temporal_gateway.clients.comfy.tracker - INFO - [POLL] Found in history: success
2026-01-13 11:05:15,677 - temporalio.activity - INFO - [V3] Workflow completed successfully ({'activity_id': '1', 'activity_type': 'execute_and_track_workflow', 'attempt': 1, 'namespace': 'default', 'task_queue': 'comfyui-gpu-farm', 'workflow_id': 'chain-image-edit-to-video-pipeline-47711261-967c-4b1b-9e32-dec4622c5bfb-edit_frame2', 'workflow_run_id': '019bb5d8-8965-7143-a109-0c8aca779f4f', 'workflow_type': 'ComfyUIWorkflow'})
2026-01-13 11:05:15,691 - temporalio.workflow - INFO - Execution completed successfully ({'attempt': 1, 'namespace': 'default', 'run_id': '019bb5d8-8965-7143-a109-0c8aca779f4f', 'task_queue': 'comfyui-gpu-farm', 'workflow_id': 'chain-image-edit-to-video-pipeline-47711261-967c-4b1b-9e32-dec4622c5bfb-edit_frame2', 'workflow_type': 'ComfyUIWorkflow'})
2026-01-13 11:05:15,700 - temporalio.activity - INFO - Extracting server output files ({'activity_id': '2', 'activity_type': 'get_server_output_files', 'attempt': 1, 'namespace': 'default', 'task_queue': 'comfyui-gpu-farm', 'workflow_id': 'chain-image-edit-to-video-pipeline-47711261-967c-4b1b-9e32-dec4622c5bfb-edit_frame2', 'workflow_run_id': '019bb5d8-8965-7143-a109-0c8aca779f4f', 'workflow_type': 'ComfyUIWorkflow'})
2026-01-13 11:05:15,700 - temporalio.activity - INFO - Found 1 output file(s) ({'activity_id': '2', 'activity_type': 'get_server_output_files', 'attempt': 1, 'namespace': 'default', 'task_queue': 'comfyui-gpu-farm', 'workflow_id': 'chain-image-edit-to-video-pipeline-47711261-967c-4b1b-9e32-dec4622c5bfb-edit_frame2', 'workflow_run_id': '019bb5d8-8965-7143-a109-0c8aca779f4f', 'workflow_type': 'ComfyUIWorkflow'})
2026-01-13 11:05:15,708 - temporalio.workflow - INFO - Found 1 server output file(s) ({'attempt': 1, 'namespace': 'default', 'run_id': '019bb5d8-8965-7143-a109-0c8aca779f4f', 'task_queue': 'comfyui-gpu-farm', 'workflow_id': 'chain-image-edit-to-video-pipeline-47711261-967c-4b1b-9e32-dec4622c5bfb-edit_frame2', 'workflow_type': 'ComfyUIWorkflow'})
2026-01-13 11:05:15,717 - temporalio.activity - INFO - Downloading and persisting 1 artifact(s) for workflow a8a799c1-8c14-41dc-b5ce-83678ec3c412 ({'activity_id': '3', 'activity_type': 'download_and_store_artifacts', 'attempt': 1, 'namespace': 'default', 'task_queue': 'comfyui-gpu-farm', 'workflow_id': 'chain-image-edit-to-video-pipeline-47711261-967c-4b1b-9e32-dec4622c5bfb-edit_frame2', 'workflow_run_id': '019bb5d8-8965-7143-a109-0c8aca779f4f', 'workflow_type': 'ComfyUIWorkflow'})
2026-01-13 11:05:15,762 - temporal_gateway.clients.comfy.client - INFO - ComfyUI client initialized for http://procure-x.testmcp.org
2026-01-13 11:05:15,820 - httpx - INFO - HTTP Request: GET http://procure-x.testmcp.org/view?filename=ComfyUI_00251_.png&type=output "HTTP/1.1 200 OK"
2026-01-13 11:05:15,965 - temporalio.activity - INFO - ✓ Saved artifact to DB: 696f3927-8667-419f-886a-1eaa09f0f4fa (ComfyUI_00251_.png) ({'activity_id': '3', 'activity_type': 'download_and_store_artifacts', 'attempt': 1, 'namespace': 'default', 'task_queue': 'comfyui-gpu-farm', 'workflow_id': 'chain-image-edit-to-video-pipeline-47711261-967c-4b1b-9e32-dec4622c5bfb-edit_frame2', 'workflow_run_id': '019bb5d8-8965-7143-a109-0c8aca779f4f', 'workflow_type': 'ComfyUIWorkflow'})
2026-01-13 11:05:15,968 - temporalio.activity - INFO - Downloaded and persisted 1 artifact(s) ({'activity_id': '3', 'activity_type': 'download_and_store_artifacts', 'attempt': 1, 'namespace': 'default', 'task_queue': 'comfyui-gpu-farm', 'workflow_id': 'chain-image-edit-to-video-pipeline-47711261-967c-4b1b-9e32-dec4622c5bfb-edit_frame2', 'workflow_run_id': '019bb5d8-8965-7143-a109-0c8aca779f4f', 'workflow_type': 'ComfyUIWorkflow'})
2026-01-13 11:05:15,993 - temporalio.workflow - INFO - Downloaded 1 file(s) locally ({'attempt': 1, 'namespace': 'default', 'run_id': '019bb5d8-8965-7143-a109-0c8aca779f4f', 'task_queue': 'comfyui-gpu-farm', 'workflow_id': 'chain-image-edit-to-video-pipeline-47711261-967c-4b1b-9e32-dec4622c5bfb-edit_frame2', 'workflow_type': 'ComfyUIWorkflow'})
2026-01-13 11:05:16,016 - temporalio.activity - INFO - Updating workflow a8a799c1-8c14-41dc-b5ce-83678ec3c412 status to: completed ({'activity_id': '36', 'activity_type': 'update_workflow_status_activity', 'attempt': 1, 'namespace': 'default', 'task_queue': 'comfyui-gpu-farm', 'workflow_id': 'chain-image-edit-to-video-pipeline-47711261-967c-4b1b-9e32-dec4622c5bfb', 'workflow_run_id': '019bb5d8-5dd2-7d48-8285-386a4f303be1', 'workflow_type': 'ChainExecutorWorkflow'})
2026-01-13 11:05:16,019 - temporalio.activity - INFO - ✓ Updated workflow status ({'activity_id': '36', 'activity_type': 'update_workflow_status_activity', 'attempt': 1, 'namespace': 'default', 'task_queue': 'comfyui-gpu-farm', 'workflow_id': 'chain-image-edit-to-video-pipeline-47711261-967c-4b1b-9e32-dec4622c5bfb', 'workflow_run_id': '019bb5d8-5dd2-7d48-8285-386a4f303be1', 'workflow_type': 'ChainExecutorWorkflow'})
2026-01-13 11:05:16,028 - temporalio.workflow - INFO - Step edit_frame2: Approval required, fetching artifacts... ({'attempt': 1, 'namespace': 'default', 'run_id': '019bb5d8-5dd2-7d48-8285-386a4f303be1', 'task_queue': 'comfyui-gpu-farm', 'workflow_id': 'chain-image-edit-to-video-pipeline-47711261-967c-4b1b-9e32-dec4622c5bfb', 'workflow_type': 'ChainExecutorWorkflow'})
2026-01-13 11:05:16,036 - temporalio.activity - INFO - Getting artifacts for workflow: a8a799c1-8c14-41dc-b5ce-83678ec3c412 ({'activity_id': '37', 'activity_type': 'get_workflow_artifacts', 'attempt': 1, 'namespace': 'default', 'task_queue': 'comfyui-gpu-farm', 'workflow_id': 'chain-image-edit-to-video-pipeline-47711261-967c-4b1b-9e32-dec4622c5bfb', 'workflow_run_id': '019bb5d8-5dd2-7d48-8285-386a4f303be1', 'workflow_type': 'ChainExecutorWorkflow'})
2026-01-13 11:05:16,056 - temporalio.activity - INFO - Creating approval request for artifact: 696f3927-8667-419f-886a-1eaa09f0f4fa ({'activity_id': '38', 'activity_type': 'create_approval_request_activity', 'attempt': 1, 'namespace': 'default', 'task_queue': 'comfyui-gpu-farm', 'workflow_id': 'chain-image-edit-to-video-pipeline-47711261-967c-4b1b-9e32-dec4622c5bfb', 'workflow_run_id': '019bb5d8-5dd2-7d48-8285-386a4f303be1', 'workflow_type': 'ChainExecutorWorkflow'})
2026-01-13 11:05:16,059 - temporalio.activity - INFO - ✓ Created approval request: f8e1949a-bfad-4e56-8164-db805716ff15, token: -E4MklAF-HCyEGiT... ({'activity_id': '38', 'activity_type': 'create_approval_request_activity', 'attempt': 1, 'namespace': 'default', 'task_queue': 'comfyui-gpu-farm', 'workflow_id': 'chain-image-edit-to-video-pipeline-47711261-967c-4b1b-9e32-dec4622c5bfb', 'workflow_run_id': '019bb5d8-5dd2-7d48-8285-386a4f303be1', 'workflow_type': 'ChainExecutorWorkflow'})
2026-01-13 11:05:16,060 - temporal_gateway.services.broadcast - INFO - Published approval_requested to chain:749a87f0-92ea-47b6-875a-b343325d81f8
2026-01-13 11:05:16,060 - temporalio.activity - INFO - Published approval_requested event for chain 749a87f0-92ea-47b6-875a-b343325d81f8 ({'activity_id': '38', 'activity_type': 'create_approval_request_activity', 'attempt': 1, 'namespace': 'default', 'task_queue': 'comfyui-gpu-farm', 'workflow_id': 'chain-image-edit-to-video-pipeline-47711261-967c-4b1b-9e32-dec4622c5bfb', 'workflow_run_id': '019bb5d8-5dd2-7d48-8285-386a4f303be1', 'workflow_type': 'ChainExecutorWorkflow'})
2026-01-13 11:05:16,069 - temporalio.workflow - INFO - Step edit_frame2: Approval request created, token: -E4MklAF-HCyEGiT... ({'attempt': 1, 'namespace': 'default', 'run_id': '019bb5d8-5dd2-7d48-8285-386a4f303be1', 'task_queue': 'comfyui-gpu-farm', 'workflow_id': 'chain-image-edit-to-video-pipeline-47711261-967c-4b1b-9e32-dec4622c5bfb', 'workflow_type': 'ChainExecutorWorkflow'})
2026-01-13 11:05:22,946 - temporalio.workflow - INFO - Received approval decision for step edit_frame2: approved by cli-user ({'attempt': 1, 'namespace': 'default', 'run_id': '019bb5d8-5dd2-7d48-8285-386a4f303be1', 'task_queue': 'comfyui-gpu-farm', 'workflow_id': 'chain-image-edit-to-video-pipeline-47711261-967c-4b1b-9e32-dec4622c5bfb', 'workflow_type': 'ChainExecutorWorkflow'})
2026-01-13 11:05:22,946 - temporalio.workflow - INFO - Step edit_frame2: Approved by cli-user ({'attempt': 1, 'namespace': 'default', 'run_id': '019bb5d8-5dd2-7d48-8285-386a4f303be1', 'task_queue': 'comfyui-gpu-farm', 'workflow_id': 'chain-image-edit-to-video-pipeline-47711261-967c-4b1b-9e32-dec4622c5bfb', 'workflow_type': 'ChainExecutorWorkflow'})
2026-01-13 11:05:22,946 - temporalio.workflow - INFO - Step edit_frame2: Approved, continuing... ({'attempt': 1, 'namespace': 'default', 'run_id': '019bb5d8-5dd2-7d48-8285-386a4f303be1', 'task_queue': 'comfyui-gpu-farm', 'workflow_id': 'chain-image-edit-to-video-pipeline-47711261-967c-4b1b-9e32-dec4622c5bfb', 'workflow_type': 'ChainExecutorWorkflow'})
2026-01-13 11:05:22,956 - temporalio.activity - INFO - Getting artifacts for workflow: a8a799c1-8c14-41dc-b5ce-83678ec3c412 ({'activity_id': '39', 'activity_type': 'get_workflow_artifacts', 'attempt': 1, 'namespace': 'default', 'task_queue': 'comfyui-gpu-farm', 'workflow_id': 'chain-image-edit-to-video-pipeline-47711261-967c-4b1b-9e32-dec4622c5bfb', 'workflow_run_id': '019bb5d8-5dd2-7d48-8285-386a4f303be1', 'workflow_type': 'ChainExecutorWorkflow'})
2026-01-13 11:05:22,976 - temporal_gateway.services.broadcast - INFO - Published step_completed to chain:749a87f0-92ea-47b6-875a-b343325d81f8
2026-01-13 11:05:22,976 - temporalio.activity - INFO - Published step_completed event for edit_frame2 in chain 749a87f0-92ea-47b6-875a-b343325d81f8 ({'activity_id': '40', 'activity_type': 'publish_step_completed_activity', 'attempt': 1, 'namespace': 'default', 'task_queue': 'comfyui-gpu-farm', 'workflow_id': 'chain-image-edit-to-video-pipeline-47711261-967c-4b1b-9e32-dec4622c5bfb', 'workflow_run_id': '019bb5d8-5dd2-7d48-8285-386a4f303be1', 'workflow_type': 'ChainExecutorWorkflow'})
2026-01-13 11:10:40,519 - temporalio.workflow - INFO - Starting chain execution: image-edit-to-video-pipeline ({'attempt': 1, 'namespace': 'default', 'run_id': '019bb5de-ddb3-73e4-aa40-638aaeb8574d', 'task_queue': 'comfyui-gpu-farm', 'workflow_id': 'chain-image-edit-to-video-pipeline-804d89cc-82d7-4262-9dd2-29a3c862dc3c', 'workflow_type': 'ChainExecutorWorkflow'})
2026-01-13 11:10:40,519 - temporalio.workflow - INFO - Retry number: 0 ({'attempt': 1, 'namespace': 'default', 'run_id': '019bb5de-ddb3-73e4-aa40-638aaeb8574d', 'task_queue': 'comfyui-gpu-farm', 'workflow_id': 'chain-image-edit-to-video-pipeline-804d89cc-82d7-4262-9dd2-29a3c862dc3c', 'workflow_type': 'ChainExecutorWorkflow'})
2026-01-13 11:10:40,519 - temporalio.workflow - INFO - Cached steps: [] ({'attempt': 1, 'namespace': 'default', 'run_id': '019bb5de-ddb3-73e4-aa40-638aaeb8574d', 'task_queue': 'comfyui-gpu-farm', 'workflow_id': 'chain-image-edit-to-video-pipeline-804d89cc-82d7-4262-9dd2-29a3c862dc3c', 'workflow_type': 'ChainExecutorWorkflow'})
2026-01-13 11:10:40,520 - temporalio.workflow - INFO - Total levels: 3 ({'attempt': 1, 'namespace': 'default', 'run_id': '019bb5de-ddb3-73e4-aa40-638aaeb8574d', 'task_queue': 'comfyui-gpu-farm', 'workflow_id': 'chain-image-edit-to-video-pipeline-804d89cc-82d7-4262-9dd2-29a3c862dc3c', 'workflow_type': 'ChainExecutorWorkflow'})
2026-01-13 11:10:40,520 - temporalio.workflow - INFO - Using chain ID: 9825eb5b-07c1-44d9-9f8d-349db41f70b7 ({'attempt': 1, 'namespace': 'default', 'run_id': '019bb5de-ddb3-73e4-aa40-638aaeb8574d', 'task_queue': 'comfyui-gpu-farm', 'workflow_id': 'chain-image-edit-to-video-pipeline-804d89cc-82d7-4262-9dd2-29a3c862dc3c', 'workflow_type': 'ChainExecutorWorkflow'})
2026-01-13 11:10:40,532 - temporalio.activity - INFO - Updating chain 9825eb5b-07c1-44d9-9f8d-349db41f70b7 status to: executing_level_0 ({'activity_id': '1', 'activity_type': 'update_chain_status_activity', 'attempt': 1, 'namespace': 'default', 'task_queue': 'comfyui-gpu-farm', 'workflow_id': 'chain-image-edit-to-video-pipeline-804d89cc-82d7-4262-9dd2-29a3c862dc3c', 'workflow_run_id': '019bb5de-ddb3-73e4-aa40-638aaeb8574d', 'workflow_type': 'ChainExecutorWorkflow'})
2026-01-13 11:10:40,536 - temporalio.activity - INFO - ✓ Updated chain status ({'activity_id': '1', 'activity_type': 'update_chain_status_activity', 'attempt': 1, 'namespace': 'default', 'task_queue': 'comfyui-gpu-farm', 'workflow_id': 'chain-image-edit-to-video-pipeline-804d89cc-82d7-4262-9dd2-29a3c862dc3c', 'workflow_run_id': '019bb5de-ddb3-73e4-aa40-638aaeb8574d', 'workflow_type': 'ChainExecutorWorkflow'})
2026-01-13 11:10:40,548 - temporalio.workflow - INFO - Level 0: Executing 2 step(s) ({'attempt': 1, 'namespace': 'default', 'run_id': '019bb5de-ddb3-73e4-aa40-638aaeb8574d', 'task_queue': 'comfyui-gpu-farm', 'workflow_id': 'chain-image-edit-to-video-pipeline-804d89cc-82d7-4262-9dd2-29a3c862dc3c', 'workflow_type': 'ChainExecutorWorkflow'})
2026-01-13 11:10:40,548 - temporalio.workflow - INFO - Executing step: extract_frame1 ({'attempt': 1, 'namespace': 'default', 'run_id': '019bb5de-ddb3-73e4-aa40-638aaeb8574d', 'task_queue': 'comfyui-gpu-farm', 'workflow_id': 'chain-image-edit-to-video-pipeline-804d89cc-82d7-4262-9dd2-29a3c862dc3c', 'workflow_type': 'ChainExecutorWorkflow'})
2026-01-13 11:10:40,549 - temporalio.workflow - INFO - Executing step: extract_frame2 ({'attempt': 1, 'namespace': 'default', 'run_id': '019bb5de-ddb3-73e4-aa40-638aaeb8574d', 'task_queue': 'comfyui-gpu-farm', 'workflow_id': 'chain-image-edit-to-video-pipeline-804d89cc-82d7-4262-9dd2-29a3c862dc3c', 'workflow_type': 'ChainExecutorWorkflow'})
2026-01-13 11:10:40,559 - temporalio.activity - INFO - Resolving templates in parameters ({'activity_id': '3', 'activity_type': 'resolve_chain_templates', 'attempt': 1, 'namespace': 'default', 'task_queue': 'comfyui-gpu-farm', 'workflow_id': 'chain-image-edit-to-video-pipeline-804d89cc-82d7-4262-9dd2-29a3c862dc3c', 'workflow_run_id': '019bb5de-ddb3-73e4-aa40-638aaeb8574d', 'workflow_type': 'ChainExecutorWorkflow'})
2026-01-13 11:10:40,559 - temporalio.activity - INFO - Templates resolved successfully ({'activity_id': '3', 'activity_type': 'resolve_chain_templates', 'attempt': 1, 'namespace': 'default', 'task_queue': 'comfyui-gpu-farm', 'workflow_id': 'chain-image-edit-to-video-pipeline-804d89cc-82d7-4262-9dd2-29a3c862dc3c', 'workflow_run_id': '019bb5de-ddb3-73e4-aa40-638aaeb8574d', 'workflow_type': 'ChainExecutorWorkflow'})
2026-01-13 11:10:40,563 - temporalio.activity - INFO - Resolving templates in parameters ({'activity_id': '2', 'activity_type': 'resolve_chain_templates', 'attempt': 1, 'namespace': 'default', 'task_queue': 'comfyui-gpu-farm', 'workflow_id': 'chain-image-edit-to-video-pipeline-804d89cc-82d7-4262-9dd2-29a3c862dc3c', 'workflow_run_id': '019bb5de-ddb3-73e4-aa40-638aaeb8574d', 'workflow_type': 'ChainExecutorWorkflow'})
2026-01-13 11:10:40,563 - temporalio.activity - INFO - Templates resolved successfully ({'activity_id': '2', 'activity_type': 'resolve_chain_templates', 'attempt': 1, 'namespace': 'default', 'task_queue': 'comfyui-gpu-farm', 'workflow_id': 'chain-image-edit-to-video-pipeline-804d89cc-82d7-4262-9dd2-29a3c862dc3c', 'workflow_run_id': '019bb5de-ddb3-73e4-aa40-638aaeb8574d', 'workflow_type': 'ChainExecutorWorkflow'})
2026-01-13 11:10:40,573 - temporalio.workflow - INFO - Step extract_frame2: Resolved parameters ({'attempt': 1, 'namespace': 'default', 'run_id': '019bb5de-ddb3-73e4-aa40-638aaeb8574d', 'task_queue': 'comfyui-gpu-farm', 'workflow_id': 'chain-image-edit-to-video-pipeline-804d89cc-82d7-4262-9dd2-29a3c862dc3c', 'workflow_type': 'ChainExecutorWorkflow'})
2026-01-13 11:10:40,574 - temporalio.workflow - INFO - Step extract_frame1: Resolved parameters ({'attempt': 1, 'namespace': 'default', 'run_id': '019bb5de-ddb3-73e4-aa40-638aaeb8574d', 'task_queue': 'comfyui-gpu-farm', 'workflow_id': 'chain-image-edit-to-video-pipeline-804d89cc-82d7-4262-9dd2-29a3c862dc3c', 'workflow_type': 'ChainExecutorWorkflow'})
2026-01-13 11:10:40,583 - temporalio.activity - INFO - Applying parameters to workflow: imageSave ({'activity_id': '5', 'activity_type': 'apply_workflow_parameters', 'attempt': 1, 'namespace': 'default', 'task_queue': 'comfyui-gpu-farm', 'workflow_id': 'chain-image-edit-to-video-pipeline-804d89cc-82d7-4262-9dd2-29a3c862dc3c', 'workflow_run_id': '019bb5de-ddb3-73e4-aa40-638aaeb8574d', 'workflow_type': 'ChainExecutorWorkflow'})
2026-01-13 11:10:40,584 - temporal_gateway.registry - INFO - Applied override: 1.frame_load_cap = 1
2026-01-13 11:10:40,584 - temporal_gateway.registry - INFO - Applied override: 1.select_every_nth = 1
2026-01-13 11:10:40,584 - temporal_gateway.registry - INFO - Applied override: 1.skip_first_frames = 0
2026-01-13 11:10:40,584 - temporal_gateway.registry - INFO - Applied override: 1.video = ComfyUI_00012_.mp4
2026-01-13 11:10:40,584 - temporalio.activity - INFO - Parameters applied successfully ({'activity_id': '5', 'activity_type': 'apply_workflow_parameters', 'attempt': 1, 'namespace': 'default', 'task_queue': 'comfyui-gpu-farm', 'workflow_id': 'chain-image-edit-to-video-pipeline-804d89cc-82d7-4262-9dd2-29a3c862dc3c', 'workflow_run_id': '019bb5de-ddb3-73e4-aa40-638aaeb8574d', 'workflow_type': 'ChainExecutorWorkflow'})
2026-01-13 11:10:40,586 - temporalio.activity - INFO - Applying parameters to workflow: imageSave ({'activity_id': '4', 'activity_type': 'apply_workflow_parameters', 'attempt': 1, 'namespace': 'default', 'task_queue': 'comfyui-gpu-farm', 'workflow_id': 'chain-image-edit-to-video-pipeline-804d89cc-82d7-4262-9dd2-29a3c862dc3c', 'workflow_run_id': '019bb5de-ddb3-73e4-aa40-638aaeb8574d', 'workflow_type': 'ChainExecutorWorkflow'})
2026-01-13 11:10:40,586 - temporal_gateway.registry - INFO - Applied override: 1.frame_load_cap = 1
2026-01-13 11:10:40,586 - temporal_gateway.registry - INFO - Applied override: 1.select_every_nth = 1
2026-01-13 11:10:40,586 - temporal_gateway.registry - INFO - Applied override: 1.skip_first_frames = 172
2026-01-13 11:10:40,586 - temporal_gateway.registry - INFO - Applied override: 1.video = ComfyUI_00012_.mp4
2026-01-13 11:10:40,587 - temporalio.activity - INFO - Parameters applied successfully ({'activity_id': '4', 'activity_type': 'apply_workflow_parameters', 'attempt': 1, 'namespace': 'default', 'task_queue': 'comfyui-gpu-farm', 'workflow_id': 'chain-image-edit-to-video-pipeline-804d89cc-82d7-4262-9dd2-29a3c862dc3c', 'workflow_run_id': '019bb5de-ddb3-73e4-aa40-638aaeb8574d', 'workflow_type': 'ChainExecutorWorkflow'})
2026-01-13 11:10:40,607 - temporalio.activity - INFO - Selecting server with strategy: least_loaded ({'activity_id': '6', 'activity_type': 'select_best_server', 'attempt': 1, 'namespace': 'default', 'task_queue': 'comfyui-gpu-farm', 'workflow_id': 'chain-image-edit-to-video-pipeline-804d89cc-82d7-4262-9dd2-29a3c862dc3c', 'workflow_run_id': '019bb5de-ddb3-73e4-aa40-638aaeb8574d', 'workflow_type': 'ChainExecutorWorkflow'})
2026-01-13 11:10:40,662 - temporalio.activity - INFO - Selecting server with strategy: least_loaded ({'activity_id': '7', 'activity_type': 'select_best_server', 'attempt': 1, 'namespace': 'default', 'task_queue': 'comfyui-gpu-farm', 'workflow_id': 'chain-image-edit-to-video-pipeline-804d89cc-82d7-4262-9dd2-29a3c862dc3c', 'workflow_run_id': '019bb5de-ddb3-73e4-aa40-638aaeb8574d', 'workflow_type': 'ChainExecutorWorkflow'})
2026-01-13 11:10:40,777 - httpx - INFO - HTTP Request: GET http://procure-x.testmcp.org/system_stats "HTTP/1.1 200 OK"
2026-01-13 11:10:40,795 - httpx - INFO - HTTP Request: GET http://procure-x.testmcp.org/system_stats "HTTP/1.1 200 OK"
2026-01-13 11:10:40,823 - httpx - INFO - HTTP Request: GET http://procure-x.testmcp.org/queue "HTTP/1.1 200 OK"
2026-01-13 11:10:40,824 - temporal_gateway.servers.load_balancer - INFO - Selected server procure-x (queue_depth=0, gpu_mem=0.0%)
2026-01-13 11:10:40,824 - temporalio.activity - INFO - Selected server: procure-x (http://procure-x.testmcp.org) ({'activity_id': '6', 'activity_type': 'select_best_server', 'attempt': 1, 'namespace': 'default', 'task_queue': 'comfyui-gpu-farm', 'workflow_id': 'chain-image-edit-to-video-pipeline-804d89cc-82d7-4262-9dd2-29a3c862dc3c', 'workflow_run_id': '019bb5de-ddb3-73e4-aa40-638aaeb8574d', 'workflow_type': 'ChainExecutorWorkflow'})
2026-01-13 11:10:40,834 - temporalio.workflow - INFO - Step extract_frame1: Selected target server: http://procure-x.testmcp.org ({'attempt': 1, 'namespace': 'default', 'run_id': '019bb5de-ddb3-73e4-aa40-638aaeb8574d', 'task_queue': 'comfyui-gpu-farm', 'workflow_id': 'chain-image-edit-to-video-pipeline-804d89cc-82d7-4262-9dd2-29a3c862dc3c', 'workflow_type': 'ChainExecutorWorkflow'})
2026-01-13 11:10:40,843 - httpx - INFO - HTTP Request: GET http://procure-x.testmcp.org/queue "HTTP/1.1 200 OK"
2026-01-13 11:10:40,844 - temporal_gateway.servers.load_balancer - INFO - Selected server procure-x (queue_depth=0, gpu_mem=0.0%)
2026-01-13 11:10:40,844 - temporalio.activity - INFO - Selected server: procure-x (http://procure-x.testmcp.org) ({'activity_id': '7', 'activity_type': 'select_best_server', 'attempt': 1, 'namespace': 'default', 'task_queue': 'comfyui-gpu-farm', 'workflow_id': 'chain-image-edit-to-video-pipeline-804d89cc-82d7-4262-9dd2-29a3c862dc3c', 'workflow_run_id': '019bb5de-ddb3-73e4-aa40-638aaeb8574d', 'workflow_type': 'ChainExecutorWorkflow'})
2026-01-13 11:10:40,845 - temporalio.activity - INFO - Creating workflow record: imageSave (prompt: pending) ({'activity_id': '8', 'activity_type': 'create_workflow_record', 'attempt': 1, 'namespace': 'default', 'task_queue': 'comfyui-gpu-farm', 'workflow_id': 'chain-image-edit-to-video-pipeline-804d89cc-82d7-4262-9dd2-29a3c862dc3c', 'workflow_run_id': '019bb5de-ddb3-73e4-aa40-638aaeb8574d', 'workflow_type': 'ChainExecutorWorkflow'})
2026-01-13 11:10:40,849 - temporalio.activity - INFO - ✓ Created workflow record: 87c9eed2-2bc6-4208-b30d-a27762b3e50b ({'activity_id': '8', 'activity_type': 'create_workflow_record', 'attempt': 1, 'namespace': 'default', 'task_queue': 'comfyui-gpu-farm', 'workflow_id': 'chain-image-edit-to-video-pipeline-804d89cc-82d7-4262-9dd2-29a3c862dc3c', 'workflow_run_id': '019bb5de-ddb3-73e4-aa40-638aaeb8574d', 'workflow_type': 'ChainExecutorWorkflow'})
2026-01-13 11:10:40,858 - temporalio.workflow - INFO - Step extract_frame2: Selected target server: http://procure-x.testmcp.org ({'attempt': 1, 'namespace': 'default', 'run_id': '019bb5de-ddb3-73e4-aa40-638aaeb8574d', 'task_queue': 'comfyui-gpu-farm', 'workflow_id': 'chain-image-edit-to-video-pipeline-804d89cc-82d7-4262-9dd2-29a3c862dc3c', 'workflow_type': 'ChainExecutorWorkflow'})
2026-01-13 11:10:40,858 - temporalio.workflow - INFO - Step extract_frame1: Created workflow record 87c9eed2-2bc6-4208-b30d-a27762b3e50b ({'attempt': 1, 'namespace': 'default', 'run_id': '019bb5de-ddb3-73e4-aa40-638aaeb8574d', 'task_queue': 'comfyui-gpu-farm', 'workflow_id': 'chain-image-edit-to-video-pipeline-804d89cc-82d7-4262-9dd2-29a3c862dc3c', 'workflow_type': 'ChainExecutorWorkflow'})
2026-01-13 11:10:40,874 - temporalio.activity - INFO - Creating workflow record: imageSave (prompt: pending) ({'activity_id': '9', 'activity_type': 'create_workflow_record', 'attempt': 1, 'namespace': 'default', 'task_queue': 'comfyui-gpu-farm', 'workflow_id': 'chain-image-edit-to-video-pipeline-804d89cc-82d7-4262-9dd2-29a3c862dc3c', 'workflow_run_id': '019bb5de-ddb3-73e4-aa40-638aaeb8574d', 'workflow_type': 'ChainExecutorWorkflow'})
2026-01-13 11:10:40,877 - temporalio.activity - INFO - ✓ Created workflow record: 8a73ae17-bb1f-484d-b175-53b357266bb9 ({'activity_id': '9', 'activity_type': 'create_workflow_record', 'attempt': 1, 'namespace': 'default', 'task_queue': 'comfyui-gpu-farm', 'workflow_id': 'chain-image-edit-to-video-pipeline-804d89cc-82d7-4262-9dd2-29a3c862dc3c', 'workflow_run_id': '019bb5de-ddb3-73e4-aa40-638aaeb8574d', 'workflow_type': 'ChainExecutorWorkflow'})
2026-01-13 11:10:40,890 - temporalio.workflow - INFO - Starting ComfyUI workflow execution ({'attempt': 1, 'namespace': 'default', 'run_id': '019bb5de-df1f-765f-86ad-6aa8f2c5882c', 'task_queue': 'comfyui-gpu-farm', 'workflow_id': 'chain-image-edit-to-video-pipeline-804d89cc-82d7-4262-9dd2-29a3c862dc3c-extract_frame1', 'workflow_type': 'ComfyUIWorkflow'})
2026-01-13 11:10:40,891 - temporalio.workflow - INFO - Generated client_id: 8514c3b1-afcb-4173-b9f5-0674c6eda5ab ({'attempt': 1, 'namespace': 'default', 'run_id': '019bb5de-df1f-765f-86ad-6aa8f2c5882c', 'task_queue': 'comfyui-gpu-farm', 'workflow_id': 'chain-image-edit-to-video-pipeline-804d89cc-82d7-4262-9dd2-29a3c862dc3c-extract_frame1', 'workflow_type': 'ComfyUIWorkflow'})
2026-01-13 11:10:40,891 - temporalio.workflow - INFO - Using pre-selected server: http://procure-x.testmcp.org ({'attempt': 1, 'namespace': 'default', 'run_id': '019bb5de-df1f-765f-86ad-6aa8f2c5882c', 'task_queue': 'comfyui-gpu-farm', 'workflow_id': 'chain-image-edit-to-video-pipeline-804d89cc-82d7-4262-9dd2-29a3c862dc3c-extract_frame1', 'workflow_type': 'ComfyUIWorkflow'})
2026-01-13 11:10:40,897 - temporalio.workflow - INFO - Step extract_frame2: Created workflow record 8a73ae17-bb1f-484d-b175-53b357266bb9 ({'attempt': 1, 'namespace': 'default', 'run_id': '019bb5de-ddb3-73e4-aa40-638aaeb8574d', 'task_queue': 'comfyui-gpu-farm', 'workflow_id': 'chain-image-edit-to-video-pipeline-804d89cc-82d7-4262-9dd2-29a3c862dc3c', 'workflow_type': 'ChainExecutorWorkflow'})
2026-01-13 11:10:40,904 - temporalio.activity - INFO - [V3] Executing workflow on http://procure-x.testmcp.org ({'activity_id': '1', 'activity_type': 'execute_and_track_workflow', 'attempt': 1, 'namespace': 'default', 'task_queue': 'comfyui-gpu-farm', 'workflow_id': 'chain-image-edit-to-video-pipeline-804d89cc-82d7-4262-9dd2-29a3c862dc3c-extract_frame1', 'workflow_run_id': '019bb5de-df1f-765f-86ad-6aa8f2c5882c', 'workflow_type': 'ComfyUIWorkflow'})
2026-01-13 11:10:40,904 - temporalio.activity - INFO - [V3] Workflow name: imageSave ({'activity_id': '1', 'activity_type': 'execute_and_track_workflow', 'attempt': 1, 'namespace': 'default', 'task_queue': 'comfyui-gpu-farm', 'workflow_id': 'chain-image-edit-to-video-pipeline-804d89cc-82d7-4262-9dd2-29a3c862dc3c-extract_frame1', 'workflow_run_id': '019bb5de-df1f-765f-86ad-6aa8f2c5882c', 'workflow_type': 'ComfyUIWorkflow'})
2026-01-13 11:10:40,956 - temporal_gateway.clients.comfy.client - INFO - ComfyUI client initialized for http://procure-x.testmcp.org
2026-01-13 11:10:40,956 - temporal_gateway.clients.comfy.client - INFO - Submitting workflow to ComfyUI
2026-01-13 11:10:40,967 - temporalio.workflow - INFO - Starting ComfyUI workflow execution ({'attempt': 1, 'namespace': 'default', 'run_id': '019bb5de-df49-76cd-94d3-cda6d1209e51', 'task_queue': 'comfyui-gpu-farm', 'workflow_id': 'chain-image-edit-to-video-pipeline-804d89cc-82d7-4262-9dd2-29a3c862dc3c-extract_frame2', 'workflow_type': 'ComfyUIWorkflow'})
2026-01-13 11:10:40,967 - temporalio.workflow - INFO - Generated client_id: 4494a5ca-fd0c-487b-8716-77f5a983cafd ({'attempt': 1, 'namespace': 'default', 'run_id': '019bb5de-df49-76cd-94d3-cda6d1209e51', 'task_queue': 'comfyui-gpu-farm', 'workflow_id': 'chain-image-edit-to-video-pipeline-804d89cc-82d7-4262-9dd2-29a3c862dc3c-extract_frame2', 'workflow_type': 'ComfyUIWorkflow'})
2026-01-13 11:10:40,967 - temporalio.workflow - INFO - Using pre-selected server: http://procure-x.testmcp.org ({'attempt': 1, 'namespace': 'default', 'run_id': '019bb5de-df49-76cd-94d3-cda6d1209e51', 'task_queue': 'comfyui-gpu-farm', 'workflow_id': 'chain-image-edit-to-video-pipeline-804d89cc-82d7-4262-9dd2-29a3c862dc3c-extract_frame2', 'workflow_type': 'ComfyUIWorkflow'})
2026-01-13 11:10:40,977 - temporalio.activity - INFO - [V3] Executing workflow on http://procure-x.testmcp.org ({'activity_id': '1', 'activity_type': 'execute_and_track_workflow', 'attempt': 1, 'namespace': 'default', 'task_queue': 'comfyui-gpu-farm', 'workflow_id': 'chain-image-edit-to-video-pipeline-804d89cc-82d7-4262-9dd2-29a3c862dc3c-extract_frame2', 'workflow_run_id': '019bb5de-df49-76cd-94d3-cda6d1209e51', 'workflow_type': 'ComfyUIWorkflow'})
2026-01-13 11:10:40,977 - temporalio.activity - INFO - [V3] Workflow name: imageSave ({'activity_id': '1', 'activity_type': 'execute_and_track_workflow', 'attempt': 1, 'namespace': 'default', 'task_queue': 'comfyui-gpu-farm', 'workflow_id': 'chain-image-edit-to-video-pipeline-804d89cc-82d7-4262-9dd2-29a3c862dc3c-extract_frame2', 'workflow_run_id': '019bb5de-df49-76cd-94d3-cda6d1209e51', 'workflow_type': 'ComfyUIWorkflow'})
2026-01-13 11:10:41,033 - temporal_gateway.clients.comfy.client - INFO - ComfyUI client initialized for http://procure-x.testmcp.org
2026-01-13 11:10:41,034 - temporal_gateway.clients.comfy.client - INFO - Submitting workflow to ComfyUI
2026-01-13 11:10:41,094 - httpx - INFO - HTTP Request: POST http://procure-x.testmcp.org/prompt "HTTP/1.1 200 OK"
2026-01-13 11:10:41,095 - temporal_gateway.clients.comfy.client - INFO - Workflow queued with prompt_id: e9c52389-1687-4996-8e54-6e7d2613a7be
2026-01-13 11:10:41,096 - temporal_gateway.clients.comfy.tracker - INFO - Starting execution tracking for prompt e9c52389-1687-4996-8e54-6e7d2613a7be
2026-01-13 11:10:41,096 - temporal_gateway.clients.comfy.tracker - INFO - Starting history polling
2026-01-13 11:10:41,097 - temporal_gateway.clients.comfy.tracker - INFO - Starting WebSocket listener
2026-01-13 11:10:41,097 - temporal_gateway.clients.comfy.websocket - INFO - Connecting to WebSocket: ws://procure-x.testmcp.org/ws?clientId=4046e1eb-b67a-46a2-966f-c4198b1347f4
2026-01-13 11:10:41,178 - httpx - INFO - HTTP Request: GET http://procure-x.testmcp.org/history/e9c52389-1687-4996-8e54-6e7d2613a7be "HTTP/1.1 200 OK"
2026-01-13 11:10:41,179 - httpx - INFO - HTTP Request: POST http://procure-x.testmcp.org/prompt "HTTP/1.1 200 OK"
2026-01-13 11:10:41,181 - temporal_gateway.clients.comfy.client - INFO - Workflow queued with prompt_id: 71dfc6b7-9169-4537-9565-cdd37339583e
2026-01-13 11:10:41,181 - temporal_gateway.clients.comfy.tracker - INFO - Starting execution tracking for prompt 71dfc6b7-9169-4537-9565-cdd37339583e
2026-01-13 11:10:41,181 - temporal_gateway.clients.comfy.tracker - INFO - Starting history polling
2026-01-13 11:10:41,182 - temporal_gateway.clients.comfy.tracker - INFO - Starting WebSocket listener
2026-01-13 11:10:41,182 - temporal_gateway.clients.comfy.websocket - INFO - Connecting to WebSocket: ws://procure-x.testmcp.org/ws?clientId=912d62e4-6f57-4819-bd62-189e6bbb195c
2026-01-13 11:10:41,183 - temporal_gateway.clients.comfy.websocket - INFO - WebSocket connected successfully
2026-01-13 11:10:41,209 - httpx - INFO - HTTP Request: GET http://procure-x.testmcp.org/history/71dfc6b7-9169-4537-9565-cdd37339583e "HTTP/1.1 200 OK"
2026-01-13 11:10:41,238 - temporal_gateway.clients.comfy.websocket - INFO - WebSocket connected successfully
2026-01-13 11:10:42,200 - httpx - INFO - HTTP Request: GET http://procure-x.testmcp.org/history/e9c52389-1687-4996-8e54-6e7d2613a7be "HTTP/1.1 200 OK"
2026-01-13 11:10:42,241 - httpx - INFO - HTTP Request: GET http://procure-x.testmcp.org/history/71dfc6b7-9169-4537-9565-cdd37339583e "HTTP/1.1 200 OK"
2026-01-13 11:10:42,707 - temporal_gateway.clients.comfy.tracker - INFO - [WS] Execution completed successfully
2026-01-13 11:10:43,099 - httpx - INFO - HTTP Request: GET http://procure-x.testmcp.org/history/e9c52389-1687-4996-8e54-6e7d2613a7be "HTTP/1.1 200 OK"
2026-01-13 11:10:43,101 - temporal_gateway.clients.comfy.tracker - INFO - Tracking completed: success (took 2.01s)
2026-01-13 11:10:43,102 - temporalio.activity - INFO - [V3] Workflow completed successfully ({'activity_id': '1', 'activity_type': 'execute_and_track_workflow', 'attempt': 1, 'namespace': 'default', 'task_queue': 'comfyui-gpu-farm', 'workflow_id': 'chain-image-edit-to-video-pipeline-804d89cc-82d7-4262-9dd2-29a3c862dc3c-extract_frame1', 'workflow_run_id': '019bb5de-df1f-765f-86ad-6aa8f2c5882c', 'workflow_type': 'ComfyUIWorkflow'})
2026-01-13 11:10:43,114 - temporalio.workflow - INFO - Execution completed successfully ({'attempt': 1, 'namespace': 'default', 'run_id': '019bb5de-df1f-765f-86ad-6aa8f2c5882c', 'task_queue': 'comfyui-gpu-farm', 'workflow_id': 'chain-image-edit-to-video-pipeline-804d89cc-82d7-4262-9dd2-29a3c862dc3c-extract_frame1', 'workflow_type': 'ComfyUIWorkflow'})
2026-01-13 11:10:43,122 - temporalio.activity - INFO - Extracting server output files ({'activity_id': '2', 'activity_type': 'get_server_output_files', 'attempt': 1, 'namespace': 'default', 'task_queue': 'comfyui-gpu-farm', 'workflow_id': 'chain-image-edit-to-video-pipeline-804d89cc-82d7-4262-9dd2-29a3c862dc3c-extract_frame1', 'workflow_run_id': '019bb5de-df1f-765f-86ad-6aa8f2c5882c', 'workflow_type': 'ComfyUIWorkflow'})
2026-01-13 11:10:43,123 - temporalio.activity - INFO - Found 1 output file(s) ({'activity_id': '2', 'activity_type': 'get_server_output_files', 'attempt': 1, 'namespace': 'default', 'task_queue': 'comfyui-gpu-farm', 'workflow_id': 'chain-image-edit-to-video-pipeline-804d89cc-82d7-4262-9dd2-29a3c862dc3c-extract_frame1', 'workflow_run_id': '019bb5de-df1f-765f-86ad-6aa8f2c5882c', 'workflow_type': 'ComfyUIWorkflow'})
2026-01-13 11:10:43,132 - temporalio.workflow - INFO - Found 1 server output file(s) ({'attempt': 1, 'namespace': 'default', 'run_id': '019bb5de-df1f-765f-86ad-6aa8f2c5882c', 'task_queue': 'comfyui-gpu-farm', 'workflow_id': 'chain-image-edit-to-video-pipeline-804d89cc-82d7-4262-9dd2-29a3c862dc3c-extract_frame1', 'workflow_type': 'ComfyUIWorkflow'})
2026-01-13 11:10:43,140 - temporalio.activity - INFO - Downloading and persisting 1 artifact(s) for workflow 87c9eed2-2bc6-4208-b30d-a27762b3e50b ({'activity_id': '3', 'activity_type': 'download_and_store_artifacts', 'attempt': 1, 'namespace': 'default', 'task_queue': 'comfyui-gpu-farm', 'workflow_id': 'chain-image-edit-to-video-pipeline-804d89cc-82d7-4262-9dd2-29a3c862dc3c-extract_frame1', 'workflow_run_id': '019bb5de-df1f-765f-86ad-6aa8f2c5882c', 'workflow_type': 'ComfyUIWorkflow'})
2026-01-13 11:10:43,186 - temporal_gateway.clients.comfy.client - INFO - ComfyUI client initialized for http://procure-x.testmcp.org
2026-01-13 11:10:43,270 - httpx - INFO - HTTP Request: GET http://procure-x.testmcp.org/view?filename=ComfyUI_00252_.png&type=output "HTTP/1.1 200 OK"
2026-01-13 11:10:43,281 - httpx - INFO - HTTP Request: GET http://procure-x.testmcp.org/history/71dfc6b7-9169-4537-9565-cdd37339583e "HTTP/1.1 200 OK"
2026-01-13 11:10:43,295 - temporalio.activity - INFO - ✓ Saved artifact to DB: 289d781b-da1b-4fcf-bc22-0eedd42e07b9 (ComfyUI_00252_.png) ({'activity_id': '3', 'activity_type': 'download_and_store_artifacts', 'attempt': 1, 'namespace': 'default', 'task_queue': 'comfyui-gpu-farm', 'workflow_id': 'chain-image-edit-to-video-pipeline-804d89cc-82d7-4262-9dd2-29a3c862dc3c-extract_frame1', 'workflow_run_id': '019bb5de-df1f-765f-86ad-6aa8f2c5882c', 'workflow_type': 'ComfyUIWorkflow'})
2026-01-13 11:10:43,296 - temporalio.activity - INFO - Downloaded and persisted 1 artifact(s) ({'activity_id': '3', 'activity_type': 'download_and_store_artifacts', 'attempt': 1, 'namespace': 'default', 'task_queue': 'comfyui-gpu-farm', 'workflow_id': 'chain-image-edit-to-video-pipeline-804d89cc-82d7-4262-9dd2-29a3c862dc3c-extract_frame1', 'workflow_run_id': '019bb5de-df1f-765f-86ad-6aa8f2c5882c', 'workflow_type': 'ComfyUIWorkflow'})
2026-01-13 11:10:43,296 - temporal_gateway.clients.comfy.tracker - INFO - [WS] Execution completed successfully
2026-01-13 11:10:43,305 - temporalio.workflow - INFO - Downloaded 1 file(s) locally ({'attempt': 1, 'namespace': 'default', 'run_id': '019bb5de-df1f-765f-86ad-6aa8f2c5882c', 'task_queue': 'comfyui-gpu-farm', 'workflow_id': 'chain-image-edit-to-video-pipeline-804d89cc-82d7-4262-9dd2-29a3c862dc3c-extract_frame1', 'workflow_type': 'ComfyUIWorkflow'})
2026-01-13 11:10:43,311 - httpx - INFO - HTTP Request: GET http://procure-x.testmcp.org/history/71dfc6b7-9169-4537-9565-cdd37339583e "HTTP/1.1 200 OK"
2026-01-13 11:10:43,313 - temporal_gateway.clients.comfy.tracker - INFO - Tracking completed: success (took 2.13s)
2026-01-13 11:10:43,313 - temporalio.activity - INFO - [V3] Workflow completed successfully ({'activity_id': '1', 'activity_type': 'execute_and_track_workflow', 'attempt': 1, 'namespace': 'default', 'task_queue': 'comfyui-gpu-farm', 'workflow_id': 'chain-image-edit-to-video-pipeline-804d89cc-82d7-4262-9dd2-29a3c862dc3c-extract_frame2', 'workflow_run_id': '019bb5de-df49-76cd-94d3-cda6d1209e51', 'workflow_type': 'ComfyUIWorkflow'})
2026-01-13 11:10:43,323 - temporalio.workflow - INFO - Execution completed successfully ({'attempt': 1, 'namespace': 'default', 'run_id': '019bb5de-df49-76cd-94d3-cda6d1209e51', 'task_queue': 'comfyui-gpu-farm', 'workflow_id': 'chain-image-edit-to-video-pipeline-804d89cc-82d7-4262-9dd2-29a3c862dc3c-extract_frame2', 'workflow_type': 'ComfyUIWorkflow'})
2026-01-13 11:10:43,329 - temporalio.activity - INFO - Updating workflow 87c9eed2-2bc6-4208-b30d-a27762b3e50b status to: completed ({'activity_id': '10', 'activity_type': 'update_workflow_status_activity', 'attempt': 1, 'namespace': 'default', 'task_queue': 'comfyui-gpu-farm', 'workflow_id': 'chain-image-edit-to-video-pipeline-804d89cc-82d7-4262-9dd2-29a3c862dc3c', 'workflow_run_id': '019bb5de-ddb3-73e4-aa40-638aaeb8574d', 'workflow_type': 'ChainExecutorWorkflow'})
2026-01-13 11:10:43,333 - temporalio.activity - INFO - ✓ Updated workflow status ({'activity_id': '10', 'activity_type': 'update_workflow_status_activity', 'attempt': 1, 'namespace': 'default', 'task_queue': 'comfyui-gpu-farm', 'workflow_id': 'chain-image-edit-to-video-pipeline-804d89cc-82d7-4262-9dd2-29a3c862dc3c', 'workflow_run_id': '019bb5de-ddb3-73e4-aa40-638aaeb8574d', 'workflow_type': 'ChainExecutorWorkflow'})
2026-01-13 11:10:43,334 - temporalio.activity - INFO - Extracting server output files ({'activity_id': '2', 'activity_type': 'get_server_output_files', 'attempt': 1, 'namespace': 'default', 'task_queue': 'comfyui-gpu-farm', 'workflow_id': 'chain-image-edit-to-video-pipeline-804d89cc-82d7-4262-9dd2-29a3c862dc3c-extract_frame2', 'workflow_run_id': '019bb5de-df49-76cd-94d3-cda6d1209e51', 'workflow_type': 'ComfyUIWorkflow'})
2026-01-13 11:10:43,334 - temporalio.activity - INFO - Found 1 output file(s) ({'activity_id': '2', 'activity_type': 'get_server_output_files', 'attempt': 1, 'namespace': 'default', 'task_queue': 'comfyui-gpu-farm', 'workflow_id': 'chain-image-edit-to-video-pipeline-804d89cc-82d7-4262-9dd2-29a3c862dc3c-extract_frame2', 'workflow_run_id': '019bb5de-df49-76cd-94d3-cda6d1209e51', 'workflow_type': 'ComfyUIWorkflow'})
2026-01-13 11:10:43,343 - temporalio.workflow - INFO - Step extract_frame1: Approval required, fetching artifacts... ({'attempt': 1, 'namespace': 'default', 'run_id': '019bb5de-ddb3-73e4-aa40-638aaeb8574d', 'task_queue': 'comfyui-gpu-farm', 'workflow_id': 'chain-image-edit-to-video-pipeline-804d89cc-82d7-4262-9dd2-29a3c862dc3c', 'workflow_type': 'ChainExecutorWorkflow'})
2026-01-13 11:10:43,345 - temporalio.workflow - INFO - Found 1 server output file(s) ({'attempt': 1, 'namespace': 'default', 'run_id': '019bb5de-df49-76cd-94d3-cda6d1209e51', 'task_queue': 'comfyui-gpu-farm', 'workflow_id': 'chain-image-edit-to-video-pipeline-804d89cc-82d7-4262-9dd2-29a3c862dc3c-extract_frame2', 'workflow_type': 'ComfyUIWorkflow'})
2026-01-13 11:10:43,352 - temporalio.activity - INFO - Getting artifacts for workflow: 87c9eed2-2bc6-4208-b30d-a27762b3e50b ({'activity_id': '11', 'activity_type': 'get_workflow_artifacts', 'attempt': 1, 'namespace': 'default', 'task_queue': 'comfyui-gpu-farm', 'workflow_id': 'chain-image-edit-to-video-pipeline-804d89cc-82d7-4262-9dd2-29a3c862dc3c', 'workflow_run_id': '019bb5de-ddb3-73e4-aa40-638aaeb8574d', 'workflow_type': 'ChainExecutorWorkflow'})
2026-01-13 11:10:43,354 - temporalio.activity - INFO - Downloading and persisting 1 artifact(s) for workflow 8a73ae17-bb1f-484d-b175-53b357266bb9 ({'activity_id': '3', 'activity_type': 'download_and_store_artifacts', 'attempt': 1, 'namespace': 'default', 'task_queue': 'comfyui-gpu-farm', 'workflow_id': 'chain-image-edit-to-video-pipeline-804d89cc-82d7-4262-9dd2-29a3c862dc3c-extract_frame2', 'workflow_run_id': '019bb5de-df49-76cd-94d3-cda6d1209e51', 'workflow_type': 'ComfyUIWorkflow'})
2026-01-13 11:10:43,402 - temporal_gateway.clients.comfy.client - INFO - ComfyUI client initialized for http://procure-x.testmcp.org
2026-01-13 11:10:43,413 - temporalio.activity - INFO - Creating approval request for artifact: 289d781b-da1b-4fcf-bc22-0eedd42e07b9 ({'activity_id': '12', 'activity_type': 'create_approval_request_activity', 'attempt': 1, 'namespace': 'default', 'task_queue': 'comfyui-gpu-farm', 'workflow_id': 'chain-image-edit-to-video-pipeline-804d89cc-82d7-4262-9dd2-29a3c862dc3c', 'workflow_run_id': '019bb5de-ddb3-73e4-aa40-638aaeb8574d', 'workflow_type': 'ChainExecutorWorkflow'})
2026-01-13 11:10:43,419 - temporalio.activity - INFO - ✓ Created approval request: 6336761a-ca86-4084-a0cc-c674a9c7cabc, token: qMlQTQAnt_IOwbV9... ({'activity_id': '12', 'activity_type': 'create_approval_request_activity', 'attempt': 1, 'namespace': 'default', 'task_queue': 'comfyui-gpu-farm', 'workflow_id': 'chain-image-edit-to-video-pipeline-804d89cc-82d7-4262-9dd2-29a3c862dc3c', 'workflow_run_id': '019bb5de-ddb3-73e4-aa40-638aaeb8574d', 'workflow_type': 'ChainExecutorWorkflow'})
2026-01-13 11:10:43,420 - temporal_gateway.services.broadcast - INFO - Published approval_requested to chain:9825eb5b-07c1-44d9-9f8d-349db41f70b7
2026-01-13 11:10:43,420 - temporalio.activity - INFO - Published approval_requested event for chain 9825eb5b-07c1-44d9-9f8d-349db41f70b7 ({'activity_id': '12', 'activity_type': 'create_approval_request_activity', 'attempt': 1, 'namespace': 'default', 'task_queue': 'comfyui-gpu-farm', 'workflow_id': 'chain-image-edit-to-video-pipeline-804d89cc-82d7-4262-9dd2-29a3c862dc3c', 'workflow_run_id': '019bb5de-ddb3-73e4-aa40-638aaeb8574d', 'workflow_type': 'ChainExecutorWorkflow'})
2026-01-13 11:10:43,432 - temporalio.workflow - INFO - Step extract_frame1: Approval request created, token: qMlQTQAnt_IOwbV9... ({'attempt': 1, 'namespace': 'default', 'run_id': '019bb5de-ddb3-73e4-aa40-638aaeb8574d', 'task_queue': 'comfyui-gpu-farm', 'workflow_id': 'chain-image-edit-to-video-pipeline-804d89cc-82d7-4262-9dd2-29a3c862dc3c', 'workflow_type': 'ChainExecutorWorkflow'})
2026-01-13 11:10:43,463 - httpx - INFO - HTTP Request: GET http://procure-x.testmcp.org/view?filename=ComfyUI_00253_.png&type=output "HTTP/1.1 200 OK"
2026-01-13 11:10:43,501 - temporalio.activity - INFO - ✓ Saved artifact to DB: 6dc60ae4-50c1-4f42-b9bb-0ec9110187df (ComfyUI_00253_.png) ({'activity_id': '3', 'activity_type': 'download_and_store_artifacts', 'attempt': 1, 'namespace': 'default', 'task_queue': 'comfyui-gpu-farm', 'workflow_id': 'chain-image-edit-to-video-pipeline-804d89cc-82d7-4262-9dd2-29a3c862dc3c-extract_frame2', 'workflow_run_id': '019bb5de-df49-76cd-94d3-cda6d1209e51', 'workflow_type': 'ComfyUIWorkflow'})
2026-01-13 11:10:43,502 - temporalio.activity - INFO - Downloaded and persisted 1 artifact(s) ({'activity_id': '3', 'activity_type': 'download_and_store_artifacts', 'attempt': 1, 'namespace': 'default', 'task_queue': 'comfyui-gpu-farm', 'workflow_id': 'chain-image-edit-to-video-pipeline-804d89cc-82d7-4262-9dd2-29a3c862dc3c-extract_frame2', 'workflow_run_id': '019bb5de-df49-76cd-94d3-cda6d1209e51', 'workflow_type': 'ComfyUIWorkflow'})
2026-01-13 11:10:43,512 - temporalio.workflow - INFO - Downloaded 1 file(s) locally ({'attempt': 1, 'namespace': 'default', 'run_id': '019bb5de-df49-76cd-94d3-cda6d1209e51', 'task_queue': 'comfyui-gpu-farm', 'workflow_id': 'chain-image-edit-to-video-pipeline-804d89cc-82d7-4262-9dd2-29a3c862dc3c-extract_frame2', 'workflow_type': 'ComfyUIWorkflow'})
2026-01-13 11:10:43,538 - temporalio.activity - INFO - Updating workflow 8a73ae17-bb1f-484d-b175-53b357266bb9 status to: completed ({'activity_id': '13', 'activity_type': 'update_workflow_status_activity', 'attempt': 1, 'namespace': 'default', 'task_queue': 'comfyui-gpu-farm', 'workflow_id': 'chain-image-edit-to-video-pipeline-804d89cc-82d7-4262-9dd2-29a3c862dc3c', 'workflow_run_id': '019bb5de-ddb3-73e4-aa40-638aaeb8574d', 'workflow_type': 'ChainExecutorWorkflow'})
2026-01-13 11:10:43,543 - temporalio.activity - INFO - ✓ Updated workflow status ({'activity_id': '13', 'activity_type': 'update_workflow_status_activity', 'attempt': 1, 'namespace': 'default', 'task_queue': 'comfyui-gpu-farm', 'workflow_id': 'chain-image-edit-to-video-pipeline-804d89cc-82d7-4262-9dd2-29a3c862dc3c', 'workflow_run_id': '019bb5de-ddb3-73e4-aa40-638aaeb8574d', 'workflow_type': 'ChainExecutorWorkflow'})
2026-01-13 11:10:43,552 - temporalio.workflow - INFO - Step extract_frame2: Approval required, fetching artifacts... ({'attempt': 1, 'namespace': 'default', 'run_id': '019bb5de-ddb3-73e4-aa40-638aaeb8574d', 'task_queue': 'comfyui-gpu-farm', 'workflow_id': 'chain-image-edit-to-video-pipeline-804d89cc-82d7-4262-9dd2-29a3c862dc3c', 'workflow_type': 'ChainExecutorWorkflow'})
2026-01-13 11:10:43,560 - temporalio.activity - INFO - Getting artifacts for workflow: 8a73ae17-bb1f-484d-b175-53b357266bb9 ({'activity_id': '14', 'activity_type': 'get_workflow_artifacts', 'attempt': 1, 'namespace': 'default', 'task_queue': 'comfyui-gpu-farm', 'workflow_id': 'chain-image-edit-to-video-pipeline-804d89cc-82d7-4262-9dd2-29a3c862dc3c', 'workflow_run_id': '019bb5de-ddb3-73e4-aa40-638aaeb8574d', 'workflow_type': 'ChainExecutorWorkflow'})
2026-01-13 11:10:43,579 - temporalio.activity - INFO - Creating approval request for artifact: 6dc60ae4-50c1-4f42-b9bb-0ec9110187df ({'activity_id': '15', 'activity_type': 'create_approval_request_activity', 'attempt': 1, 'namespace': 'default', 'task_queue': 'comfyui-gpu-farm', 'workflow_id': 'chain-image-edit-to-video-pipeline-804d89cc-82d7-4262-9dd2-29a3c862dc3c', 'workflow_run_id': '019bb5de-ddb3-73e4-aa40-638aaeb8574d', 'workflow_type': 'ChainExecutorWorkflow'})
2026-01-13 11:10:43,583 - temporalio.activity - INFO - ✓ Created approval request: e0ce2a32-c8d8-4670-8648-0ea4c7fdfe0f, token: -uEXk9E89pvQjShb... ({'activity_id': '15', 'activity_type': 'create_approval_request_activity', 'attempt': 1, 'namespace': 'default', 'task_queue': 'comfyui-gpu-farm', 'workflow_id': 'chain-image-edit-to-video-pipeline-804d89cc-82d7-4262-9dd2-29a3c862dc3c', 'workflow_run_id': '019bb5de-ddb3-73e4-aa40-638aaeb8574d', 'workflow_type': 'ChainExecutorWorkflow'})
2026-01-13 11:10:43,583 - temporal_gateway.services.broadcast - INFO - Published approval_requested to chain:9825eb5b-07c1-44d9-9f8d-349db41f70b7
2026-01-13 11:10:43,584 - temporalio.activity - INFO - Published approval_requested event for chain 9825eb5b-07c1-44d9-9f8d-349db41f70b7 ({'activity_id': '15', 'activity_type': 'create_approval_request_activity', 'attempt': 1, 'namespace': 'default', 'task_queue': 'comfyui-gpu-farm', 'workflow_id': 'chain-image-edit-to-video-pipeline-804d89cc-82d7-4262-9dd2-29a3c862dc3c', 'workflow_run_id': '019bb5de-ddb3-73e4-aa40-638aaeb8574d', 'workflow_type': 'ChainExecutorWorkflow'})
2026-01-13 11:10:43,594 - temporalio.workflow - INFO - Step extract_frame2: Approval request created, token: -uEXk9E89pvQjShb... ({'attempt': 1, 'namespace': 'default', 'run_id': '019bb5de-ddb3-73e4-aa40-638aaeb8574d', 'task_queue': 'comfyui-gpu-farm', 'workflow_id': 'chain-image-edit-to-video-pipeline-804d89cc-82d7-4262-9dd2-29a3c862dc3c', 'workflow_type': 'ChainExecutorWorkflow'})
2026-01-13 11:10:44,935 - temporalio.workflow - INFO - Received approval decision for step extract_frame1: approved by cli-user ({'attempt': 1, 'namespace': 'default', 'run_id': '019bb5de-ddb3-73e4-aa40-638aaeb8574d', 'task_queue': 'comfyui-gpu-farm', 'workflow_id': 'chain-image-edit-to-video-pipeline-804d89cc-82d7-4262-9dd2-29a3c862dc3c', 'workflow_type': 'ChainExecutorWorkflow'})
2026-01-13 11:10:44,935 - temporalio.workflow - INFO - Step extract_frame1: Approved by cli-user ({'attempt': 1, 'namespace': 'default', 'run_id': '019bb5de-ddb3-73e4-aa40-638aaeb8574d', 'task_queue': 'comfyui-gpu-farm', 'workflow_id': 'chain-image-edit-to-video-pipeline-804d89cc-82d7-4262-9dd2-29a3c862dc3c', 'workflow_type': 'ChainExecutorWorkflow'})
2026-01-13 11:10:44,935 - temporalio.workflow - INFO - Step extract_frame1: Approved, continuing... ({'attempt': 1, 'namespace': 'default', 'run_id': '019bb5de-ddb3-73e4-aa40-638aaeb8574d', 'task_queue': 'comfyui-gpu-farm', 'workflow_id': 'chain-image-edit-to-video-pipeline-804d89cc-82d7-4262-9dd2-29a3c862dc3c', 'workflow_type': 'ChainExecutorWorkflow'})
2026-01-13 11:10:44,945 - temporalio.activity - INFO - Getting artifacts for workflow: 87c9eed2-2bc6-4208-b30d-a27762b3e50b ({'activity_id': '16', 'activity_type': 'get_workflow_artifacts', 'attempt': 1, 'namespace': 'default', 'task_queue': 'comfyui-gpu-farm', 'workflow_id': 'chain-image-edit-to-video-pipeline-804d89cc-82d7-4262-9dd2-29a3c862dc3c', 'workflow_run_id': '019bb5de-ddb3-73e4-aa40-638aaeb8574d', 'workflow_type': 'ChainExecutorWorkflow'})
2026-01-13 11:10:44,968 - temporal_gateway.services.broadcast - INFO - Published step_completed to chain:9825eb5b-07c1-44d9-9f8d-349db41f70b7
2026-01-13 11:10:44,968 - temporalio.activity - INFO - Published step_completed event for extract_frame1 in chain 9825eb5b-07c1-44d9-9f8d-349db41f70b7 ({'activity_id': '17', 'activity_type': 'publish_step_completed_activity', 'attempt': 1, 'namespace': 'default', 'task_queue': 'comfyui-gpu-farm', 'workflow_id': 'chain-image-edit-to-video-pipeline-804d89cc-82d7-4262-9dd2-29a3c862dc3c', 'workflow_run_id': '019bb5de-ddb3-73e4-aa40-638aaeb8574d', 'workflow_type': 'ChainExecutorWorkflow'})
2026-01-13 11:10:45,503 - temporalio.workflow - INFO - Received approval decision for step extract_frame2: approved by cli-user ({'attempt': 1, 'namespace': 'default', 'run_id': '019bb5de-ddb3-73e4-aa40-638aaeb8574d', 'task_queue': 'comfyui-gpu-farm', 'workflow_id': 'chain-image-edit-to-video-pipeline-804d89cc-82d7-4262-9dd2-29a3c862dc3c', 'workflow_type': 'ChainExecutorWorkflow'})
2026-01-13 11:10:45,503 - temporalio.workflow - INFO - Step extract_frame2: Approved by cli-user ({'attempt': 1, 'namespace': 'default', 'run_id': '019bb5de-ddb3-73e4-aa40-638aaeb8574d', 'task_queue': 'comfyui-gpu-farm', 'workflow_id': 'chain-image-edit-to-video-pipeline-804d89cc-82d7-4262-9dd2-29a3c862dc3c', 'workflow_type': 'ChainExecutorWorkflow'})
2026-01-13 11:10:45,503 - temporalio.workflow - INFO - Step extract_frame2: Approved, continuing... ({'attempt': 1, 'namespace': 'default', 'run_id': '019bb5de-ddb3-73e4-aa40-638aaeb8574d', 'task_queue': 'comfyui-gpu-farm', 'workflow_id': 'chain-image-edit-to-video-pipeline-804d89cc-82d7-4262-9dd2-29a3c862dc3c', 'workflow_type': 'ChainExecutorWorkflow'})
2026-01-13 11:10:45,513 - temporalio.activity - INFO - Getting artifacts for workflow: 8a73ae17-bb1f-484d-b175-53b357266bb9 ({'activity_id': '18', 'activity_type': 'get_workflow_artifacts', 'attempt': 1, 'namespace': 'default', 'task_queue': 'comfyui-gpu-farm', 'workflow_id': 'chain-image-edit-to-video-pipeline-804d89cc-82d7-4262-9dd2-29a3c862dc3c', 'workflow_run_id': '019bb5de-ddb3-73e4-aa40-638aaeb8574d', 'workflow_type': 'ChainExecutorWorkflow'})
2026-01-13 11:10:45,535 - temporal_gateway.services.broadcast - INFO - Published step_completed to chain:9825eb5b-07c1-44d9-9f8d-349db41f70b7
2026-01-13 11:10:45,535 - temporalio.activity - INFO - Published step_completed event for extract_frame2 in chain 9825eb5b-07c1-44d9-9f8d-349db41f70b7 ({'activity_id': '19', 'activity_type': 'publish_step_completed_activity', 'attempt': 1, 'namespace': 'default', 'task_queue': 'comfyui-gpu-farm', 'workflow_id': 'chain-image-edit-to-video-pipeline-804d89cc-82d7-4262-9dd2-29a3c862dc3c', 'workflow_run_id': '019bb5de-ddb3-73e4-aa40-638aaeb8574d', 'workflow_type': 'ChainExecutorWorkflow'})
2026-01-13 11:10:45,547 - temporalio.workflow - INFO - Step extract_frame1: completed ({'attempt': 1, 'namespace': 'default', 'run_id': '019bb5de-ddb3-73e4-aa40-638aaeb8574d', 'task_queue': 'comfyui-gpu-farm', 'workflow_id': 'chain-image-edit-to-video-pipeline-804d89cc-82d7-4262-9dd2-29a3c862dc3c', 'workflow_type': 'ChainExecutorWorkflow'})
2026-01-13 11:10:45,547 - temporalio.workflow - INFO - Step extract_frame2: completed ({'attempt': 1, 'namespace': 'default', 'run_id': '019bb5de-ddb3-73e4-aa40-638aaeb8574d', 'task_queue': 'comfyui-gpu-farm', 'workflow_id': 'chain-image-edit-to-video-pipeline-804d89cc-82d7-4262-9dd2-29a3c862dc3c', 'workflow_type': 'ChainExecutorWorkflow'})
2026-01-13 11:10:45,558 - temporalio.activity - INFO - Updating chain 9825eb5b-07c1-44d9-9f8d-349db41f70b7 status to: executing_level_1 ({'activity_id': '20', 'activity_type': 'update_chain_status_activity', 'attempt': 1, 'namespace': 'default', 'task_queue': 'comfyui-gpu-farm', 'workflow_id': 'chain-image-edit-to-video-pipeline-804d89cc-82d7-4262-9dd2-29a3c862dc3c', 'workflow_run_id': '019bb5de-ddb3-73e4-aa40-638aaeb8574d', 'workflow_type': 'ChainExecutorWorkflow'})
2026-01-13 11:10:45,562 - temporalio.activity - INFO - ✓ Updated chain status ({'activity_id': '20', 'activity_type': 'update_chain_status_activity', 'attempt': 1, 'namespace': 'default', 'task_queue': 'comfyui-gpu-farm', 'workflow_id': 'chain-image-edit-to-video-pipeline-804d89cc-82d7-4262-9dd2-29a3c862dc3c', 'workflow_run_id': '019bb5de-ddb3-73e4-aa40-638aaeb8574d', 'workflow_type': 'ChainExecutorWorkflow'})
2026-01-13 11:10:45,572 - temporalio.workflow - INFO - Level 1: Executing 2 step(s) ({'attempt': 1, 'namespace': 'default', 'run_id': '019bb5de-ddb3-73e4-aa40-638aaeb8574d', 'task_queue': 'comfyui-gpu-farm', 'workflow_id': 'chain-image-edit-to-video-pipeline-804d89cc-82d7-4262-9dd2-29a3c862dc3c', 'workflow_type': 'ChainExecutorWorkflow'})
2026-01-13 11:10:45,573 - temporalio.workflow - INFO - Executing step: edit_frame1 ({'attempt': 1, 'namespace': 'default', 'run_id': '019bb5de-ddb3-73e4-aa40-638aaeb8574d', 'task_queue': 'comfyui-gpu-farm', 'workflow_id': 'chain-image-edit-to-video-pipeline-804d89cc-82d7-4262-9dd2-29a3c862dc3c', 'workflow_type': 'ChainExecutorWorkflow'})
2026-01-13 11:10:45,574 - temporalio.workflow - INFO - Executing step: edit_frame2 ({'attempt': 1, 'namespace': 'default', 'run_id': '019bb5de-ddb3-73e4-aa40-638aaeb8574d', 'task_queue': 'comfyui-gpu-farm', 'workflow_id': 'chain-image-edit-to-video-pipeline-804d89cc-82d7-4262-9dd2-29a3c862dc3c', 'workflow_type': 'ChainExecutorWorkflow'})
2026-01-13 11:10:45,583 - temporalio.activity - INFO - Resolving templates in parameters ({'activity_id': '22', 'activity_type': 'resolve_chain_templates', 'attempt': 1, 'namespace': 'default', 'task_queue': 'comfyui-gpu-farm', 'workflow_id': 'chain-image-edit-to-video-pipeline-804d89cc-82d7-4262-9dd2-29a3c862dc3c', 'workflow_run_id': '019bb5de-ddb3-73e4-aa40-638aaeb8574d', 'workflow_type': 'ChainExecutorWorkflow'})
2026-01-13 11:10:45,585 - temporalio.activity - INFO - Templates resolved successfully ({'activity_id': '22', 'activity_type': 'resolve_chain_templates', 'attempt': 1, 'namespace': 'default', 'task_queue': 'comfyui-gpu-farm', 'workflow_id': 'chain-image-edit-to-video-pipeline-804d89cc-82d7-4262-9dd2-29a3c862dc3c', 'workflow_run_id': '019bb5de-ddb3-73e4-aa40-638aaeb8574d', 'workflow_type': 'ChainExecutorWorkflow'})
2026-01-13 11:10:45,587 - temporalio.activity - INFO - Resolving templates in parameters ({'activity_id': '21', 'activity_type': 'resolve_chain_templates', 'attempt': 1, 'namespace': 'default', 'task_queue': 'comfyui-gpu-farm', 'workflow_id': 'chain-image-edit-to-video-pipeline-804d89cc-82d7-4262-9dd2-29a3c862dc3c', 'workflow_run_id': '019bb5de-ddb3-73e4-aa40-638aaeb8574d', 'workflow_type': 'ChainExecutorWorkflow'})
2026-01-13 11:10:45,588 - temporalio.activity - INFO - Templates resolved successfully ({'activity_id': '21', 'activity_type': 'resolve_chain_templates', 'attempt': 1, 'namespace': 'default', 'task_queue': 'comfyui-gpu-farm', 'workflow_id': 'chain-image-edit-to-video-pipeline-804d89cc-82d7-4262-9dd2-29a3c862dc3c', 'workflow_run_id': '019bb5de-ddb3-73e4-aa40-638aaeb8574d', 'workflow_type': 'ChainExecutorWorkflow'})
2026-01-13 11:10:45,598 - temporalio.workflow - INFO - Step edit_frame2: Resolved parameters ({'attempt': 1, 'namespace': 'default', 'run_id': '019bb5de-ddb3-73e4-aa40-638aaeb8574d', 'task_queue': 'comfyui-gpu-farm', 'workflow_id': 'chain-image-edit-to-video-pipeline-804d89cc-82d7-4262-9dd2-29a3c862dc3c', 'workflow_type': 'ChainExecutorWorkflow'})
2026-01-13 11:10:45,599 - temporalio.workflow - INFO - Step edit_frame1: Resolved parameters ({'attempt': 1, 'namespace': 'default', 'run_id': '019bb5de-ddb3-73e4-aa40-638aaeb8574d', 'task_queue': 'comfyui-gpu-farm', 'workflow_id': 'chain-image-edit-to-video-pipeline-804d89cc-82d7-4262-9dd2-29a3c862dc3c', 'workflow_type': 'ChainExecutorWorkflow'})
2026-01-13 11:10:45,608 - temporalio.activity - INFO - Applying parameters to workflow: qwen_image_edit ({'activity_id': '24', 'activity_type': 'apply_workflow_parameters', 'attempt': 1, 'namespace': 'default', 'task_queue': 'comfyui-gpu-farm', 'workflow_id': 'chain-image-edit-to-video-pipeline-804d89cc-82d7-4262-9dd2-29a3c862dc3c', 'workflow_run_id': '019bb5de-ddb3-73e4-aa40-638aaeb8574d', 'workflow_type': 'ChainExecutorWorkflow'})
2026-01-13 11:10:45,608 - temporal_gateway.registry - INFO - Applied override: 111.prompt = Make the scene more vibrant and colorful with enhanced details
2026-01-13 11:10:45,608 - temporal_gateway.registry - INFO - Applied override: 78.image = ComfyUI_00252_.png
2026-01-13 11:10:45,608 - temporalio.activity - INFO - Parameters applied successfully ({'activity_id': '24', 'activity_type': 'apply_workflow_parameters', 'attempt': 1, 'namespace': 'default', 'task_queue': 'comfyui-gpu-farm', 'workflow_id': 'chain-image-edit-to-video-pipeline-804d89cc-82d7-4262-9dd2-29a3c862dc3c', 'workflow_run_id': '019bb5de-ddb3-73e4-aa40-638aaeb8574d', 'workflow_type': 'ChainExecutorWorkflow'})
2026-01-13 11:10:45,610 - temporalio.activity - INFO - Applying parameters to workflow: qwen_image_edit ({'activity_id': '23', 'activity_type': 'apply_workflow_parameters', 'attempt': 1, 'namespace': 'default', 'task_queue': 'comfyui-gpu-farm', 'workflow_id': 'chain-image-edit-to-video-pipeline-804d89cc-82d7-4262-9dd2-29a3c862dc3c', 'workflow_run_id': '019bb5de-ddb3-73e4-aa40-638aaeb8574d', 'workflow_type': 'ChainExecutorWorkflow'})
2026-01-13 11:10:45,610 - temporal_gateway.registry - INFO - Applied override: 111.prompt = Make the scene more vibrant and colorful with enhanced details
2026-01-13 11:10:45,610 - temporal_gateway.registry - INFO - Applied override: 78.image = ComfyUI_00253_.png
2026-01-13 11:10:45,610 - temporalio.activity - INFO - Parameters applied successfully ({'activity_id': '23', 'activity_type': 'apply_workflow_parameters', 'attempt': 1, 'namespace': 'default', 'task_queue': 'comfyui-gpu-farm', 'workflow_id': 'chain-image-edit-to-video-pipeline-804d89cc-82d7-4262-9dd2-29a3c862dc3c', 'workflow_run_id': '019bb5de-ddb3-73e4-aa40-638aaeb8574d', 'workflow_type': 'ChainExecutorWorkflow'})
2026-01-13 11:10:45,629 - temporalio.activity - INFO - Selecting server with strategy: least_loaded ({'activity_id': '25', 'activity_type': 'select_best_server', 'attempt': 1, 'namespace': 'default', 'task_queue': 'comfyui-gpu-farm', 'workflow_id': 'chain-image-edit-to-video-pipeline-804d89cc-82d7-4262-9dd2-29a3c862dc3c', 'workflow_run_id': '019bb5de-ddb3-73e4-aa40-638aaeb8574d', 'workflow_type': 'ChainExecutorWorkflow'})
2026-01-13 11:10:45,678 - temporalio.activity - INFO - Selecting server with strategy: least_loaded ({'activity_id': '26', 'activity_type': 'select_best_server', 'attempt': 1, 'namespace': 'default', 'task_queue': 'comfyui-gpu-farm', 'workflow_id': 'chain-image-edit-to-video-pipeline-804d89cc-82d7-4262-9dd2-29a3c862dc3c', 'workflow_run_id': '019bb5de-ddb3-73e4-aa40-638aaeb8574d', 'workflow_type': 'ChainExecutorWorkflow'})
2026-01-13 11:10:45,778 - httpx - INFO - HTTP Request: GET http://procure-x.testmcp.org/system_stats "HTTP/1.1 200 OK"
2026-01-13 11:10:45,794 - httpx - INFO - HTTP Request: GET http://procure-x.testmcp.org/system_stats "HTTP/1.1 200 OK"
2026-01-13 11:10:45,810 - httpx - INFO - HTTP Request: GET http://procure-x.testmcp.org/queue "HTTP/1.1 200 OK"
2026-01-13 11:10:45,812 - temporal_gateway.servers.load_balancer - INFO - Selected server procure-x (queue_depth=0, gpu_mem=0.0%)
2026-01-13 11:10:45,812 - temporalio.activity - INFO - Selected server: procure-x (http://procure-x.testmcp.org) ({'activity_id': '26', 'activity_type': 'select_best_server', 'attempt': 1, 'namespace': 'default', 'task_queue': 'comfyui-gpu-farm', 'workflow_id': 'chain-image-edit-to-video-pipeline-804d89cc-82d7-4262-9dd2-29a3c862dc3c', 'workflow_run_id': '019bb5de-ddb3-73e4-aa40-638aaeb8574d', 'workflow_type': 'ChainExecutorWorkflow'})
2026-01-13 11:10:45,822 - httpx - INFO - HTTP Request: GET http://procure-x.testmcp.org/queue "HTTP/1.1 200 OK"
2026-01-13 11:10:45,825 - temporal_gateway.servers.load_balancer - INFO - Selected server procure-x (queue_depth=0, gpu_mem=0.0%)
2026-01-13 11:10:45,825 - temporalio.workflow - INFO - Step edit_frame2: Selected target server: http://procure-x.testmcp.org ({'attempt': 1, 'namespace': 'default', 'run_id': '019bb5de-ddb3-73e4-aa40-638aaeb8574d', 'task_queue': 'comfyui-gpu-farm', 'workflow_id': 'chain-image-edit-to-video-pipeline-804d89cc-82d7-4262-9dd2-29a3c862dc3c', 'workflow_type': 'ChainExecutorWorkflow'})
2026-01-13 11:10:45,825 - temporalio.activity - INFO - Selected server: procure-x (http://procure-x.testmcp.org) ({'activity_id': '25', 'activity_type': 'select_best_server', 'attempt': 1, 'namespace': 'default', 'task_queue': 'comfyui-gpu-farm', 'workflow_id': 'chain-image-edit-to-video-pipeline-804d89cc-82d7-4262-9dd2-29a3c862dc3c', 'workflow_run_id': '019bb5de-ddb3-73e4-aa40-638aaeb8574d', 'workflow_type': 'ChainExecutorWorkflow'})
2026-01-13 11:10:45,826 - temporalio.workflow - INFO - Step edit_frame2: Processing 1 dependency step(s) ({'attempt': 1, 'namespace': 'default', 'run_id': '019bb5de-ddb3-73e4-aa40-638aaeb8574d', 'task_queue': 'comfyui-gpu-farm', 'workflow_id': 'chain-image-edit-to-video-pipeline-804d89cc-82d7-4262-9dd2-29a3c862dc3c', 'workflow_type': 'ChainExecutorWorkflow'})
2026-01-13 11:10:45,835 - temporalio.workflow - INFO - Step edit_frame1: Selected target server: http://procure-x.testmcp.org ({'attempt': 1, 'namespace': 'default', 'run_id': '019bb5de-ddb3-73e4-aa40-638aaeb8574d', 'task_queue': 'comfyui-gpu-farm', 'workflow_id': 'chain-image-edit-to-video-pipeline-804d89cc-82d7-4262-9dd2-29a3c862dc3c', 'workflow_type': 'ChainExecutorWorkflow'})
2026-01-13 11:10:45,835 - temporalio.workflow - INFO - Step edit_frame1: Processing 1 dependency step(s) ({'attempt': 1, 'namespace': 'default', 'run_id': '019bb5de-ddb3-73e4-aa40-638aaeb8574d', 'task_queue': 'comfyui-gpu-farm', 'workflow_id': 'chain-image-edit-to-video-pipeline-804d89cc-82d7-4262-9dd2-29a3c862dc3c', 'workflow_type': 'ChainExecutorWorkflow'})
2026-01-13 11:10:45,839 - temporalio.activity - INFO - Getting artifacts for workflow: 8a73ae17-bb1f-484d-b175-53b357266bb9 ({'activity_id': '27', 'activity_type': 'get_workflow_artifacts', 'attempt': 1, 'namespace': 'default', 'task_queue': 'comfyui-gpu-farm', 'workflow_id': 'chain-image-edit-to-video-pipeline-804d89cc-82d7-4262-9dd2-29a3c862dc3c', 'workflow_run_id': '019bb5de-ddb3-73e4-aa40-638aaeb8574d', 'workflow_type': 'ChainExecutorWorkflow'})
2026-01-13 11:10:45,848 - temporalio.activity - INFO - Getting artifacts for workflow: 87c9eed2-2bc6-4208-b30d-a27762b3e50b ({'activity_id': '28', 'activity_type': 'get_workflow_artifacts', 'attempt': 1, 'namespace': 'default', 'task_queue': 'comfyui-gpu-farm', 'workflow_id': 'chain-image-edit-to-video-pipeline-804d89cc-82d7-4262-9dd2-29a3c862dc3c', 'workflow_run_id': '019bb5de-ddb3-73e4-aa40-638aaeb8574d', 'workflow_type': 'ChainExecutorWorkflow'})
2026-01-13 11:10:45,852 - temporalio.workflow - INFO - Transferring 1 artifact(s) from extract_frame2 to http://procure-x.testmcp.org ({'attempt': 1, 'namespace': 'default', 'run_id': '019bb5de-ddb3-73e4-aa40-638aaeb8574d', 'task_queue': 'comfyui-gpu-farm', 'workflow_id': 'chain-image-edit-to-video-pipeline-804d89cc-82d7-4262-9dd2-29a3c862dc3c', 'workflow_type': 'ChainExecutorWorkflow'})
2026-01-13 11:10:45,859 - temporalio.workflow - INFO - Transferring 1 artifact(s) from extract_frame1 to http://procure-x.testmcp.org ({'attempt': 1, 'namespace': 'default', 'run_id': '019bb5de-ddb3-73e4-aa40-638aaeb8574d', 'task_queue': 'comfyui-gpu-farm', 'workflow_id': 'chain-image-edit-to-video-pipeline-804d89cc-82d7-4262-9dd2-29a3c862dc3c', 'workflow_type': 'ChainExecutorWorkflow'})
2026-01-13 11:10:45,862 - temporalio.activity - INFO - Transferring 1 artifact(s) from workflow 8a73ae17-bb1f-484d-b175-53b357266bb9 to http://procure-x.testmcp.org ({'activity_id': '29', 'activity_type': 'transfer_artifacts_from_storage', 'attempt': 1, 'namespace': 'default', 'task_queue': 'comfyui-gpu-farm', 'workflow_id': 'chain-image-edit-to-video-pipeline-804d89cc-82d7-4262-9dd2-29a3c862dc3c', 'workflow_run_id': '019bb5de-ddb3-73e4-aa40-638aaeb8574d', 'workflow_type': 'ChainExecutorWorkflow'})
2026-01-13 11:10:45,909 - temporal_gateway.clients.comfy.client - INFO - ComfyUI client initialized for http://procure-x.testmcp.org
2026-01-13 11:10:45,914 - temporalio.activity - INFO - Uploading: ComfyUI_00253_.png from local storage to http://procure-x.testmcp.org/input/ ({'activity_id': '29', 'activity_type': 'transfer_artifacts_from_storage', 'attempt': 1, 'namespace': 'default', 'task_queue': 'comfyui-gpu-farm', 'workflow_id': 'chain-image-edit-to-video-pipeline-804d89cc-82d7-4262-9dd2-29a3c862dc3c', 'workflow_run_id': '019bb5de-ddb3-73e4-aa40-638aaeb8574d', 'workflow_type': 'ChainExecutorWorkflow'})
2026-01-13 11:10:45,916 - temporalio.activity - INFO - Transferring 1 artifact(s) from workflow 87c9eed2-2bc6-4208-b30d-a27762b3e50b to http://procure-x.testmcp.org ({'activity_id': '30', 'activity_type': 'transfer_artifacts_from_storage', 'attempt': 1, 'namespace': 'default', 'task_queue': 'comfyui-gpu-farm', 'workflow_id': 'chain-image-edit-to-video-pipeline-804d89cc-82d7-4262-9dd2-29a3c862dc3c', 'workflow_run_id': '019bb5de-ddb3-73e4-aa40-638aaeb8574d', 'workflow_type': 'ChainExecutorWorkflow'})
2026-01-13 11:10:45,962 - temporal_gateway.clients.comfy.client - INFO - ComfyUI client initialized for http://procure-x.testmcp.org
2026-01-13 11:10:45,966 - temporalio.activity - INFO - Uploading: ComfyUI_00252_.png from local storage to http://procure-x.testmcp.org/input/ ({'activity_id': '30', 'activity_type': 'transfer_artifacts_from_storage', 'attempt': 1, 'namespace': 'default', 'task_queue': 'comfyui-gpu-farm', 'workflow_id': 'chain-image-edit-to-video-pipeline-804d89cc-82d7-4262-9dd2-29a3c862dc3c', 'workflow_run_id': '019bb5de-ddb3-73e4-aa40-638aaeb8574d', 'workflow_type': 'ChainExecutorWorkflow'})
2026-01-13 11:10:46,056 - httpx - INFO - HTTP Request: POST http://procure-x.testmcp.org/upload/image "HTTP/1.1 200 OK"
2026-01-13 11:10:46,061 - httpx - INFO - HTTP Request: POST http://procure-x.testmcp.org/upload/image "HTTP/1.1 200 OK"
2026-01-13 11:10:46,062 - temporalio.activity - INFO - ✓ Uploaded: ComfyUI_00252_.png (105368 bytes) ({'activity_id': '30', 'activity_type': 'transfer_artifacts_from_storage', 'attempt': 1, 'namespace': 'default', 'task_queue': 'comfyui-gpu-farm', 'workflow_id': 'chain-image-edit-to-video-pipeline-804d89cc-82d7-4262-9dd2-29a3c862dc3c', 'workflow_run_id': '019bb5de-ddb3-73e4-aa40-638aaeb8574d', 'workflow_type': 'ChainExecutorWorkflow'})
2026-01-13 11:10:46,068 - temporalio.activity - INFO - ✓ Uploaded: ComfyUI_00253_.png (119859 bytes) ({'activity_id': '29', 'activity_type': 'transfer_artifacts_from_storage', 'attempt': 1, 'namespace': 'default', 'task_queue': 'comfyui-gpu-farm', 'workflow_id': 'chain-image-edit-to-video-pipeline-804d89cc-82d7-4262-9dd2-29a3c862dc3c', 'workflow_run_id': '019bb5de-ddb3-73e4-aa40-638aaeb8574d', 'workflow_type': 'ChainExecutorWorkflow'})
2026-01-13 11:10:46,073 - temporalio.activity - INFO - Successfully transferred 1 file(s) ({'activity_id': '30', 'activity_type': 'transfer_artifacts_from_storage', 'attempt': 1, 'namespace': 'default', 'task_queue': 'comfyui-gpu-farm', 'workflow_id': 'chain-image-edit-to-video-pipeline-804d89cc-82d7-4262-9dd2-29a3c862dc3c', 'workflow_run_id': '019bb5de-ddb3-73e4-aa40-638aaeb8574d', 'workflow_type': 'ChainExecutorWorkflow'})
2026-01-13 11:10:46,074 - temporalio.activity - INFO - Successfully transferred 1 file(s) ({'activity_id': '29', 'activity_type': 'transfer_artifacts_from_storage', 'attempt': 1, 'namespace': 'default', 'task_queue': 'comfyui-gpu-farm', 'workflow_id': 'chain-image-edit-to-video-pipeline-804d89cc-82d7-4262-9dd2-29a3c862dc3c', 'workflow_run_id': '019bb5de-ddb3-73e4-aa40-638aaeb8574d', 'workflow_type': 'ChainExecutorWorkflow'})
2026-01-13 11:10:46,099 - temporalio.activity - INFO - Creating workflow record: qwen_image_edit (prompt: pending) ({'activity_id': '32', 'activity_type': 'create_workflow_record', 'attempt': 1, 'namespace': 'default', 'task_queue': 'comfyui-gpu-farm', 'workflow_id': 'chain-image-edit-to-video-pipeline-804d89cc-82d7-4262-9dd2-29a3c862dc3c', 'workflow_run_id': '019bb5de-ddb3-73e4-aa40-638aaeb8574d', 'workflow_type': 'ChainExecutorWorkflow'})
2026-01-13 11:10:46,103 - temporalio.activity - INFO - ✓ Created workflow record: c00541bb-940d-4f15-8283-f71d6cb818e2 ({'activity_id': '32', 'activity_type': 'create_workflow_record', 'attempt': 1, 'namespace': 'default', 'task_queue': 'comfyui-gpu-farm', 'workflow_id': 'chain-image-edit-to-video-pipeline-804d89cc-82d7-4262-9dd2-29a3c862dc3c', 'workflow_run_id': '019bb5de-ddb3-73e4-aa40-638aaeb8574d', 'workflow_type': 'ChainExecutorWorkflow'})
2026-01-13 11:10:46,104 - temporalio.activity - INFO - Creating workflow record: qwen_image_edit (prompt: pending) ({'activity_id': '31', 'activity_type': 'create_workflow_record', 'attempt': 1, 'namespace': 'default', 'task_queue': 'comfyui-gpu-farm', 'workflow_id': 'chain-image-edit-to-video-pipeline-804d89cc-82d7-4262-9dd2-29a3c862dc3c', 'workflow_run_id': '019bb5de-ddb3-73e4-aa40-638aaeb8574d', 'workflow_type': 'ChainExecutorWorkflow'})
2026-01-13 11:10:46,109 - temporalio.activity - INFO - ✓ Created workflow record: 0ac02995-7130-4f76-b224-7c378e429414 ({'activity_id': '31', 'activity_type': 'create_workflow_record', 'attempt': 1, 'namespace': 'default', 'task_queue': 'comfyui-gpu-farm', 'workflow_id': 'chain-image-edit-to-video-pipeline-804d89cc-82d7-4262-9dd2-29a3c862dc3c', 'workflow_run_id': '019bb5de-ddb3-73e4-aa40-638aaeb8574d', 'workflow_type': 'ChainExecutorWorkflow'})
2026-01-13 11:10:46,114 - temporalio.workflow - INFO - Step edit_frame2: Created workflow record c00541bb-940d-4f15-8283-f71d6cb818e2 ({'attempt': 1, 'namespace': 'default', 'run_id': '019bb5de-ddb3-73e4-aa40-638aaeb8574d', 'task_queue': 'comfyui-gpu-farm', 'workflow_id': 'chain-image-edit-to-video-pipeline-804d89cc-82d7-4262-9dd2-29a3c862dc3c', 'workflow_type': 'ChainExecutorWorkflow'})
2026-01-13 11:10:46,122 - temporalio.workflow - INFO - Step edit_frame1: Created workflow record 0ac02995-7130-4f76-b224-7c378e429414 ({'attempt': 1, 'namespace': 'default', 'run_id': '019bb5de-ddb3-73e4-aa40-638aaeb8574d', 'task_queue': 'comfyui-gpu-farm', 'workflow_id': 'chain-image-edit-to-video-pipeline-804d89cc-82d7-4262-9dd2-29a3c862dc3c', 'workflow_type': 'ChainExecutorWorkflow'})
2026-01-13 11:10:46,145 - temporalio.workflow - INFO - Starting ComfyUI workflow execution ({'attempt': 1, 'namespace': 'default', 'run_id': '019bb5de-f3a9-7342-b43d-99ea6aa6893b', 'task_queue': 'comfyui-gpu-farm', 'workflow_id': 'chain-image-edit-to-video-pipeline-804d89cc-82d7-4262-9dd2-29a3c862dc3c-edit_frame2', 'workflow_type': 'ComfyUIWorkflow'})
2026-01-13 11:10:46,146 - temporalio.workflow - INFO - Generated client_id: 1c6558a4-8dc8-4d6e-82b3-3865f5e1d4d8 ({'attempt': 1, 'namespace': 'default', 'run_id': '019bb5de-f3a9-7342-b43d-99ea6aa6893b', 'task_queue': 'comfyui-gpu-farm', 'workflow_id': 'chain-image-edit-to-video-pipeline-804d89cc-82d7-4262-9dd2-29a3c862dc3c-edit_frame2', 'workflow_type': 'ComfyUIWorkflow'})
2026-01-13 11:10:46,146 - temporalio.workflow - INFO - Using pre-selected server: http://procure-x.testmcp.org ({'attempt': 1, 'namespace': 'default', 'run_id': '019bb5de-f3a9-7342-b43d-99ea6aa6893b', 'task_queue': 'comfyui-gpu-farm', 'workflow_id': 'chain-image-edit-to-video-pipeline-804d89cc-82d7-4262-9dd2-29a3c862dc3c-edit_frame2', 'workflow_type': 'ComfyUIWorkflow'})
2026-01-13 11:10:46,159 - temporalio.workflow - INFO - Starting ComfyUI workflow execution ({'attempt': 1, 'namespace': 'default', 'run_id': '019bb5de-f3b2-7e15-bc36-0df9d75ba22c', 'task_queue': 'comfyui-gpu-farm', 'workflow_id': 'chain-image-edit-to-video-pipeline-804d89cc-82d7-4262-9dd2-29a3c862dc3c-edit_frame1', 'workflow_type': 'ComfyUIWorkflow'})
2026-01-13 11:10:46,159 - temporalio.workflow - INFO - Generated client_id: e9c7a0fa-2035-4dd3-a03e-8abc400fbfaf ({'attempt': 1, 'namespace': 'default', 'run_id': '019bb5de-f3b2-7e15-bc36-0df9d75ba22c', 'task_queue': 'comfyui-gpu-farm', 'workflow_id': 'chain-image-edit-to-video-pipeline-804d89cc-82d7-4262-9dd2-29a3c862dc3c-edit_frame1', 'workflow_type': 'ComfyUIWorkflow'})
2026-01-13 11:10:46,160 - temporalio.activity - INFO - [V3] Executing workflow on http://procure-x.testmcp.org ({'activity_id': '1', 'activity_type': 'execute_and_track_workflow', 'attempt': 1, 'namespace': 'default', 'task_queue': 'comfyui-gpu-farm', 'workflow_id': 'chain-image-edit-to-video-pipeline-804d89cc-82d7-4262-9dd2-29a3c862dc3c-edit_frame2', 'workflow_run_id': '019bb5de-f3a9-7342-b43d-99ea6aa6893b', 'workflow_type': 'ComfyUIWorkflow'})
2026-01-13 11:10:46,160 - temporalio.workflow - INFO - Using pre-selected server: http://procure-x.testmcp.org ({'attempt': 1, 'namespace': 'default', 'run_id': '019bb5de-f3b2-7e15-bc36-0df9d75ba22c', 'task_queue': 'comfyui-gpu-farm', 'workflow_id': 'chain-image-edit-to-video-pipeline-804d89cc-82d7-4262-9dd2-29a3c862dc3c-edit_frame1', 'workflow_type': 'ComfyUIWorkflow'})
2026-01-13 11:10:46,160 - temporalio.activity - INFO - [V3] Workflow name: qwen_image_edit ({'activity_id': '1', 'activity_type': 'execute_and_track_workflow', 'attempt': 1, 'namespace': 'default', 'task_queue': 'comfyui-gpu-farm', 'workflow_id': 'chain-image-edit-to-video-pipeline-804d89cc-82d7-4262-9dd2-29a3c862dc3c-edit_frame2', 'workflow_run_id': '019bb5de-f3a9-7342-b43d-99ea6aa6893b', 'workflow_type': 'ComfyUIWorkflow'})
2026-01-13 11:10:46,209 - temporal_gateway.clients.comfy.client - INFO - ComfyUI client initialized for http://procure-x.testmcp.org
2026-01-13 11:10:46,210 - temporal_gateway.clients.comfy.client - INFO - Submitting workflow to ComfyUI
2026-01-13 11:10:46,220 - temporalio.activity - INFO - [V3] Executing workflow on http://procure-x.testmcp.org ({'activity_id': '1', 'activity_type': 'execute_and_track_workflow', 'attempt': 1, 'namespace': 'default', 'task_queue': 'comfyui-gpu-farm', 'workflow_id': 'chain-image-edit-to-video-pipeline-804d89cc-82d7-4262-9dd2-29a3c862dc3c-edit_frame1', 'workflow_run_id': '019bb5de-f3b2-7e15-bc36-0df9d75ba22c', 'workflow_type': 'ComfyUIWorkflow'})
2026-01-13 11:10:46,220 - temporalio.activity - INFO - [V3] Workflow name: qwen_image_edit ({'activity_id': '1', 'activity_type': 'execute_and_track_workflow', 'attempt': 1, 'namespace': 'default', 'task_queue': 'comfyui-gpu-farm', 'workflow_id': 'chain-image-edit-to-video-pipeline-804d89cc-82d7-4262-9dd2-29a3c862dc3c-edit_frame1', 'workflow_run_id': '019bb5de-f3b2-7e15-bc36-0df9d75ba22c', 'workflow_type': 'ComfyUIWorkflow'})
2026-01-13 11:10:46,266 - temporal_gateway.clients.comfy.client - INFO - ComfyUI client initialized for http://procure-x.testmcp.org
2026-01-13 11:10:46,266 - temporal_gateway.clients.comfy.client - INFO - Submitting workflow to ComfyUI
2026-01-13 11:10:46,330 - httpx - INFO - HTTP Request: POST http://procure-x.testmcp.org/prompt "HTTP/1.1 200 OK"
2026-01-13 11:10:46,335 - temporal_gateway.clients.comfy.client - INFO - Workflow queued with prompt_id: ce8c31de-5336-4dfa-afde-5856845f597c
2026-01-13 11:10:46,336 - temporal_gateway.clients.comfy.tracker - INFO - Starting execution tracking for prompt ce8c31de-5336-4dfa-afde-5856845f597c
2026-01-13 11:10:46,336 - temporal_gateway.clients.comfy.tracker - INFO - Starting history polling
2026-01-13 11:10:46,341 - temporal_gateway.clients.comfy.tracker - INFO - Starting WebSocket listener
2026-01-13 11:10:46,342 - temporal_gateway.clients.comfy.websocket - INFO - Connecting to WebSocket: ws://procure-x.testmcp.org/ws?clientId=b2478429-3a06-4830-a23f-0eba01184541
2026-01-13 11:10:46,374 - httpx - INFO - HTTP Request: GET http://procure-x.testmcp.org/history/ce8c31de-5336-4dfa-afde-5856845f597c "HTTP/1.1 200 OK"
2026-01-13 11:10:46,375 - httpx - INFO - HTTP Request: POST http://procure-x.testmcp.org/prompt "HTTP/1.1 200 OK"
2026-01-13 11:10:46,377 - temporal_gateway.clients.comfy.client - INFO - Workflow queued with prompt_id: 9d7f185e-94a8-4fd4-b14a-0ec80e0a5d5e
2026-01-13 11:10:46,377 - temporal_gateway.clients.comfy.tracker - INFO - Starting execution tracking for prompt 9d7f185e-94a8-4fd4-b14a-0ec80e0a5d5e
2026-01-13 11:10:46,377 - temporal_gateway.clients.comfy.tracker - INFO - Starting history polling
2026-01-13 11:10:46,378 - temporal_gateway.clients.comfy.tracker - INFO - Starting WebSocket listener
2026-01-13 11:10:46,378 - temporal_gateway.clients.comfy.websocket - INFO - Connecting to WebSocket: ws://procure-x.testmcp.org/ws?clientId=f5df6dda-1385-40f2-a9d2-5fe7d5637bfd
2026-01-13 11:10:46,394 - temporal_gateway.clients.comfy.websocket - INFO - WebSocket connected successfully
2026-01-13 11:10:46,402 - httpx - INFO - HTTP Request: GET http://procure-x.testmcp.org/history/9d7f185e-94a8-4fd4-b14a-0ec80e0a5d5e "HTTP/1.1 200 OK"
2026-01-13 11:10:46,428 - temporal_gateway.clients.comfy.websocket - INFO - WebSocket connected successfully
2026-01-13 11:10:47,406 - httpx - INFO - HTTP Request: GET http://procure-x.testmcp.org/history/ce8c31de-5336-4dfa-afde-5856845f597c "HTTP/1.1 200 OK"
2026-01-13 11:10:47,431 - httpx - INFO - HTTP Request: GET http://procure-x.testmcp.org/history/9d7f185e-94a8-4fd4-b14a-0ec80e0a5d5e "HTTP/1.1 200 OK"
2026-01-13 11:10:48,443 - httpx - INFO - HTTP Request: GET http://procure-x.testmcp.org/history/ce8c31de-5336-4dfa-afde-5856845f597c "HTTP/1.1 200 OK"
2026-01-13 11:10:48,464 - httpx - INFO - HTTP Request: GET http://procure-x.testmcp.org/history/9d7f185e-94a8-4fd4-b14a-0ec80e0a5d5e "HTTP/1.1 200 OK"
2026-01-13 11:10:49,467 - httpx - INFO - HTTP Request: GET http://procure-x.testmcp.org/history/ce8c31de-5336-4dfa-afde-5856845f597c "HTTP/1.1 200 OK"
2026-01-13 11:10:49,495 - httpx - INFO - HTTP Request: GET http://procure-x.testmcp.org/history/9d7f185e-94a8-4fd4-b14a-0ec80e0a5d5e "HTTP/1.1 200 OK"
2026-01-13 11:10:50,501 - httpx - INFO - HTTP Request: GET http://procure-x.testmcp.org/history/ce8c31de-5336-4dfa-afde-5856845f597c "HTTP/1.1 200 OK"
2026-01-13 11:10:50,527 - httpx - INFO - HTTP Request: GET http://procure-x.testmcp.org/history/9d7f185e-94a8-4fd4-b14a-0ec80e0a5d5e "HTTP/1.1 200 OK"
2026-01-13 11:10:51,532 - httpx - INFO - HTTP Request: GET http://procure-x.testmcp.org/history/ce8c31de-5336-4dfa-afde-5856845f597c "HTTP/1.1 200 OK"
2026-01-13 11:10:51,552 - httpx - INFO - HTTP Request: GET http://procure-x.testmcp.org/history/9d7f185e-94a8-4fd4-b14a-0ec80e0a5d5e "HTTP/1.1 200 OK"
2026-01-13 11:10:52,556 - httpx - INFO - HTTP Request: GET http://procure-x.testmcp.org/history/ce8c31de-5336-4dfa-afde-5856845f597c "HTTP/1.1 200 OK"
2026-01-13 11:10:52,580 - httpx - INFO - HTTP Request: GET http://procure-x.testmcp.org/history/9d7f185e-94a8-4fd4-b14a-0ec80e0a5d5e "HTTP/1.1 200 OK"
2026-01-13 11:10:53,576 - httpx - INFO - HTTP Request: GET http://procure-x.testmcp.org/history/ce8c31de-5336-4dfa-afde-5856845f597c "HTTP/1.1 200 OK"
2026-01-13 11:10:53,603 - httpx - INFO - HTTP Request: GET http://procure-x.testmcp.org/history/9d7f185e-94a8-4fd4-b14a-0ec80e0a5d5e "HTTP/1.1 200 OK"
2026-01-13 11:10:54,600 - httpx - INFO - HTTP Request: GET http://procure-x.testmcp.org/history/ce8c31de-5336-4dfa-afde-5856845f597c "HTTP/1.1 200 OK"
2026-01-13 11:10:54,625 - httpx - INFO - HTTP Request: GET http://procure-x.testmcp.org/history/9d7f185e-94a8-4fd4-b14a-0ec80e0a5d5e "HTTP/1.1 200 OK"
2026-01-13 11:10:55,642 - httpx - INFO - HTTP Request: GET http://procure-x.testmcp.org/history/ce8c31de-5336-4dfa-afde-5856845f597c "HTTP/1.1 200 OK"
2026-01-13 11:10:55,650 - httpx - INFO - HTTP Request: GET http://procure-x.testmcp.org/history/9d7f185e-94a8-4fd4-b14a-0ec80e0a5d5e "HTTP/1.1 200 OK"
2026-01-13 11:10:56,669 - httpx - INFO - HTTP Request: GET http://procure-x.testmcp.org/history/9d7f185e-94a8-4fd4-b14a-0ec80e0a5d5e "HTTP/1.1 200 OK"
2026-01-13 11:10:56,670 - httpx - INFO - HTTP Request: GET http://procure-x.testmcp.org/history/ce8c31de-5336-4dfa-afde-5856845f597c "HTTP/1.1 200 OK"
2026-01-13 11:10:57,696 - httpx - INFO - HTTP Request: GET http://procure-x.testmcp.org/history/ce8c31de-5336-4dfa-afde-5856845f597c "HTTP/1.1 200 OK"
2026-01-13 11:10:57,698 - httpx - INFO - HTTP Request: GET http://procure-x.testmcp.org/history/9d7f185e-94a8-4fd4-b14a-0ec80e0a5d5e "HTTP/1.1 200 OK"
2026-01-13 11:10:58,724 - httpx - INFO - HTTP Request: GET http://procure-x.testmcp.org/history/ce8c31de-5336-4dfa-afde-5856845f597c "HTTP/1.1 200 OK"
2026-01-13 11:10:58,725 - httpx - INFO - HTTP Request: GET http://procure-x.testmcp.org/history/9d7f185e-94a8-4fd4-b14a-0ec80e0a5d5e "HTTP/1.1 200 OK"
2026-01-13 11:10:59,756 - httpx - INFO - HTTP Request: GET http://procure-x.testmcp.org/history/ce8c31de-5336-4dfa-afde-5856845f597c "HTTP/1.1 200 OK"
2026-01-13 11:10:59,757 - httpx - INFO - HTTP Request: GET http://procure-x.testmcp.org/history/9d7f185e-94a8-4fd4-b14a-0ec80e0a5d5e "HTTP/1.1 200 OK"
2026-01-13 11:11:00,785 - httpx - INFO - HTTP Request: GET http://procure-x.testmcp.org/history/9d7f185e-94a8-4fd4-b14a-0ec80e0a5d5e "HTTP/1.1 200 OK"
2026-01-13 11:11:00,788 - httpx - INFO - HTTP Request: GET http://procure-x.testmcp.org/history/ce8c31de-5336-4dfa-afde-5856845f597c "HTTP/1.1 200 OK"
2026-01-13 11:11:01,812 - httpx - INFO - HTTP Request: GET http://procure-x.testmcp.org/history/ce8c31de-5336-4dfa-afde-5856845f597c "HTTP/1.1 200 OK"
2026-01-13 11:11:01,825 - httpx - INFO - HTTP Request: GET http://procure-x.testmcp.org/history/9d7f185e-94a8-4fd4-b14a-0ec80e0a5d5e "HTTP/1.1 200 OK"
2026-01-13 11:11:02,836 - httpx - INFO - HTTP Request: GET http://procure-x.testmcp.org/history/ce8c31de-5336-4dfa-afde-5856845f597c "HTTP/1.1 200 OK"
2026-01-13 11:11:02,846 - httpx - INFO - HTTP Request: GET http://procure-x.testmcp.org/history/9d7f185e-94a8-4fd4-b14a-0ec80e0a5d5e "HTTP/1.1 200 OK"
2026-01-13 11:11:03,876 - httpx - INFO - HTTP Request: GET http://procure-x.testmcp.org/history/ce8c31de-5336-4dfa-afde-5856845f597c "HTTP/1.1 200 OK"
2026-01-13 11:11:03,877 - httpx - INFO - HTTP Request: GET http://procure-x.testmcp.org/history/9d7f185e-94a8-4fd4-b14a-0ec80e0a5d5e "HTTP/1.1 200 OK"
2026-01-13 11:11:04,906 - httpx - INFO - HTTP Request: GET http://procure-x.testmcp.org/history/9d7f185e-94a8-4fd4-b14a-0ec80e0a5d5e "HTTP/1.1 200 OK"
2026-01-13 11:11:04,907 - httpx - INFO - HTTP Request: GET http://procure-x.testmcp.org/history/ce8c31de-5336-4dfa-afde-5856845f597c "HTTP/1.1 200 OK"
2026-01-13 11:11:05,937 - httpx - INFO - HTTP Request: GET http://procure-x.testmcp.org/history/9d7f185e-94a8-4fd4-b14a-0ec80e0a5d5e "HTTP/1.1 200 OK"
2026-01-13 11:11:05,938 - httpx - INFO - HTTP Request: GET http://procure-x.testmcp.org/history/ce8c31de-5336-4dfa-afde-5856845f597c "HTTP/1.1 200 OK"
2026-01-13 11:11:06,976 - httpx - INFO - HTTP Request: GET http://procure-x.testmcp.org/history/ce8c31de-5336-4dfa-afde-5856845f597c "HTTP/1.1 200 OK"
2026-01-13 11:11:06,978 - httpx - INFO - HTTP Request: GET http://procure-x.testmcp.org/history/9d7f185e-94a8-4fd4-b14a-0ec80e0a5d5e "HTTP/1.1 200 OK"
2026-01-13 11:11:08,046 - httpx - INFO - HTTP Request: GET http://procure-x.testmcp.org/history/ce8c31de-5336-4dfa-afde-5856845f597c "HTTP/1.1 200 OK"
2026-01-13 11:11:08,048 - httpx - INFO - HTTP Request: GET http://procure-x.testmcp.org/history/9d7f185e-94a8-4fd4-b14a-0ec80e0a5d5e "HTTP/1.1 200 OK"
2026-01-13 11:11:09,087 - httpx - INFO - HTTP Request: GET http://procure-x.testmcp.org/history/ce8c31de-5336-4dfa-afde-5856845f597c "HTTP/1.1 200 OK"
2026-01-13 11:11:09,088 - httpx - INFO - HTTP Request: GET http://procure-x.testmcp.org/history/9d7f185e-94a8-4fd4-b14a-0ec80e0a5d5e "HTTP/1.1 200 OK"
2026-01-13 11:11:10,113 - httpx - INFO - HTTP Request: GET http://procure-x.testmcp.org/history/9d7f185e-94a8-4fd4-b14a-0ec80e0a5d5e "HTTP/1.1 200 OK"
2026-01-13 11:11:10,116 - httpx - INFO - HTTP Request: GET http://procure-x.testmcp.org/history/ce8c31de-5336-4dfa-afde-5856845f597c "HTTP/1.1 200 OK"
2026-01-13 11:11:11,155 - httpx - INFO - HTTP Request: GET http://procure-x.testmcp.org/history/ce8c31de-5336-4dfa-afde-5856845f597c "HTTP/1.1 200 OK"
2026-01-13 11:11:11,174 - httpx - INFO - HTTP Request: GET http://procure-x.testmcp.org/history/9d7f185e-94a8-4fd4-b14a-0ec80e0a5d5e "HTTP/1.1 200 OK"
2026-01-13 11:11:12,201 - httpx - INFO - HTTP Request: GET http://procure-x.testmcp.org/history/ce8c31de-5336-4dfa-afde-5856845f597c "HTTP/1.1 200 OK"
2026-01-13 11:11:12,202 - httpx - INFO - HTTP Request: GET http://procure-x.testmcp.org/history/9d7f185e-94a8-4fd4-b14a-0ec80e0a5d5e "HTTP/1.1 200 OK"
2026-01-13 11:11:13,223 - httpx - INFO - HTTP Request: GET http://procure-x.testmcp.org/history/ce8c31de-5336-4dfa-afde-5856845f597c "HTTP/1.1 200 OK"
2026-01-13 11:11:13,225 - httpx - INFO - HTTP Request: GET http://procure-x.testmcp.org/history/9d7f185e-94a8-4fd4-b14a-0ec80e0a5d5e "HTTP/1.1 200 OK"
2026-01-13 11:11:14,248 - httpx - INFO - HTTP Request: GET http://procure-x.testmcp.org/history/9d7f185e-94a8-4fd4-b14a-0ec80e0a5d5e "HTTP/1.1 200 OK"
2026-01-13 11:11:14,249 - httpx - INFO - HTTP Request: GET http://procure-x.testmcp.org/history/ce8c31de-5336-4dfa-afde-5856845f597c "HTTP/1.1 200 OK"
2026-01-13 11:11:15,278 - httpx - INFO - HTTP Request: GET http://procure-x.testmcp.org/history/9d7f185e-94a8-4fd4-b14a-0ec80e0a5d5e "HTTP/1.1 200 OK"
2026-01-13 11:11:15,280 - httpx - INFO - HTTP Request: GET http://procure-x.testmcp.org/history/ce8c31de-5336-4dfa-afde-5856845f597c "HTTP/1.1 200 OK"
2026-01-13 11:11:16,313 - httpx - INFO - HTTP Request: GET http://procure-x.testmcp.org/history/9d7f185e-94a8-4fd4-b14a-0ec80e0a5d5e "HTTP/1.1 200 OK"
2026-01-13 11:11:16,316 - httpx - INFO - HTTP Request: GET http://procure-x.testmcp.org/history/ce8c31de-5336-4dfa-afde-5856845f597c "HTTP/1.1 200 OK"
2026-01-13 11:11:17,349 - httpx - INFO - HTTP Request: GET http://procure-x.testmcp.org/history/ce8c31de-5336-4dfa-afde-5856845f597c "HTTP/1.1 200 OK"
2026-01-13 11:11:17,350 - httpx - INFO - HTTP Request: GET http://procure-x.testmcp.org/history/9d7f185e-94a8-4fd4-b14a-0ec80e0a5d5e "HTTP/1.1 200 OK"
2026-01-13 11:11:18,371 - httpx - INFO - HTTP Request: GET http://procure-x.testmcp.org/history/ce8c31de-5336-4dfa-afde-5856845f597c "HTTP/1.1 200 OK"
2026-01-13 11:11:18,373 - httpx - INFO - HTTP Request: GET http://procure-x.testmcp.org/history/9d7f185e-94a8-4fd4-b14a-0ec80e0a5d5e "HTTP/1.1 200 OK"
2026-01-13 11:11:19,400 - httpx - INFO - HTTP Request: GET http://procure-x.testmcp.org/history/ce8c31de-5336-4dfa-afde-5856845f597c "HTTP/1.1 200 OK"
2026-01-13 11:11:19,401 - httpx - INFO - HTTP Request: GET http://procure-x.testmcp.org/history/9d7f185e-94a8-4fd4-b14a-0ec80e0a5d5e "HTTP/1.1 200 OK"
2026-01-13 11:11:20,423 - httpx - INFO - HTTP Request: GET http://procure-x.testmcp.org/history/9d7f185e-94a8-4fd4-b14a-0ec80e0a5d5e "HTTP/1.1 200 OK"
2026-01-13 11:11:20,425 - httpx - INFO - HTTP Request: GET http://procure-x.testmcp.org/history/ce8c31de-5336-4dfa-afde-5856845f597c "HTTP/1.1 200 OK"
2026-01-13 11:11:21,446 - httpx - INFO - HTTP Request: GET http://procure-x.testmcp.org/history/9d7f185e-94a8-4fd4-b14a-0ec80e0a5d5e "HTTP/1.1 200 OK"
2026-01-13 11:11:21,447 - httpx - INFO - HTTP Request: GET http://procure-x.testmcp.org/history/ce8c31de-5336-4dfa-afde-5856845f597c "HTTP/1.1 200 OK"
2026-01-13 11:11:22,473 - httpx - INFO - HTTP Request: GET http://procure-x.testmcp.org/history/9d7f185e-94a8-4fd4-b14a-0ec80e0a5d5e "HTTP/1.1 200 OK"
2026-01-13 11:11:22,476 - httpx - INFO - HTTP Request: GET http://procure-x.testmcp.org/history/ce8c31de-5336-4dfa-afde-5856845f597c "HTTP/1.1 200 OK"
2026-01-13 11:11:23,501 - httpx - INFO - HTTP Request: GET http://procure-x.testmcp.org/history/ce8c31de-5336-4dfa-afde-5856845f597c "HTTP/1.1 200 OK"
2026-01-13 11:11:23,502 - httpx - INFO - HTTP Request: GET http://procure-x.testmcp.org/history/9d7f185e-94a8-4fd4-b14a-0ec80e0a5d5e "HTTP/1.1 200 OK"
2026-01-13 11:11:24,522 - httpx - INFO - HTTP Request: GET http://procure-x.testmcp.org/history/9d7f185e-94a8-4fd4-b14a-0ec80e0a5d5e "HTTP/1.1 200 OK"
2026-01-13 11:11:24,523 - httpx - INFO - HTTP Request: GET http://procure-x.testmcp.org/history/ce8c31de-5336-4dfa-afde-5856845f597c "HTTP/1.1 200 OK"
2026-01-13 11:11:25,551 - httpx - INFO - HTTP Request: GET http://procure-x.testmcp.org/history/9d7f185e-94a8-4fd4-b14a-0ec80e0a5d5e "HTTP/1.1 200 OK"
2026-01-13 11:11:25,555 - httpx - INFO - HTTP Request: GET http://procure-x.testmcp.org/history/ce8c31de-5336-4dfa-afde-5856845f597c "HTTP/1.1 200 OK"
2026-01-13 11:11:26,585 - httpx - INFO - HTTP Request: GET http://procure-x.testmcp.org/history/9d7f185e-94a8-4fd4-b14a-0ec80e0a5d5e "HTTP/1.1 200 OK"
2026-01-13 11:11:26,586 - httpx - INFO - HTTP Request: GET http://procure-x.testmcp.org/history/ce8c31de-5336-4dfa-afde-5856845f597c "HTTP/1.1 200 OK"
2026-01-13 11:11:27,622 - httpx - INFO - HTTP Request: GET http://procure-x.testmcp.org/history/9d7f185e-94a8-4fd4-b14a-0ec80e0a5d5e "HTTP/1.1 200 OK"
2026-01-13 11:11:27,625 - httpx - INFO - HTTP Request: GET http://procure-x.testmcp.org/history/ce8c31de-5336-4dfa-afde-5856845f597c "HTTP/1.1 200 OK"
2026-01-13 11:11:28,654 - httpx - INFO - HTTP Request: GET http://procure-x.testmcp.org/history/9d7f185e-94a8-4fd4-b14a-0ec80e0a5d5e "HTTP/1.1 200 OK"
2026-01-13 11:11:28,656 - httpx - INFO - HTTP Request: GET http://procure-x.testmcp.org/history/ce8c31de-5336-4dfa-afde-5856845f597c "HTTP/1.1 200 OK"
2026-01-13 11:11:29,688 - httpx - INFO - HTTP Request: GET http://procure-x.testmcp.org/history/9d7f185e-94a8-4fd4-b14a-0ec80e0a5d5e "HTTP/1.1 200 OK"
2026-01-13 11:11:29,690 - httpx - INFO - HTTP Request: GET http://procure-x.testmcp.org/history/ce8c31de-5336-4dfa-afde-5856845f597c "HTTP/1.1 200 OK"
2026-01-13 11:11:30,728 - httpx - INFO - HTTP Request: GET http://procure-x.testmcp.org/history/ce8c31de-5336-4dfa-afde-5856845f597c "HTTP/1.1 200 OK"
2026-01-13 11:11:30,730 - httpx - INFO - HTTP Request: GET http://procure-x.testmcp.org/history/9d7f185e-94a8-4fd4-b14a-0ec80e0a5d5e "HTTP/1.1 200 OK"
2026-01-13 11:11:31,749 - httpx - INFO - HTTP Request: GET http://procure-x.testmcp.org/history/ce8c31de-5336-4dfa-afde-5856845f597c "HTTP/1.1 200 OK"
2026-01-13 11:11:31,750 - httpx - INFO - HTTP Request: GET http://procure-x.testmcp.org/history/9d7f185e-94a8-4fd4-b14a-0ec80e0a5d5e "HTTP/1.1 200 OK"
2026-01-13 11:11:32,773 - httpx - INFO - HTTP Request: GET http://procure-x.testmcp.org/history/ce8c31de-5336-4dfa-afde-5856845f597c "HTTP/1.1 200 OK"
2026-01-13 11:11:32,774 - httpx - INFO - HTTP Request: GET http://procure-x.testmcp.org/history/9d7f185e-94a8-4fd4-b14a-0ec80e0a5d5e "HTTP/1.1 200 OK"
2026-01-13 11:11:33,808 - httpx - INFO - HTTP Request: GET http://procure-x.testmcp.org/history/ce8c31de-5336-4dfa-afde-5856845f597c "HTTP/1.1 200 OK"
2026-01-13 11:11:33,808 - httpx - INFO - HTTP Request: GET http://procure-x.testmcp.org/history/9d7f185e-94a8-4fd4-b14a-0ec80e0a5d5e "HTTP/1.1 200 OK"
2026-01-13 11:11:34,835 - httpx - INFO - HTTP Request: GET http://procure-x.testmcp.org/history/9d7f185e-94a8-4fd4-b14a-0ec80e0a5d5e "HTTP/1.1 200 OK"
2026-01-13 11:11:34,836 - httpx - INFO - HTTP Request: GET http://procure-x.testmcp.org/history/ce8c31de-5336-4dfa-afde-5856845f597c "HTTP/1.1 200 OK"
2026-01-13 11:11:35,864 - httpx - INFO - HTTP Request: GET http://procure-x.testmcp.org/history/9d7f185e-94a8-4fd4-b14a-0ec80e0a5d5e "HTTP/1.1 200 OK"
2026-01-13 11:11:35,865 - httpx - INFO - HTTP Request: GET http://procure-x.testmcp.org/history/ce8c31de-5336-4dfa-afde-5856845f597c "HTTP/1.1 200 OK"
2026-01-13 11:11:36,890 - httpx - INFO - HTTP Request: GET http://procure-x.testmcp.org/history/ce8c31de-5336-4dfa-afde-5856845f597c "HTTP/1.1 200 OK"
2026-01-13 11:11:36,892 - httpx - INFO - HTTP Request: GET http://procure-x.testmcp.org/history/9d7f185e-94a8-4fd4-b14a-0ec80e0a5d5e "HTTP/1.1 200 OK"
2026-01-13 11:11:37,925 - httpx - INFO - HTTP Request: GET http://procure-x.testmcp.org/history/9d7f185e-94a8-4fd4-b14a-0ec80e0a5d5e "HTTP/1.1 200 OK"
2026-01-13 11:11:37,927 - httpx - INFO - HTTP Request: GET http://procure-x.testmcp.org/history/ce8c31de-5336-4dfa-afde-5856845f597c "HTTP/1.1 200 OK"
2026-01-13 11:11:38,953 - httpx - INFO - HTTP Request: GET http://procure-x.testmcp.org/history/ce8c31de-5336-4dfa-afde-5856845f597c "HTTP/1.1 200 OK"
2026-01-13 11:11:38,955 - httpx - INFO - HTTP Request: GET http://procure-x.testmcp.org/history/9d7f185e-94a8-4fd4-b14a-0ec80e0a5d5e "HTTP/1.1 200 OK"
2026-01-13 11:11:39,976 - httpx - INFO - HTTP Request: GET http://procure-x.testmcp.org/history/9d7f185e-94a8-4fd4-b14a-0ec80e0a5d5e "HTTP/1.1 200 OK"
2026-01-13 11:11:39,977 - httpx - INFO - HTTP Request: GET http://procure-x.testmcp.org/history/ce8c31de-5336-4dfa-afde-5856845f597c "HTTP/1.1 200 OK"
2026-01-13 11:11:41,003 - httpx - INFO - HTTP Request: GET http://procure-x.testmcp.org/history/ce8c31de-5336-4dfa-afde-5856845f597c "HTTP/1.1 200 OK"
2026-01-13 11:11:41,005 - httpx - INFO - HTTP Request: GET http://procure-x.testmcp.org/history/9d7f185e-94a8-4fd4-b14a-0ec80e0a5d5e "HTTP/1.1 200 OK"
2026-01-13 11:11:42,043 - httpx - INFO - HTTP Request: GET http://procure-x.testmcp.org/history/9d7f185e-94a8-4fd4-b14a-0ec80e0a5d5e "HTTP/1.1 200 OK"
2026-01-13 11:11:42,044 - httpx - INFO - HTTP Request: GET http://procure-x.testmcp.org/history/ce8c31de-5336-4dfa-afde-5856845f597c "HTTP/1.1 200 OK"
2026-01-13 11:11:43,072 - httpx - INFO - HTTP Request: GET http://procure-x.testmcp.org/history/ce8c31de-5336-4dfa-afde-5856845f597c "HTTP/1.1 200 OK"
2026-01-13 11:11:43,073 - httpx - INFO - HTTP Request: GET http://procure-x.testmcp.org/history/9d7f185e-94a8-4fd4-b14a-0ec80e0a5d5e "HTTP/1.1 200 OK"
2026-01-13 11:11:44,100 - httpx - INFO - HTTP Request: GET http://procure-x.testmcp.org/history/ce8c31de-5336-4dfa-afde-5856845f597c "HTTP/1.1 200 OK"
2026-01-13 11:11:44,102 - httpx - INFO - HTTP Request: GET http://procure-x.testmcp.org/history/9d7f185e-94a8-4fd4-b14a-0ec80e0a5d5e "HTTP/1.1 200 OK"
2026-01-13 11:11:45,152 - httpx - INFO - HTTP Request: GET http://procure-x.testmcp.org/history/9d7f185e-94a8-4fd4-b14a-0ec80e0a5d5e "HTTP/1.1 200 OK"
2026-01-13 11:11:45,153 - httpx - INFO - HTTP Request: GET http://procure-x.testmcp.org/history/ce8c31de-5336-4dfa-afde-5856845f597c "HTTP/1.1 200 OK"
2026-01-13 11:11:46,180 - httpx - INFO - HTTP Request: GET http://procure-x.testmcp.org/history/ce8c31de-5336-4dfa-afde-5856845f597c "HTTP/1.1 200 OK"
2026-01-13 11:11:46,588 - temporal_gateway.clients.comfy.tracker - INFO - [WS] Execution completed successfully
2026-01-13 11:11:46,705 - httpx - INFO - HTTP Request: GET http://procure-x.testmcp.org/history/9d7f185e-94a8-4fd4-b14a-0ec80e0a5d5e "HTTP/1.1 200 OK"
2026-01-13 11:11:47,712 - httpx - INFO - HTTP Request: GET http://procure-x.testmcp.org/history/ce8c31de-5336-4dfa-afde-5856845f597c "HTTP/1.1 200 OK"
2026-01-13 11:11:47,714 - temporal_gateway.clients.comfy.tracker - INFO - [POLL] Found in history: success
2026-01-13 11:11:47,714 - temporal_gateway.clients.comfy.tracker - INFO - Tracking completed: success (took 61.38s)
2026-01-13 11:11:47,714 - httpx - INFO - HTTP Request: GET http://procure-x.testmcp.org/history/ce8c31de-5336-4dfa-afde-5856845f597c "HTTP/1.1 200 OK"
2026-01-13 11:11:47,716 - temporalio.activity - INFO - [V3] Workflow completed successfully ({'activity_id': '1', 'activity_type': 'execute_and_track_workflow', 'attempt': 1, 'namespace': 'default', 'task_queue': 'comfyui-gpu-farm', 'workflow_id': 'chain-image-edit-to-video-pipeline-804d89cc-82d7-4262-9dd2-29a3c862dc3c-edit_frame2', 'workflow_run_id': '019bb5de-f3a9-7342-b43d-99ea6aa6893b', 'workflow_type': 'ComfyUIWorkflow'})
2026-01-13 11:11:47,727 - temporalio.workflow - INFO - Execution completed successfully ({'attempt': 1, 'namespace': 'default', 'run_id': '019bb5de-f3a9-7342-b43d-99ea6aa6893b', 'task_queue': 'comfyui-gpu-farm', 'workflow_id': 'chain-image-edit-to-video-pipeline-804d89cc-82d7-4262-9dd2-29a3c862dc3c-edit_frame2', 'workflow_type': 'ComfyUIWorkflow'})
2026-01-13 11:11:47,731 - httpx - INFO - HTTP Request: GET http://procure-x.testmcp.org/history/9d7f185e-94a8-4fd4-b14a-0ec80e0a5d5e "HTTP/1.1 200 OK"
2026-01-13 11:11:47,737 - temporalio.activity - INFO - Extracting server output files ({'activity_id': '2', 'activity_type': 'get_server_output_files', 'attempt': 1, 'namespace': 'default', 'task_queue': 'comfyui-gpu-farm', 'workflow_id': 'chain-image-edit-to-video-pipeline-804d89cc-82d7-4262-9dd2-29a3c862dc3c-edit_frame2', 'workflow_run_id': '019bb5de-f3a9-7342-b43d-99ea6aa6893b', 'workflow_type': 'ComfyUIWorkflow'})
2026-01-13 11:11:47,737 - temporalio.activity - INFO - Found 1 output file(s) ({'activity_id': '2', 'activity_type': 'get_server_output_files', 'attempt': 1, 'namespace': 'default', 'task_queue': 'comfyui-gpu-farm', 'workflow_id': 'chain-image-edit-to-video-pipeline-804d89cc-82d7-4262-9dd2-29a3c862dc3c-edit_frame2', 'workflow_run_id': '019bb5de-f3a9-7342-b43d-99ea6aa6893b', 'workflow_type': 'ComfyUIWorkflow'})
2026-01-13 11:11:47,754 - temporalio.workflow - INFO - Found 1 server output file(s) ({'attempt': 1, 'namespace': 'default', 'run_id': '019bb5de-f3a9-7342-b43d-99ea6aa6893b', 'task_queue': 'comfyui-gpu-farm', 'workflow_id': 'chain-image-edit-to-video-pipeline-804d89cc-82d7-4262-9dd2-29a3c862dc3c-edit_frame2', 'workflow_type': 'ComfyUIWorkflow'})
2026-01-13 11:11:47,763 - temporalio.activity - INFO - Downloading and persisting 1 artifact(s) for workflow c00541bb-940d-4f15-8283-f71d6cb818e2 ({'activity_id': '3', 'activity_type': 'download_and_store_artifacts', 'attempt': 1, 'namespace': 'default', 'task_queue': 'comfyui-gpu-farm', 'workflow_id': 'chain-image-edit-to-video-pipeline-804d89cc-82d7-4262-9dd2-29a3c862dc3c-edit_frame2', 'workflow_run_id': '019bb5de-f3a9-7342-b43d-99ea6aa6893b', 'workflow_type': 'ComfyUIWorkflow'})
2026-01-13 11:11:47,808 - temporal_gateway.clients.comfy.client - INFO - ComfyUI client initialized for http://procure-x.testmcp.org
2026-01-13 11:11:47,866 - httpx - INFO - HTTP Request: GET http://procure-x.testmcp.org/view?filename=ComfyUI_00254_.png&type=output "HTTP/1.1 200 OK"
2026-01-13 11:11:47,991 - temporalio.activity - INFO - ✓ Saved artifact to DB: d03aaaff-1275-4c80-b78c-ff446d9d64f1 (ComfyUI_00254_.png) ({'activity_id': '3', 'activity_type': 'download_and_store_artifacts', 'attempt': 1, 'namespace': 'default', 'task_queue': 'comfyui-gpu-farm', 'workflow_id': 'chain-image-edit-to-video-pipeline-804d89cc-82d7-4262-9dd2-29a3c862dc3c-edit_frame2', 'workflow_run_id': '019bb5de-f3a9-7342-b43d-99ea6aa6893b', 'workflow_type': 'ComfyUIWorkflow'})
2026-01-13 11:11:47,991 - temporalio.activity - INFO - Downloaded and persisted 1 artifact(s) ({'activity_id': '3', 'activity_type': 'download_and_store_artifacts', 'attempt': 1, 'namespace': 'default', 'task_queue': 'comfyui-gpu-farm', 'workflow_id': 'chain-image-edit-to-video-pipeline-804d89cc-82d7-4262-9dd2-29a3c862dc3c-edit_frame2', 'workflow_run_id': '019bb5de-f3a9-7342-b43d-99ea6aa6893b', 'workflow_type': 'ComfyUIWorkflow'})
2026-01-13 11:11:48,002 - temporalio.workflow - INFO - Downloaded 1 file(s) locally ({'attempt': 1, 'namespace': 'default', 'run_id': '019bb5de-f3a9-7342-b43d-99ea6aa6893b', 'task_queue': 'comfyui-gpu-farm', 'workflow_id': 'chain-image-edit-to-video-pipeline-804d89cc-82d7-4262-9dd2-29a3c862dc3c-edit_frame2', 'workflow_type': 'ComfyUIWorkflow'})
2026-01-13 11:11:48,024 - temporalio.activity - INFO - Updating workflow c00541bb-940d-4f15-8283-f71d6cb818e2 status to: completed ({'activity_id': '33', 'activity_type': 'update_workflow_status_activity', 'attempt': 1, 'namespace': 'default', 'task_queue': 'comfyui-gpu-farm', 'workflow_id': 'chain-image-edit-to-video-pipeline-804d89cc-82d7-4262-9dd2-29a3c862dc3c', 'workflow_run_id': '019bb5de-ddb3-73e4-aa40-638aaeb8574d', 'workflow_type': 'ChainExecutorWorkflow'})
2026-01-13 11:11:48,028 - temporalio.activity - INFO - ✓ Updated workflow status ({'activity_id': '33', 'activity_type': 'update_workflow_status_activity', 'attempt': 1, 'namespace': 'default', 'task_queue': 'comfyui-gpu-farm', 'workflow_id': 'chain-image-edit-to-video-pipeline-804d89cc-82d7-4262-9dd2-29a3c862dc3c', 'workflow_run_id': '019bb5de-ddb3-73e4-aa40-638aaeb8574d', 'workflow_type': 'ChainExecutorWorkflow'})
2026-01-13 11:11:48,037 - temporalio.workflow - INFO - Step edit_frame2: Approval required, fetching artifacts... ({'attempt': 1, 'namespace': 'default', 'run_id': '019bb5de-ddb3-73e4-aa40-638aaeb8574d', 'task_queue': 'comfyui-gpu-farm', 'workflow_id': 'chain-image-edit-to-video-pipeline-804d89cc-82d7-4262-9dd2-29a3c862dc3c', 'workflow_type': 'ChainExecutorWorkflow'})
2026-01-13 11:11:48,045 - temporalio.activity - INFO - Getting artifacts for workflow: c00541bb-940d-4f15-8283-f71d6cb818e2 ({'activity_id': '34', 'activity_type': 'get_workflow_artifacts', 'attempt': 1, 'namespace': 'default', 'task_queue': 'comfyui-gpu-farm', 'workflow_id': 'chain-image-edit-to-video-pipeline-804d89cc-82d7-4262-9dd2-29a3c862dc3c', 'workflow_run_id': '019bb5de-ddb3-73e4-aa40-638aaeb8574d', 'workflow_type': 'ChainExecutorWorkflow'})
2026-01-13 11:11:48,063 - temporalio.activity - INFO - Creating approval request for artifact: d03aaaff-1275-4c80-b78c-ff446d9d64f1 ({'activity_id': '35', 'activity_type': 'create_approval_request_activity', 'attempt': 1, 'namespace': 'default', 'task_queue': 'comfyui-gpu-farm', 'workflow_id': 'chain-image-edit-to-video-pipeline-804d89cc-82d7-4262-9dd2-29a3c862dc3c', 'workflow_run_id': '019bb5de-ddb3-73e4-aa40-638aaeb8574d', 'workflow_type': 'ChainExecutorWorkflow'})
2026-01-13 11:11:48,067 - temporalio.activity - INFO - ✓ Created approval request: bb61499f-cb33-48d5-8aee-d5c3df3b53cf, token: LbPHOidP6csRpiwY... ({'activity_id': '35', 'activity_type': 'create_approval_request_activity', 'attempt': 1, 'namespace': 'default', 'task_queue': 'comfyui-gpu-farm', 'workflow_id': 'chain-image-edit-to-video-pipeline-804d89cc-82d7-4262-9dd2-29a3c862dc3c', 'workflow_run_id': '019bb5de-ddb3-73e4-aa40-638aaeb8574d', 'workflow_type': 'ChainExecutorWorkflow'})
2026-01-13 11:11:48,068 - temporal_gateway.services.broadcast - INFO - Published approval_requested to chain:9825eb5b-07c1-44d9-9f8d-349db41f70b7
2026-01-13 11:11:48,068 - temporalio.activity - INFO - Published approval_requested event for chain 9825eb5b-07c1-44d9-9f8d-349db41f70b7 ({'activity_id': '35', 'activity_type': 'create_approval_request_activity', 'attempt': 1, 'namespace': 'default', 'task_queue': 'comfyui-gpu-farm', 'workflow_id': 'chain-image-edit-to-video-pipeline-804d89cc-82d7-4262-9dd2-29a3c862dc3c', 'workflow_run_id': '019bb5de-ddb3-73e4-aa40-638aaeb8574d', 'workflow_type': 'ChainExecutorWorkflow'})
2026-01-13 11:11:48,078 - temporalio.workflow - INFO - Step edit_frame2: Approval request created, token: LbPHOidP6csRpiwY... ({'attempt': 1, 'namespace': 'default', 'run_id': '019bb5de-ddb3-73e4-aa40-638aaeb8574d', 'task_queue': 'comfyui-gpu-farm', 'workflow_id': 'chain-image-edit-to-video-pipeline-804d89cc-82d7-4262-9dd2-29a3c862dc3c', 'workflow_type': 'ChainExecutorWorkflow'})
2026-01-13 11:11:48,756 - httpx - INFO - HTTP Request: GET http://procure-x.testmcp.org/history/9d7f185e-94a8-4fd4-b14a-0ec80e0a5d5e "HTTP/1.1 200 OK"
2026-01-13 11:11:49,790 - httpx - INFO - HTTP Request: GET http://procure-x.testmcp.org/history/9d7f185e-94a8-4fd4-b14a-0ec80e0a5d5e "HTTP/1.1 200 OK"
2026-01-13 11:11:50,812 - httpx - INFO - HTTP Request: GET http://procure-x.testmcp.org/history/9d7f185e-94a8-4fd4-b14a-0ec80e0a5d5e "HTTP/1.1 200 OK"
2026-01-13 11:11:51,841 - httpx - INFO - HTTP Request: GET http://procure-x.testmcp.org/history/9d7f185e-94a8-4fd4-b14a-0ec80e0a5d5e "HTTP/1.1 200 OK"
2026-01-13 11:11:52,893 - httpx - INFO - HTTP Request: GET http://procure-x.testmcp.org/history/9d7f185e-94a8-4fd4-b14a-0ec80e0a5d5e "HTTP/1.1 200 OK"
2026-01-13 11:11:53,932 - httpx - INFO - HTTP Request: GET http://procure-x.testmcp.org/history/9d7f185e-94a8-4fd4-b14a-0ec80e0a5d5e "HTTP/1.1 200 OK"
2026-01-13 11:11:55,015 - httpx - INFO - HTTP Request: GET http://procure-x.testmcp.org/history/9d7f185e-94a8-4fd4-b14a-0ec80e0a5d5e "HTTP/1.1 200 OK"
2026-01-13 11:11:56,061 - httpx - INFO - HTTP Request: GET http://procure-x.testmcp.org/history/9d7f185e-94a8-4fd4-b14a-0ec80e0a5d5e "HTTP/1.1 200 OK"
2026-01-13 11:11:56,792 - temporalio.workflow - INFO - Received approval decision for step edit_frame2: rejected by cli-user ({'attempt': 1, 'namespace': 'default', 'run_id': '019bb5de-ddb3-73e4-aa40-638aaeb8574d', 'task_queue': 'comfyui-gpu-farm', 'workflow_id': 'chain-image-edit-to-video-pipeline-804d89cc-82d7-4262-9dd2-29a3c862dc3c', 'workflow_type': 'ChainExecutorWorkflow'})
2026-01-13 11:11:56,793 - temporalio.workflow - INFO - Step edit_frame2: Rejected by cli-user with comment: None ({'attempt': 1, 'namespace': 'default', 'run_id': '019bb5de-ddb3-73e4-aa40-638aaeb8574d', 'task_queue': 'comfyui-gpu-farm', 'workflow_id': 'chain-image-edit-to-video-pipeline-804d89cc-82d7-4262-9dd2-29a3c862dc3c', 'workflow_type': 'ChainExecutorWorkflow'})
2026-01-13 11:11:56,793 - temporalio.workflow - INFO - Step edit_frame2: Rejected, regenerating with new parameters (attempt 2/3)... ({'attempt': 1, 'namespace': 'default', 'run_id': '019bb5de-ddb3-73e4-aa40-638aaeb8574d', 'task_queue': 'comfyui-gpu-farm', 'workflow_id': 'chain-image-edit-to-video-pipeline-804d89cc-82d7-4262-9dd2-29a3c862dc3c', 'workflow_type': 'ChainExecutorWorkflow'})
2026-01-13 11:11:56,816 - temporalio.activity - INFO - Resolving templates in parameters ({'activity_id': '36', 'activity_type': 'resolve_chain_templates', 'attempt': 1, 'namespace': 'default', 'task_queue': 'comfyui-gpu-farm', 'workflow_id': 'chain-image-edit-to-video-pipeline-804d89cc-82d7-4262-9dd2-29a3c862dc3c', 'workflow_run_id': '019bb5de-ddb3-73e4-aa40-638aaeb8574d', 'workflow_type': 'ChainExecutorWorkflow'})
2026-01-13 11:11:56,821 - temporalio.activity - INFO - Templates resolved successfully ({'activity_id': '36', 'activity_type': 'resolve_chain_templates', 'attempt': 1, 'namespace': 'default', 'task_queue': 'comfyui-gpu-farm', 'workflow_id': 'chain-image-edit-to-video-pipeline-804d89cc-82d7-4262-9dd2-29a3c862dc3c', 'workflow_run_id': '019bb5de-ddb3-73e4-aa40-638aaeb8574d', 'workflow_type': 'ChainExecutorWorkflow'})
2026-01-13 11:11:56,839 - temporalio.workflow - INFO - Step edit_frame2: Resolved parameters ({'attempt': 1, 'namespace': 'default', 'run_id': '019bb5de-ddb3-73e4-aa40-638aaeb8574d', 'task_queue': 'comfyui-gpu-farm', 'workflow_id': 'chain-image-edit-to-video-pipeline-804d89cc-82d7-4262-9dd2-29a3c862dc3c', 'workflow_type': 'ChainExecutorWorkflow'})
2026-01-13 11:11:56,868 - temporalio.activity - INFO - Applying parameters to workflow: qwen_image_edit ({'activity_id': '37', 'activity_type': 'apply_workflow_parameters', 'attempt': 1, 'namespace': 'default', 'task_queue': 'comfyui-gpu-farm', 'workflow_id': 'chain-image-edit-to-video-pipeline-804d89cc-82d7-4262-9dd2-29a3c862dc3c', 'workflow_run_id': '019bb5de-ddb3-73e4-aa40-638aaeb8574d', 'workflow_type': 'ChainExecutorWorkflow'})
2026-01-13 11:11:56,868 - temporal_gateway.registry - INFO - Applied override: 111.prompt = Make the scene more vibrant and colorful with enhanced details
2026-01-13 11:11:56,868 - temporal_gateway.registry - INFO - Applied override: 78.image = ComfyUI_00253_.png
2026-01-13 11:11:56,868 - temporalio.activity - INFO - Parameters applied successfully ({'activity_id': '37', 'activity_type': 'apply_workflow_parameters', 'attempt': 1, 'namespace': 'default', 'task_queue': 'comfyui-gpu-farm', 'workflow_id': 'chain-image-edit-to-video-pipeline-804d89cc-82d7-4262-9dd2-29a3c862dc3c', 'workflow_run_id': '019bb5de-ddb3-73e4-aa40-638aaeb8574d', 'workflow_type': 'ChainExecutorWorkflow'})
2026-01-13 11:11:56,909 - temporalio.activity - INFO - Selecting server with strategy: least_loaded ({'activity_id': '38', 'activity_type': 'select_best_server', 'attempt': 1, 'namespace': 'default', 'task_queue': 'comfyui-gpu-farm', 'workflow_id': 'chain-image-edit-to-video-pipeline-804d89cc-82d7-4262-9dd2-29a3c862dc3c', 'workflow_run_id': '019bb5de-ddb3-73e4-aa40-638aaeb8574d', 'workflow_type': 'ChainExecutorWorkflow'})
2026-01-13 11:11:57,084 - httpx - INFO - HTTP Request: GET http://procure-x.testmcp.org/history/9d7f185e-94a8-4fd4-b14a-0ec80e0a5d5e "HTTP/1.1 200 OK"
2026-01-13 11:11:58,119 - httpx - INFO - HTTP Request: GET http://procure-x.testmcp.org/history/9d7f185e-94a8-4fd4-b14a-0ec80e0a5d5e "HTTP/1.1 200 OK"
2026-01-13 11:11:59,142 - httpx - INFO - HTTP Request: GET http://procure-x.testmcp.org/history/9d7f185e-94a8-4fd4-b14a-0ec80e0a5d5e "HTTP/1.1 200 OK"
2026-01-13 11:12:00,175 - httpx - INFO - HTTP Request: GET http://procure-x.testmcp.org/history/9d7f185e-94a8-4fd4-b14a-0ec80e0a5d5e "HTTP/1.1 200 OK"
2026-01-13 11:12:01,204 - httpx - INFO - HTTP Request: GET http://procure-x.testmcp.org/history/9d7f185e-94a8-4fd4-b14a-0ec80e0a5d5e "HTTP/1.1 200 OK"
2026-01-13 11:12:02,053 - httpx - INFO - HTTP Request: GET http://procure-x.testmcp.org/system_stats "HTTP/1.1 200 OK"
2026-01-13 11:12:02,083 - httpx - INFO - HTTP Request: GET http://procure-x.testmcp.org/queue "HTTP/1.1 200 OK"
2026-01-13 11:12:02,085 - temporal_gateway.servers.load_balancer - INFO - Selected server procure-x (queue_depth=1, gpu_mem=0.0%)
2026-01-13 11:12:02,086 - temporalio.activity - INFO - Selected server: procure-x (http://procure-x.testmcp.org) ({'activity_id': '38', 'activity_type': 'select_best_server', 'attempt': 1, 'namespace': 'default', 'task_queue': 'comfyui-gpu-farm', 'workflow_id': 'chain-image-edit-to-video-pipeline-804d89cc-82d7-4262-9dd2-29a3c862dc3c', 'workflow_run_id': '019bb5de-ddb3-73e4-aa40-638aaeb8574d', 'workflow_type': 'ChainExecutorWorkflow'})
2026-01-13 11:12:02,098 - temporalio.workflow - INFO - Step edit_frame2: Selected target server: http://procure-x.testmcp.org ({'attempt': 1, 'namespace': 'default', 'run_id': '019bb5de-ddb3-73e4-aa40-638aaeb8574d', 'task_queue': 'comfyui-gpu-farm', 'workflow_id': 'chain-image-edit-to-video-pipeline-804d89cc-82d7-4262-9dd2-29a3c862dc3c', 'workflow_type': 'ChainExecutorWorkflow'})
2026-01-13 11:12:02,099 - temporalio.workflow - INFO - Step edit_frame2: Processing 1 dependency step(s) ({'attempt': 1, 'namespace': 'default', 'run_id': '019bb5de-ddb3-73e4-aa40-638aaeb8574d', 'task_queue': 'comfyui-gpu-farm', 'workflow_id': 'chain-image-edit-to-video-pipeline-804d89cc-82d7-4262-9dd2-29a3c862dc3c', 'workflow_type': 'ChainExecutorWorkflow'})
2026-01-13 11:12:02,107 - temporalio.activity - INFO - Getting artifacts for workflow: 8a73ae17-bb1f-484d-b175-53b357266bb9 ({'activity_id': '39', 'activity_type': 'get_workflow_artifacts', 'attempt': 1, 'namespace': 'default', 'task_queue': 'comfyui-gpu-farm', 'workflow_id': 'chain-image-edit-to-video-pipeline-804d89cc-82d7-4262-9dd2-29a3c862dc3c', 'workflow_run_id': '019bb5de-ddb3-73e4-aa40-638aaeb8574d', 'workflow_type': 'ChainExecutorWorkflow'})
2026-01-13 11:12:02,118 - temporalio.workflow - INFO - Transferring 1 artifact(s) from extract_frame2 to http://procure-x.testmcp.org ({'attempt': 1, 'namespace': 'default', 'run_id': '019bb5de-ddb3-73e4-aa40-638aaeb8574d', 'task_queue': 'comfyui-gpu-farm', 'workflow_id': 'chain-image-edit-to-video-pipeline-804d89cc-82d7-4262-9dd2-29a3c862dc3c', 'workflow_type': 'ChainExecutorWorkflow'})
2026-01-13 11:12:02,127 - temporalio.activity - INFO - Transferring 1 artifact(s) from workflow 8a73ae17-bb1f-484d-b175-53b357266bb9 to http://procure-x.testmcp.org ({'activity_id': '40', 'activity_type': 'transfer_artifacts_from_storage', 'attempt': 1, 'namespace': 'default', 'task_queue': 'comfyui-gpu-farm', 'workflow_id': 'chain-image-edit-to-video-pipeline-804d89cc-82d7-4262-9dd2-29a3c862dc3c', 'workflow_run_id': '019bb5de-ddb3-73e4-aa40-638aaeb8574d', 'workflow_type': 'ChainExecutorWorkflow'})
2026-01-13 11:12:02,172 - temporal_gateway.clients.comfy.client - INFO - ComfyUI client initialized for http://procure-x.testmcp.org
2026-01-13 11:12:02,177 - temporalio.activity - INFO - Uploading: ComfyUI_00253_.png from local storage to http://procure-x.testmcp.org/input/ ({'activity_id': '40', 'activity_type': 'transfer_artifacts_from_storage', 'attempt': 1, 'namespace': 'default', 'task_queue': 'comfyui-gpu-farm', 'workflow_id': 'chain-image-edit-to-video-pipeline-804d89cc-82d7-4262-9dd2-29a3c862dc3c', 'workflow_run_id': '019bb5de-ddb3-73e4-aa40-638aaeb8574d', 'workflow_type': 'ChainExecutorWorkflow'})
2026-01-13 11:12:02,237 - httpx - INFO - HTTP Request: GET http://procure-x.testmcp.org/history/9d7f185e-94a8-4fd4-b14a-0ec80e0a5d5e "HTTP/1.1 200 OK"
2026-01-13 11:12:02,268 - httpx - INFO - HTTP Request: POST http://procure-x.testmcp.org/upload/image "HTTP/1.1 200 OK"
2026-01-13 11:12:02,268 - temporalio.activity - INFO - ✓ Uploaded: ComfyUI_00253_.png (119859 bytes) ({'activity_id': '40', 'activity_type': 'transfer_artifacts_from_storage', 'attempt': 1, 'namespace': 'default', 'task_queue': 'comfyui-gpu-farm', 'workflow_id': 'chain-image-edit-to-video-pipeline-804d89cc-82d7-4262-9dd2-29a3c862dc3c', 'workflow_run_id': '019bb5de-ddb3-73e4-aa40-638aaeb8574d', 'workflow_type': 'ChainExecutorWorkflow'})
2026-01-13 11:12:02,272 - temporalio.activity - INFO - Successfully transferred 1 file(s) ({'activity_id': '40', 'activity_type': 'transfer_artifacts_from_storage', 'attempt': 1, 'namespace': 'default', 'task_queue': 'comfyui-gpu-farm', 'workflow_id': 'chain-image-edit-to-video-pipeline-804d89cc-82d7-4262-9dd2-29a3c862dc3c', 'workflow_run_id': '019bb5de-ddb3-73e4-aa40-638aaeb8574d', 'workflow_type': 'ChainExecutorWorkflow'})
2026-01-13 11:12:02,290 - temporalio.activity - INFO - Creating workflow record: qwen_image_edit (prompt: pending) ({'activity_id': '41', 'activity_type': 'create_workflow_record', 'attempt': 1, 'namespace': 'default', 'task_queue': 'comfyui-gpu-farm', 'workflow_id': 'chain-image-edit-to-video-pipeline-804d89cc-82d7-4262-9dd2-29a3c862dc3c', 'workflow_run_id': '019bb5de-ddb3-73e4-aa40-638aaeb8574d', 'workflow_type': 'ChainExecutorWorkflow'})
2026-01-13 11:12:02,294 - temporalio.activity - INFO - ✓ Created workflow record: 9539a5c2-98c5-4b17-b314-6c38e2a1be85 ({'activity_id': '41', 'activity_type': 'create_workflow_record', 'attempt': 1, 'namespace': 'default', 'task_queue': 'comfyui-gpu-farm', 'workflow_id': 'chain-image-edit-to-video-pipeline-804d89cc-82d7-4262-9dd2-29a3c862dc3c', 'workflow_run_id': '019bb5de-ddb3-73e4-aa40-638aaeb8574d', 'workflow_type': 'ChainExecutorWorkflow'})
2026-01-13 11:12:02,303 - temporalio.workflow - INFO - Step edit_frame2: Created workflow record 9539a5c2-98c5-4b17-b314-6c38e2a1be85 ({'attempt': 1, 'namespace': 'default', 'run_id': '019bb5de-ddb3-73e4-aa40-638aaeb8574d', 'task_queue': 'comfyui-gpu-farm', 'workflow_id': 'chain-image-edit-to-video-pipeline-804d89cc-82d7-4262-9dd2-29a3c862dc3c', 'workflow_type': 'ChainExecutorWorkflow'})
2026-01-13 11:12:02,333 - temporalio.workflow - INFO - Starting ComfyUI workflow execution ({'attempt': 1, 'namespace': 'default', 'run_id': '019bb5e0-1d46-783b-a57a-5a2f84173b1f', 'task_queue': 'comfyui-gpu-farm', 'workflow_id': 'chain-image-edit-to-video-pipeline-804d89cc-82d7-4262-9dd2-29a3c862dc3c-edit_frame2', 'workflow_type': 'ComfyUIWorkflow'})
2026-01-13 11:12:02,333 - temporalio.workflow - INFO - Generated client_id: 2e0625b0-f18a-4ead-9da8-e3484a5a0062 ({'attempt': 1, 'namespace': 'default', 'run_id': '019bb5e0-1d46-783b-a57a-5a2f84173b1f', 'task_queue': 'comfyui-gpu-farm', 'workflow_id': 'chain-image-edit-to-video-pipeline-804d89cc-82d7-4262-9dd2-29a3c862dc3c-edit_frame2', 'workflow_type': 'ComfyUIWorkflow'})
2026-01-13 11:12:02,334 - temporalio.workflow - INFO - Using pre-selected server: http://procure-x.testmcp.org ({'attempt': 1, 'namespace': 'default', 'run_id': '019bb5e0-1d46-783b-a57a-5a2f84173b1f', 'task_queue': 'comfyui-gpu-farm', 'workflow_id': 'chain-image-edit-to-video-pipeline-804d89cc-82d7-4262-9dd2-29a3c862dc3c-edit_frame2', 'workflow_type': 'ComfyUIWorkflow'})
2026-01-13 11:12:02,343 - temporalio.activity - INFO - [V3] Executing workflow on http://procure-x.testmcp.org ({'activity_id': '1', 'activity_type': 'execute_and_track_workflow', 'attempt': 1, 'namespace': 'default', 'task_queue': 'comfyui-gpu-farm', 'workflow_id': 'chain-image-edit-to-video-pipeline-804d89cc-82d7-4262-9dd2-29a3c862dc3c-edit_frame2', 'workflow_run_id': '019bb5e0-1d46-783b-a57a-5a2f84173b1f', 'workflow_type': 'ComfyUIWorkflow'})
2026-01-13 11:12:02,343 - temporalio.activity - INFO - [V3] Workflow name: qwen_image_edit ({'activity_id': '1', 'activity_type': 'execute_and_track_workflow', 'attempt': 1, 'namespace': 'default', 'task_queue': 'comfyui-gpu-farm', 'workflow_id': 'chain-image-edit-to-video-pipeline-804d89cc-82d7-4262-9dd2-29a3c862dc3c-edit_frame2', 'workflow_run_id': '019bb5e0-1d46-783b-a57a-5a2f84173b1f', 'workflow_type': 'ComfyUIWorkflow'})
2026-01-13 11:12:02,388 - temporal_gateway.clients.comfy.client - INFO - ComfyUI client initialized for http://procure-x.testmcp.org
2026-01-13 11:12:02,388 - temporal_gateway.clients.comfy.client - INFO - Submitting workflow to ComfyUI
2026-01-13 11:12:02,527 - httpx - INFO - HTTP Request: POST http://procure-x.testmcp.org/prompt "HTTP/1.1 200 OK"
2026-01-13 11:12:02,527 - temporal_gateway.clients.comfy.client - INFO - Workflow queued with prompt_id: bfb09921-81f8-48d8-ac70-e0273ba8077d
2026-01-13 11:12:02,528 - temporal_gateway.clients.comfy.tracker - INFO - Starting execution tracking for prompt bfb09921-81f8-48d8-ac70-e0273ba8077d
2026-01-13 11:12:02,528 - temporal_gateway.clients.comfy.tracker - INFO - Starting history polling
2026-01-13 11:12:02,528 - temporal_gateway.clients.comfy.tracker - INFO - Starting WebSocket listener
2026-01-13 11:12:02,528 - temporal_gateway.clients.comfy.websocket - INFO - Connecting to WebSocket: ws://procure-x.testmcp.org/ws?clientId=4a103a0b-7966-4482-bb1a-60059a165640
2026-01-13 11:12:02,559 - httpx - INFO - HTTP Request: GET http://procure-x.testmcp.org/history/bfb09921-81f8-48d8-ac70-e0273ba8077d "HTTP/1.1 200 OK"
2026-01-13 11:12:02,587 - temporal_gateway.clients.comfy.websocket - INFO - WebSocket connected successfully
2026-01-13 11:12:03,259 - httpx - INFO - HTTP Request: GET http://procure-x.testmcp.org/history/9d7f185e-94a8-4fd4-b14a-0ec80e0a5d5e "HTTP/1.1 200 OK"
2026-01-13 11:12:03,587 - httpx - INFO - HTTP Request: GET http://procure-x.testmcp.org/history/bfb09921-81f8-48d8-ac70-e0273ba8077d "HTTP/1.1 200 OK"
2026-01-13 11:12:04,280 - httpx - INFO - HTTP Request: GET http://procure-x.testmcp.org/history/9d7f185e-94a8-4fd4-b14a-0ec80e0a5d5e "HTTP/1.1 200 OK"
2026-01-13 11:12:04,623 - httpx - INFO - HTTP Request: GET http://procure-x.testmcp.org/history/bfb09921-81f8-48d8-ac70-e0273ba8077d "HTTP/1.1 200 OK"
2026-01-13 11:12:05,323 - httpx - INFO - HTTP Request: GET http://procure-x.testmcp.org/history/9d7f185e-94a8-4fd4-b14a-0ec80e0a5d5e "HTTP/1.1 200 OK"
2026-01-13 11:12:05,649 - httpx - INFO - HTTP Request: GET http://procure-x.testmcp.org/history/bfb09921-81f8-48d8-ac70-e0273ba8077d "HTTP/1.1 200 OK"
2026-01-13 11:12:06,357 - httpx - INFO - HTTP Request: GET http://procure-x.testmcp.org/history/9d7f185e-94a8-4fd4-b14a-0ec80e0a5d5e "HTTP/1.1 200 OK"
2026-01-13 11:12:06,678 - httpx - INFO - HTTP Request: GET http://procure-x.testmcp.org/history/bfb09921-81f8-48d8-ac70-e0273ba8077d "HTTP/1.1 200 OK"
2026-01-13 11:12:07,379 - httpx - INFO - HTTP Request: GET http://procure-x.testmcp.org/history/9d7f185e-94a8-4fd4-b14a-0ec80e0a5d5e "HTTP/1.1 200 OK"
2026-01-13 11:12:07,708 - httpx - INFO - HTTP Request: GET http://procure-x.testmcp.org/history/bfb09921-81f8-48d8-ac70-e0273ba8077d "HTTP/1.1 200 OK"
2026-01-13 11:12:08,417 - httpx - INFO - HTTP Request: GET http://procure-x.testmcp.org/history/9d7f185e-94a8-4fd4-b14a-0ec80e0a5d5e "HTTP/1.1 200 OK"
2026-01-13 11:12:08,731 - httpx - INFO - HTTP Request: GET http://procure-x.testmcp.org/history/bfb09921-81f8-48d8-ac70-e0273ba8077d "HTTP/1.1 200 OK"
2026-01-13 11:12:09,455 - httpx - INFO - HTTP Request: GET http://procure-x.testmcp.org/history/9d7f185e-94a8-4fd4-b14a-0ec80e0a5d5e "HTTP/1.1 200 OK"
2026-01-13 11:12:09,763 - httpx - INFO - HTTP Request: GET http://procure-x.testmcp.org/history/bfb09921-81f8-48d8-ac70-e0273ba8077d "HTTP/1.1 200 OK"
2026-01-13 11:12:10,486 - httpx - INFO - HTTP Request: GET http://procure-x.testmcp.org/history/9d7f185e-94a8-4fd4-b14a-0ec80e0a5d5e "HTTP/1.1 200 OK"
2026-01-13 11:12:10,793 - httpx - INFO - HTTP Request: GET http://procure-x.testmcp.org/history/bfb09921-81f8-48d8-ac70-e0273ba8077d "HTTP/1.1 200 OK"
2026-01-13 11:12:11,520 - httpx - INFO - HTTP Request: GET http://procure-x.testmcp.org/history/9d7f185e-94a8-4fd4-b14a-0ec80e0a5d5e "HTTP/1.1 200 OK"
2026-01-13 11:12:11,829 - httpx - INFO - HTTP Request: GET http://procure-x.testmcp.org/history/bfb09921-81f8-48d8-ac70-e0273ba8077d "HTTP/1.1 200 OK"
2026-01-13 11:12:12,548 - httpx - INFO - HTTP Request: GET http://procure-x.testmcp.org/history/9d7f185e-94a8-4fd4-b14a-0ec80e0a5d5e "HTTP/1.1 200 OK"
2026-01-13 11:12:12,856 - httpx - INFO - HTTP Request: GET http://procure-x.testmcp.org/history/bfb09921-81f8-48d8-ac70-e0273ba8077d "HTTP/1.1 200 OK"
2026-01-13 11:12:13,574 - httpx - INFO - HTTP Request: GET http://procure-x.testmcp.org/history/9d7f185e-94a8-4fd4-b14a-0ec80e0a5d5e "HTTP/1.1 200 OK"
2026-01-13 11:12:13,883 - httpx - INFO - HTTP Request: GET http://procure-x.testmcp.org/history/bfb09921-81f8-48d8-ac70-e0273ba8077d "HTTP/1.1 200 OK"
2026-01-13 11:12:14,603 - httpx - INFO - HTTP Request: GET http://procure-x.testmcp.org/history/9d7f185e-94a8-4fd4-b14a-0ec80e0a5d5e "HTTP/1.1 200 OK"
2026-01-13 11:12:14,912 - httpx - INFO - HTTP Request: GET http://procure-x.testmcp.org/history/bfb09921-81f8-48d8-ac70-e0273ba8077d "HTTP/1.1 200 OK"
2026-01-13 11:12:15,631 - httpx - INFO - HTTP Request: GET http://procure-x.testmcp.org/history/9d7f185e-94a8-4fd4-b14a-0ec80e0a5d5e "HTTP/1.1 200 OK"
2026-01-13 11:12:15,945 - httpx - INFO - HTTP Request: GET http://procure-x.testmcp.org/history/bfb09921-81f8-48d8-ac70-e0273ba8077d "HTTP/1.1 200 OK"
2026-01-13 11:12:16,308 - temporal_gateway.clients.comfy.tracker - INFO - [WS] Execution completed successfully
2026-01-13 11:12:16,665 - httpx - INFO - HTTP Request: GET http://procure-x.testmcp.org/history/9d7f185e-94a8-4fd4-b14a-0ec80e0a5d5e "HTTP/1.1 200 OK"
2026-01-13 11:12:16,666 - temporal_gateway.clients.comfy.tracker - INFO - Tracking completed: success (took 90.29s)
2026-01-13 11:12:16,667 - temporalio.activity - INFO - [V3] Workflow completed successfully ({'activity_id': '1', 'activity_type': 'execute_and_track_workflow', 'attempt': 1, 'namespace': 'default', 'task_queue': 'comfyui-gpu-farm', 'workflow_id': 'chain-image-edit-to-video-pipeline-804d89cc-82d7-4262-9dd2-29a3c862dc3c-edit_frame1', 'workflow_run_id': '019bb5de-f3b2-7e15-bc36-0df9d75ba22c', 'workflow_type': 'ComfyUIWorkflow'})
2026-01-13 11:12:16,679 - temporalio.workflow - INFO - Execution completed successfully ({'attempt': 1, 'namespace': 'default', 'run_id': '019bb5de-f3b2-7e15-bc36-0df9d75ba22c', 'task_queue': 'comfyui-gpu-farm', 'workflow_id': 'chain-image-edit-to-video-pipeline-804d89cc-82d7-4262-9dd2-29a3c862dc3c-edit_frame1', 'workflow_type': 'ComfyUIWorkflow'})
2026-01-13 11:12:16,688 - temporalio.activity - INFO - Extracting server output files ({'activity_id': '2', 'activity_type': 'get_server_output_files', 'attempt': 1, 'namespace': 'default', 'task_queue': 'comfyui-gpu-farm', 'workflow_id': 'chain-image-edit-to-video-pipeline-804d89cc-82d7-4262-9dd2-29a3c862dc3c-edit_frame1', 'workflow_run_id': '019bb5de-f3b2-7e15-bc36-0df9d75ba22c', 'workflow_type': 'ComfyUIWorkflow'})
2026-01-13 11:12:16,688 - temporalio.activity - INFO - Found 1 output file(s) ({'activity_id': '2', 'activity_type': 'get_server_output_files', 'attempt': 1, 'namespace': 'default', 'task_queue': 'comfyui-gpu-farm', 'workflow_id': 'chain-image-edit-to-video-pipeline-804d89cc-82d7-4262-9dd2-29a3c862dc3c-edit_frame1', 'workflow_run_id': '019bb5de-f3b2-7e15-bc36-0df9d75ba22c', 'workflow_type': 'ComfyUIWorkflow'})
2026-01-13 11:12:16,698 - temporalio.workflow - INFO - Found 1 server output file(s) ({'attempt': 1, 'namespace': 'default', 'run_id': '019bb5de-f3b2-7e15-bc36-0df9d75ba22c', 'task_queue': 'comfyui-gpu-farm', 'workflow_id': 'chain-image-edit-to-video-pipeline-804d89cc-82d7-4262-9dd2-29a3c862dc3c-edit_frame1', 'workflow_type': 'ComfyUIWorkflow'})
2026-01-13 11:12:16,707 - temporalio.activity - INFO - Downloading and persisting 1 artifact(s) for workflow 0ac02995-7130-4f76-b224-7c378e429414 ({'activity_id': '3', 'activity_type': 'download_and_store_artifacts', 'attempt': 1, 'namespace': 'default', 'task_queue': 'comfyui-gpu-farm', 'workflow_id': 'chain-image-edit-to-video-pipeline-804d89cc-82d7-4262-9dd2-29a3c862dc3c-edit_frame1', 'workflow_run_id': '019bb5de-f3b2-7e15-bc36-0df9d75ba22c', 'workflow_type': 'ComfyUIWorkflow'})
2026-01-13 11:12:16,758 - temporal_gateway.clients.comfy.client - INFO - ComfyUI client initialized for http://procure-x.testmcp.org
2026-01-13 11:12:16,812 - httpx - INFO - HTTP Request: GET http://procure-x.testmcp.org/view?filename=ComfyUI_00255_.png&type=output "HTTP/1.1 200 OK"
2026-01-13 11:12:16,955 - temporalio.activity - INFO - ✓ Saved artifact to DB: 4e73e297-846a-48b6-82d9-936b5623e16c (ComfyUI_00255_.png) ({'activity_id': '3', 'activity_type': 'download_and_store_artifacts', 'attempt': 1, 'namespace': 'default', 'task_queue': 'comfyui-gpu-farm', 'workflow_id': 'chain-image-edit-to-video-pipeline-804d89cc-82d7-4262-9dd2-29a3c862dc3c-edit_frame1', 'workflow_run_id': '019bb5de-f3b2-7e15-bc36-0df9d75ba22c', 'workflow_type': 'ComfyUIWorkflow'})
2026-01-13 11:12:16,955 - temporalio.activity - INFO - Downloaded and persisted 1 artifact(s) ({'activity_id': '3', 'activity_type': 'download_and_store_artifacts', 'attempt': 1, 'namespace': 'default', 'task_queue': 'comfyui-gpu-farm', 'workflow_id': 'chain-image-edit-to-video-pipeline-804d89cc-82d7-4262-9dd2-29a3c862dc3c-edit_frame1', 'workflow_run_id': '019bb5de-f3b2-7e15-bc36-0df9d75ba22c', 'workflow_type': 'ComfyUIWorkflow'})
2026-01-13 11:12:16,961 - httpx - INFO - HTTP Request: GET http://procure-x.testmcp.org/history/bfb09921-81f8-48d8-ac70-e0273ba8077d "HTTP/1.1 200 OK"
2026-01-13 11:12:16,966 - temporalio.workflow - INFO - Downloaded 1 file(s) locally ({'attempt': 1, 'namespace': 'default', 'run_id': '019bb5de-f3b2-7e15-bc36-0df9d75ba22c', 'task_queue': 'comfyui-gpu-farm', 'workflow_id': 'chain-image-edit-to-video-pipeline-804d89cc-82d7-4262-9dd2-29a3c862dc3c-edit_frame1', 'workflow_type': 'ComfyUIWorkflow'})
2026-01-13 11:12:16,990 - temporalio.activity - INFO - Updating workflow 0ac02995-7130-4f76-b224-7c378e429414 status to: completed ({'activity_id': '42', 'activity_type': 'update_workflow_status_activity', 'attempt': 1, 'namespace': 'default', 'task_queue': 'comfyui-gpu-farm', 'workflow_id': 'chain-image-edit-to-video-pipeline-804d89cc-82d7-4262-9dd2-29a3c862dc3c', 'workflow_run_id': '019bb5de-ddb3-73e4-aa40-638aaeb8574d', 'workflow_type': 'ChainExecutorWorkflow'})
2026-01-13 11:12:16,994 - temporalio.activity - INFO - ✓ Updated workflow status ({'activity_id': '42', 'activity_type': 'update_workflow_status_activity', 'attempt': 1, 'namespace': 'default', 'task_queue': 'comfyui-gpu-farm', 'workflow_id': 'chain-image-edit-to-video-pipeline-804d89cc-82d7-4262-9dd2-29a3c862dc3c', 'workflow_run_id': '019bb5de-ddb3-73e4-aa40-638aaeb8574d', 'workflow_type': 'ChainExecutorWorkflow'})
2026-01-13 11:12:17,004 - temporalio.workflow - INFO - Step edit_frame1: Approval required, fetching artifacts... ({'attempt': 1, 'namespace': 'default', 'run_id': '019bb5de-ddb3-73e4-aa40-638aaeb8574d', 'task_queue': 'comfyui-gpu-farm', 'workflow_id': 'chain-image-edit-to-video-pipeline-804d89cc-82d7-4262-9dd2-29a3c862dc3c', 'workflow_type': 'ChainExecutorWorkflow'})
2026-01-13 11:12:17,013 - temporalio.activity - INFO - Getting artifacts for workflow: 0ac02995-7130-4f76-b224-7c378e429414 ({'activity_id': '43', 'activity_type': 'get_workflow_artifacts', 'attempt': 1, 'namespace': 'default', 'task_queue': 'comfyui-gpu-farm', 'workflow_id': 'chain-image-edit-to-video-pipeline-804d89cc-82d7-4262-9dd2-29a3c862dc3c', 'workflow_run_id': '019bb5de-ddb3-73e4-aa40-638aaeb8574d', 'workflow_type': 'ChainExecutorWorkflow'})
2026-01-13 11:12:17,033 - temporalio.activity - INFO - Creating approval request for artifact: 4e73e297-846a-48b6-82d9-936b5623e16c ({'activity_id': '44', 'activity_type': 'create_approval_request_activity', 'attempt': 1, 'namespace': 'default', 'task_queue': 'comfyui-gpu-farm', 'workflow_id': 'chain-image-edit-to-video-pipeline-804d89cc-82d7-4262-9dd2-29a3c862dc3c', 'workflow_run_id': '019bb5de-ddb3-73e4-aa40-638aaeb8574d', 'workflow_type': 'ChainExecutorWorkflow'})
2026-01-13 11:12:17,037 - temporalio.activity - INFO - ✓ Created approval request: 4554b509-ef59-4001-9e2c-0d956cd79d2f, token: iAObf_MPHLM9IdQj... ({'activity_id': '44', 'activity_type': 'create_approval_request_activity', 'attempt': 1, 'namespace': 'default', 'task_queue': 'comfyui-gpu-farm', 'workflow_id': 'chain-image-edit-to-video-pipeline-804d89cc-82d7-4262-9dd2-29a3c862dc3c', 'workflow_run_id': '019bb5de-ddb3-73e4-aa40-638aaeb8574d', 'workflow_type': 'ChainExecutorWorkflow'})
2026-01-13 11:12:17,038 - temporal_gateway.services.broadcast - INFO - Published approval_requested to chain:9825eb5b-07c1-44d9-9f8d-349db41f70b7
2026-01-13 11:12:17,038 - temporalio.activity - INFO - Published approval_requested event for chain 9825eb5b-07c1-44d9-9f8d-349db41f70b7 ({'activity_id': '44', 'activity_type': 'create_approval_request_activity', 'attempt': 1, 'namespace': 'default', 'task_queue': 'comfyui-gpu-farm', 'workflow_id': 'chain-image-edit-to-video-pipeline-804d89cc-82d7-4262-9dd2-29a3c862dc3c', 'workflow_run_id': '019bb5de-ddb3-73e4-aa40-638aaeb8574d', 'workflow_type': 'ChainExecutorWorkflow'})
2026-01-13 11:12:17,049 - temporalio.workflow - INFO - Step edit_frame1: Approval request created, token: iAObf_MPHLM9IdQj... ({'attempt': 1, 'namespace': 'default', 'run_id': '019bb5de-ddb3-73e4-aa40-638aaeb8574d', 'task_queue': 'comfyui-gpu-farm', 'workflow_id': 'chain-image-edit-to-video-pipeline-804d89cc-82d7-4262-9dd2-29a3c862dc3c', 'workflow_type': 'ChainExecutorWorkflow'})
2026-01-13 11:12:17,983 - httpx - INFO - HTTP Request: GET http://procure-x.testmcp.org/history/bfb09921-81f8-48d8-ac70-e0273ba8077d "HTTP/1.1 200 OK"
2026-01-13 11:12:19,011 - httpx - INFO - HTTP Request: GET http://procure-x.testmcp.org/history/bfb09921-81f8-48d8-ac70-e0273ba8077d "HTTP/1.1 200 OK"
2026-01-13 11:12:20,036 - httpx - INFO - HTTP Request: GET http://procure-x.testmcp.org/history/bfb09921-81f8-48d8-ac70-e0273ba8077d "HTTP/1.1 200 OK"
2026-01-13 11:12:21,062 - httpx - INFO - HTTP Request: GET http://procure-x.testmcp.org/history/bfb09921-81f8-48d8-ac70-e0273ba8077d "HTTP/1.1 200 OK"
2026-01-13 11:12:22,107 - httpx - INFO - HTTP Request: GET http://procure-x.testmcp.org/history/bfb09921-81f8-48d8-ac70-e0273ba8077d "HTTP/1.1 200 OK"
2026-01-13 11:12:23,183 - httpx - INFO - HTTP Request: GET http://procure-x.testmcp.org/history/bfb09921-81f8-48d8-ac70-e0273ba8077d "HTTP/1.1 200 OK"
2026-01-13 11:12:24,454 - httpx - INFO - HTTP Request: GET http://procure-x.testmcp.org/history/bfb09921-81f8-48d8-ac70-e0273ba8077d "HTTP/1.1 200 OK"
2026-01-13 11:12:25,480 - httpx - INFO - HTTP Request: GET http://procure-x.testmcp.org/history/bfb09921-81f8-48d8-ac70-e0273ba8077d "HTTP/1.1 200 OK"
2026-01-13 11:12:26,518 - httpx - INFO - HTTP Request: GET http://procure-x.testmcp.org/history/bfb09921-81f8-48d8-ac70-e0273ba8077d "HTTP/1.1 200 OK"
2026-01-13 11:12:27,568 - httpx - INFO - HTTP Request: GET http://procure-x.testmcp.org/history/bfb09921-81f8-48d8-ac70-e0273ba8077d "HTTP/1.1 200 OK"
2026-01-13 11:12:28,137 - temporalio.workflow - INFO - Received approval decision for step edit_frame1: approved by cli-user ({'attempt': 1, 'namespace': 'default', 'run_id': '019bb5de-ddb3-73e4-aa40-638aaeb8574d', 'task_queue': 'comfyui-gpu-farm', 'workflow_id': 'chain-image-edit-to-video-pipeline-804d89cc-82d7-4262-9dd2-29a3c862dc3c', 'workflow_type': 'ChainExecutorWorkflow'})
2026-01-13 11:12:28,138 - temporalio.workflow - INFO - Step edit_frame1: Approved by cli-user ({'attempt': 1, 'namespace': 'default', 'run_id': '019bb5de-ddb3-73e4-aa40-638aaeb8574d', 'task_queue': 'comfyui-gpu-farm', 'workflow_id': 'chain-image-edit-to-video-pipeline-804d89cc-82d7-4262-9dd2-29a3c862dc3c', 'workflow_type': 'ChainExecutorWorkflow'})
2026-01-13 11:12:28,138 - temporalio.workflow - INFO - Step edit_frame1: Approved, continuing... ({'attempt': 1, 'namespace': 'default', 'run_id': '019bb5de-ddb3-73e4-aa40-638aaeb8574d', 'task_queue': 'comfyui-gpu-farm', 'workflow_id': 'chain-image-edit-to-video-pipeline-804d89cc-82d7-4262-9dd2-29a3c862dc3c', 'workflow_type': 'ChainExecutorWorkflow'})
2026-01-13 11:12:28,148 - temporalio.activity - INFO - Getting artifacts for workflow: 0ac02995-7130-4f76-b224-7c378e429414 ({'activity_id': '45', 'activity_type': 'get_workflow_artifacts', 'attempt': 1, 'namespace': 'default', 'task_queue': 'comfyui-gpu-farm', 'workflow_id': 'chain-image-edit-to-video-pipeline-804d89cc-82d7-4262-9dd2-29a3c862dc3c', 'workflow_run_id': '019bb5de-ddb3-73e4-aa40-638aaeb8574d', 'workflow_type': 'ChainExecutorWorkflow'})
2026-01-13 11:12:28,178 - temporal_gateway.services.broadcast - INFO - Published step_completed to chain:9825eb5b-07c1-44d9-9f8d-349db41f70b7
2026-01-13 11:12:28,178 - temporalio.activity - INFO - Published step_completed event for edit_frame1 in chain 9825eb5b-07c1-44d9-9f8d-349db41f70b7 ({'activity_id': '46', 'activity_type': 'publish_step_completed_activity', 'attempt': 1, 'namespace': 'default', 'task_queue': 'comfyui-gpu-farm', 'workflow_id': 'chain-image-edit-to-video-pipeline-804d89cc-82d7-4262-9dd2-29a3c862dc3c', 'workflow_run_id': '019bb5de-ddb3-73e4-aa40-638aaeb8574d', 'workflow_type': 'ChainExecutorWorkflow'})
2026-01-13 11:12:28,660 - httpx - INFO - HTTP Request: GET http://procure-x.testmcp.org/history/bfb09921-81f8-48d8-ac70-e0273ba8077d "HTTP/1.1 200 OK"
2026-01-13 11:12:29,688 - httpx - INFO - HTTP Request: GET http://procure-x.testmcp.org/history/bfb09921-81f8-48d8-ac70-e0273ba8077d "HTTP/1.1 200 OK"
2026-01-13 11:12:30,720 - httpx - INFO - HTTP Request: GET http://procure-x.testmcp.org/history/bfb09921-81f8-48d8-ac70-e0273ba8077d "HTTP/1.1 200 OK"
2026-01-13 11:12:31,741 - httpx - INFO - HTTP Request: GET http://procure-x.testmcp.org/history/bfb09921-81f8-48d8-ac70-e0273ba8077d "HTTP/1.1 200 OK"
2026-01-13 11:12:32,762 - httpx - INFO - HTTP Request: GET http://procure-x.testmcp.org/history/bfb09921-81f8-48d8-ac70-e0273ba8077d "HTTP/1.1 200 OK"
2026-01-13 11:12:33,783 - httpx - INFO - HTTP Request: GET http://procure-x.testmcp.org/history/bfb09921-81f8-48d8-ac70-e0273ba8077d "HTTP/1.1 200 OK"
2026-01-13 11:12:34,815 - httpx - INFO - HTTP Request: GET http://procure-x.testmcp.org/history/bfb09921-81f8-48d8-ac70-e0273ba8077d "HTTP/1.1 200 OK"
2026-01-13 11:12:35,847 - httpx - INFO - HTTP Request: GET http://procure-x.testmcp.org/history/bfb09921-81f8-48d8-ac70-e0273ba8077d "HTTP/1.1 200 OK"
2026-01-13 11:12:36,887 - httpx - INFO - HTTP Request: GET http://procure-x.testmcp.org/history/bfb09921-81f8-48d8-ac70-e0273ba8077d "HTTP/1.1 200 OK"
2026-01-13 11:12:37,931 - httpx - INFO - HTTP Request: GET http://procure-x.testmcp.org/history/bfb09921-81f8-48d8-ac70-e0273ba8077d "HTTP/1.1 200 OK"
2026-01-13 11:12:38,958 - httpx - INFO - HTTP Request: GET http://procure-x.testmcp.org/history/bfb09921-81f8-48d8-ac70-e0273ba8077d "HTTP/1.1 200 OK"
2026-01-13 11:12:39,989 - httpx - INFO - HTTP Request: GET http://procure-x.testmcp.org/history/bfb09921-81f8-48d8-ac70-e0273ba8077d "HTTP/1.1 200 OK"
2026-01-13 11:12:41,012 - httpx - INFO - HTTP Request: GET http://procure-x.testmcp.org/history/bfb09921-81f8-48d8-ac70-e0273ba8077d "HTTP/1.1 200 OK"
2026-01-13 11:12:42,048 - httpx - INFO - HTTP Request: GET http://procure-x.testmcp.org/history/bfb09921-81f8-48d8-ac70-e0273ba8077d "HTTP/1.1 200 OK"
2026-01-13 11:12:43,078 - httpx - INFO - HTTP Request: GET http://procure-x.testmcp.org/history/bfb09921-81f8-48d8-ac70-e0273ba8077d "HTTP/1.1 200 OK"
2026-01-13 11:12:44,115 - httpx - INFO - HTTP Request: GET http://procure-x.testmcp.org/history/bfb09921-81f8-48d8-ac70-e0273ba8077d "HTTP/1.1 200 OK"
2026-01-13 11:12:44,573 - temporal_gateway.clients.comfy.tracker - INFO - [WS] Execution completed successfully
2026-01-13 11:12:45,047 - httpx - INFO - HTTP Request: GET http://procure-x.testmcp.org/history/bfb09921-81f8-48d8-ac70-e0273ba8077d "HTTP/1.1 200 OK"
2026-01-13 11:12:45,049 - temporal_gateway.clients.comfy.tracker - INFO - Tracking completed: success (took 42.52s)
2026-01-13 11:12:45,050 - temporalio.activity - INFO - [V3] Workflow completed successfully ({'activity_id': '1', 'activity_type': 'execute_and_track_workflow', 'attempt': 1, 'namespace': 'default', 'task_queue': 'comfyui-gpu-farm', 'workflow_id': 'chain-image-edit-to-video-pipeline-804d89cc-82d7-4262-9dd2-29a3c862dc3c-edit_frame2', 'workflow_run_id': '019bb5e0-1d46-783b-a57a-5a2f84173b1f', 'workflow_type': 'ComfyUIWorkflow'})
2026-01-13 11:12:45,061 - temporalio.workflow - INFO - Execution completed successfully ({'attempt': 1, 'namespace': 'default', 'run_id': '019bb5e0-1d46-783b-a57a-5a2f84173b1f', 'task_queue': 'comfyui-gpu-farm', 'workflow_id': 'chain-image-edit-to-video-pipeline-804d89cc-82d7-4262-9dd2-29a3c862dc3c-edit_frame2', 'workflow_type': 'ComfyUIWorkflow'})
2026-01-13 11:12:45,069 - temporalio.activity - INFO - Extracting server output files ({'activity_id': '2', 'activity_type': 'get_server_output_files', 'attempt': 1, 'namespace': 'default', 'task_queue': 'comfyui-gpu-farm', 'workflow_id': 'chain-image-edit-to-video-pipeline-804d89cc-82d7-4262-9dd2-29a3c862dc3c-edit_frame2', 'workflow_run_id': '019bb5e0-1d46-783b-a57a-5a2f84173b1f', 'workflow_type': 'ComfyUIWorkflow'})
2026-01-13 11:12:45,070 - temporalio.activity - INFO - Found 1 output file(s) ({'activity_id': '2', 'activity_type': 'get_server_output_files', 'attempt': 1, 'namespace': 'default', 'task_queue': 'comfyui-gpu-farm', 'workflow_id': 'chain-image-edit-to-video-pipeline-804d89cc-82d7-4262-9dd2-29a3c862dc3c-edit_frame2', 'workflow_run_id': '019bb5e0-1d46-783b-a57a-5a2f84173b1f', 'workflow_type': 'ComfyUIWorkflow'})
2026-01-13 11:12:45,079 - temporalio.workflow - INFO - Found 1 server output file(s) ({'attempt': 1, 'namespace': 'default', 'run_id': '019bb5e0-1d46-783b-a57a-5a2f84173b1f', 'task_queue': 'comfyui-gpu-farm', 'workflow_id': 'chain-image-edit-to-video-pipeline-804d89cc-82d7-4262-9dd2-29a3c862dc3c-edit_frame2', 'workflow_type': 'ComfyUIWorkflow'})
2026-01-13 11:12:45,087 - temporalio.activity - INFO - Downloading and persisting 1 artifact(s) for workflow 9539a5c2-98c5-4b17-b314-6c38e2a1be85 ({'activity_id': '3', 'activity_type': 'download_and_store_artifacts', 'attempt': 1, 'namespace': 'default', 'task_queue': 'comfyui-gpu-farm', 'workflow_id': 'chain-image-edit-to-video-pipeline-804d89cc-82d7-4262-9dd2-29a3c862dc3c-edit_frame2', 'workflow_run_id': '019bb5e0-1d46-783b-a57a-5a2f84173b1f', 'workflow_type': 'ComfyUIWorkflow'})
2026-01-13 11:12:45,134 - temporal_gateway.clients.comfy.client - INFO - ComfyUI client initialized for http://procure-x.testmcp.org
2026-01-13 11:12:45,177 - httpx - INFO - HTTP Request: GET http://procure-x.testmcp.org/view?filename=ComfyUI_00256_.png&type=output "HTTP/1.1 200 OK"
2026-01-13 11:12:45,322 - temporalio.activity - INFO - ✓ Saved artifact to DB: 1944f3ac-5430-46b7-82a8-22377647e209 (ComfyUI_00256_.png) ({'activity_id': '3', 'activity_type': 'download_and_store_artifacts', 'attempt': 1, 'namespace': 'default', 'task_queue': 'comfyui-gpu-farm', 'workflow_id': 'chain-image-edit-to-video-pipeline-804d89cc-82d7-4262-9dd2-29a3c862dc3c-edit_frame2', 'workflow_run_id': '019bb5e0-1d46-783b-a57a-5a2f84173b1f', 'workflow_type': 'ComfyUIWorkflow'})
2026-01-13 11:12:45,323 - temporalio.activity - INFO - Downloaded and persisted 1 artifact(s) ({'activity_id': '3', 'activity_type': 'download_and_store_artifacts', 'attempt': 1, 'namespace': 'default', 'task_queue': 'comfyui-gpu-farm', 'workflow_id': 'chain-image-edit-to-video-pipeline-804d89cc-82d7-4262-9dd2-29a3c862dc3c-edit_frame2', 'workflow_run_id': '019bb5e0-1d46-783b-a57a-5a2f84173b1f', 'workflow_type': 'ComfyUIWorkflow'})
2026-01-13 11:12:45,332 - temporalio.workflow - INFO - Downloaded 1 file(s) locally ({'attempt': 1, 'namespace': 'default', 'run_id': '019bb5e0-1d46-783b-a57a-5a2f84173b1f', 'task_queue': 'comfyui-gpu-farm', 'workflow_id': 'chain-image-edit-to-video-pipeline-804d89cc-82d7-4262-9dd2-29a3c862dc3c-edit_frame2', 'workflow_type': 'ComfyUIWorkflow'})
2026-01-13 11:12:45,354 - temporalio.activity - INFO - Updating workflow 9539a5c2-98c5-4b17-b314-6c38e2a1be85 status to: completed ({'activity_id': '47', 'activity_type': 'update_workflow_status_activity', 'attempt': 1, 'namespace': 'default', 'task_queue': 'comfyui-gpu-farm', 'workflow_id': 'chain-image-edit-to-video-pipeline-804d89cc-82d7-4262-9dd2-29a3c862dc3c', 'workflow_run_id': '019bb5de-ddb3-73e4-aa40-638aaeb8574d', 'workflow_type': 'ChainExecutorWorkflow'})
2026-01-13 11:12:45,358 - temporalio.activity - INFO - ✓ Updated workflow status ({'activity_id': '47', 'activity_type': 'update_workflow_status_activity', 'attempt': 1, 'namespace': 'default', 'task_queue': 'comfyui-gpu-farm', 'workflow_id': 'chain-image-edit-to-video-pipeline-804d89cc-82d7-4262-9dd2-29a3c862dc3c', 'workflow_run_id': '019bb5de-ddb3-73e4-aa40-638aaeb8574d', 'workflow_type': 'ChainExecutorWorkflow'})
2026-01-13 11:12:45,367 - temporalio.workflow - INFO - Step edit_frame2: Approval required, fetching artifacts... ({'attempt': 1, 'namespace': 'default', 'run_id': '019bb5de-ddb3-73e4-aa40-638aaeb8574d', 'task_queue': 'comfyui-gpu-farm', 'workflow_id': 'chain-image-edit-to-video-pipeline-804d89cc-82d7-4262-9dd2-29a3c862dc3c', 'workflow_type': 'ChainExecutorWorkflow'})
2026-01-13 11:12:45,375 - temporalio.activity - INFO - Getting artifacts for workflow: 9539a5c2-98c5-4b17-b314-6c38e2a1be85 ({'activity_id': '48', 'activity_type': 'get_workflow_artifacts', 'attempt': 1, 'namespace': 'default', 'task_queue': 'comfyui-gpu-farm', 'workflow_id': 'chain-image-edit-to-video-pipeline-804d89cc-82d7-4262-9dd2-29a3c862dc3c', 'workflow_run_id': '019bb5de-ddb3-73e4-aa40-638aaeb8574d', 'workflow_type': 'ChainExecutorWorkflow'})
2026-01-13 11:12:45,393 - temporalio.activity - INFO - Creating approval request for artifact: 1944f3ac-5430-46b7-82a8-22377647e209 ({'activity_id': '49', 'activity_type': 'create_approval_request_activity', 'attempt': 1, 'namespace': 'default', 'task_queue': 'comfyui-gpu-farm', 'workflow_id': 'chain-image-edit-to-video-pipeline-804d89cc-82d7-4262-9dd2-29a3c862dc3c', 'workflow_run_id': '019bb5de-ddb3-73e4-aa40-638aaeb8574d', 'workflow_type': 'ChainExecutorWorkflow'})
2026-01-13 11:12:45,397 - temporalio.activity - INFO - ✓ Created approval request: 2279e120-a3cb-4635-b75d-5800358a3042, token: OZW3Jfbm_MM_wVdz... ({'activity_id': '49', 'activity_type': 'create_approval_request_activity', 'attempt': 1, 'namespace': 'default', 'task_queue': 'comfyui-gpu-farm', 'workflow_id': 'chain-image-edit-to-video-pipeline-804d89cc-82d7-4262-9dd2-29a3c862dc3c', 'workflow_run_id': '019bb5de-ddb3-73e4-aa40-638aaeb8574d', 'workflow_type': 'ChainExecutorWorkflow'})
2026-01-13 11:12:45,398 - temporal_gateway.services.broadcast - INFO - Published approval_requested to chain:9825eb5b-07c1-44d9-9f8d-349db41f70b7
2026-01-13 11:12:45,398 - temporalio.activity - INFO - Published approval_requested event for chain 9825eb5b-07c1-44d9-9f8d-349db41f70b7 ({'activity_id': '49', 'activity_type': 'create_approval_request_activity', 'attempt': 1, 'namespace': 'default', 'task_queue': 'comfyui-gpu-farm', 'workflow_id': 'chain-image-edit-to-video-pipeline-804d89cc-82d7-4262-9dd2-29a3c862dc3c', 'workflow_run_id': '019bb5de-ddb3-73e4-aa40-638aaeb8574d', 'workflow_type': 'ChainExecutorWorkflow'})
2026-01-13 11:12:45,408 - temporalio.workflow - INFO - Step edit_frame2: Approval request created, token: OZW3Jfbm_MM_wVdz... ({'attempt': 1, 'namespace': 'default', 'run_id': '019bb5de-ddb3-73e4-aa40-638aaeb8574d', 'task_queue': 'comfyui-gpu-farm', 'workflow_id': 'chain-image-edit-to-video-pipeline-804d89cc-82d7-4262-9dd2-29a3c862dc3c', 'workflow_type': 'ChainExecutorWorkflow'})
2026-01-13 11:12:48,465 - temporalio.workflow - INFO - Received approval decision for step edit_frame2: approved by cli-user ({'attempt': 1, 'namespace': 'default', 'run_id': '019bb5de-ddb3-73e4-aa40-638aaeb8574d', 'task_queue': 'comfyui-gpu-farm', 'workflow_id': 'chain-image-edit-to-video-pipeline-804d89cc-82d7-4262-9dd2-29a3c862dc3c', 'workflow_type': 'ChainExecutorWorkflow'})
2026-01-13 11:12:48,465 - temporalio.workflow - INFO - Step edit_frame2: Approved by cli-user ({'attempt': 1, 'namespace': 'default', 'run_id': '019bb5de-ddb3-73e4-aa40-638aaeb8574d', 'task_queue': 'comfyui-gpu-farm', 'workflow_id': 'chain-image-edit-to-video-pipeline-804d89cc-82d7-4262-9dd2-29a3c862dc3c', 'workflow_type': 'ChainExecutorWorkflow'})
2026-01-13 11:12:48,466 - temporalio.workflow - INFO - Step edit_frame2: Approved, continuing... ({'attempt': 1, 'namespace': 'default', 'run_id': '019bb5de-ddb3-73e4-aa40-638aaeb8574d', 'task_queue': 'comfyui-gpu-farm', 'workflow_id': 'chain-image-edit-to-video-pipeline-804d89cc-82d7-4262-9dd2-29a3c862dc3c', 'workflow_type': 'ChainExecutorWorkflow'})
2026-01-13 11:12:48,476 - temporalio.activity - INFO - Getting artifacts for workflow: 9539a5c2-98c5-4b17-b314-6c38e2a1be85 ({'activity_id': '50', 'activity_type': 'get_workflow_artifacts', 'attempt': 1, 'namespace': 'default', 'task_queue': 'comfyui-gpu-farm', 'workflow_id': 'chain-image-edit-to-video-pipeline-804d89cc-82d7-4262-9dd2-29a3c862dc3c', 'workflow_run_id': '019bb5de-ddb3-73e4-aa40-638aaeb8574d', 'workflow_type': 'ChainExecutorWorkflow'})
2026-01-13 11:12:48,497 - temporal_gateway.services.broadcast - INFO - Published step_completed to chain:9825eb5b-07c1-44d9-9f8d-349db41f70b7
2026-01-13 11:12:48,497 - temporalio.activity - INFO - Published step_completed event for edit_frame2 in chain 9825eb5b-07c1-44d9-9f8d-349db41f70b7 ({'activity_id': '51', 'activity_type': 'publish_step_completed_activity', 'attempt': 1, 'namespace': 'default', 'task_queue': 'comfyui-gpu-farm', 'workflow_id': 'chain-image-edit-to-video-pipeline-804d89cc-82d7-4262-9dd2-29a3c862dc3c', 'workflow_run_id': '019bb5de-ddb3-73e4-aa40-638aaeb8574d', 'workflow_type': 'ChainExecutorWorkflow'})
2026-01-13 11:12:48,508 - temporalio.workflow - INFO - Step edit_frame1: completed ({'attempt': 1, 'namespace': 'default', 'run_id': '019bb5de-ddb3-73e4-aa40-638aaeb8574d', 'task_queue': 'comfyui-gpu-farm', 'workflow_id': 'chain-image-edit-to-video-pipeline-804d89cc-82d7-4262-9dd2-29a3c862dc3c', 'workflow_type': 'ChainExecutorWorkflow'})
2026-01-13 11:12:48,508 - temporalio.workflow - INFO - Step edit_frame2: completed ({'attempt': 1, 'namespace': 'default', 'run_id': '019bb5de-ddb3-73e4-aa40-638aaeb8574d', 'task_queue': 'comfyui-gpu-farm', 'workflow_id': 'chain-image-edit-to-video-pipeline-804d89cc-82d7-4262-9dd2-29a3c862dc3c', 'workflow_type': 'ChainExecutorWorkflow'})
2026-01-13 11:12:48,517 - temporalio.activity - INFO - Updating chain 9825eb5b-07c1-44d9-9f8d-349db41f70b7 status to: executing_level_2 ({'activity_id': '52', 'activity_type': 'update_chain_status_activity', 'attempt': 1, 'namespace': 'default', 'task_queue': 'comfyui-gpu-farm', 'workflow_id': 'chain-image-edit-to-video-pipeline-804d89cc-82d7-4262-9dd2-29a3c862dc3c', 'workflow_run_id': '019bb5de-ddb3-73e4-aa40-638aaeb8574d', 'workflow_type': 'ChainExecutorWorkflow'})
2026-01-13 11:12:48,521 - temporalio.activity - INFO - ✓ Updated chain status ({'activity_id': '52', 'activity_type': 'update_chain_status_activity', 'attempt': 1, 'namespace': 'default', 'task_queue': 'comfyui-gpu-farm', 'workflow_id': 'chain-image-edit-to-video-pipeline-804d89cc-82d7-4262-9dd2-29a3c862dc3c', 'workflow_run_id': '019bb5de-ddb3-73e4-aa40-638aaeb8574d', 'workflow_type': 'ChainExecutorWorkflow'})
2026-01-13 11:12:48,532 - temporalio.workflow - INFO - Level 2: Executing 1 step(s) ({'attempt': 1, 'namespace': 'default', 'run_id': '019bb5de-ddb3-73e4-aa40-638aaeb8574d', 'task_queue': 'comfyui-gpu-farm', 'workflow_id': 'chain-image-edit-to-video-pipeline-804d89cc-82d7-4262-9dd2-29a3c862dc3c', 'workflow_type': 'ChainExecutorWorkflow'})
2026-01-13 11:12:48,532 - temporalio.workflow - INFO - Executing step: create_video ({'attempt': 1, 'namespace': 'default', 'run_id': '019bb5de-ddb3-73e4-aa40-638aaeb8574d', 'task_queue': 'comfyui-gpu-farm', 'workflow_id': 'chain-image-edit-to-video-pipeline-804d89cc-82d7-4262-9dd2-29a3c862dc3c', 'workflow_type': 'ChainExecutorWorkflow'})
2026-01-13 11:12:48,543 - temporalio.activity - INFO - Resolving templates in parameters ({'activity_id': '53', 'activity_type': 'resolve_chain_templates', 'attempt': 1, 'namespace': 'default', 'task_queue': 'comfyui-gpu-farm', 'workflow_id': 'chain-image-edit-to-video-pipeline-804d89cc-82d7-4262-9dd2-29a3c862dc3c', 'workflow_run_id': '019bb5de-ddb3-73e4-aa40-638aaeb8574d', 'workflow_type': 'ChainExecutorWorkflow'})
2026-01-13 11:12:48,545 - temporalio.activity - INFO - Templates resolved successfully ({'activity_id': '53', 'activity_type': 'resolve_chain_templates', 'attempt': 1, 'namespace': 'default', 'task_queue': 'comfyui-gpu-farm', 'workflow_id': 'chain-image-edit-to-video-pipeline-804d89cc-82d7-4262-9dd2-29a3c862dc3c', 'workflow_run_id': '019bb5de-ddb3-73e4-aa40-638aaeb8574d', 'workflow_type': 'ChainExecutorWorkflow'})
2026-01-13 11:12:48,554 - temporalio.workflow - INFO - Step create_video: Resolved parameters ({'attempt': 1, 'namespace': 'default', 'run_id': '019bb5de-ddb3-73e4-aa40-638aaeb8574d', 'task_queue': 'comfyui-gpu-farm', 'workflow_id': 'chain-image-edit-to-video-pipeline-804d89cc-82d7-4262-9dd2-29a3c862dc3c', 'workflow_type': 'ChainExecutorWorkflow'})
2026-01-13 11:12:48,563 - temporalio.activity - INFO - Applying parameters to workflow: firstEndTovideo ({'activity_id': '54', 'activity_type': 'apply_workflow_parameters', 'attempt': 1, 'namespace': 'default', 'task_queue': 'comfyui-gpu-farm', 'workflow_id': 'chain-image-edit-to-video-pipeline-804d89cc-82d7-4262-9dd2-29a3c862dc3c', 'workflow_run_id': '019bb5de-ddb3-73e4-aa40-638aaeb8574d', 'workflow_type': 'ChainExecutorWorkflow'})
2026-01-13 11:12:48,563 - temporal_gateway.registry - INFO - Applied override: 6.text = Smooth cinematic transition between vibrant colorful scenes
2026-01-13 11:12:48,563 - temporal_gateway.registry - INFO - Applied override: 60.fps = 16
2026-01-13 11:12:48,563 - temporal_gateway.registry - INFO - Applied override: 62.image = ComfyUI_00255_.png
2026-01-13 11:12:48,563 - temporal_gateway.registry - INFO - Applied override: 67.height = 1024
2026-01-13 11:12:48,563 - temporal_gateway.registry - INFO - Applied override: 67.length = 81
2026-01-13 11:12:48,563 - temporal_gateway.registry - INFO - Applied override: 67.width = 592
2026-01-13 11:12:48,563 - temporal_gateway.registry - INFO - Applied override: 68.image = ComfyUI_00256_.png
2026-01-13 11:12:48,564 - temporalio.activity - INFO - Parameters applied successfully ({'activity_id': '54', 'activity_type': 'apply_workflow_parameters', 'attempt': 1, 'namespace': 'default', 'task_queue': 'comfyui-gpu-farm', 'workflow_id': 'chain-image-edit-to-video-pipeline-804d89cc-82d7-4262-9dd2-29a3c862dc3c', 'workflow_run_id': '019bb5de-ddb3-73e4-aa40-638aaeb8574d', 'workflow_type': 'ChainExecutorWorkflow'})
2026-01-13 11:12:48,582 - temporalio.activity - INFO - Selecting server with strategy: least_loaded ({'activity_id': '55', 'activity_type': 'select_best_server', 'attempt': 1, 'namespace': 'default', 'task_queue': 'comfyui-gpu-farm', 'workflow_id': 'chain-image-edit-to-video-pipeline-804d89cc-82d7-4262-9dd2-29a3c862dc3c', 'workflow_run_id': '019bb5de-ddb3-73e4-aa40-638aaeb8574d', 'workflow_type': 'ChainExecutorWorkflow'})
2026-01-13 11:12:48,692 - httpx - INFO - HTTP Request: GET http://procure-x.testmcp.org/system_stats "HTTP/1.1 200 OK"
2026-01-13 11:12:48,720 - httpx - INFO - HTTP Request: GET http://procure-x.testmcp.org/queue "HTTP/1.1 200 OK"
2026-01-13 11:12:48,722 - temporal_gateway.servers.load_balancer - INFO - Selected server procure-x (queue_depth=0, gpu_mem=0.0%)
2026-01-13 11:12:48,723 - temporalio.activity - INFO - Selected server: procure-x (http://procure-x.testmcp.org) ({'activity_id': '55', 'activity_type': 'select_best_server', 'attempt': 1, 'namespace': 'default', 'task_queue': 'comfyui-gpu-farm', 'workflow_id': 'chain-image-edit-to-video-pipeline-804d89cc-82d7-4262-9dd2-29a3c862dc3c', 'workflow_run_id': '019bb5de-ddb3-73e4-aa40-638aaeb8574d', 'workflow_type': 'ChainExecutorWorkflow'})
2026-01-13 11:12:48,732 - temporalio.workflow - INFO - Step create_video: Selected target server: http://procure-x.testmcp.org ({'attempt': 1, 'namespace': 'default', 'run_id': '019bb5de-ddb3-73e4-aa40-638aaeb8574d', 'task_queue': 'comfyui-gpu-farm', 'workflow_id': 'chain-image-edit-to-video-pipeline-804d89cc-82d7-4262-9dd2-29a3c862dc3c', 'workflow_type': 'ChainExecutorWorkflow'})
2026-01-13 11:12:48,732 - temporalio.workflow - INFO - Step create_video: Processing 2 dependency step(s) ({'attempt': 1, 'namespace': 'default', 'run_id': '019bb5de-ddb3-73e4-aa40-638aaeb8574d', 'task_queue': 'comfyui-gpu-farm', 'workflow_id': 'chain-image-edit-to-video-pipeline-804d89cc-82d7-4262-9dd2-29a3c862dc3c', 'workflow_type': 'ChainExecutorWorkflow'})
2026-01-13 11:12:48,741 - temporalio.activity - INFO - Getting artifacts for workflow: 0ac02995-7130-4f76-b224-7c378e429414 ({'activity_id': '56', 'activity_type': 'get_workflow_artifacts', 'attempt': 1, 'namespace': 'default', 'task_queue': 'comfyui-gpu-farm', 'workflow_id': 'chain-image-edit-to-video-pipeline-804d89cc-82d7-4262-9dd2-29a3c862dc3c', 'workflow_run_id': '019bb5de-ddb3-73e4-aa40-638aaeb8574d', 'workflow_type': 'ChainExecutorWorkflow'})
2026-01-13 11:12:48,751 - temporalio.workflow - INFO - Transferring 1 artifact(s) from edit_frame1 to http://procure-x.testmcp.org ({'attempt': 1, 'namespace': 'default', 'run_id': '019bb5de-ddb3-73e4-aa40-638aaeb8574d', 'task_queue': 'comfyui-gpu-farm', 'workflow_id': 'chain-image-edit-to-video-pipeline-804d89cc-82d7-4262-9dd2-29a3c862dc3c', 'workflow_type': 'ChainExecutorWorkflow'})
2026-01-13 11:12:48,761 - temporalio.activity - INFO - Transferring 1 artifact(s) from workflow 0ac02995-7130-4f76-b224-7c378e429414 to http://procure-x.testmcp.org ({'activity_id': '57', 'activity_type': 'transfer_artifacts_from_storage', 'attempt': 1, 'namespace': 'default', 'task_queue': 'comfyui-gpu-farm', 'workflow_id': 'chain-image-edit-to-video-pipeline-804d89cc-82d7-4262-9dd2-29a3c862dc3c', 'workflow_run_id': '019bb5de-ddb3-73e4-aa40-638aaeb8574d', 'workflow_type': 'ChainExecutorWorkflow'})
2026-01-13 11:12:48,807 - temporal_gateway.clients.comfy.client - INFO - ComfyUI client initialized for http://procure-x.testmcp.org
2026-01-13 11:12:48,812 - temporalio.activity - INFO - Uploading: ComfyUI_00255_.png from local storage to http://procure-x.testmcp.org/input/ ({'activity_id': '57', 'activity_type': 'transfer_artifacts_from_storage', 'attempt': 1, 'namespace': 'default', 'task_queue': 'comfyui-gpu-farm', 'workflow_id': 'chain-image-edit-to-video-pipeline-804d89cc-82d7-4262-9dd2-29a3c862dc3c', 'workflow_run_id': '019bb5de-ddb3-73e4-aa40-638aaeb8574d', 'workflow_type': 'ChainExecutorWorkflow'})
2026-01-13 11:12:49,061 - httpx - INFO - HTTP Request: POST http://procure-x.testmcp.org/upload/image "HTTP/1.1 200 OK"
2026-01-13 11:12:49,063 - temporalio.activity - INFO - ✓ Uploaded: ComfyUI_00255_.png (757519 bytes) ({'activity_id': '57', 'activity_type': 'transfer_artifacts_from_storage', 'attempt': 1, 'namespace': 'default', 'task_queue': 'comfyui-gpu-farm', 'workflow_id': 'chain-image-edit-to-video-pipeline-804d89cc-82d7-4262-9dd2-29a3c862dc3c', 'workflow_run_id': '019bb5de-ddb3-73e4-aa40-638aaeb8574d', 'workflow_type': 'ChainExecutorWorkflow'})
2026-01-13 11:12:49,067 - temporalio.activity - INFO - Successfully transferred 1 file(s) ({'activity_id': '57', 'activity_type': 'transfer_artifacts_from_storage', 'attempt': 1, 'namespace': 'default', 'task_queue': 'comfyui-gpu-farm', 'workflow_id': 'chain-image-edit-to-video-pipeline-804d89cc-82d7-4262-9dd2-29a3c862dc3c', 'workflow_run_id': '019bb5de-ddb3-73e4-aa40-638aaeb8574d', 'workflow_type': 'ChainExecutorWorkflow'})
2026-01-13 11:12:49,085 - temporalio.activity - INFO - Getting artifacts for workflow: 9539a5c2-98c5-4b17-b314-6c38e2a1be85 ({'activity_id': '58', 'activity_type': 'get_workflow_artifacts', 'attempt': 1, 'namespace': 'default', 'task_queue': 'comfyui-gpu-farm', 'workflow_id': 'chain-image-edit-to-video-pipeline-804d89cc-82d7-4262-9dd2-29a3c862dc3c', 'workflow_run_id': '019bb5de-ddb3-73e4-aa40-638aaeb8574d', 'workflow_type': 'ChainExecutorWorkflow'})
2026-01-13 11:12:49,096 - temporalio.workflow - INFO - Transferring 1 artifact(s) from edit_frame2 to http://procure-x.testmcp.org ({'attempt': 1, 'namespace': 'default', 'run_id': '019bb5de-ddb3-73e4-aa40-638aaeb8574d', 'task_queue': 'comfyui-gpu-farm', 'workflow_id': 'chain-image-edit-to-video-pipeline-804d89cc-82d7-4262-9dd2-29a3c862dc3c', 'workflow_type': 'ChainExecutorWorkflow'})
2026-01-13 11:12:49,104 - temporalio.activity - INFO - Transferring 1 artifact(s) from workflow 9539a5c2-98c5-4b17-b314-6c38e2a1be85 to http://procure-x.testmcp.org ({'activity_id': '59', 'activity_type': 'transfer_artifacts_from_storage', 'attempt': 1, 'namespace': 'default', 'task_queue': 'comfyui-gpu-farm', 'workflow_id': 'chain-image-edit-to-video-pipeline-804d89cc-82d7-4262-9dd2-29a3c862dc3c', 'workflow_run_id': '019bb5de-ddb3-73e4-aa40-638aaeb8574d', 'workflow_type': 'ChainExecutorWorkflow'})
2026-01-13 11:12:49,149 - temporal_gateway.clients.comfy.client - INFO - ComfyUI client initialized for http://procure-x.testmcp.org
2026-01-13 11:12:49,154 - temporalio.activity - INFO - Uploading: ComfyUI_00256_.png from local storage to http://procure-x.testmcp.org/input/ ({'activity_id': '59', 'activity_type': 'transfer_artifacts_from_storage', 'attempt': 1, 'namespace': 'default', 'task_queue': 'comfyui-gpu-farm', 'workflow_id': 'chain-image-edit-to-video-pipeline-804d89cc-82d7-4262-9dd2-29a3c862dc3c', 'workflow_run_id': '019bb5de-ddb3-73e4-aa40-638aaeb8574d', 'workflow_type': 'ChainExecutorWorkflow'})
2026-01-13 11:12:49,324 - httpx - INFO - HTTP Request: POST http://procure-x.testmcp.org/upload/image "HTTP/1.1 200 OK"
2026-01-13 11:12:49,325 - temporalio.activity - INFO - ✓ Uploaded: ComfyUI_00256_.png (800815 bytes) ({'activity_id': '59', 'activity_type': 'transfer_artifacts_from_storage', 'attempt': 1, 'namespace': 'default', 'task_queue': 'comfyui-gpu-farm', 'workflow_id': 'chain-image-edit-to-video-pipeline-804d89cc-82d7-4262-9dd2-29a3c862dc3c', 'workflow_run_id': '019bb5de-ddb3-73e4-aa40-638aaeb8574d', 'workflow_type': 'ChainExecutorWorkflow'})
2026-01-13 11:12:49,329 - temporalio.activity - INFO - Successfully transferred 1 file(s) ({'activity_id': '59', 'activity_type': 'transfer_artifacts_from_storage', 'attempt': 1, 'namespace': 'default', 'task_queue': 'comfyui-gpu-farm', 'workflow_id': 'chain-image-edit-to-video-pipeline-804d89cc-82d7-4262-9dd2-29a3c862dc3c', 'workflow_run_id': '019bb5de-ddb3-73e4-aa40-638aaeb8574d', 'workflow_type': 'ChainExecutorWorkflow'})
2026-01-13 11:12:49,346 - temporalio.activity - INFO - Creating workflow record: firstEndTovideo (prompt: pending) ({'activity_id': '60', 'activity_type': 'create_workflow_record', 'attempt': 1, 'namespace': 'default', 'task_queue': 'comfyui-gpu-farm', 'workflow_id': 'chain-image-edit-to-video-pipeline-804d89cc-82d7-4262-9dd2-29a3c862dc3c', 'workflow_run_id': '019bb5de-ddb3-73e4-aa40-638aaeb8574d', 'workflow_type': 'ChainExecutorWorkflow'})
2026-01-13 11:12:49,349 - temporalio.activity - INFO - ✓ Created workflow record: 49ad4475-1432-41f6-aebd-633dffb68041 ({'activity_id': '60', 'activity_type': 'create_workflow_record', 'attempt': 1, 'namespace': 'default', 'task_queue': 'comfyui-gpu-farm', 'workflow_id': 'chain-image-edit-to-video-pipeline-804d89cc-82d7-4262-9dd2-29a3c862dc3c', 'workflow_run_id': '019bb5de-ddb3-73e4-aa40-638aaeb8574d', 'workflow_type': 'ChainExecutorWorkflow'})
2026-01-13 11:12:49,360 - temporalio.workflow - INFO - Step create_video: Created workflow record 49ad4475-1432-41f6-aebd-633dffb68041 ({'attempt': 1, 'namespace': 'default', 'run_id': '019bb5de-ddb3-73e4-aa40-638aaeb8574d', 'task_queue': 'comfyui-gpu-farm', 'workflow_id': 'chain-image-edit-to-video-pipeline-804d89cc-82d7-4262-9dd2-29a3c862dc3c', 'workflow_type': 'ChainExecutorWorkflow'})
2026-01-13 11:12:49,391 - temporalio.workflow - INFO - Starting ComfyUI workflow execution ({'attempt': 1, 'namespace': 'default', 'run_id': '019bb5e0-d517-72b4-b0a5-27dacf8e2827', 'task_queue': 'comfyui-gpu-farm', 'workflow_id': 'chain-image-edit-to-video-pipeline-804d89cc-82d7-4262-9dd2-29a3c862dc3c-create_video', 'workflow_type': 'ComfyUIWorkflow'})
2026-01-13 11:12:49,391 - temporalio.workflow - INFO - Generated client_id: 3ef9dc09-e812-47ac-8d66-0ffb1975b2e8 ({'attempt': 1, 'namespace': 'default', 'run_id': '019bb5e0-d517-72b4-b0a5-27dacf8e2827', 'task_queue': 'comfyui-gpu-farm', 'workflow_id': 'chain-image-edit-to-video-pipeline-804d89cc-82d7-4262-9dd2-29a3c862dc3c-create_video', 'workflow_type': 'ComfyUIWorkflow'})
2026-01-13 11:12:49,391 - temporalio.workflow - INFO - Using pre-selected server: http://procure-x.testmcp.org ({'attempt': 1, 'namespace': 'default', 'run_id': '019bb5e0-d517-72b4-b0a5-27dacf8e2827', 'task_queue': 'comfyui-gpu-farm', 'workflow_id': 'chain-image-edit-to-video-pipeline-804d89cc-82d7-4262-9dd2-29a3c862dc3c-create_video', 'workflow_type': 'ComfyUIWorkflow'})
2026-01-13 11:12:49,400 - temporalio.activity - INFO - [V3] Executing workflow on http://procure-x.testmcp.org ({'activity_id': '1', 'activity_type': 'execute_and_track_workflow', 'attempt': 1, 'namespace': 'default', 'task_queue': 'comfyui-gpu-farm', 'workflow_id': 'chain-image-edit-to-video-pipeline-804d89cc-82d7-4262-9dd2-29a3c862dc3c-create_video', 'workflow_run_id': '019bb5e0-d517-72b4-b0a5-27dacf8e2827', 'workflow_type': 'ComfyUIWorkflow'})
2026-01-13 11:12:49,400 - temporalio.activity - INFO - [V3] Workflow name: firstEndTovideo ({'activity_id': '1', 'activity_type': 'execute_and_track_workflow', 'attempt': 1, 'namespace': 'default', 'task_queue': 'comfyui-gpu-farm', 'workflow_id': 'chain-image-edit-to-video-pipeline-804d89cc-82d7-4262-9dd2-29a3c862dc3c-create_video', 'workflow_run_id': '019bb5e0-d517-72b4-b0a5-27dacf8e2827', 'workflow_type': 'ComfyUIWorkflow'})
2026-01-13 11:12:49,447 - temporal_gateway.clients.comfy.client - INFO - ComfyUI client initialized for http://procure-x.testmcp.org
2026-01-13 11:12:49,448 - temporal_gateway.clients.comfy.client - INFO - Submitting workflow to ComfyUI
2026-01-13 11:12:49,552 - httpx - INFO - HTTP Request: POST http://procure-x.testmcp.org/prompt "HTTP/1.1 200 OK"
2026-01-13 11:12:49,554 - temporal_gateway.clients.comfy.client - INFO - Workflow queued with prompt_id: 805a28b3-4280-4279-aa1e-a6b1883953ca
2026-01-13 11:12:49,555 - temporal_gateway.clients.comfy.tracker - INFO - Starting execution tracking for prompt 805a28b3-4280-4279-aa1e-a6b1883953ca
2026-01-13 11:12:49,555 - temporal_gateway.clients.comfy.tracker - INFO - Starting history polling
2026-01-13 11:12:49,557 - temporal_gateway.clients.comfy.tracker - INFO - Starting WebSocket listener
2026-01-13 11:12:49,557 - temporal_gateway.clients.comfy.websocket - INFO - Connecting to WebSocket: ws://procure-x.testmcp.org/ws?clientId=6ef3e29c-4116-4b06-92ca-efa7d628c538
2026-01-13 11:12:49,576 - httpx - INFO - HTTP Request: GET http://procure-x.testmcp.org/history/805a28b3-4280-4279-aa1e-a6b1883953ca "HTTP/1.1 200 OK"
2026-01-13 11:12:49,642 - temporal_gateway.clients.comfy.websocket - INFO - WebSocket connected successfully
2026-01-13 11:12:50,609 - httpx - INFO - HTTP Request: GET http://procure-x.testmcp.org/history/805a28b3-4280-4279-aa1e-a6b1883953ca "HTTP/1.1 200 OK"
2026-01-13 11:12:52,014 - httpx - INFO - HTTP Request: GET http://procure-x.testmcp.org/history/805a28b3-4280-4279-aa1e-a6b1883953ca "HTTP/1.1 200 OK"
2026-01-13 11:12:53,052 - httpx - INFO - HTTP Request: GET http://procure-x.testmcp.org/history/805a28b3-4280-4279-aa1e-a6b1883953ca "HTTP/1.1 200 OK"
2026-01-13 11:12:54,087 - httpx - INFO - HTTP Request: GET http://procure-x.testmcp.org/history/805a28b3-4280-4279-aa1e-a6b1883953ca "HTTP/1.1 200 OK"
2026-01-13 11:12:55,115 - httpx - INFO - HTTP Request: GET http://procure-x.testmcp.org/history/805a28b3-4280-4279-aa1e-a6b1883953ca "HTTP/1.1 200 OK"
2026-01-13 11:12:56,142 - httpx - INFO - HTTP Request: GET http://procure-x.testmcp.org/history/805a28b3-4280-4279-aa1e-a6b1883953ca "HTTP/1.1 200 OK"
2026-01-13 11:12:57,160 - httpx - INFO - HTTP Request: GET http://procure-x.testmcp.org/history/805a28b3-4280-4279-aa1e-a6b1883953ca "HTTP/1.1 200 OK"
2026-01-13 11:12:58,183 - httpx - INFO - HTTP Request: GET http://procure-x.testmcp.org/history/805a28b3-4280-4279-aa1e-a6b1883953ca "HTTP/1.1 200 OK"
2026-01-13 11:12:59,290 - httpx - INFO - HTTP Request: GET http://procure-x.testmcp.org/history/805a28b3-4280-4279-aa1e-a6b1883953ca "HTTP/1.1 200 OK"
2026-01-13 11:13:00,346 - httpx - INFO - HTTP Request: GET http://procure-x.testmcp.org/history/805a28b3-4280-4279-aa1e-a6b1883953ca "HTTP/1.1 200 OK"
2026-01-13 11:13:01,484 - httpx - INFO - HTTP Request: GET http://procure-x.testmcp.org/history/805a28b3-4280-4279-aa1e-a6b1883953ca "HTTP/1.1 200 OK"
2026-01-13 11:13:02,527 - httpx - INFO - HTTP Request: GET http://procure-x.testmcp.org/history/805a28b3-4280-4279-aa1e-a6b1883953ca "HTTP/1.1 200 OK"
2026-01-13 11:13:03,561 - httpx - INFO - HTTP Request: GET http://procure-x.testmcp.org/history/805a28b3-4280-4279-aa1e-a6b1883953ca "HTTP/1.1 200 OK"
2026-01-13 11:13:04,595 - httpx - INFO - HTTP Request: GET http://procure-x.testmcp.org/history/805a28b3-4280-4279-aa1e-a6b1883953ca "HTTP/1.1 200 OK"
2026-01-13 11:13:05,616 - httpx - INFO - HTTP Request: GET http://procure-x.testmcp.org/history/805a28b3-4280-4279-aa1e-a6b1883953ca "HTTP/1.1 200 OK"
2026-01-13 11:13:06,646 - httpx - INFO - HTTP Request: GET http://procure-x.testmcp.org/history/805a28b3-4280-4279-aa1e-a6b1883953ca "HTTP/1.1 200 OK"
2026-01-13 11:13:07,671 - httpx - INFO - HTTP Request: GET http://procure-x.testmcp.org/history/805a28b3-4280-4279-aa1e-a6b1883953ca "HTTP/1.1 200 OK"
2026-01-13 11:13:08,698 - httpx - INFO - HTTP Request: GET http://procure-x.testmcp.org/history/805a28b3-4280-4279-aa1e-a6b1883953ca "HTTP/1.1 200 OK"
2026-01-13 11:13:09,737 - httpx - INFO - HTTP Request: GET http://procure-x.testmcp.org/history/805a28b3-4280-4279-aa1e-a6b1883953ca "HTTP/1.1 200 OK"
2026-01-13 11:13:10,777 - httpx - INFO - HTTP Request: GET http://procure-x.testmcp.org/history/805a28b3-4280-4279-aa1e-a6b1883953ca "HTTP/1.1 200 OK"
2026-01-13 11:13:11,803 - httpx - INFO - HTTP Request: GET http://procure-x.testmcp.org/history/805a28b3-4280-4279-aa1e-a6b1883953ca "HTTP/1.1 200 OK"
2026-01-13 11:13:12,825 - httpx - INFO - HTTP Request: GET http://procure-x.testmcp.org/history/805a28b3-4280-4279-aa1e-a6b1883953ca "HTTP/1.1 200 OK"
2026-01-13 11:13:13,851 - httpx - INFO - HTTP Request: GET http://procure-x.testmcp.org/history/805a28b3-4280-4279-aa1e-a6b1883953ca "HTTP/1.1 200 OK"
2026-01-13 11:13:14,889 - httpx - INFO - HTTP Request: GET http://procure-x.testmcp.org/history/805a28b3-4280-4279-aa1e-a6b1883953ca "HTTP/1.1 200 OK"
2026-01-13 11:13:15,918 - httpx - INFO - HTTP Request: GET http://procure-x.testmcp.org/history/805a28b3-4280-4279-aa1e-a6b1883953ca "HTTP/1.1 200 OK"
2026-01-13 11:13:16,942 - httpx - INFO - HTTP Request: GET http://procure-x.testmcp.org/history/805a28b3-4280-4279-aa1e-a6b1883953ca "HTTP/1.1 200 OK"
2026-01-13 11:13:17,962 - httpx - INFO - HTTP Request: GET http://procure-x.testmcp.org/history/805a28b3-4280-4279-aa1e-a6b1883953ca "HTTP/1.1 200 OK"
2026-01-13 11:13:18,987 - httpx - INFO - HTTP Request: GET http://procure-x.testmcp.org/history/805a28b3-4280-4279-aa1e-a6b1883953ca "HTTP/1.1 200 OK"
2026-01-13 11:13:20,014 - httpx - INFO - HTTP Request: GET http://procure-x.testmcp.org/history/805a28b3-4280-4279-aa1e-a6b1883953ca "HTTP/1.1 200 OK"
2026-01-13 11:13:21,041 - httpx - INFO - HTTP Request: GET http://procure-x.testmcp.org/history/805a28b3-4280-4279-aa1e-a6b1883953ca "HTTP/1.1 200 OK"
2026-01-13 11:13:22,070 - httpx - INFO - HTTP Request: GET http://procure-x.testmcp.org/history/805a28b3-4280-4279-aa1e-a6b1883953ca "HTTP/1.1 200 OK"
2026-01-13 11:13:23,105 - httpx - INFO - HTTP Request: GET http://procure-x.testmcp.org/history/805a28b3-4280-4279-aa1e-a6b1883953ca "HTTP/1.1 200 OK"
2026-01-13 11:13:24,122 - httpx - INFO - HTTP Request: GET http://procure-x.testmcp.org/history/805a28b3-4280-4279-aa1e-a6b1883953ca "HTTP/1.1 200 OK"
2026-01-13 11:13:25,698 - httpx - INFO - HTTP Request: GET http://procure-x.testmcp.org/history/805a28b3-4280-4279-aa1e-a6b1883953ca "HTTP/1.1 200 OK"
2026-01-13 11:13:26,802 - httpx - INFO - HTTP Request: GET http://procure-x.testmcp.org/history/805a28b3-4280-4279-aa1e-a6b1883953ca "HTTP/1.1 200 OK"
2026-01-13 11:13:28,055 - httpx - INFO - HTTP Request: GET http://procure-x.testmcp.org/history/805a28b3-4280-4279-aa1e-a6b1883953ca "HTTP/1.1 200 OK"
2026-01-13 11:13:29,489 - httpx - INFO - HTTP Request: GET http://procure-x.testmcp.org/history/805a28b3-4280-4279-aa1e-a6b1883953ca "HTTP/1.1 200 OK"
2026-01-13 11:13:30,522 - httpx - INFO - HTTP Request: GET http://procure-x.testmcp.org/history/805a28b3-4280-4279-aa1e-a6b1883953ca "HTTP/1.1 200 OK"
2026-01-13 11:13:31,558 - httpx - INFO - HTTP Request: GET http://procure-x.testmcp.org/history/805a28b3-4280-4279-aa1e-a6b1883953ca "HTTP/1.1 200 OK"
2026-01-13 11:13:32,586 - httpx - INFO - HTTP Request: GET http://procure-x.testmcp.org/history/805a28b3-4280-4279-aa1e-a6b1883953ca "HTTP/1.1 200 OK"
2026-01-13 11:13:33,615 - httpx - INFO - HTTP Request: GET http://procure-x.testmcp.org/history/805a28b3-4280-4279-aa1e-a6b1883953ca "HTTP/1.1 200 OK"
2026-01-13 11:13:34,915 - httpx - INFO - HTTP Request: GET http://procure-x.testmcp.org/history/805a28b3-4280-4279-aa1e-a6b1883953ca "HTTP/1.1 200 OK"
2026-01-13 11:13:35,943 - httpx - INFO - HTTP Request: GET http://procure-x.testmcp.org/history/805a28b3-4280-4279-aa1e-a6b1883953ca "HTTP/1.1 200 OK"
2026-01-13 11:13:36,966 - httpx - INFO - HTTP Request: GET http://procure-x.testmcp.org/history/805a28b3-4280-4279-aa1e-a6b1883953ca "HTTP/1.1 200 OK"
2026-01-13 11:13:37,995 - httpx - INFO - HTTP Request: GET http://procure-x.testmcp.org/history/805a28b3-4280-4279-aa1e-a6b1883953ca "HTTP/1.1 200 OK"
2026-01-13 11:13:39,020 - httpx - INFO - HTTP Request: GET http://procure-x.testmcp.org/history/805a28b3-4280-4279-aa1e-a6b1883953ca "HTTP/1.1 200 OK"
2026-01-13 11:13:40,049 - httpx - INFO - HTTP Request: GET http://procure-x.testmcp.org/history/805a28b3-4280-4279-aa1e-a6b1883953ca "HTTP/1.1 200 OK"
2026-01-13 11:13:41,074 - httpx - INFO - HTTP Request: GET http://procure-x.testmcp.org/history/805a28b3-4280-4279-aa1e-a6b1883953ca "HTTP/1.1 200 OK"
2026-01-13 11:13:42,102 - httpx - INFO - HTTP Request: GET http://procure-x.testmcp.org/history/805a28b3-4280-4279-aa1e-a6b1883953ca "HTTP/1.1 200 OK"
2026-01-13 11:13:43,129 - httpx - INFO - HTTP Request: GET http://procure-x.testmcp.org/history/805a28b3-4280-4279-aa1e-a6b1883953ca "HTTP/1.1 200 OK"
2026-01-13 11:13:44,187 - httpx - INFO - HTTP Request: GET http://procure-x.testmcp.org/history/805a28b3-4280-4279-aa1e-a6b1883953ca "HTTP/1.1 200 OK"
2026-01-13 11:13:45,214 - httpx - INFO - HTTP Request: GET http://procure-x.testmcp.org/history/805a28b3-4280-4279-aa1e-a6b1883953ca "HTTP/1.1 200 OK"
2026-01-13 11:13:46,239 - httpx - INFO - HTTP Request: GET http://procure-x.testmcp.org/history/805a28b3-4280-4279-aa1e-a6b1883953ca "HTTP/1.1 200 OK"
2026-01-13 11:13:47,264 - httpx - INFO - HTTP Request: GET http://procure-x.testmcp.org/history/805a28b3-4280-4279-aa1e-a6b1883953ca "HTTP/1.1 200 OK"
2026-01-13 11:13:48,285 - httpx - INFO - HTTP Request: GET http://procure-x.testmcp.org/history/805a28b3-4280-4279-aa1e-a6b1883953ca "HTTP/1.1 200 OK"
2026-01-13 11:13:49,314 - httpx - INFO - HTTP Request: GET http://procure-x.testmcp.org/history/805a28b3-4280-4279-aa1e-a6b1883953ca "HTTP/1.1 200 OK"
2026-01-13 11:13:50,349 - httpx - INFO - HTTP Request: GET http://procure-x.testmcp.org/history/805a28b3-4280-4279-aa1e-a6b1883953ca "HTTP/1.1 200 OK"
2026-01-13 11:13:51,372 - httpx - INFO - HTTP Request: GET http://procure-x.testmcp.org/history/805a28b3-4280-4279-aa1e-a6b1883953ca "HTTP/1.1 200 OK"
2026-01-13 11:13:52,391 - httpx - INFO - HTTP Request: GET http://procure-x.testmcp.org/history/805a28b3-4280-4279-aa1e-a6b1883953ca "HTTP/1.1 200 OK"
2026-01-13 11:13:53,418 - httpx - INFO - HTTP Request: GET http://procure-x.testmcp.org/history/805a28b3-4280-4279-aa1e-a6b1883953ca "HTTP/1.1 200 OK"
2026-01-13 11:13:54,441 - httpx - INFO - HTTP Request: GET http://procure-x.testmcp.org/history/805a28b3-4280-4279-aa1e-a6b1883953ca "HTTP/1.1 200 OK"
2026-01-13 11:13:55,464 - httpx - INFO - HTTP Request: GET http://procure-x.testmcp.org/history/805a28b3-4280-4279-aa1e-a6b1883953ca "HTTP/1.1 200 OK"
2026-01-13 11:13:56,494 - httpx - INFO - HTTP Request: GET http://procure-x.testmcp.org/history/805a28b3-4280-4279-aa1e-a6b1883953ca "HTTP/1.1 200 OK"
2026-01-13 11:13:57,522 - httpx - INFO - HTTP Request: GET http://procure-x.testmcp.org/history/805a28b3-4280-4279-aa1e-a6b1883953ca "HTTP/1.1 200 OK"
2026-01-13 11:13:58,551 - httpx - INFO - HTTP Request: GET http://procure-x.testmcp.org/history/805a28b3-4280-4279-aa1e-a6b1883953ca "HTTP/1.1 200 OK"
2026-01-13 11:13:59,585 - httpx - INFO - HTTP Request: GET http://procure-x.testmcp.org/history/805a28b3-4280-4279-aa1e-a6b1883953ca "HTTP/1.1 200 OK"
2026-01-13 11:14:00,623 - httpx - INFO - HTTP Request: GET http://procure-x.testmcp.org/history/805a28b3-4280-4279-aa1e-a6b1883953ca "HTTP/1.1 200 OK"
2026-01-13 11:14:01,653 - httpx - INFO - HTTP Request: GET http://procure-x.testmcp.org/history/805a28b3-4280-4279-aa1e-a6b1883953ca "HTTP/1.1 200 OK"
2026-01-13 11:14:02,689 - httpx - INFO - HTTP Request: GET http://procure-x.testmcp.org/history/805a28b3-4280-4279-aa1e-a6b1883953ca "HTTP/1.1 200 OK"
2026-01-13 11:14:03,725 - httpx - INFO - HTTP Request: GET http://procure-x.testmcp.org/history/805a28b3-4280-4279-aa1e-a6b1883953ca "HTTP/1.1 200 OK"
2026-01-13 11:14:04,760 - httpx - INFO - HTTP Request: GET http://procure-x.testmcp.org/history/805a28b3-4280-4279-aa1e-a6b1883953ca "HTTP/1.1 200 OK"
2026-01-13 11:14:05,789 - httpx - INFO - HTTP Request: GET http://procure-x.testmcp.org/history/805a28b3-4280-4279-aa1e-a6b1883953ca "HTTP/1.1 200 OK"
2026-01-13 11:14:06,812 - httpx - INFO - HTTP Request: GET http://procure-x.testmcp.org/history/805a28b3-4280-4279-aa1e-a6b1883953ca "HTTP/1.1 200 OK"
2026-01-13 11:14:07,837 - httpx - INFO - HTTP Request: GET http://procure-x.testmcp.org/history/805a28b3-4280-4279-aa1e-a6b1883953ca "HTTP/1.1 200 OK"
2026-01-13 11:14:08,868 - httpx - INFO - HTTP Request: GET http://procure-x.testmcp.org/history/805a28b3-4280-4279-aa1e-a6b1883953ca "HTTP/1.1 200 OK"
2026-01-13 11:14:09,902 - httpx - INFO - HTTP Request: GET http://procure-x.testmcp.org/history/805a28b3-4280-4279-aa1e-a6b1883953ca "HTTP/1.1 200 OK"
2026-01-13 11:14:10,926 - httpx - INFO - HTTP Request: GET http://procure-x.testmcp.org/history/805a28b3-4280-4279-aa1e-a6b1883953ca "HTTP/1.1 200 OK"
2026-01-13 11:14:11,949 - httpx - INFO - HTTP Request: GET http://procure-x.testmcp.org/history/805a28b3-4280-4279-aa1e-a6b1883953ca "HTTP/1.1 200 OK"
2026-01-13 11:14:12,985 - httpx - INFO - HTTP Request: GET http://procure-x.testmcp.org/history/805a28b3-4280-4279-aa1e-a6b1883953ca "HTTP/1.1 200 OK"
2026-01-13 11:14:14,022 - httpx - INFO - HTTP Request: GET http://procure-x.testmcp.org/history/805a28b3-4280-4279-aa1e-a6b1883953ca "HTTP/1.1 200 OK"
2026-01-13 11:14:15,053 - httpx - INFO - HTTP Request: GET http://procure-x.testmcp.org/history/805a28b3-4280-4279-aa1e-a6b1883953ca "HTTP/1.1 200 OK"
2026-01-13 11:14:16,091 - httpx - INFO - HTTP Request: GET http://procure-x.testmcp.org/history/805a28b3-4280-4279-aa1e-a6b1883953ca "HTTP/1.1 200 OK"
2026-01-13 11:14:17,181 - httpx - INFO - HTTP Request: GET http://procure-x.testmcp.org/history/805a28b3-4280-4279-aa1e-a6b1883953ca "HTTP/1.1 200 OK"
2026-01-13 11:14:18,228 - httpx - INFO - HTTP Request: GET http://procure-x.testmcp.org/history/805a28b3-4280-4279-aa1e-a6b1883953ca "HTTP/1.1 200 OK"
2026-01-13 11:14:19,301 - httpx - INFO - HTTP Request: GET http://procure-x.testmcp.org/history/805a28b3-4280-4279-aa1e-a6b1883953ca "HTTP/1.1 200 OK"
2026-01-13 11:14:20,326 - httpx - INFO - HTTP Request: GET http://procure-x.testmcp.org/history/805a28b3-4280-4279-aa1e-a6b1883953ca "HTTP/1.1 200 OK"
2026-01-13 11:14:21,356 - httpx - INFO - HTTP Request: GET http://procure-x.testmcp.org/history/805a28b3-4280-4279-aa1e-a6b1883953ca "HTTP/1.1 200 OK"
2026-01-13 11:14:22,380 - httpx - INFO - HTTP Request: GET http://procure-x.testmcp.org/history/805a28b3-4280-4279-aa1e-a6b1883953ca "HTTP/1.1 200 OK"
2026-01-13 11:14:23,410 - httpx - INFO - HTTP Request: GET http://procure-x.testmcp.org/history/805a28b3-4280-4279-aa1e-a6b1883953ca "HTTP/1.1 200 OK"
2026-01-13 11:14:24,445 - httpx - INFO - HTTP Request: GET http://procure-x.testmcp.org/history/805a28b3-4280-4279-aa1e-a6b1883953ca "HTTP/1.1 200 OK"
2026-01-13 11:14:25,471 - httpx - INFO - HTTP Request: GET http://procure-x.testmcp.org/history/805a28b3-4280-4279-aa1e-a6b1883953ca "HTTP/1.1 200 OK"
2026-01-13 11:14:26,502 - httpx - INFO - HTTP Request: GET http://procure-x.testmcp.org/history/805a28b3-4280-4279-aa1e-a6b1883953ca "HTTP/1.1 200 OK"
2026-01-13 11:14:27,546 - httpx - INFO - HTTP Request: GET http://procure-x.testmcp.org/history/805a28b3-4280-4279-aa1e-a6b1883953ca "HTTP/1.1 200 OK"
2026-01-13 11:14:28,578 - httpx - INFO - HTTP Request: GET http://procure-x.testmcp.org/history/805a28b3-4280-4279-aa1e-a6b1883953ca "HTTP/1.1 200 OK"
2026-01-13 11:14:29,613 - httpx - INFO - HTTP Request: GET http://procure-x.testmcp.org/history/805a28b3-4280-4279-aa1e-a6b1883953ca "HTTP/1.1 200 OK"
2026-01-13 11:14:30,653 - httpx - INFO - HTTP Request: GET http://procure-x.testmcp.org/history/805a28b3-4280-4279-aa1e-a6b1883953ca "HTTP/1.1 200 OK"
2026-01-13 11:14:31,750 - httpx - INFO - HTTP Request: GET http://procure-x.testmcp.org/history/805a28b3-4280-4279-aa1e-a6b1883953ca "HTTP/1.1 200 OK"
2026-01-13 11:14:32,783 - httpx - INFO - HTTP Request: GET http://procure-x.testmcp.org/history/805a28b3-4280-4279-aa1e-a6b1883953ca "HTTP/1.1 200 OK"
2026-01-13 11:14:33,816 - httpx - INFO - HTTP Request: GET http://procure-x.testmcp.org/history/805a28b3-4280-4279-aa1e-a6b1883953ca "HTTP/1.1 200 OK"
2026-01-13 11:14:34,838 - httpx - INFO - HTTP Request: GET http://procure-x.testmcp.org/history/805a28b3-4280-4279-aa1e-a6b1883953ca "HTTP/1.1 200 OK"
2026-01-13 11:14:35,876 - httpx - INFO - HTTP Request: GET http://procure-x.testmcp.org/history/805a28b3-4280-4279-aa1e-a6b1883953ca "HTTP/1.1 200 OK"
2026-01-13 11:14:36,895 - httpx - INFO - HTTP Request: GET http://procure-x.testmcp.org/history/805a28b3-4280-4279-aa1e-a6b1883953ca "HTTP/1.1 200 OK"
2026-01-13 11:14:37,928 - httpx - INFO - HTTP Request: GET http://procure-x.testmcp.org/history/805a28b3-4280-4279-aa1e-a6b1883953ca "HTTP/1.1 200 OK"
2026-01-13 11:14:39,207 - httpx - INFO - HTTP Request: GET http://procure-x.testmcp.org/history/805a28b3-4280-4279-aa1e-a6b1883953ca "HTTP/1.1 200 OK"
2026-01-13 11:14:40,247 - httpx - INFO - HTTP Request: GET http://procure-x.testmcp.org/history/805a28b3-4280-4279-aa1e-a6b1883953ca "HTTP/1.1 200 OK"
2026-01-13 11:14:41,273 - httpx - INFO - HTTP Request: GET http://procure-x.testmcp.org/history/805a28b3-4280-4279-aa1e-a6b1883953ca "HTTP/1.1 200 OK"
2026-01-13 11:14:42,295 - httpx - INFO - HTTP Request: GET http://procure-x.testmcp.org/history/805a28b3-4280-4279-aa1e-a6b1883953ca "HTTP/1.1 200 OK"
2026-01-13 11:14:43,316 - httpx - INFO - HTTP Request: GET http://procure-x.testmcp.org/history/805a28b3-4280-4279-aa1e-a6b1883953ca "HTTP/1.1 200 OK"
2026-01-13 11:14:44,362 - httpx - INFO - HTTP Request: GET http://procure-x.testmcp.org/history/805a28b3-4280-4279-aa1e-a6b1883953ca "HTTP/1.1 200 OK"
2026-01-13 11:14:45,385 - httpx - INFO - HTTP Request: GET http://procure-x.testmcp.org/history/805a28b3-4280-4279-aa1e-a6b1883953ca "HTTP/1.1 200 OK"
2026-01-13 11:14:46,421 - httpx - INFO - HTTP Request: GET http://procure-x.testmcp.org/history/805a28b3-4280-4279-aa1e-a6b1883953ca "HTTP/1.1 200 OK"
2026-01-13 11:14:47,458 - httpx - INFO - HTTP Request: GET http://procure-x.testmcp.org/history/805a28b3-4280-4279-aa1e-a6b1883953ca "HTTP/1.1 200 OK"
2026-01-13 11:14:48,491 - httpx - INFO - HTTP Request: GET http://procure-x.testmcp.org/history/805a28b3-4280-4279-aa1e-a6b1883953ca "HTTP/1.1 200 OK"
2026-01-13 11:14:49,520 - httpx - INFO - HTTP Request: GET http://procure-x.testmcp.org/history/805a28b3-4280-4279-aa1e-a6b1883953ca "HTTP/1.1 200 OK"
2026-01-13 11:14:50,554 - httpx - INFO - HTTP Request: GET http://procure-x.testmcp.org/history/805a28b3-4280-4279-aa1e-a6b1883953ca "HTTP/1.1 200 OK"
2026-01-13 11:14:51,588 - httpx - INFO - HTTP Request: GET http://procure-x.testmcp.org/history/805a28b3-4280-4279-aa1e-a6b1883953ca "HTTP/1.1 200 OK"
2026-01-13 11:14:52,611 - httpx - INFO - HTTP Request: GET http://procure-x.testmcp.org/history/805a28b3-4280-4279-aa1e-a6b1883953ca "HTTP/1.1 200 OK"
2026-01-13 11:14:53,638 - httpx - INFO - HTTP Request: GET http://procure-x.testmcp.org/history/805a28b3-4280-4279-aa1e-a6b1883953ca "HTTP/1.1 200 OK"
2026-01-13 11:14:54,676 - httpx - INFO - HTTP Request: GET http://procure-x.testmcp.org/history/805a28b3-4280-4279-aa1e-a6b1883953ca "HTTP/1.1 200 OK"
2026-01-13 11:14:55,710 - httpx - INFO - HTTP Request: GET http://procure-x.testmcp.org/history/805a28b3-4280-4279-aa1e-a6b1883953ca "HTTP/1.1 200 OK"
2026-01-13 11:14:56,749 - httpx - INFO - HTTP Request: GET http://procure-x.testmcp.org/history/805a28b3-4280-4279-aa1e-a6b1883953ca "HTTP/1.1 200 OK"
2026-01-13 11:14:57,781 - httpx - INFO - HTTP Request: GET http://procure-x.testmcp.org/history/805a28b3-4280-4279-aa1e-a6b1883953ca "HTTP/1.1 200 OK"
2026-01-13 11:14:58,814 - httpx - INFO - HTTP Request: GET http://procure-x.testmcp.org/history/805a28b3-4280-4279-aa1e-a6b1883953ca "HTTP/1.1 200 OK"
2026-01-13 11:14:59,848 - httpx - INFO - HTTP Request: GET http://procure-x.testmcp.org/history/805a28b3-4280-4279-aa1e-a6b1883953ca "HTTP/1.1 200 OK"
2026-01-13 11:15:00,871 - httpx - INFO - HTTP Request: GET http://procure-x.testmcp.org/history/805a28b3-4280-4279-aa1e-a6b1883953ca "HTTP/1.1 200 OK"
2026-01-13 11:15:01,912 - httpx - INFO - HTTP Request: GET http://procure-x.testmcp.org/history/805a28b3-4280-4279-aa1e-a6b1883953ca "HTTP/1.1 200 OK"
2026-01-13 11:15:02,932 - httpx - INFO - HTTP Request: GET http://procure-x.testmcp.org/history/805a28b3-4280-4279-aa1e-a6b1883953ca "HTTP/1.1 200 OK"
2026-01-13 11:15:03,958 - httpx - INFO - HTTP Request: GET http://procure-x.testmcp.org/history/805a28b3-4280-4279-aa1e-a6b1883953ca "HTTP/1.1 200 OK"
2026-01-13 11:15:04,983 - httpx - INFO - HTTP Request: GET http://procure-x.testmcp.org/history/805a28b3-4280-4279-aa1e-a6b1883953ca "HTTP/1.1 200 OK"
2026-01-13 11:15:06,006 - httpx - INFO - HTTP Request: GET http://procure-x.testmcp.org/history/805a28b3-4280-4279-aa1e-a6b1883953ca "HTTP/1.1 200 OK"
2026-01-13 11:15:07,031 - httpx - INFO - HTTP Request: GET http://procure-x.testmcp.org/history/805a28b3-4280-4279-aa1e-a6b1883953ca "HTTP/1.1 200 OK"
2026-01-13 11:15:08,058 - httpx - INFO - HTTP Request: GET http://procure-x.testmcp.org/history/805a28b3-4280-4279-aa1e-a6b1883953ca "HTTP/1.1 200 OK"
2026-01-13 11:15:09,084 - httpx - INFO - HTTP Request: GET http://procure-x.testmcp.org/history/805a28b3-4280-4279-aa1e-a6b1883953ca "HTTP/1.1 200 OK"
2026-01-13 11:15:10,122 - httpx - INFO - HTTP Request: GET http://procure-x.testmcp.org/history/805a28b3-4280-4279-aa1e-a6b1883953ca "HTTP/1.1 200 OK"
2026-01-13 11:15:11,147 - httpx - INFO - HTTP Request: GET http://procure-x.testmcp.org/history/805a28b3-4280-4279-aa1e-a6b1883953ca "HTTP/1.1 200 OK"
2026-01-13 11:15:12,170 - httpx - INFO - HTTP Request: GET http://procure-x.testmcp.org/history/805a28b3-4280-4279-aa1e-a6b1883953ca "HTTP/1.1 200 OK"
2026-01-13 11:15:13,194 - httpx - INFO - HTTP Request: GET http://procure-x.testmcp.org/history/805a28b3-4280-4279-aa1e-a6b1883953ca "HTTP/1.1 200 OK"
2026-01-13 11:15:14,223 - httpx - INFO - HTTP Request: GET http://procure-x.testmcp.org/history/805a28b3-4280-4279-aa1e-a6b1883953ca "HTTP/1.1 200 OK"
2026-01-13 11:15:15,249 - httpx - INFO - HTTP Request: GET http://procure-x.testmcp.org/history/805a28b3-4280-4279-aa1e-a6b1883953ca "HTTP/1.1 200 OK"
2026-01-13 11:15:16,278 - httpx - INFO - HTTP Request: GET http://procure-x.testmcp.org/history/805a28b3-4280-4279-aa1e-a6b1883953ca "HTTP/1.1 200 OK"
2026-01-13 11:15:17,319 - httpx - INFO - HTTP Request: GET http://procure-x.testmcp.org/history/805a28b3-4280-4279-aa1e-a6b1883953ca "HTTP/1.1 200 OK"
2026-01-13 11:15:18,359 - httpx - INFO - HTTP Request: GET http://procure-x.testmcp.org/history/805a28b3-4280-4279-aa1e-a6b1883953ca "HTTP/1.1 200 OK"
2026-01-13 11:15:19,407 - httpx - INFO - HTTP Request: GET http://procure-x.testmcp.org/history/805a28b3-4280-4279-aa1e-a6b1883953ca "HTTP/1.1 200 OK"
2026-01-13 11:15:20,444 - httpx - INFO - HTTP Request: GET http://procure-x.testmcp.org/history/805a28b3-4280-4279-aa1e-a6b1883953ca "HTTP/1.1 200 OK"
2026-01-13 11:15:21,468 - httpx - INFO - HTTP Request: GET http://procure-x.testmcp.org/history/805a28b3-4280-4279-aa1e-a6b1883953ca "HTTP/1.1 200 OK"
2026-01-13 11:15:22,493 - httpx - INFO - HTTP Request: GET http://procure-x.testmcp.org/history/805a28b3-4280-4279-aa1e-a6b1883953ca "HTTP/1.1 200 OK"
2026-01-13 11:15:23,522 - httpx - INFO - HTTP Request: GET http://procure-x.testmcp.org/history/805a28b3-4280-4279-aa1e-a6b1883953ca "HTTP/1.1 200 OK"
2026-01-13 11:15:24,556 - httpx - INFO - HTTP Request: GET http://procure-x.testmcp.org/history/805a28b3-4280-4279-aa1e-a6b1883953ca "HTTP/1.1 200 OK"
2026-01-13 11:15:25,578 - httpx - INFO - HTTP Request: GET http://procure-x.testmcp.org/history/805a28b3-4280-4279-aa1e-a6b1883953ca "HTTP/1.1 200 OK"
2026-01-13 11:15:26,603 - httpx - INFO - HTTP Request: GET http://procure-x.testmcp.org/history/805a28b3-4280-4279-aa1e-a6b1883953ca "HTTP/1.1 200 OK"
2026-01-13 11:15:27,642 - httpx - INFO - HTTP Request: GET http://procure-x.testmcp.org/history/805a28b3-4280-4279-aa1e-a6b1883953ca "HTTP/1.1 200 OK"
2026-01-13 11:15:28,676 - httpx - INFO - HTTP Request: GET http://procure-x.testmcp.org/history/805a28b3-4280-4279-aa1e-a6b1883953ca "HTTP/1.1 200 OK"
2026-01-13 11:15:29,709 - httpx - INFO - HTTP Request: GET http://procure-x.testmcp.org/history/805a28b3-4280-4279-aa1e-a6b1883953ca "HTTP/1.1 200 OK"
2026-01-13 11:15:30,745 - httpx - INFO - HTTP Request: GET http://procure-x.testmcp.org/history/805a28b3-4280-4279-aa1e-a6b1883953ca "HTTP/1.1 200 OK"
2026-01-13 11:15:31,780 - httpx - INFO - HTTP Request: GET http://procure-x.testmcp.org/history/805a28b3-4280-4279-aa1e-a6b1883953ca "HTTP/1.1 200 OK"
2026-01-13 11:15:32,816 - httpx - INFO - HTTP Request: GET http://procure-x.testmcp.org/history/805a28b3-4280-4279-aa1e-a6b1883953ca "HTTP/1.1 200 OK"
2026-01-13 11:15:33,842 - httpx - INFO - HTTP Request: GET http://procure-x.testmcp.org/history/805a28b3-4280-4279-aa1e-a6b1883953ca "HTTP/1.1 200 OK"
2026-01-13 11:15:34,877 - httpx - INFO - HTTP Request: GET http://procure-x.testmcp.org/history/805a28b3-4280-4279-aa1e-a6b1883953ca "HTTP/1.1 200 OK"
2026-01-13 11:15:35,907 - httpx - INFO - HTTP Request: GET http://procure-x.testmcp.org/history/805a28b3-4280-4279-aa1e-a6b1883953ca "HTTP/1.1 200 OK"
2026-01-13 11:15:36,931 - httpx - INFO - HTTP Request: GET http://procure-x.testmcp.org/history/805a28b3-4280-4279-aa1e-a6b1883953ca "HTTP/1.1 200 OK"
2026-01-13 11:15:37,960 - httpx - INFO - HTTP Request: GET http://procure-x.testmcp.org/history/805a28b3-4280-4279-aa1e-a6b1883953ca "HTTP/1.1 200 OK"
2026-01-13 11:15:38,988 - httpx - INFO - HTTP Request: GET http://procure-x.testmcp.org/history/805a28b3-4280-4279-aa1e-a6b1883953ca "HTTP/1.1 200 OK"
2026-01-13 11:15:40,027 - httpx - INFO - HTTP Request: GET http://procure-x.testmcp.org/history/805a28b3-4280-4279-aa1e-a6b1883953ca "HTTP/1.1 200 OK"
2026-01-13 11:15:41,053 - httpx - INFO - HTTP Request: GET http://procure-x.testmcp.org/history/805a28b3-4280-4279-aa1e-a6b1883953ca "HTTP/1.1 200 OK"
2026-01-13 11:15:42,076 - httpx - INFO - HTTP Request: GET http://procure-x.testmcp.org/history/805a28b3-4280-4279-aa1e-a6b1883953ca "HTTP/1.1 200 OK"
2026-01-13 11:15:43,103 - httpx - INFO - HTTP Request: GET http://procure-x.testmcp.org/history/805a28b3-4280-4279-aa1e-a6b1883953ca "HTTP/1.1 200 OK"
2026-01-13 11:15:44,130 - httpx - INFO - HTTP Request: GET http://procure-x.testmcp.org/history/805a28b3-4280-4279-aa1e-a6b1883953ca "HTTP/1.1 200 OK"
2026-01-13 11:15:45,155 - httpx - INFO - HTTP Request: GET http://procure-x.testmcp.org/history/805a28b3-4280-4279-aa1e-a6b1883953ca "HTTP/1.1 200 OK"
2026-01-13 11:15:46,177 - httpx - INFO - HTTP Request: GET http://procure-x.testmcp.org/history/805a28b3-4280-4279-aa1e-a6b1883953ca "HTTP/1.1 200 OK"
2026-01-13 11:15:47,214 - httpx - INFO - HTTP Request: GET http://procure-x.testmcp.org/history/805a28b3-4280-4279-aa1e-a6b1883953ca "HTTP/1.1 200 OK"
2026-01-13 11:15:48,242 - httpx - INFO - HTTP Request: GET http://procure-x.testmcp.org/history/805a28b3-4280-4279-aa1e-a6b1883953ca "HTTP/1.1 200 OK"
2026-01-13 11:15:49,271 - httpx - INFO - HTTP Request: GET http://procure-x.testmcp.org/history/805a28b3-4280-4279-aa1e-a6b1883953ca "HTTP/1.1 200 OK"
2026-01-13 11:15:50,314 - httpx - INFO - HTTP Request: GET http://procure-x.testmcp.org/history/805a28b3-4280-4279-aa1e-a6b1883953ca "HTTP/1.1 200 OK"
2026-01-13 11:15:51,335 - httpx - INFO - HTTP Request: GET http://procure-x.testmcp.org/history/805a28b3-4280-4279-aa1e-a6b1883953ca "HTTP/1.1 200 OK"
2026-01-13 11:15:52,374 - httpx - INFO - HTTP Request: GET http://procure-x.testmcp.org/history/805a28b3-4280-4279-aa1e-a6b1883953ca "HTTP/1.1 200 OK"
2026-01-13 11:15:53,403 - httpx - INFO - HTTP Request: GET http://procure-x.testmcp.org/history/805a28b3-4280-4279-aa1e-a6b1883953ca "HTTP/1.1 200 OK"
2026-01-13 11:15:54,426 - httpx - INFO - HTTP Request: GET http://procure-x.testmcp.org/history/805a28b3-4280-4279-aa1e-a6b1883953ca "HTTP/1.1 200 OK"
2026-01-13 11:15:55,456 - httpx - INFO - HTTP Request: GET http://procure-x.testmcp.org/history/805a28b3-4280-4279-aa1e-a6b1883953ca "HTTP/1.1 200 OK"
2026-01-13 11:15:56,494 - httpx - INFO - HTTP Request: GET http://procure-x.testmcp.org/history/805a28b3-4280-4279-aa1e-a6b1883953ca "HTTP/1.1 200 OK"
2026-01-13 11:15:57,515 - httpx - INFO - HTTP Request: GET http://procure-x.testmcp.org/history/805a28b3-4280-4279-aa1e-a6b1883953ca "HTTP/1.1 200 OK"
2026-01-13 11:15:58,539 - httpx - INFO - HTTP Request: GET http://procure-x.testmcp.org/history/805a28b3-4280-4279-aa1e-a6b1883953ca "HTTP/1.1 200 OK"
2026-01-13 11:15:59,564 - httpx - INFO - HTTP Request: GET http://procure-x.testmcp.org/history/805a28b3-4280-4279-aa1e-a6b1883953ca "HTTP/1.1 200 OK"
2026-01-13 11:16:00,594 - httpx - INFO - HTTP Request: GET http://procure-x.testmcp.org/history/805a28b3-4280-4279-aa1e-a6b1883953ca "HTTP/1.1 200 OK"
2026-01-13 11:16:01,629 - httpx - INFO - HTTP Request: GET http://procure-x.testmcp.org/history/805a28b3-4280-4279-aa1e-a6b1883953ca "HTTP/1.1 200 OK"
2026-01-13 11:16:02,656 - httpx - INFO - HTTP Request: GET http://procure-x.testmcp.org/history/805a28b3-4280-4279-aa1e-a6b1883953ca "HTTP/1.1 200 OK"
2026-01-13 11:16:03,705 - httpx - INFO - HTTP Request: GET http://procure-x.testmcp.org/history/805a28b3-4280-4279-aa1e-a6b1883953ca "HTTP/1.1 200 OK"
2026-01-13 11:16:04,752 - httpx - INFO - HTTP Request: GET http://procure-x.testmcp.org/history/805a28b3-4280-4279-aa1e-a6b1883953ca "HTTP/1.1 200 OK"
2026-01-13 11:16:05,781 - httpx - INFO - HTTP Request: GET http://procure-x.testmcp.org/history/805a28b3-4280-4279-aa1e-a6b1883953ca "HTTP/1.1 200 OK"
2026-01-13 11:16:06,809 - httpx - INFO - HTTP Request: GET http://procure-x.testmcp.org/history/805a28b3-4280-4279-aa1e-a6b1883953ca "HTTP/1.1 200 OK"
2026-01-13 11:16:07,888 - httpx - INFO - HTTP Request: GET http://procure-x.testmcp.org/history/805a28b3-4280-4279-aa1e-a6b1883953ca "HTTP/1.1 200 OK"
2026-01-13 11:16:08,924 - httpx - INFO - HTTP Request: GET http://procure-x.testmcp.org/history/805a28b3-4280-4279-aa1e-a6b1883953ca "HTTP/1.1 200 OK"
2026-01-13 11:16:09,955 - httpx - INFO - HTTP Request: GET http://procure-x.testmcp.org/history/805a28b3-4280-4279-aa1e-a6b1883953ca "HTTP/1.1 200 OK"
2026-01-13 11:16:11,016 - httpx - INFO - HTTP Request: GET http://procure-x.testmcp.org/history/805a28b3-4280-4279-aa1e-a6b1883953ca "HTTP/1.1 200 OK"
2026-01-13 11:16:12,034 - httpx - INFO - HTTP Request: GET http://procure-x.testmcp.org/history/805a28b3-4280-4279-aa1e-a6b1883953ca "HTTP/1.1 200 OK"
2026-01-13 11:16:13,074 - httpx - INFO - HTTP Request: GET http://procure-x.testmcp.org/history/805a28b3-4280-4279-aa1e-a6b1883953ca "HTTP/1.1 200 OK"
2026-01-13 11:16:14,136 - httpx - INFO - HTTP Request: GET http://procure-x.testmcp.org/history/805a28b3-4280-4279-aa1e-a6b1883953ca "HTTP/1.1 200 OK"
2026-01-13 11:16:15,160 - httpx - INFO - HTTP Request: GET http://procure-x.testmcp.org/history/805a28b3-4280-4279-aa1e-a6b1883953ca "HTTP/1.1 200 OK"
2026-01-13 11:16:16,190 - httpx - INFO - HTTP Request: GET http://procure-x.testmcp.org/history/805a28b3-4280-4279-aa1e-a6b1883953ca "HTTP/1.1 200 OK"
2026-01-13 11:16:17,224 - httpx - INFO - HTTP Request: GET http://procure-x.testmcp.org/history/805a28b3-4280-4279-aa1e-a6b1883953ca "HTTP/1.1 200 OK"
2026-01-13 11:16:18,246 - httpx - INFO - HTTP Request: GET http://procure-x.testmcp.org/history/805a28b3-4280-4279-aa1e-a6b1883953ca "HTTP/1.1 200 OK"
2026-01-13 11:16:19,268 - httpx - INFO - HTTP Request: GET http://procure-x.testmcp.org/history/805a28b3-4280-4279-aa1e-a6b1883953ca "HTTP/1.1 200 OK"
2026-01-13 11:16:20,297 - httpx - INFO - HTTP Request: GET http://procure-x.testmcp.org/history/805a28b3-4280-4279-aa1e-a6b1883953ca "HTTP/1.1 200 OK"
2026-01-13 11:16:21,331 - httpx - INFO - HTTP Request: GET http://procure-x.testmcp.org/history/805a28b3-4280-4279-aa1e-a6b1883953ca "HTTP/1.1 200 OK"
2026-01-13 11:16:22,372 - httpx - INFO - HTTP Request: GET http://procure-x.testmcp.org/history/805a28b3-4280-4279-aa1e-a6b1883953ca "HTTP/1.1 200 OK"
2026-01-13 11:16:23,418 - httpx - INFO - HTTP Request: GET http://procure-x.testmcp.org/history/805a28b3-4280-4279-aa1e-a6b1883953ca "HTTP/1.1 200 OK"
2026-01-13 11:16:24,450 - httpx - INFO - HTTP Request: GET http://procure-x.testmcp.org/history/805a28b3-4280-4279-aa1e-a6b1883953ca "HTTP/1.1 200 OK"
2026-01-13 11:16:25,497 - httpx - INFO - HTTP Request: GET http://procure-x.testmcp.org/history/805a28b3-4280-4279-aa1e-a6b1883953ca "HTTP/1.1 200 OK"
2026-01-13 11:16:26,534 - httpx - INFO - HTTP Request: GET http://procure-x.testmcp.org/history/805a28b3-4280-4279-aa1e-a6b1883953ca "HTTP/1.1 200 OK"
2026-01-13 11:16:27,585 - httpx - INFO - HTTP Request: GET http://procure-x.testmcp.org/history/805a28b3-4280-4279-aa1e-a6b1883953ca "HTTP/1.1 200 OK"
2026-01-13 11:16:28,628 - httpx - INFO - HTTP Request: GET http://procure-x.testmcp.org/history/805a28b3-4280-4279-aa1e-a6b1883953ca "HTTP/1.1 200 OK"
2026-01-13 11:16:29,660 - httpx - INFO - HTTP Request: GET http://procure-x.testmcp.org/history/805a28b3-4280-4279-aa1e-a6b1883953ca "HTTP/1.1 200 OK"
2026-01-13 11:16:30,689 - httpx - INFO - HTTP Request: GET http://procure-x.testmcp.org/history/805a28b3-4280-4279-aa1e-a6b1883953ca "HTTP/1.1 200 OK"
2026-01-13 11:16:31,711 - httpx - INFO - HTTP Request: GET http://procure-x.testmcp.org/history/805a28b3-4280-4279-aa1e-a6b1883953ca "HTTP/1.1 200 OK"
2026-01-13 11:16:32,754 - httpx - INFO - HTTP Request: GET http://procure-x.testmcp.org/history/805a28b3-4280-4279-aa1e-a6b1883953ca "HTTP/1.1 200 OK"
2026-01-13 11:16:33,814 - httpx - INFO - HTTP Request: GET http://procure-x.testmcp.org/history/805a28b3-4280-4279-aa1e-a6b1883953ca "HTTP/1.1 200 OK"
2026-01-13 11:16:34,838 - httpx - INFO - HTTP Request: GET http://procure-x.testmcp.org/history/805a28b3-4280-4279-aa1e-a6b1883953ca "HTTP/1.1 200 OK"
2026-01-13 11:16:35,864 - httpx - INFO - HTTP Request: GET http://procure-x.testmcp.org/history/805a28b3-4280-4279-aa1e-a6b1883953ca "HTTP/1.1 200 OK"
2026-01-13 11:16:36,895 - httpx - INFO - HTTP Request: GET http://procure-x.testmcp.org/history/805a28b3-4280-4279-aa1e-a6b1883953ca "HTTP/1.1 200 OK"
2026-01-13 11:16:37,927 - httpx - INFO - HTTP Request: GET http://procure-x.testmcp.org/history/805a28b3-4280-4279-aa1e-a6b1883953ca "HTTP/1.1 200 OK"
2026-01-13 11:16:38,952 - httpx - INFO - HTTP Request: GET http://procure-x.testmcp.org/history/805a28b3-4280-4279-aa1e-a6b1883953ca "HTTP/1.1 200 OK"
2026-01-13 11:16:39,976 - httpx - INFO - HTTP Request: GET http://procure-x.testmcp.org/history/805a28b3-4280-4279-aa1e-a6b1883953ca "HTTP/1.1 200 OK"
2026-01-13 11:16:41,008 - httpx - INFO - HTTP Request: GET http://procure-x.testmcp.org/history/805a28b3-4280-4279-aa1e-a6b1883953ca "HTTP/1.1 200 OK"
2026-01-13 11:16:42,062 - httpx - INFO - HTTP Request: GET http://procure-x.testmcp.org/history/805a28b3-4280-4279-aa1e-a6b1883953ca "HTTP/1.1 200 OK"
2026-01-13 11:16:43,091 - httpx - INFO - HTTP Request: GET http://procure-x.testmcp.org/history/805a28b3-4280-4279-aa1e-a6b1883953ca "HTTP/1.1 200 OK"
2026-01-13 11:16:44,120 - httpx - INFO - HTTP Request: GET http://procure-x.testmcp.org/history/805a28b3-4280-4279-aa1e-a6b1883953ca "HTTP/1.1 200 OK"
2026-01-13 11:16:45,153 - httpx - INFO - HTTP Request: GET http://procure-x.testmcp.org/history/805a28b3-4280-4279-aa1e-a6b1883953ca "HTTP/1.1 200 OK"
2026-01-13 11:16:46,179 - httpx - INFO - HTTP Request: GET http://procure-x.testmcp.org/history/805a28b3-4280-4279-aa1e-a6b1883953ca "HTTP/1.1 200 OK"
2026-01-13 11:16:47,229 - httpx - INFO - HTTP Request: GET http://procure-x.testmcp.org/history/805a28b3-4280-4279-aa1e-a6b1883953ca "HTTP/1.1 200 OK"
2026-01-13 11:16:48,269 - httpx - INFO - HTTP Request: GET http://procure-x.testmcp.org/history/805a28b3-4280-4279-aa1e-a6b1883953ca "HTTP/1.1 200 OK"
2026-01-13 11:16:49,308 - httpx - INFO - HTTP Request: GET http://procure-x.testmcp.org/history/805a28b3-4280-4279-aa1e-a6b1883953ca "HTTP/1.1 200 OK"
2026-01-13 11:16:50,335 - httpx - INFO - HTTP Request: GET http://procure-x.testmcp.org/history/805a28b3-4280-4279-aa1e-a6b1883953ca "HTTP/1.1 200 OK"
2026-01-13 11:16:51,365 - httpx - INFO - HTTP Request: GET http://procure-x.testmcp.org/history/805a28b3-4280-4279-aa1e-a6b1883953ca "HTTP/1.1 200 OK"
2026-01-13 11:16:52,397 - httpx - INFO - HTTP Request: GET http://procure-x.testmcp.org/history/805a28b3-4280-4279-aa1e-a6b1883953ca "HTTP/1.1 200 OK"
2026-01-13 11:16:53,431 - httpx - INFO - HTTP Request: GET http://procure-x.testmcp.org/history/805a28b3-4280-4279-aa1e-a6b1883953ca "HTTP/1.1 200 OK"
2026-01-13 11:16:54,456 - httpx - INFO - HTTP Request: GET http://procure-x.testmcp.org/history/805a28b3-4280-4279-aa1e-a6b1883953ca "HTTP/1.1 200 OK"
2026-01-13 11:16:55,543 - httpx - INFO - HTTP Request: GET http://procure-x.testmcp.org/history/805a28b3-4280-4279-aa1e-a6b1883953ca "HTTP/1.1 200 OK"
2026-01-13 11:16:56,582 - httpx - INFO - HTTP Request: GET http://procure-x.testmcp.org/history/805a28b3-4280-4279-aa1e-a6b1883953ca "HTTP/1.1 200 OK"
2026-01-13 11:16:57,604 - httpx - INFO - HTTP Request: GET http://procure-x.testmcp.org/history/805a28b3-4280-4279-aa1e-a6b1883953ca "HTTP/1.1 200 OK"
2026-01-13 11:16:58,636 - httpx - INFO - HTTP Request: GET http://procure-x.testmcp.org/history/805a28b3-4280-4279-aa1e-a6b1883953ca "HTTP/1.1 200 OK"
2026-01-13 11:16:59,704 - httpx - INFO - HTTP Request: GET http://procure-x.testmcp.org/history/805a28b3-4280-4279-aa1e-a6b1883953ca "HTTP/1.1 200 OK"
2026-01-13 11:17:00,734 - httpx - INFO - HTTP Request: GET http://procure-x.testmcp.org/history/805a28b3-4280-4279-aa1e-a6b1883953ca "HTTP/1.1 200 OK"
2026-01-13 11:17:01,763 - httpx - INFO - HTTP Request: GET http://procure-x.testmcp.org/history/805a28b3-4280-4279-aa1e-a6b1883953ca "HTTP/1.1 200 OK"
2026-01-13 11:17:02,808 - httpx - INFO - HTTP Request: GET http://procure-x.testmcp.org/history/805a28b3-4280-4279-aa1e-a6b1883953ca "HTTP/1.1 200 OK"
2026-01-13 11:17:03,839 - httpx - INFO - HTTP Request: GET http://procure-x.testmcp.org/history/805a28b3-4280-4279-aa1e-a6b1883953ca "HTTP/1.1 200 OK"
2026-01-13 11:17:04,867 - httpx - INFO - HTTP Request: GET http://procure-x.testmcp.org/history/805a28b3-4280-4279-aa1e-a6b1883953ca "HTTP/1.1 200 OK"
2026-01-13 11:17:05,901 - httpx - INFO - HTTP Request: GET http://procure-x.testmcp.org/history/805a28b3-4280-4279-aa1e-a6b1883953ca "HTTP/1.1 200 OK"
2026-01-13 11:17:06,948 - httpx - INFO - HTTP Request: GET http://procure-x.testmcp.org/history/805a28b3-4280-4279-aa1e-a6b1883953ca "HTTP/1.1 200 OK"
2026-01-13 11:17:07,981 - httpx - INFO - HTTP Request: GET http://procure-x.testmcp.org/history/805a28b3-4280-4279-aa1e-a6b1883953ca "HTTP/1.1 200 OK"
2026-01-13 11:17:09,008 - httpx - INFO - HTTP Request: GET http://procure-x.testmcp.org/history/805a28b3-4280-4279-aa1e-a6b1883953ca "HTTP/1.1 200 OK"
2026-01-13 11:17:10,049 - httpx - INFO - HTTP Request: GET http://procure-x.testmcp.org/history/805a28b3-4280-4279-aa1e-a6b1883953ca "HTTP/1.1 200 OK"
2026-01-13 11:17:11,075 - httpx - INFO - HTTP Request: GET http://procure-x.testmcp.org/history/805a28b3-4280-4279-aa1e-a6b1883953ca "HTTP/1.1 200 OK"
2026-01-13 11:17:12,107 - httpx - INFO - HTTP Request: GET http://procure-x.testmcp.org/history/805a28b3-4280-4279-aa1e-a6b1883953ca "HTTP/1.1 200 OK"
2026-01-13 11:17:13,133 - httpx - INFO - HTTP Request: GET http://procure-x.testmcp.org/history/805a28b3-4280-4279-aa1e-a6b1883953ca "HTTP/1.1 200 OK"
2026-01-13 11:17:14,161 - httpx - INFO - HTTP Request: GET http://procure-x.testmcp.org/history/805a28b3-4280-4279-aa1e-a6b1883953ca "HTTP/1.1 200 OK"
2026-01-13 11:17:15,202 - httpx - INFO - HTTP Request: GET http://procure-x.testmcp.org/history/805a28b3-4280-4279-aa1e-a6b1883953ca "HTTP/1.1 200 OK"
2026-01-13 11:17:16,232 - httpx - INFO - HTTP Request: GET http://procure-x.testmcp.org/history/805a28b3-4280-4279-aa1e-a6b1883953ca "HTTP/1.1 200 OK"
2026-01-13 11:17:17,253 - httpx - INFO - HTTP Request: GET http://procure-x.testmcp.org/history/805a28b3-4280-4279-aa1e-a6b1883953ca "HTTP/1.1 200 OK"
2026-01-13 11:17:18,281 - httpx - INFO - HTTP Request: GET http://procure-x.testmcp.org/history/805a28b3-4280-4279-aa1e-a6b1883953ca "HTTP/1.1 200 OK"
2026-01-13 11:17:19,300 - httpx - INFO - HTTP Request: GET http://procure-x.testmcp.org/history/805a28b3-4280-4279-aa1e-a6b1883953ca "HTTP/1.1 200 OK"
2026-01-13 11:17:20,324 - httpx - INFO - HTTP Request: GET http://procure-x.testmcp.org/history/805a28b3-4280-4279-aa1e-a6b1883953ca "HTTP/1.1 200 OK"
2026-01-13 11:17:21,342 - httpx - INFO - HTTP Request: GET http://procure-x.testmcp.org/history/805a28b3-4280-4279-aa1e-a6b1883953ca "HTTP/1.1 200 OK"
2026-01-13 11:17:22,372 - httpx - INFO - HTTP Request: GET http://procure-x.testmcp.org/history/805a28b3-4280-4279-aa1e-a6b1883953ca "HTTP/1.1 200 OK"
2026-01-13 11:17:23,392 - httpx - INFO - HTTP Request: GET http://procure-x.testmcp.org/history/805a28b3-4280-4279-aa1e-a6b1883953ca "HTTP/1.1 200 OK"
2026-01-13 11:17:24,413 - httpx - INFO - HTTP Request: GET http://procure-x.testmcp.org/history/805a28b3-4280-4279-aa1e-a6b1883953ca "HTTP/1.1 200 OK"
2026-01-13 11:17:25,446 - httpx - INFO - HTTP Request: GET http://procure-x.testmcp.org/history/805a28b3-4280-4279-aa1e-a6b1883953ca "HTTP/1.1 200 OK"
2026-01-13 11:17:26,477 - httpx - INFO - HTTP Request: GET http://procure-x.testmcp.org/history/805a28b3-4280-4279-aa1e-a6b1883953ca "HTTP/1.1 200 OK"
2026-01-13 11:17:27,513 - httpx - INFO - HTTP Request: GET http://procure-x.testmcp.org/history/805a28b3-4280-4279-aa1e-a6b1883953ca "HTTP/1.1 200 OK"
2026-01-13 11:17:28,544 - httpx - INFO - HTTP Request: GET http://procure-x.testmcp.org/history/805a28b3-4280-4279-aa1e-a6b1883953ca "HTTP/1.1 200 OK"
2026-01-13 11:17:29,576 - httpx - INFO - HTTP Request: GET http://procure-x.testmcp.org/history/805a28b3-4280-4279-aa1e-a6b1883953ca "HTTP/1.1 200 OK"
2026-01-13 11:17:30,649 - httpx - INFO - HTTP Request: GET http://procure-x.testmcp.org/history/805a28b3-4280-4279-aa1e-a6b1883953ca "HTTP/1.1 200 OK"
2026-01-13 11:17:31,678 - httpx - INFO - HTTP Request: GET http://procure-x.testmcp.org/history/805a28b3-4280-4279-aa1e-a6b1883953ca "HTTP/1.1 200 OK"
2026-01-13 11:17:32,702 - httpx - INFO - HTTP Request: GET http://procure-x.testmcp.org/history/805a28b3-4280-4279-aa1e-a6b1883953ca "HTTP/1.1 200 OK"
2026-01-13 11:17:33,732 - httpx - INFO - HTTP Request: GET http://procure-x.testmcp.org/history/805a28b3-4280-4279-aa1e-a6b1883953ca "HTTP/1.1 200 OK"
2026-01-13 11:17:34,760 - httpx - INFO - HTTP Request: GET http://procure-x.testmcp.org/history/805a28b3-4280-4279-aa1e-a6b1883953ca "HTTP/1.1 200 OK"
2026-01-13 11:17:35,786 - httpx - INFO - HTTP Request: GET http://procure-x.testmcp.org/history/805a28b3-4280-4279-aa1e-a6b1883953ca "HTTP/1.1 200 OK"
2026-01-13 11:17:36,806 - httpx - INFO - HTTP Request: GET http://procure-x.testmcp.org/history/805a28b3-4280-4279-aa1e-a6b1883953ca "HTTP/1.1 200 OK"
2026-01-13 11:17:37,833 - httpx - INFO - HTTP Request: GET http://procure-x.testmcp.org/history/805a28b3-4280-4279-aa1e-a6b1883953ca "HTTP/1.1 200 OK"
2026-01-13 11:17:38,859 - httpx - INFO - HTTP Request: GET http://procure-x.testmcp.org/history/805a28b3-4280-4279-aa1e-a6b1883953ca "HTTP/1.1 200 OK"
2026-01-13 11:17:39,897 - httpx - INFO - HTTP Request: GET http://procure-x.testmcp.org/history/805a28b3-4280-4279-aa1e-a6b1883953ca "HTTP/1.1 200 OK"
2026-01-13 11:17:40,929 - httpx - INFO - HTTP Request: GET http://procure-x.testmcp.org/history/805a28b3-4280-4279-aa1e-a6b1883953ca "HTTP/1.1 200 OK"
2026-01-13 11:17:41,955 - httpx - INFO - HTTP Request: GET http://procure-x.testmcp.org/history/805a28b3-4280-4279-aa1e-a6b1883953ca "HTTP/1.1 200 OK"
2026-01-13 11:17:42,988 - httpx - INFO - HTTP Request: GET http://procure-x.testmcp.org/history/805a28b3-4280-4279-aa1e-a6b1883953ca "HTTP/1.1 200 OK"
2026-01-13 11:17:44,012 - httpx - INFO - HTTP Request: GET http://procure-x.testmcp.org/history/805a28b3-4280-4279-aa1e-a6b1883953ca "HTTP/1.1 200 OK"
2026-01-13 11:17:45,040 - httpx - INFO - HTTP Request: GET http://procure-x.testmcp.org/history/805a28b3-4280-4279-aa1e-a6b1883953ca "HTTP/1.1 200 OK"
2026-01-13 11:17:46,071 - httpx - INFO - HTTP Request: GET http://procure-x.testmcp.org/history/805a28b3-4280-4279-aa1e-a6b1883953ca "HTTP/1.1 200 OK"
2026-01-13 11:17:47,110 - httpx - INFO - HTTP Request: GET http://procure-x.testmcp.org/history/805a28b3-4280-4279-aa1e-a6b1883953ca "HTTP/1.1 200 OK"
2026-01-13 11:17:48,150 - httpx - INFO - HTTP Request: GET http://procure-x.testmcp.org/history/805a28b3-4280-4279-aa1e-a6b1883953ca "HTTP/1.1 200 OK"
2026-01-13 11:17:49,195 - httpx - INFO - HTTP Request: GET http://procure-x.testmcp.org/history/805a28b3-4280-4279-aa1e-a6b1883953ca "HTTP/1.1 200 OK"
2026-01-13 11:17:50,224 - httpx - INFO - HTTP Request: GET http://procure-x.testmcp.org/history/805a28b3-4280-4279-aa1e-a6b1883953ca "HTTP/1.1 200 OK"
2026-01-13 11:17:51,265 - httpx - INFO - HTTP Request: GET http://procure-x.testmcp.org/history/805a28b3-4280-4279-aa1e-a6b1883953ca "HTTP/1.1 200 OK"
2026-01-13 11:17:52,293 - httpx - INFO - HTTP Request: GET http://procure-x.testmcp.org/history/805a28b3-4280-4279-aa1e-a6b1883953ca "HTTP/1.1 200 OK"
2026-01-13 11:17:53,326 - httpx - INFO - HTTP Request: GET http://procure-x.testmcp.org/history/805a28b3-4280-4279-aa1e-a6b1883953ca "HTTP/1.1 200 OK"
2026-01-13 11:17:54,354 - httpx - INFO - HTTP Request: GET http://procure-x.testmcp.org/history/805a28b3-4280-4279-aa1e-a6b1883953ca "HTTP/1.1 200 OK"
2026-01-13 11:17:55,390 - httpx - INFO - HTTP Request: GET http://procure-x.testmcp.org/history/805a28b3-4280-4279-aa1e-a6b1883953ca "HTTP/1.1 200 OK"
2026-01-13 11:17:56,433 - httpx - INFO - HTTP Request: GET http://procure-x.testmcp.org/history/805a28b3-4280-4279-aa1e-a6b1883953ca "HTTP/1.1 200 OK"
2026-01-13 11:17:57,469 - httpx - INFO - HTTP Request: GET http://procure-x.testmcp.org/history/805a28b3-4280-4279-aa1e-a6b1883953ca "HTTP/1.1 200 OK"
2026-01-13 11:17:58,506 - httpx - INFO - HTTP Request: GET http://procure-x.testmcp.org/history/805a28b3-4280-4279-aa1e-a6b1883953ca "HTTP/1.1 200 OK"
2026-01-13 11:17:59,534 - httpx - INFO - HTTP Request: GET http://procure-x.testmcp.org/history/805a28b3-4280-4279-aa1e-a6b1883953ca "HTTP/1.1 200 OK"
2026-01-13 11:18:00,567 - httpx - INFO - HTTP Request: GET http://procure-x.testmcp.org/history/805a28b3-4280-4279-aa1e-a6b1883953ca "HTTP/1.1 200 OK"
2026-01-13 11:18:01,602 - httpx - INFO - HTTP Request: GET http://procure-x.testmcp.org/history/805a28b3-4280-4279-aa1e-a6b1883953ca "HTTP/1.1 200 OK"
2026-01-13 11:18:02,649 - httpx - INFO - HTTP Request: GET http://procure-x.testmcp.org/history/805a28b3-4280-4279-aa1e-a6b1883953ca "HTTP/1.1 200 OK"
2026-01-13 11:18:03,683 - httpx - INFO - HTTP Request: GET http://procure-x.testmcp.org/history/805a28b3-4280-4279-aa1e-a6b1883953ca "HTTP/1.1 200 OK"
2026-01-13 11:18:04,706 - httpx - INFO - HTTP Request: GET http://procure-x.testmcp.org/history/805a28b3-4280-4279-aa1e-a6b1883953ca "HTTP/1.1 200 OK"
2026-01-13 11:18:05,753 - httpx - INFO - HTTP Request: GET http://procure-x.testmcp.org/history/805a28b3-4280-4279-aa1e-a6b1883953ca "HTTP/1.1 200 OK"
2026-01-13 11:18:06,795 - httpx - INFO - HTTP Request: GET http://procure-x.testmcp.org/history/805a28b3-4280-4279-aa1e-a6b1883953ca "HTTP/1.1 200 OK"
2026-01-13 11:18:07,832 - httpx - INFO - HTTP Request: GET http://procure-x.testmcp.org/history/805a28b3-4280-4279-aa1e-a6b1883953ca "HTTP/1.1 200 OK"
2026-01-13 11:18:08,856 - httpx - INFO - HTTP Request: GET http://procure-x.testmcp.org/history/805a28b3-4280-4279-aa1e-a6b1883953ca "HTTP/1.1 200 OK"
2026-01-13 11:18:09,885 - httpx - INFO - HTTP Request: GET http://procure-x.testmcp.org/history/805a28b3-4280-4279-aa1e-a6b1883953ca "HTTP/1.1 200 OK"
2026-01-13 11:18:10,915 - httpx - INFO - HTTP Request: GET http://procure-x.testmcp.org/history/805a28b3-4280-4279-aa1e-a6b1883953ca "HTTP/1.1 200 OK"
2026-01-13 11:18:11,946 - httpx - INFO - HTTP Request: GET http://procure-x.testmcp.org/history/805a28b3-4280-4279-aa1e-a6b1883953ca "HTTP/1.1 200 OK"
2026-01-13 11:18:12,974 - httpx - INFO - HTTP Request: GET http://procure-x.testmcp.org/history/805a28b3-4280-4279-aa1e-a6b1883953ca "HTTP/1.1 200 OK"
2026-01-13 11:18:14,004 - httpx - INFO - HTTP Request: GET http://procure-x.testmcp.org/history/805a28b3-4280-4279-aa1e-a6b1883953ca "HTTP/1.1 200 OK"
2026-01-13 11:18:15,029 - httpx - INFO - HTTP Request: GET http://procure-x.testmcp.org/history/805a28b3-4280-4279-aa1e-a6b1883953ca "HTTP/1.1 200 OK"
2026-01-13 11:18:16,065 - httpx - INFO - HTTP Request: GET http://procure-x.testmcp.org/history/805a28b3-4280-4279-aa1e-a6b1883953ca "HTTP/1.1 200 OK"
2026-01-13 11:18:17,101 - httpx - INFO - HTTP Request: GET http://procure-x.testmcp.org/history/805a28b3-4280-4279-aa1e-a6b1883953ca "HTTP/1.1 200 OK"
2026-01-13 11:18:18,124 - httpx - INFO - HTTP Request: GET http://procure-x.testmcp.org/history/805a28b3-4280-4279-aa1e-a6b1883953ca "HTTP/1.1 200 OK"
2026-01-13 11:18:19,144 - httpx - INFO - HTTP Request: GET http://procure-x.testmcp.org/history/805a28b3-4280-4279-aa1e-a6b1883953ca "HTTP/1.1 200 OK"
2026-01-13 11:18:20,189 - httpx - INFO - HTTP Request: GET http://procure-x.testmcp.org/history/805a28b3-4280-4279-aa1e-a6b1883953ca "HTTP/1.1 200 OK"
2026-01-13 11:18:21,233 - httpx - INFO - HTTP Request: GET http://procure-x.testmcp.org/history/805a28b3-4280-4279-aa1e-a6b1883953ca "HTTP/1.1 200 OK"
2026-01-13 11:18:22,264 - httpx - INFO - HTTP Request: GET http://procure-x.testmcp.org/history/805a28b3-4280-4279-aa1e-a6b1883953ca "HTTP/1.1 200 OK"
2026-01-13 11:18:23,283 - httpx - INFO - HTTP Request: GET http://procure-x.testmcp.org/history/805a28b3-4280-4279-aa1e-a6b1883953ca "HTTP/1.1 200 OK"
2026-01-13 11:18:24,324 - httpx - INFO - HTTP Request: GET http://procure-x.testmcp.org/history/805a28b3-4280-4279-aa1e-a6b1883953ca "HTTP/1.1 200 OK"
2026-01-13 11:18:25,366 - httpx - INFO - HTTP Request: GET http://procure-x.testmcp.org/history/805a28b3-4280-4279-aa1e-a6b1883953ca "HTTP/1.1 200 OK"
2026-01-13 11:18:26,403 - httpx - INFO - HTTP Request: GET http://procure-x.testmcp.org/history/805a28b3-4280-4279-aa1e-a6b1883953ca "HTTP/1.1 200 OK"
2026-01-13 11:18:27,439 - httpx - INFO - HTTP Request: GET http://procure-x.testmcp.org/history/805a28b3-4280-4279-aa1e-a6b1883953ca "HTTP/1.1 200 OK"
2026-01-13 11:18:28,512 - httpx - INFO - HTTP Request: GET http://procure-x.testmcp.org/history/805a28b3-4280-4279-aa1e-a6b1883953ca "HTTP/1.1 200 OK"
2026-01-13 11:18:29,544 - httpx - INFO - HTTP Request: GET http://procure-x.testmcp.org/history/805a28b3-4280-4279-aa1e-a6b1883953ca "HTTP/1.1 200 OK"
2026-01-13 11:18:30,602 - httpx - INFO - HTTP Request: GET http://procure-x.testmcp.org/history/805a28b3-4280-4279-aa1e-a6b1883953ca "HTTP/1.1 200 OK"
2026-01-13 11:18:31,646 - httpx - INFO - HTTP Request: GET http://procure-x.testmcp.org/history/805a28b3-4280-4279-aa1e-a6b1883953ca "HTTP/1.1 200 OK"
2026-01-13 11:18:32,282 - temporal_gateway.clients.comfy.tracker - INFO - [WS] Execution completed successfully
2026-01-13 11:18:33,411 - httpx - INFO - HTTP Request: GET http://procure-x.testmcp.org/history/805a28b3-4280-4279-aa1e-a6b1883953ca "HTTP/1.1 200 OK"
2026-01-13 11:18:33,414 - httpx - INFO - HTTP Request: GET http://procure-x.testmcp.org/history/805a28b3-4280-4279-aa1e-a6b1883953ca "HTTP/1.1 200 OK"
2026-01-13 11:18:33,417 - temporal_gateway.clients.comfy.tracker - INFO - Tracking completed: success (took 343.86s)
2026-01-13 11:18:33,419 - temporal_gateway.clients.comfy.tracker - INFO - [POLL] Found in history: success
2026-01-13 11:18:33,421 - temporalio.activity - INFO - [V3] Workflow completed successfully ({'activity_id': '1', 'activity_type': 'execute_and_track_workflow', 'attempt': 1, 'namespace': 'default', 'task_queue': 'comfyui-gpu-farm', 'workflow_id': 'chain-image-edit-to-video-pipeline-804d89cc-82d7-4262-9dd2-29a3c862dc3c-create_video', 'workflow_run_id': '019bb5e0-d517-72b4-b0a5-27dacf8e2827', 'workflow_type': 'ComfyUIWorkflow'})
2026-01-13 11:18:33,442 - temporalio.workflow - INFO - Execution completed successfully ({'attempt': 1, 'namespace': 'default', 'run_id': '019bb5e0-d517-72b4-b0a5-27dacf8e2827', 'task_queue': 'comfyui-gpu-farm', 'workflow_id': 'chain-image-edit-to-video-pipeline-804d89cc-82d7-4262-9dd2-29a3c862dc3c-create_video', 'workflow_type': 'ComfyUIWorkflow'})
2026-01-13 11:18:33,450 - temporalio.activity - INFO - Extracting server output files ({'activity_id': '2', 'activity_type': 'get_server_output_files', 'attempt': 1, 'namespace': 'default', 'task_queue': 'comfyui-gpu-farm', 'workflow_id': 'chain-image-edit-to-video-pipeline-804d89cc-82d7-4262-9dd2-29a3c862dc3c-create_video', 'workflow_run_id': '019bb5e0-d517-72b4-b0a5-27dacf8e2827', 'workflow_type': 'ComfyUIWorkflow'})
2026-01-13 11:18:33,450 - temporalio.activity - INFO - Found 1 output file(s) ({'activity_id': '2', 'activity_type': 'get_server_output_files', 'attempt': 1, 'namespace': 'default', 'task_queue': 'comfyui-gpu-farm', 'workflow_id': 'chain-image-edit-to-video-pipeline-804d89cc-82d7-4262-9dd2-29a3c862dc3c-create_video', 'workflow_run_id': '019bb5e0-d517-72b4-b0a5-27dacf8e2827', 'workflow_type': 'ComfyUIWorkflow'})
2026-01-13 11:18:33,459 - temporalio.workflow - INFO - Found 1 server output file(s) ({'attempt': 1, 'namespace': 'default', 'run_id': '019bb5e0-d517-72b4-b0a5-27dacf8e2827', 'task_queue': 'comfyui-gpu-farm', 'workflow_id': 'chain-image-edit-to-video-pipeline-804d89cc-82d7-4262-9dd2-29a3c862dc3c-create_video', 'workflow_type': 'ComfyUIWorkflow'})
2026-01-13 11:18:33,466 - temporalio.activity - INFO - Downloading and persisting 1 artifact(s) for workflow 49ad4475-1432-41f6-aebd-633dffb68041 ({'activity_id': '3', 'activity_type': 'download_and_store_artifacts', 'attempt': 1, 'namespace': 'default', 'task_queue': 'comfyui-gpu-farm', 'workflow_id': 'chain-image-edit-to-video-pipeline-804d89cc-82d7-4262-9dd2-29a3c862dc3c-create_video', 'workflow_run_id': '019bb5e0-d517-72b4-b0a5-27dacf8e2827', 'workflow_type': 'ComfyUIWorkflow'})
2026-01-13 11:18:33,508 - temporal_gateway.clients.comfy.client - INFO - ComfyUI client initialized for http://procure-x.testmcp.org
2026-01-13 11:18:33,578 - httpx - INFO - HTTP Request: GET http://procure-x.testmcp.org/view?filename=ComfyUI_00059_.mp4&type=output&subfolder=video "HTTP/1.1 200 OK"
2026-01-13 11:18:33,678 - temporalio.activity - INFO - ✓ Saved artifact to DB: 3ee9cd11-7344-4c82-b8ed-7b21a1205e77 (ComfyUI_00059_.mp4) ({'activity_id': '3', 'activity_type': 'download_and_store_artifacts', 'attempt': 1, 'namespace': 'default', 'task_queue': 'comfyui-gpu-farm', 'workflow_id': 'chain-image-edit-to-video-pipeline-804d89cc-82d7-4262-9dd2-29a3c862dc3c-create_video', 'workflow_run_id': '019bb5e0-d517-72b4-b0a5-27dacf8e2827', 'workflow_type': 'ComfyUIWorkflow'})
2026-01-13 11:18:33,680 - temporalio.activity - INFO - Downloaded and persisted 1 artifact(s) ({'activity_id': '3', 'activity_type': 'download_and_store_artifacts', 'attempt': 1, 'namespace': 'default', 'task_queue': 'comfyui-gpu-farm', 'workflow_id': 'chain-image-edit-to-video-pipeline-804d89cc-82d7-4262-9dd2-29a3c862dc3c-create_video', 'workflow_run_id': '019bb5e0-d517-72b4-b0a5-27dacf8e2827', 'workflow_type': 'ComfyUIWorkflow'})
2026-01-13 11:18:33,695 - temporalio.workflow - INFO - Downloaded 1 file(s) locally ({'attempt': 1, 'namespace': 'default', 'run_id': '019bb5e0-d517-72b4-b0a5-27dacf8e2827', 'task_queue': 'comfyui-gpu-farm', 'workflow_id': 'chain-image-edit-to-video-pipeline-804d89cc-82d7-4262-9dd2-29a3c862dc3c-create_video', 'workflow_type': 'ComfyUIWorkflow'})
2026-01-13 11:18:33,716 - temporalio.activity - INFO - Updating workflow 49ad4475-1432-41f6-aebd-633dffb68041 status to: completed ({'activity_id': '61', 'activity_type': 'update_workflow_status_activity', 'attempt': 1, 'namespace': 'default', 'task_queue': 'comfyui-gpu-farm', 'workflow_id': 'chain-image-edit-to-video-pipeline-804d89cc-82d7-4262-9dd2-29a3c862dc3c', 'workflow_run_id': '019bb5de-ddb3-73e4-aa40-638aaeb8574d', 'workflow_type': 'ChainExecutorWorkflow'})
2026-01-13 11:18:33,720 - temporalio.activity - INFO - ✓ Updated workflow status ({'activity_id': '61', 'activity_type': 'update_workflow_status_activity', 'attempt': 1, 'namespace': 'default', 'task_queue': 'comfyui-gpu-farm', 'workflow_id': 'chain-image-edit-to-video-pipeline-804d89cc-82d7-4262-9dd2-29a3c862dc3c', 'workflow_run_id': '019bb5de-ddb3-73e4-aa40-638aaeb8574d', 'workflow_type': 'ChainExecutorWorkflow'})
2026-01-13 11:18:33,728 - temporalio.workflow - INFO - Step create_video: Approval required, fetching artifacts... ({'attempt': 1, 'namespace': 'default', 'run_id': '019bb5de-ddb3-73e4-aa40-638aaeb8574d', 'task_queue': 'comfyui-gpu-farm', 'workflow_id': 'chain-image-edit-to-video-pipeline-804d89cc-82d7-4262-9dd2-29a3c862dc3c', 'workflow_type': 'ChainExecutorWorkflow'})
2026-01-13 11:18:33,735 - temporalio.activity - INFO - Getting artifacts for workflow: 49ad4475-1432-41f6-aebd-633dffb68041 ({'activity_id': '62', 'activity_type': 'get_workflow_artifacts', 'attempt': 1, 'namespace': 'default', 'task_queue': 'comfyui-gpu-farm', 'workflow_id': 'chain-image-edit-to-video-pipeline-804d89cc-82d7-4262-9dd2-29a3c862dc3c', 'workflow_run_id': '019bb5de-ddb3-73e4-aa40-638aaeb8574d', 'workflow_type': 'ChainExecutorWorkflow'})
2026-01-13 11:18:33,752 - temporalio.activity - INFO - Creating approval request for artifact: 3ee9cd11-7344-4c82-b8ed-7b21a1205e77 ({'activity_id': '63', 'activity_type': 'create_approval_request_activity', 'attempt': 1, 'namespace': 'default', 'task_queue': 'comfyui-gpu-farm', 'workflow_id': 'chain-image-edit-to-video-pipeline-804d89cc-82d7-4262-9dd2-29a3c862dc3c', 'workflow_run_id': '019bb5de-ddb3-73e4-aa40-638aaeb8574d', 'workflow_type': 'ChainExecutorWorkflow'})
2026-01-13 11:18:33,756 - temporalio.activity - INFO - ✓ Created approval request: dfbfa788-99f6-408e-9b77-c096db76b6f4, token: WXXKKe1vTIXqA0rX... ({'activity_id': '63', 'activity_type': 'create_approval_request_activity', 'attempt': 1, 'namespace': 'default', 'task_queue': 'comfyui-gpu-farm', 'workflow_id': 'chain-image-edit-to-video-pipeline-804d89cc-82d7-4262-9dd2-29a3c862dc3c', 'workflow_run_id': '019bb5de-ddb3-73e4-aa40-638aaeb8574d', 'workflow_type': 'ChainExecutorWorkflow'})
2026-01-13 11:18:33,756 - temporal_gateway.services.broadcast - INFO - Published approval_requested to chain:9825eb5b-07c1-44d9-9f8d-349db41f70b7
2026-01-13 11:18:33,756 - temporalio.activity - INFO - Published approval_requested event for chain 9825eb5b-07c1-44d9-9f8d-349db41f70b7 ({'activity_id': '63', 'activity_type': 'create_approval_request_activity', 'attempt': 1, 'namespace': 'default', 'task_queue': 'comfyui-gpu-farm', 'workflow_id': 'chain-image-edit-to-video-pipeline-804d89cc-82d7-4262-9dd2-29a3c862dc3c', 'workflow_run_id': '019bb5de-ddb3-73e4-aa40-638aaeb8574d', 'workflow_type': 'ChainExecutorWorkflow'})
2026-01-13 11:18:33,765 - temporalio.workflow - INFO - Step create_video: Approval request created, token: WXXKKe1vTIXqA0rX... ({'attempt': 1, 'namespace': 'default', 'run_id': '019bb5de-ddb3-73e4-aa40-638aaeb8574d', 'task_queue': 'comfyui-gpu-farm', 'workflow_id': 'chain-image-edit-to-video-pipeline-804d89cc-82d7-4262-9dd2-29a3c862dc3c', 'workflow_type': 'ChainExecutorWorkflow'})
2026-01-13 11:34:34,630 - temporalio.workflow - INFO - Received approval decision for step create_video: rejected by cli-user ({'attempt': 1, 'namespace': 'default', 'run_id': '019bb5de-ddb3-73e4-aa40-638aaeb8574d', 'task_queue': 'comfyui-gpu-farm', 'workflow_id': 'chain-image-edit-to-video-pipeline-804d89cc-82d7-4262-9dd2-29a3c862dc3c', 'workflow_type': 'ChainExecutorWorkflow'})
2026-01-13 11:34:34,630 - temporalio.workflow - INFO - Step create_video: Rejected by cli-user with comment: None ({'attempt': 1, 'namespace': 'default', 'run_id': '019bb5de-ddb3-73e4-aa40-638aaeb8574d', 'task_queue': 'comfyui-gpu-farm', 'workflow_id': 'chain-image-edit-to-video-pipeline-804d89cc-82d7-4262-9dd2-29a3c862dc3c', 'workflow_type': 'ChainExecutorWorkflow'})
2026-01-13 11:34:34,631 - temporalio.workflow - INFO - Step create_video: Rejected, regenerating with new parameters (attempt 2/3)... ({'attempt': 1, 'namespace': 'default', 'run_id': '019bb5de-ddb3-73e4-aa40-638aaeb8574d', 'task_queue': 'comfyui-gpu-farm', 'workflow_id': 'chain-image-edit-to-video-pipeline-804d89cc-82d7-4262-9dd2-29a3c862dc3c', 'workflow_type': 'ChainExecutorWorkflow'})
2026-01-13 11:34:34,641 - temporalio.activity - INFO - Resolving templates in parameters ({'activity_id': '64', 'activity_type': 'resolve_chain_templates', 'attempt': 1, 'namespace': 'default', 'task_queue': 'comfyui-gpu-farm', 'workflow_id': 'chain-image-edit-to-video-pipeline-804d89cc-82d7-4262-9dd2-29a3c862dc3c', 'workflow_run_id': '019bb5de-ddb3-73e4-aa40-638aaeb8574d', 'workflow_type': 'ChainExecutorWorkflow'})
2026-01-13 11:34:34,643 - temporalio.activity - INFO - Templates resolved successfully ({'activity_id': '64', 'activity_type': 'resolve_chain_templates', 'attempt': 1, 'namespace': 'default', 'task_queue': 'comfyui-gpu-farm', 'workflow_id': 'chain-image-edit-to-video-pipeline-804d89cc-82d7-4262-9dd2-29a3c862dc3c', 'workflow_run_id': '019bb5de-ddb3-73e4-aa40-638aaeb8574d', 'workflow_type': 'ChainExecutorWorkflow'})
2026-01-13 11:34:34,652 - temporalio.workflow - INFO - Step create_video: Resolved parameters ({'attempt': 1, 'namespace': 'default', 'run_id': '019bb5de-ddb3-73e4-aa40-638aaeb8574d', 'task_queue': 'comfyui-gpu-farm', 'workflow_id': 'chain-image-edit-to-video-pipeline-804d89cc-82d7-4262-9dd2-29a3c862dc3c', 'workflow_type': 'ChainExecutorWorkflow'})
2026-01-13 11:34:34,661 - temporalio.activity - INFO - Applying parameters to workflow: firstEndTovideo ({'activity_id': '65', 'activity_type': 'apply_workflow_parameters', 'attempt': 1, 'namespace': 'default', 'task_queue': 'comfyui-gpu-farm', 'workflow_id': 'chain-image-edit-to-video-pipeline-804d89cc-82d7-4262-9dd2-29a3c862dc3c', 'workflow_run_id': '019bb5de-ddb3-73e4-aa40-638aaeb8574d', 'workflow_type': 'ChainExecutorWorkflow'})
2026-01-13 11:34:34,662 - temporal_gateway.registry - INFO - Applied override: 6.text = Smooth cinematic transition between vibrant colorful scenes
2026-01-13 11:34:34,662 - temporal_gateway.registry - INFO - Applied override: 60.fps = 16
2026-01-13 11:34:34,662 - temporal_gateway.registry - INFO - Applied override: 62.image = ComfyUI_00255_.png
2026-01-13 11:34:34,662 - temporal_gateway.registry - INFO - Applied override: 67.height = 1024
2026-01-13 11:34:34,662 - temporal_gateway.registry - INFO - Applied override: 67.length = 81
2026-01-13 11:34:34,662 - temporal_gateway.registry - INFO - Applied override: 67.width = 592
2026-01-13 11:34:34,662 - temporal_gateway.registry - INFO - Applied override: 68.image = ComfyUI_00256_.png
2026-01-13 11:34:34,662 - temporalio.activity - INFO - Parameters applied successfully ({'activity_id': '65', 'activity_type': 'apply_workflow_parameters', 'attempt': 1, 'namespace': 'default', 'task_queue': 'comfyui-gpu-farm', 'workflow_id': 'chain-image-edit-to-video-pipeline-804d89cc-82d7-4262-9dd2-29a3c862dc3c', 'workflow_run_id': '019bb5de-ddb3-73e4-aa40-638aaeb8574d', 'workflow_type': 'ChainExecutorWorkflow'})
2026-01-13 11:34:34,678 - temporalio.activity - INFO - Selecting server with strategy: least_loaded ({'activity_id': '66', 'activity_type': 'select_best_server', 'attempt': 1, 'namespace': 'default', 'task_queue': 'comfyui-gpu-farm', 'workflow_id': 'chain-image-edit-to-video-pipeline-804d89cc-82d7-4262-9dd2-29a3c862dc3c', 'workflow_run_id': '019bb5de-ddb3-73e4-aa40-638aaeb8574d', 'workflow_type': 'ChainExecutorWorkflow'})
2026-01-13 11:34:34,860 - httpx - INFO - HTTP Request: GET http://procure-x.testmcp.org/system_stats "HTTP/1.1 200 OK"
2026-01-13 11:34:34,941 - httpx - INFO - HTTP Request: GET http://procure-x.testmcp.org/queue "HTTP/1.1 200 OK"
2026-01-13 11:34:34,945 - temporal_gateway.servers.load_balancer - INFO - Selected server procure-x (queue_depth=0, gpu_mem=0.0%)
2026-01-13 11:34:34,946 - temporalio.activity - INFO - Selected server: procure-x (http://procure-x.testmcp.org) ({'activity_id': '66', 'activity_type': 'select_best_server', 'attempt': 1, 'namespace': 'default', 'task_queue': 'comfyui-gpu-farm', 'workflow_id': 'chain-image-edit-to-video-pipeline-804d89cc-82d7-4262-9dd2-29a3c862dc3c', 'workflow_run_id': '019bb5de-ddb3-73e4-aa40-638aaeb8574d', 'workflow_type': 'ChainExecutorWorkflow'})
2026-01-13 11:34:34,965 - temporalio.workflow - INFO - Step create_video: Selected target server: http://procure-x.testmcp.org ({'attempt': 1, 'namespace': 'default', 'run_id': '019bb5de-ddb3-73e4-aa40-638aaeb8574d', 'task_queue': 'comfyui-gpu-farm', 'workflow_id': 'chain-image-edit-to-video-pipeline-804d89cc-82d7-4262-9dd2-29a3c862dc3c', 'workflow_type': 'ChainExecutorWorkflow'})
2026-01-13 11:34:34,965 - temporalio.workflow - INFO - Step create_video: Processing 2 dependency step(s) ({'attempt': 1, 'namespace': 'default', 'run_id': '019bb5de-ddb3-73e4-aa40-638aaeb8574d', 'task_queue': 'comfyui-gpu-farm', 'workflow_id': 'chain-image-edit-to-video-pipeline-804d89cc-82d7-4262-9dd2-29a3c862dc3c', 'workflow_type': 'ChainExecutorWorkflow'})
2026-01-13 11:34:34,973 - temporalio.activity - INFO - Getting artifacts for workflow: 0ac02995-7130-4f76-b224-7c378e429414 ({'activity_id': '67', 'activity_type': 'get_workflow_artifacts', 'attempt': 1, 'namespace': 'default', 'task_queue': 'comfyui-gpu-farm', 'workflow_id': 'chain-image-edit-to-video-pipeline-804d89cc-82d7-4262-9dd2-29a3c862dc3c', 'workflow_run_id': '019bb5de-ddb3-73e4-aa40-638aaeb8574d', 'workflow_type': 'ChainExecutorWorkflow'})
2026-01-13 11:34:34,982 - temporalio.workflow - INFO - Transferring 1 artifact(s) from edit_frame1 to http://procure-x.testmcp.org ({'attempt': 1, 'namespace': 'default', 'run_id': '019bb5de-ddb3-73e4-aa40-638aaeb8574d', 'task_queue': 'comfyui-gpu-farm', 'workflow_id': 'chain-image-edit-to-video-pipeline-804d89cc-82d7-4262-9dd2-29a3c862dc3c', 'workflow_type': 'ChainExecutorWorkflow'})
2026-01-13 11:34:34,990 - temporalio.activity - INFO - Transferring 1 artifact(s) from workflow 0ac02995-7130-4f76-b224-7c378e429414 to http://procure-x.testmcp.org ({'activity_id': '68', 'activity_type': 'transfer_artifacts_from_storage', 'attempt': 1, 'namespace': 'default', 'task_queue': 'comfyui-gpu-farm', 'workflow_id': 'chain-image-edit-to-video-pipeline-804d89cc-82d7-4262-9dd2-29a3c862dc3c', 'workflow_run_id': '019bb5de-ddb3-73e4-aa40-638aaeb8574d', 'workflow_type': 'ChainExecutorWorkflow'})
2026-01-13 11:34:35,033 - temporal_gateway.clients.comfy.client - INFO - ComfyUI client initialized for http://procure-x.testmcp.org
2026-01-13 11:34:35,037 - temporalio.activity - INFO - Uploading: ComfyUI_00255_.png from local storage to http://procure-x.testmcp.org/input/ ({'activity_id': '68', 'activity_type': 'transfer_artifacts_from_storage', 'attempt': 1, 'namespace': 'default', 'task_queue': 'comfyui-gpu-farm', 'workflow_id': 'chain-image-edit-to-video-pipeline-804d89cc-82d7-4262-9dd2-29a3c862dc3c', 'workflow_run_id': '019bb5de-ddb3-73e4-aa40-638aaeb8574d', 'workflow_type': 'ChainExecutorWorkflow'})
2026-01-13 11:34:35,357 - httpx - INFO - HTTP Request: POST http://procure-x.testmcp.org/upload/image "HTTP/1.1 200 OK"
2026-01-13 11:34:35,361 - temporalio.activity - INFO - ✓ Uploaded: ComfyUI_00255_.png (757519 bytes) ({'activity_id': '68', 'activity_type': 'transfer_artifacts_from_storage', 'attempt': 1, 'namespace': 'default', 'task_queue': 'comfyui-gpu-farm', 'workflow_id': 'chain-image-edit-to-video-pipeline-804d89cc-82d7-4262-9dd2-29a3c862dc3c', 'workflow_run_id': '019bb5de-ddb3-73e4-aa40-638aaeb8574d', 'workflow_type': 'ChainExecutorWorkflow'})
2026-01-13 11:34:35,382 - temporalio.activity - INFO - Successfully transferred 1 file(s) ({'activity_id': '68', 'activity_type': 'transfer_artifacts_from_storage', 'attempt': 1, 'namespace': 'default', 'task_queue': 'comfyui-gpu-farm', 'workflow_id': 'chain-image-edit-to-video-pipeline-804d89cc-82d7-4262-9dd2-29a3c862dc3c', 'workflow_run_id': '019bb5de-ddb3-73e4-aa40-638aaeb8574d', 'workflow_type': 'ChainExecutorWorkflow'})
2026-01-13 11:34:35,406 - temporalio.activity - INFO - Getting artifacts for workflow: 9539a5c2-98c5-4b17-b314-6c38e2a1be85 ({'activity_id': '69', 'activity_type': 'get_workflow_artifacts', 'attempt': 1, 'namespace': 'default', 'task_queue': 'comfyui-gpu-farm', 'workflow_id': 'chain-image-edit-to-video-pipeline-804d89cc-82d7-4262-9dd2-29a3c862dc3c', 'workflow_run_id': '019bb5de-ddb3-73e4-aa40-638aaeb8574d', 'workflow_type': 'ChainExecutorWorkflow'})
2026-01-13 11:34:35,416 - temporalio.workflow - INFO - Transferring 1 artifact(s) from edit_frame2 to http://procure-x.testmcp.org ({'attempt': 1, 'namespace': 'default', 'run_id': '019bb5de-ddb3-73e4-aa40-638aaeb8574d', 'task_queue': 'comfyui-gpu-farm', 'workflow_id': 'chain-image-edit-to-video-pipeline-804d89cc-82d7-4262-9dd2-29a3c862dc3c', 'workflow_type': 'ChainExecutorWorkflow'})
2026-01-13 11:34:35,424 - temporalio.activity - INFO - Transferring 1 artifact(s) from workflow 9539a5c2-98c5-4b17-b314-6c38e2a1be85 to http://procure-x.testmcp.org ({'activity_id': '70', 'activity_type': 'transfer_artifacts_from_storage', 'attempt': 1, 'namespace': 'default', 'task_queue': 'comfyui-gpu-farm', 'workflow_id': 'chain-image-edit-to-video-pipeline-804d89cc-82d7-4262-9dd2-29a3c862dc3c', 'workflow_run_id': '019bb5de-ddb3-73e4-aa40-638aaeb8574d', 'workflow_type': 'ChainExecutorWorkflow'})
2026-01-13 11:34:35,467 - temporal_gateway.clients.comfy.client - INFO - ComfyUI client initialized for http://procure-x.testmcp.org
2026-01-13 11:34:35,472 - temporalio.activity - INFO - Uploading: ComfyUI_00256_.png from local storage to http://procure-x.testmcp.org/input/ ({'activity_id': '70', 'activity_type': 'transfer_artifacts_from_storage', 'attempt': 1, 'namespace': 'default', 'task_queue': 'comfyui-gpu-farm', 'workflow_id': 'chain-image-edit-to-video-pipeline-804d89cc-82d7-4262-9dd2-29a3c862dc3c', 'workflow_run_id': '019bb5de-ddb3-73e4-aa40-638aaeb8574d', 'workflow_type': 'ChainExecutorWorkflow'})
2026-01-13 11:34:35,700 - httpx - INFO - HTTP Request: POST http://procure-x.testmcp.org/upload/image "HTTP/1.1 200 OK"
2026-01-13 11:34:35,701 - temporalio.activity - INFO - ✓ Uploaded: ComfyUI_00256_.png (800815 bytes) ({'activity_id': '70', 'activity_type': 'transfer_artifacts_from_storage', 'attempt': 1, 'namespace': 'default', 'task_queue': 'comfyui-gpu-farm', 'workflow_id': 'chain-image-edit-to-video-pipeline-804d89cc-82d7-4262-9dd2-29a3c862dc3c', 'workflow_run_id': '019bb5de-ddb3-73e4-aa40-638aaeb8574d', 'workflow_type': 'ChainExecutorWorkflow'})
2026-01-13 11:34:35,705 - temporalio.activity - INFO - Successfully transferred 1 file(s) ({'activity_id': '70', 'activity_type': 'transfer_artifacts_from_storage', 'attempt': 1, 'namespace': 'default', 'task_queue': 'comfyui-gpu-farm', 'workflow_id': 'chain-image-edit-to-video-pipeline-804d89cc-82d7-4262-9dd2-29a3c862dc3c', 'workflow_run_id': '019bb5de-ddb3-73e4-aa40-638aaeb8574d', 'workflow_type': 'ChainExecutorWorkflow'})
2026-01-13 11:34:35,722 - temporalio.activity - INFO - Creating workflow record: firstEndTovideo (prompt: pending) ({'activity_id': '71', 'activity_type': 'create_workflow_record', 'attempt': 1, 'namespace': 'default', 'task_queue': 'comfyui-gpu-farm', 'workflow_id': 'chain-image-edit-to-video-pipeline-804d89cc-82d7-4262-9dd2-29a3c862dc3c', 'workflow_run_id': '019bb5de-ddb3-73e4-aa40-638aaeb8574d', 'workflow_type': 'ChainExecutorWorkflow'})
2026-01-13 11:34:35,726 - temporalio.activity - INFO - ✓ Created workflow record: af03849e-6898-4c75-9d70-fde1b859a27a ({'activity_id': '71', 'activity_type': 'create_workflow_record', 'attempt': 1, 'namespace': 'default', 'task_queue': 'comfyui-gpu-farm', 'workflow_id': 'chain-image-edit-to-video-pipeline-804d89cc-82d7-4262-9dd2-29a3c862dc3c', 'workflow_run_id': '019bb5de-ddb3-73e4-aa40-638aaeb8574d', 'workflow_type': 'ChainExecutorWorkflow'})
2026-01-13 11:34:35,734 - temporalio.workflow - INFO - Step create_video: Created workflow record af03849e-6898-4c75-9d70-fde1b859a27a ({'attempt': 1, 'namespace': 'default', 'run_id': '019bb5de-ddb3-73e4-aa40-638aaeb8574d', 'task_queue': 'comfyui-gpu-farm', 'workflow_id': 'chain-image-edit-to-video-pipeline-804d89cc-82d7-4262-9dd2-29a3c862dc3c', 'workflow_type': 'ChainExecutorWorkflow'})
2026-01-13 11:34:35,762 - temporalio.workflow - INFO - Starting ComfyUI workflow execution ({'attempt': 1, 'namespace': 'default', 'run_id': '019bb5f4-c41c-76a5-8960-5b3e9864d3a2', 'task_queue': 'comfyui-gpu-farm', 'workflow_id': 'chain-image-edit-to-video-pipeline-804d89cc-82d7-4262-9dd2-29a3c862dc3c-create_video', 'workflow_type': 'ComfyUIWorkflow'})
2026-01-13 11:34:35,763 - temporalio.workflow - INFO - Generated client_id: cd8a2e02-b5ae-4979-95ed-8c69c114c408 ({'attempt': 1, 'namespace': 'default', 'run_id': '019bb5f4-c41c-76a5-8960-5b3e9864d3a2', 'task_queue': 'comfyui-gpu-farm', 'workflow_id': 'chain-image-edit-to-video-pipeline-804d89cc-82d7-4262-9dd2-29a3c862dc3c-create_video', 'workflow_type': 'ComfyUIWorkflow'})
2026-01-13 11:34:35,763 - temporalio.workflow - INFO - Using pre-selected server: http://procure-x.testmcp.org ({'attempt': 1, 'namespace': 'default', 'run_id': '019bb5f4-c41c-76a5-8960-5b3e9864d3a2', 'task_queue': 'comfyui-gpu-farm', 'workflow_id': 'chain-image-edit-to-video-pipeline-804d89cc-82d7-4262-9dd2-29a3c862dc3c-create_video', 'workflow_type': 'ComfyUIWorkflow'})
2026-01-13 11:34:35,772 - temporalio.activity - INFO - [V3] Executing workflow on http://procure-x.testmcp.org ({'activity_id': '1', 'activity_type': 'execute_and_track_workflow', 'attempt': 1, 'namespace': 'default', 'task_queue': 'comfyui-gpu-farm', 'workflow_id': 'chain-image-edit-to-video-pipeline-804d89cc-82d7-4262-9dd2-29a3c862dc3c-create_video', 'workflow_run_id': '019bb5f4-c41c-76a5-8960-5b3e9864d3a2', 'workflow_type': 'ComfyUIWorkflow'})
2026-01-13 11:34:35,772 - temporalio.activity - INFO - [V3] Workflow name: firstEndTovideo ({'activity_id': '1', 'activity_type': 'execute_and_track_workflow', 'attempt': 1, 'namespace': 'default', 'task_queue': 'comfyui-gpu-farm', 'workflow_id': 'chain-image-edit-to-video-pipeline-804d89cc-82d7-4262-9dd2-29a3c862dc3c-create_video', 'workflow_run_id': '019bb5f4-c41c-76a5-8960-5b3e9864d3a2', 'workflow_type': 'ComfyUIWorkflow'})
2026-01-13 11:34:35,814 - temporal_gateway.clients.comfy.client - INFO - ComfyUI client initialized for http://procure-x.testmcp.org
2026-01-13 11:34:35,814 - temporal_gateway.clients.comfy.client - INFO - Submitting workflow to ComfyUI
2026-01-13 11:34:35,970 - httpx - INFO - HTTP Request: POST http://procure-x.testmcp.org/prompt "HTTP/1.1 200 OK"
2026-01-13 11:34:35,974 - temporal_gateway.clients.comfy.client - INFO - Workflow queued with prompt_id: 210d861e-151e-4cde-8ce0-8b24771f51fb
2026-01-13 11:34:35,974 - temporal_gateway.clients.comfy.tracker - INFO - Starting execution tracking for prompt 210d861e-151e-4cde-8ce0-8b24771f51fb
2026-01-13 11:34:35,974 - temporal_gateway.clients.comfy.tracker - INFO - Starting history polling
2026-01-13 11:34:35,977 - temporal_gateway.clients.comfy.tracker - INFO - Starting WebSocket listener
2026-01-13 11:34:35,978 - temporal_gateway.clients.comfy.websocket - INFO - Connecting to WebSocket: ws://procure-x.testmcp.org/ws?clientId=ca76f3a8-0819-4132-ad59-7646f30e6b75
2026-01-13 11:34:36,391 - httpx - INFO - HTTP Request: GET http://procure-x.testmcp.org/history/210d861e-151e-4cde-8ce0-8b24771f51fb "HTTP/1.1 200 OK"
2026-01-13 11:34:36,395 - temporal_gateway.clients.comfy.tracker - INFO - [POLL] Found in history: success
2026-01-13 11:34:36,396 - temporal_gateway.clients.comfy.tracker - INFO - Tracking completed: success (took 0.42s)
2026-01-13 11:34:36,396 - temporal_gateway.clients.comfy.websocket - INFO - WebSocket connected successfully
2026-01-13 11:34:36,397 - temporalio.activity - INFO - [V3] Workflow completed successfully ({'activity_id': '1', 'activity_type': 'execute_and_track_workflow', 'attempt': 1, 'namespace': 'default', 'task_queue': 'comfyui-gpu-farm', 'workflow_id': 'chain-image-edit-to-video-pipeline-804d89cc-82d7-4262-9dd2-29a3c862dc3c-create_video', 'workflow_run_id': '019bb5f4-c41c-76a5-8960-5b3e9864d3a2', 'workflow_type': 'ComfyUIWorkflow'})
2026-01-13 11:34:36,418 - temporalio.workflow - INFO - Execution completed successfully ({'attempt': 1, 'namespace': 'default', 'run_id': '019bb5f4-c41c-76a5-8960-5b3e9864d3a2', 'task_queue': 'comfyui-gpu-farm', 'workflow_id': 'chain-image-edit-to-video-pipeline-804d89cc-82d7-4262-9dd2-29a3c862dc3c-create_video', 'workflow_type': 'ComfyUIWorkflow'})
2026-01-13 11:34:36,427 - temporalio.activity - INFO - Extracting server output files ({'activity_id': '2', 'activity_type': 'get_server_output_files', 'attempt': 1, 'namespace': 'default', 'task_queue': 'comfyui-gpu-farm', 'workflow_id': 'chain-image-edit-to-video-pipeline-804d89cc-82d7-4262-9dd2-29a3c862dc3c-create_video', 'workflow_run_id': '019bb5f4-c41c-76a5-8960-5b3e9864d3a2', 'workflow_type': 'ComfyUIWorkflow'})
2026-01-13 11:34:36,427 - temporalio.activity - INFO - Found 1 output file(s) ({'activity_id': '2', 'activity_type': 'get_server_output_files', 'attempt': 1, 'namespace': 'default', 'task_queue': 'comfyui-gpu-farm', 'workflow_id': 'chain-image-edit-to-video-pipeline-804d89cc-82d7-4262-9dd2-29a3c862dc3c-create_video', 'workflow_run_id': '019bb5f4-c41c-76a5-8960-5b3e9864d3a2', 'workflow_type': 'ComfyUIWorkflow'})
2026-01-13 11:34:36,435 - temporalio.workflow - INFO - Found 1 server output file(s) ({'attempt': 1, 'namespace': 'default', 'run_id': '019bb5f4-c41c-76a5-8960-5b3e9864d3a2', 'task_queue': 'comfyui-gpu-farm', 'workflow_id': 'chain-image-edit-to-video-pipeline-804d89cc-82d7-4262-9dd2-29a3c862dc3c-create_video', 'workflow_type': 'ComfyUIWorkflow'})
2026-01-13 11:34:36,443 - temporalio.activity - INFO - Downloading and persisting 1 artifact(s) for workflow af03849e-6898-4c75-9d70-fde1b859a27a ({'activity_id': '3', 'activity_type': 'download_and_store_artifacts', 'attempt': 1, 'namespace': 'default', 'task_queue': 'comfyui-gpu-farm', 'workflow_id': 'chain-image-edit-to-video-pipeline-804d89cc-82d7-4262-9dd2-29a3c862dc3c-create_video', 'workflow_run_id': '019bb5f4-c41c-76a5-8960-5b3e9864d3a2', 'workflow_type': 'ComfyUIWorkflow'})
2026-01-13 11:34:36,485 - temporal_gateway.clients.comfy.client - INFO - ComfyUI client initialized for http://procure-x.testmcp.org
2026-01-13 11:34:36,543 - httpx - INFO - HTTP Request: GET http://procure-x.testmcp.org/view?filename=ComfyUI_00059_.mp4&type=output&subfolder=video "HTTP/1.1 200 OK"
2026-01-13 11:34:38,127 - temporalio.activity - INFO - ✓ Saved artifact to DB: 4b8f0ee3-4a0d-41f3-9d03-3893db52392a (ComfyUI_00059_.mp4) ({'activity_id': '3', 'activity_type': 'download_and_store_artifacts', 'attempt': 1, 'namespace': 'default', 'task_queue': 'comfyui-gpu-farm', 'workflow_id': 'chain-image-edit-to-video-pipeline-804d89cc-82d7-4262-9dd2-29a3c862dc3c-create_video', 'workflow_run_id': '019bb5f4-c41c-76a5-8960-5b3e9864d3a2', 'workflow_type': 'ComfyUIWorkflow'})
2026-01-13 11:34:38,128 - temporalio.activity - INFO - Downloaded and persisted 1 artifact(s) ({'activity_id': '3', 'activity_type': 'download_and_store_artifacts', 'attempt': 1, 'namespace': 'default', 'task_queue': 'comfyui-gpu-farm', 'workflow_id': 'chain-image-edit-to-video-pipeline-804d89cc-82d7-4262-9dd2-29a3c862dc3c-create_video', 'workflow_run_id': '019bb5f4-c41c-76a5-8960-5b3e9864d3a2', 'workflow_type': 'ComfyUIWorkflow'})
2026-01-13 11:34:38,138 - temporalio.workflow - INFO - Downloaded 1 file(s) locally ({'attempt': 1, 'namespace': 'default', 'run_id': '019bb5f4-c41c-76a5-8960-5b3e9864d3a2', 'task_queue': 'comfyui-gpu-farm', 'workflow_id': 'chain-image-edit-to-video-pipeline-804d89cc-82d7-4262-9dd2-29a3c862dc3c-create_video', 'workflow_type': 'ComfyUIWorkflow'})
2026-01-13 11:34:38,161 - temporalio.activity - INFO - Updating workflow af03849e-6898-4c75-9d70-fde1b859a27a status to: completed ({'activity_id': '72', 'activity_type': 'update_workflow_status_activity', 'attempt': 1, 'namespace': 'default', 'task_queue': 'comfyui-gpu-farm', 'workflow_id': 'chain-image-edit-to-video-pipeline-804d89cc-82d7-4262-9dd2-29a3c862dc3c', 'workflow_run_id': '019bb5de-ddb3-73e4-aa40-638aaeb8574d', 'workflow_type': 'ChainExecutorWorkflow'})
2026-01-13 11:34:38,165 - temporalio.activity - INFO - ✓ Updated workflow status ({'activity_id': '72', 'activity_type': 'update_workflow_status_activity', 'attempt': 1, 'namespace': 'default', 'task_queue': 'comfyui-gpu-farm', 'workflow_id': 'chain-image-edit-to-video-pipeline-804d89cc-82d7-4262-9dd2-29a3c862dc3c', 'workflow_run_id': '019bb5de-ddb3-73e4-aa40-638aaeb8574d', 'workflow_type': 'ChainExecutorWorkflow'})
2026-01-13 11:34:38,175 - temporalio.workflow - INFO - Step create_video: Approval required, fetching artifacts... ({'attempt': 1, 'namespace': 'default', 'run_id': '019bb5de-ddb3-73e4-aa40-638aaeb8574d', 'task_queue': 'comfyui-gpu-farm', 'workflow_id': 'chain-image-edit-to-video-pipeline-804d89cc-82d7-4262-9dd2-29a3c862dc3c', 'workflow_type': 'ChainExecutorWorkflow'})
2026-01-13 11:34:38,190 - temporalio.activity - INFO - Getting artifacts for workflow: af03849e-6898-4c75-9d70-fde1b859a27a ({'activity_id': '73', 'activity_type': 'get_workflow_artifacts', 'attempt': 1, 'namespace': 'default', 'task_queue': 'comfyui-gpu-farm', 'workflow_id': 'chain-image-edit-to-video-pipeline-804d89cc-82d7-4262-9dd2-29a3c862dc3c', 'workflow_run_id': '019bb5de-ddb3-73e4-aa40-638aaeb8574d', 'workflow_type': 'ChainExecutorWorkflow'})
2026-01-13 11:34:38,208 - temporalio.activity - INFO - Creating approval request for artifact: 4b8f0ee3-4a0d-41f3-9d03-3893db52392a ({'activity_id': '74', 'activity_type': 'create_approval_request_activity', 'attempt': 1, 'namespace': 'default', 'task_queue': 'comfyui-gpu-farm', 'workflow_id': 'chain-image-edit-to-video-pipeline-804d89cc-82d7-4262-9dd2-29a3c862dc3c', 'workflow_run_id': '019bb5de-ddb3-73e4-aa40-638aaeb8574d', 'workflow_type': 'ChainExecutorWorkflow'})
2026-01-13 11:34:38,212 - temporalio.activity - INFO - ✓ Created approval request: 4b6b614f-3d78-4ba2-b616-5602d3c9fe22, token: cbJbPjap4bfC7orw... ({'activity_id': '74', 'activity_type': 'create_approval_request_activity', 'attempt': 1, 'namespace': 'default', 'task_queue': 'comfyui-gpu-farm', 'workflow_id': 'chain-image-edit-to-video-pipeline-804d89cc-82d7-4262-9dd2-29a3c862dc3c', 'workflow_run_id': '019bb5de-ddb3-73e4-aa40-638aaeb8574d', 'workflow_type': 'ChainExecutorWorkflow'})
2026-01-13 11:34:38,213 - temporal_gateway.services.broadcast - INFO - Published approval_requested to chain:9825eb5b-07c1-44d9-9f8d-349db41f70b7
2026-01-13 11:34:38,213 - temporalio.activity - INFO - Published approval_requested event for chain 9825eb5b-07c1-44d9-9f8d-349db41f70b7 ({'activity_id': '74', 'activity_type': 'create_approval_request_activity', 'attempt': 1, 'namespace': 'default', 'task_queue': 'comfyui-gpu-farm', 'workflow_id': 'chain-image-edit-to-video-pipeline-804d89cc-82d7-4262-9dd2-29a3c862dc3c', 'workflow_run_id': '019bb5de-ddb3-73e4-aa40-638aaeb8574d', 'workflow_type': 'ChainExecutorWorkflow'})
2026-01-13 11:34:38,226 - temporalio.workflow - INFO - Step create_video: Approval request created, token: cbJbPjap4bfC7orw... ({'attempt': 1, 'namespace': 'default', 'run_id': '019bb5de-ddb3-73e4-aa40-638aaeb8574d', 'task_queue': 'comfyui-gpu-farm', 'workflow_id': 'chain-image-edit-to-video-pipeline-804d89cc-82d7-4262-9dd2-29a3c862dc3c', 'workflow_type': 'ChainExecutorWorkflow'})
2026-01-13 11:34:45,858 - temporalio.workflow - INFO - Received approval decision for step create_video: rejected by cli-user ({'attempt': 1, 'namespace': 'default', 'run_id': '019bb5de-ddb3-73e4-aa40-638aaeb8574d', 'task_queue': 'comfyui-gpu-farm', 'workflow_id': 'chain-image-edit-to-video-pipeline-804d89cc-82d7-4262-9dd2-29a3c862dc3c', 'workflow_type': 'ChainExecutorWorkflow'})
2026-01-13 11:34:45,858 - temporalio.workflow - INFO - Step create_video: Rejected by cli-user with comment: None ({'attempt': 1, 'namespace': 'default', 'run_id': '019bb5de-ddb3-73e4-aa40-638aaeb8574d', 'task_queue': 'comfyui-gpu-farm', 'workflow_id': 'chain-image-edit-to-video-pipeline-804d89cc-82d7-4262-9dd2-29a3c862dc3c', 'workflow_type': 'ChainExecutorWorkflow'})
2026-01-13 11:34:45,858 - temporalio.workflow - INFO - Step create_video: Rejected, regenerating with new parameters (attempt 3/3)... ({'attempt': 1, 'namespace': 'default', 'run_id': '019bb5de-ddb3-73e4-aa40-638aaeb8574d', 'task_queue': 'comfyui-gpu-farm', 'workflow_id': 'chain-image-edit-to-video-pipeline-804d89cc-82d7-4262-9dd2-29a3c862dc3c', 'workflow_type': 'ChainExecutorWorkflow'})
2026-01-13 11:34:45,868 - temporalio.activity - INFO - Resolving templates in parameters ({'activity_id': '75', 'activity_type': 'resolve_chain_templates', 'attempt': 1, 'namespace': 'default', 'task_queue': 'comfyui-gpu-farm', 'workflow_id': 'chain-image-edit-to-video-pipeline-804d89cc-82d7-4262-9dd2-29a3c862dc3c', 'workflow_run_id': '019bb5de-ddb3-73e4-aa40-638aaeb8574d', 'workflow_type': 'ChainExecutorWorkflow'})
2026-01-13 11:34:45,870 - temporalio.activity - INFO - Templates resolved successfully ({'activity_id': '75', 'activity_type': 'resolve_chain_templates', 'attempt': 1, 'namespace': 'default', 'task_queue': 'comfyui-gpu-farm', 'workflow_id': 'chain-image-edit-to-video-pipeline-804d89cc-82d7-4262-9dd2-29a3c862dc3c', 'workflow_run_id': '019bb5de-ddb3-73e4-aa40-638aaeb8574d', 'workflow_type': 'ChainExecutorWorkflow'})
2026-01-13 11:34:45,879 - temporalio.workflow - INFO - Step create_video: Resolved parameters ({'attempt': 1, 'namespace': 'default', 'run_id': '019bb5de-ddb3-73e4-aa40-638aaeb8574d', 'task_queue': 'comfyui-gpu-farm', 'workflow_id': 'chain-image-edit-to-video-pipeline-804d89cc-82d7-4262-9dd2-29a3c862dc3c', 'workflow_type': 'ChainExecutorWorkflow'})
2026-01-13 11:34:45,887 - temporalio.activity - INFO - Applying parameters to workflow: firstEndTovideo ({'activity_id': '76', 'activity_type': 'apply_workflow_parameters', 'attempt': 1, 'namespace': 'default', 'task_queue': 'comfyui-gpu-farm', 'workflow_id': 'chain-image-edit-to-video-pipeline-804d89cc-82d7-4262-9dd2-29a3c862dc3c', 'workflow_run_id': '019bb5de-ddb3-73e4-aa40-638aaeb8574d', 'workflow_type': 'ChainExecutorWorkflow'})
2026-01-13 11:34:45,887 - temporal_gateway.registry - INFO - Applied override: 6.text = Smooth cinematic transition between vibrant colorful scenes
2026-01-13 11:34:45,887 - temporal_gateway.registry - INFO - Applied override: 60.fps = 16
2026-01-13 11:34:45,888 - temporal_gateway.registry - INFO - Applied override: 62.image = ComfyUI_00255_.png
2026-01-13 11:34:45,888 - temporal_gateway.registry - INFO - Applied override: 67.height = 1024
2026-01-13 11:34:45,888 - temporal_gateway.registry - INFO - Applied override: 67.length = 81
2026-01-13 11:34:45,888 - temporal_gateway.registry - INFO - Applied override: 67.width = 592
2026-01-13 11:34:45,888 - temporal_gateway.registry - INFO - Applied override: 68.image = ComfyUI_00256_.png
2026-01-13 11:34:45,888 - temporalio.activity - INFO - Parameters applied successfully ({'activity_id': '76', 'activity_type': 'apply_workflow_parameters', 'attempt': 1, 'namespace': 'default', 'task_queue': 'comfyui-gpu-farm', 'workflow_id': 'chain-image-edit-to-video-pipeline-804d89cc-82d7-4262-9dd2-29a3c862dc3c', 'workflow_run_id': '019bb5de-ddb3-73e4-aa40-638aaeb8574d', 'workflow_type': 'ChainExecutorWorkflow'})
2026-01-13 11:34:45,905 - temporalio.activity - INFO - Selecting server with strategy: least_loaded ({'activity_id': '77', 'activity_type': 'select_best_server', 'attempt': 1, 'namespace': 'default', 'task_queue': 'comfyui-gpu-farm', 'workflow_id': 'chain-image-edit-to-video-pipeline-804d89cc-82d7-4262-9dd2-29a3c862dc3c', 'workflow_run_id': '019bb5de-ddb3-73e4-aa40-638aaeb8574d', 'workflow_type': 'ChainExecutorWorkflow'})
2026-01-13 11:34:46,037 - httpx - INFO - HTTP Request: GET http://procure-x.testmcp.org/system_stats "HTTP/1.1 200 OK"
2026-01-13 11:34:46,119 - httpx - INFO - HTTP Request: GET http://procure-x.testmcp.org/queue "HTTP/1.1 200 OK"
2026-01-13 11:34:46,124 - temporal_gateway.servers.load_balancer - INFO - Selected server procure-x (queue_depth=0, gpu_mem=0.0%)
2026-01-13 11:34:46,124 - temporalio.activity - INFO - Selected server: procure-x (http://procure-x.testmcp.org) ({'activity_id': '77', 'activity_type': 'select_best_server', 'attempt': 1, 'namespace': 'default', 'task_queue': 'comfyui-gpu-farm', 'workflow_id': 'chain-image-edit-to-video-pipeline-804d89cc-82d7-4262-9dd2-29a3c862dc3c', 'workflow_run_id': '019bb5de-ddb3-73e4-aa40-638aaeb8574d', 'workflow_type': 'ChainExecutorWorkflow'})
2026-01-13 11:34:46,140 - temporalio.workflow - INFO - Step create_video: Selected target server: http://procure-x.testmcp.org ({'attempt': 1, 'namespace': 'default', 'run_id': '019bb5de-ddb3-73e4-aa40-638aaeb8574d', 'task_queue': 'comfyui-gpu-farm', 'workflow_id': 'chain-image-edit-to-video-pipeline-804d89cc-82d7-4262-9dd2-29a3c862dc3c', 'workflow_type': 'ChainExecutorWorkflow'})
2026-01-13 11:34:46,140 - temporalio.workflow - INFO - Step create_video: Processing 2 dependency step(s) ({'attempt': 1, 'namespace': 'default', 'run_id': '019bb5de-ddb3-73e4-aa40-638aaeb8574d', 'task_queue': 'comfyui-gpu-farm', 'workflow_id': 'chain-image-edit-to-video-pipeline-804d89cc-82d7-4262-9dd2-29a3c862dc3c', 'workflow_type': 'ChainExecutorWorkflow'})
2026-01-13 11:34:46,148 - temporalio.activity - INFO - Getting artifacts for workflow: 0ac02995-7130-4f76-b224-7c378e429414 ({'activity_id': '78', 'activity_type': 'get_workflow_artifacts', 'attempt': 1, 'namespace': 'default', 'task_queue': 'comfyui-gpu-farm', 'workflow_id': 'chain-image-edit-to-video-pipeline-804d89cc-82d7-4262-9dd2-29a3c862dc3c', 'workflow_run_id': '019bb5de-ddb3-73e4-aa40-638aaeb8574d', 'workflow_type': 'ChainExecutorWorkflow'})
2026-01-13 11:34:46,157 - temporalio.workflow - INFO - Transferring 1 artifact(s) from edit_frame1 to http://procure-x.testmcp.org ({'attempt': 1, 'namespace': 'default', 'run_id': '019bb5de-ddb3-73e4-aa40-638aaeb8574d', 'task_queue': 'comfyui-gpu-farm', 'workflow_id': 'chain-image-edit-to-video-pipeline-804d89cc-82d7-4262-9dd2-29a3c862dc3c', 'workflow_type': 'ChainExecutorWorkflow'})
2026-01-13 11:34:46,165 - temporalio.activity - INFO - Transferring 1 artifact(s) from workflow 0ac02995-7130-4f76-b224-7c378e429414 to http://procure-x.testmcp.org ({'activity_id': '79', 'activity_type': 'transfer_artifacts_from_storage', 'attempt': 1, 'namespace': 'default', 'task_queue': 'comfyui-gpu-farm', 'workflow_id': 'chain-image-edit-to-video-pipeline-804d89cc-82d7-4262-9dd2-29a3c862dc3c', 'workflow_run_id': '019bb5de-ddb3-73e4-aa40-638aaeb8574d', 'workflow_type': 'ChainExecutorWorkflow'})
2026-01-13 11:34:46,208 - temporal_gateway.clients.comfy.client - INFO - ComfyUI client initialized for http://procure-x.testmcp.org
2026-01-13 11:34:46,212 - temporalio.activity - INFO - Uploading: ComfyUI_00255_.png from local storage to http://procure-x.testmcp.org/input/ ({'activity_id': '79', 'activity_type': 'transfer_artifacts_from_storage', 'attempt': 1, 'namespace': 'default', 'task_queue': 'comfyui-gpu-farm', 'workflow_id': 'chain-image-edit-to-video-pipeline-804d89cc-82d7-4262-9dd2-29a3c862dc3c', 'workflow_run_id': '019bb5de-ddb3-73e4-aa40-638aaeb8574d', 'workflow_type': 'ChainExecutorWorkflow'})
2026-01-13 11:34:46,398 - httpx - INFO - HTTP Request: POST http://procure-x.testmcp.org/upload/image "HTTP/1.1 200 OK"
2026-01-13 11:34:46,402 - temporalio.activity - INFO - ✓ Uploaded: ComfyUI_00255_.png (757519 bytes) ({'activity_id': '79', 'activity_type': 'transfer_artifacts_from_storage', 'attempt': 1, 'namespace': 'default', 'task_queue': 'comfyui-gpu-farm', 'workflow_id': 'chain-image-edit-to-video-pipeline-804d89cc-82d7-4262-9dd2-29a3c862dc3c', 'workflow_run_id': '019bb5de-ddb3-73e4-aa40-638aaeb8574d', 'workflow_type': 'ChainExecutorWorkflow'})
2026-01-13 11:34:46,417 - temporalio.activity - INFO - Successfully transferred 1 file(s) ({'activity_id': '79', 'activity_type': 'transfer_artifacts_from_storage', 'attempt': 1, 'namespace': 'default', 'task_queue': 'comfyui-gpu-farm', 'workflow_id': 'chain-image-edit-to-video-pipeline-804d89cc-82d7-4262-9dd2-29a3c862dc3c', 'workflow_run_id': '019bb5de-ddb3-73e4-aa40-638aaeb8574d', 'workflow_type': 'ChainExecutorWorkflow'})
2026-01-13 11:34:46,460 - temporalio.activity - INFO - Getting artifacts for workflow: 9539a5c2-98c5-4b17-b314-6c38e2a1be85 ({'activity_id': '80', 'activity_type': 'get_workflow_artifacts', 'attempt': 1, 'namespace': 'default', 'task_queue': 'comfyui-gpu-farm', 'workflow_id': 'chain-image-edit-to-video-pipeline-804d89cc-82d7-4262-9dd2-29a3c862dc3c', 'workflow_run_id': '019bb5de-ddb3-73e4-aa40-638aaeb8574d', 'workflow_type': 'ChainExecutorWorkflow'})
2026-01-13 11:34:46,474 - temporalio.workflow - INFO - Transferring 1 artifact(s) from edit_frame2 to http://procure-x.testmcp.org ({'attempt': 1, 'namespace': 'default', 'run_id': '019bb5de-ddb3-73e4-aa40-638aaeb8574d', 'task_queue': 'comfyui-gpu-farm', 'workflow_id': 'chain-image-edit-to-video-pipeline-804d89cc-82d7-4262-9dd2-29a3c862dc3c', 'workflow_type': 'ChainExecutorWorkflow'})
2026-01-13 11:34:46,483 - temporalio.activity - INFO - Transferring 1 artifact(s) from workflow 9539a5c2-98c5-4b17-b314-6c38e2a1be85 to http://procure-x.testmcp.org ({'activity_id': '81', 'activity_type': 'transfer_artifacts_from_storage', 'attempt': 1, 'namespace': 'default', 'task_queue': 'comfyui-gpu-farm', 'workflow_id': 'chain-image-edit-to-video-pipeline-804d89cc-82d7-4262-9dd2-29a3c862dc3c', 'workflow_run_id': '019bb5de-ddb3-73e4-aa40-638aaeb8574d', 'workflow_type': 'ChainExecutorWorkflow'})
2026-01-13 11:34:46,532 - temporal_gateway.clients.comfy.client - INFO - ComfyUI client initialized for http://procure-x.testmcp.org
2026-01-13 11:34:46,536 - temporalio.activity - INFO - Uploading: ComfyUI_00256_.png from local storage to http://procure-x.testmcp.org/input/ ({'activity_id': '81', 'activity_type': 'transfer_artifacts_from_storage', 'attempt': 1, 'namespace': 'default', 'task_queue': 'comfyui-gpu-farm', 'workflow_id': 'chain-image-edit-to-video-pipeline-804d89cc-82d7-4262-9dd2-29a3c862dc3c', 'workflow_run_id': '019bb5de-ddb3-73e4-aa40-638aaeb8574d', 'workflow_type': 'ChainExecutorWorkflow'})
2026-01-13 11:34:46,825 - httpx - INFO - HTTP Request: POST http://procure-x.testmcp.org/upload/image "HTTP/1.1 200 OK"
2026-01-13 11:34:46,838 - temporalio.activity - INFO - ✓ Uploaded: ComfyUI_00256_.png (800815 bytes) ({'activity_id': '81', 'activity_type': 'transfer_artifacts_from_storage', 'attempt': 1, 'namespace': 'default', 'task_queue': 'comfyui-gpu-farm', 'workflow_id': 'chain-image-edit-to-video-pipeline-804d89cc-82d7-4262-9dd2-29a3c862dc3c', 'workflow_run_id': '019bb5de-ddb3-73e4-aa40-638aaeb8574d', 'workflow_type': 'ChainExecutorWorkflow'})
2026-01-13 11:34:46,849 - temporalio.activity - INFO - Successfully transferred 1 file(s) ({'activity_id': '81', 'activity_type': 'transfer_artifacts_from_storage', 'attempt': 1, 'namespace': 'default', 'task_queue': 'comfyui-gpu-farm', 'workflow_id': 'chain-image-edit-to-video-pipeline-804d89cc-82d7-4262-9dd2-29a3c862dc3c', 'workflow_run_id': '019bb5de-ddb3-73e4-aa40-638aaeb8574d', 'workflow_type': 'ChainExecutorWorkflow'})
2026-01-13 11:34:46,880 - temporalio.activity - INFO - Creating workflow record: firstEndTovideo (prompt: pending) ({'activity_id': '82', 'activity_type': 'create_workflow_record', 'attempt': 1, 'namespace': 'default', 'task_queue': 'comfyui-gpu-farm', 'workflow_id': 'chain-image-edit-to-video-pipeline-804d89cc-82d7-4262-9dd2-29a3c862dc3c', 'workflow_run_id': '019bb5de-ddb3-73e4-aa40-638aaeb8574d', 'workflow_type': 'ChainExecutorWorkflow'})
2026-01-13 11:34:46,884 - temporalio.activity - INFO - ✓ Created workflow record: 4c6f2aca-3998-4926-bb72-b19157082125 ({'activity_id': '82', 'activity_type': 'create_workflow_record', 'attempt': 1, 'namespace': 'default', 'task_queue': 'comfyui-gpu-farm', 'workflow_id': 'chain-image-edit-to-video-pipeline-804d89cc-82d7-4262-9dd2-29a3c862dc3c', 'workflow_run_id': '019bb5de-ddb3-73e4-aa40-638aaeb8574d', 'workflow_type': 'ChainExecutorWorkflow'})
2026-01-13 11:34:46,895 - temporalio.workflow - INFO - Step create_video: Created workflow record 4c6f2aca-3998-4926-bb72-b19157082125 ({'attempt': 1, 'namespace': 'default', 'run_id': '019bb5de-ddb3-73e4-aa40-638aaeb8574d', 'task_queue': 'comfyui-gpu-farm', 'workflow_id': 'chain-image-edit-to-video-pipeline-804d89cc-82d7-4262-9dd2-29a3c862dc3c', 'workflow_type': 'ChainExecutorWorkflow'})
2026-01-13 11:34:46,925 - temporalio.workflow - INFO - Starting ComfyUI workflow execution ({'attempt': 1, 'namespace': 'default', 'run_id': '019bb5f4-efb6-74a9-a953-2c95c454652b', 'task_queue': 'comfyui-gpu-farm', 'workflow_id': 'chain-image-edit-to-video-pipeline-804d89cc-82d7-4262-9dd2-29a3c862dc3c-create_video', 'workflow_type': 'ComfyUIWorkflow'})
2026-01-13 11:34:46,925 - temporalio.workflow - INFO - Generated client_id: 4d388809-58ac-43c9-aad2-c2b3caa1cce3 ({'attempt': 1, 'namespace': 'default', 'run_id': '019bb5f4-efb6-74a9-a953-2c95c454652b', 'task_queue': 'comfyui-gpu-farm', 'workflow_id': 'chain-image-edit-to-video-pipeline-804d89cc-82d7-4262-9dd2-29a3c862dc3c-create_video', 'workflow_type': 'ComfyUIWorkflow'})
2026-01-13 11:34:46,925 - temporalio.workflow - INFO - Using pre-selected server: http://procure-x.testmcp.org ({'attempt': 1, 'namespace': 'default', 'run_id': '019bb5f4-efb6-74a9-a953-2c95c454652b', 'task_queue': 'comfyui-gpu-farm', 'workflow_id': 'chain-image-edit-to-video-pipeline-804d89cc-82d7-4262-9dd2-29a3c862dc3c-create_video', 'workflow_type': 'ComfyUIWorkflow'})
2026-01-13 11:34:46,933 - temporalio.activity - INFO - [V3] Executing workflow on http://procure-x.testmcp.org ({'activity_id': '1', 'activity_type': 'execute_and_track_workflow', 'attempt': 1, 'namespace': 'default', 'task_queue': 'comfyui-gpu-farm', 'workflow_id': 'chain-image-edit-to-video-pipeline-804d89cc-82d7-4262-9dd2-29a3c862dc3c-create_video', 'workflow_run_id': '019bb5f4-efb6-74a9-a953-2c95c454652b', 'workflow_type': 'ComfyUIWorkflow'})
2026-01-13 11:34:46,934 - temporalio.activity - INFO - [V3] Workflow name: firstEndTovideo ({'activity_id': '1', 'activity_type': 'execute_and_track_workflow', 'attempt': 1, 'namespace': 'default', 'task_queue': 'comfyui-gpu-farm', 'workflow_id': 'chain-image-edit-to-video-pipeline-804d89cc-82d7-4262-9dd2-29a3c862dc3c-create_video', 'workflow_run_id': '019bb5f4-efb6-74a9-a953-2c95c454652b', 'workflow_type': 'ComfyUIWorkflow'})
2026-01-13 11:34:46,975 - temporal_gateway.clients.comfy.client - INFO - ComfyUI client initialized for http://procure-x.testmcp.org
2026-01-13 11:34:46,975 - temporal_gateway.clients.comfy.client - INFO - Submitting workflow to ComfyUI
2026-01-13 11:34:47,062 - httpx - INFO - HTTP Request: POST http://procure-x.testmcp.org/prompt "HTTP/1.1 200 OK"
2026-01-13 11:34:47,064 - temporal_gateway.clients.comfy.client - INFO - Workflow queued with prompt_id: e04ec421-d755-450d-9d64-b0edc06b66d0
2026-01-13 11:34:47,064 - temporal_gateway.clients.comfy.tracker - INFO - Starting execution tracking for prompt e04ec421-d755-450d-9d64-b0edc06b66d0
2026-01-13 11:34:47,064 - temporal_gateway.clients.comfy.tracker - INFO - Starting history polling
2026-01-13 11:34:47,066 - temporal_gateway.clients.comfy.tracker - INFO - Starting WebSocket listener
2026-01-13 11:34:47,066 - temporal_gateway.clients.comfy.websocket - INFO - Connecting to WebSocket: ws://procure-x.testmcp.org/ws?clientId=ee1135ee-5611-4f20-bc8a-ba6ecb946de1
2026-01-13 11:34:47,086 - httpx - INFO - HTTP Request: GET http://procure-x.testmcp.org/history/e04ec421-d755-450d-9d64-b0edc06b66d0 "HTTP/1.1 200 OK"
2026-01-13 11:34:47,544 - temporal_gateway.clients.comfy.websocket - INFO - WebSocket connected successfully
2026-01-13 11:34:48,129 - httpx - INFO - HTTP Request: GET http://procure-x.testmcp.org/history/e04ec421-d755-450d-9d64-b0edc06b66d0 "HTTP/1.1 200 OK"
2026-01-13 11:34:48,133 - temporal_gateway.clients.comfy.tracker - INFO - [POLL] Found in history: success
2026-01-13 11:34:48,133 - temporal_gateway.clients.comfy.tracker - INFO - Tracking completed: success (took 1.07s)
2026-01-13 11:34:48,134 - temporalio.activity - INFO - [V3] Workflow completed successfully ({'activity_id': '1', 'activity_type': 'execute_and_track_workflow', 'attempt': 1, 'namespace': 'default', 'task_queue': 'comfyui-gpu-farm', 'workflow_id': 'chain-image-edit-to-video-pipeline-804d89cc-82d7-4262-9dd2-29a3c862dc3c-create_video', 'workflow_run_id': '019bb5f4-efb6-74a9-a953-2c95c454652b', 'workflow_type': 'ComfyUIWorkflow'})
2026-01-13 11:34:48,156 - temporalio.workflow - INFO - Execution completed successfully ({'attempt': 1, 'namespace': 'default', 'run_id': '019bb5f4-efb6-74a9-a953-2c95c454652b', 'task_queue': 'comfyui-gpu-farm', 'workflow_id': 'chain-image-edit-to-video-pipeline-804d89cc-82d7-4262-9dd2-29a3c862dc3c-create_video', 'workflow_type': 'ComfyUIWorkflow'})
2026-01-13 11:34:48,165 - temporalio.activity - INFO - Extracting server output files ({'activity_id': '2', 'activity_type': 'get_server_output_files', 'attempt': 1, 'namespace': 'default', 'task_queue': 'comfyui-gpu-farm', 'workflow_id': 'chain-image-edit-to-video-pipeline-804d89cc-82d7-4262-9dd2-29a3c862dc3c-create_video', 'workflow_run_id': '019bb5f4-efb6-74a9-a953-2c95c454652b', 'workflow_type': 'ComfyUIWorkflow'})
2026-01-13 11:34:48,165 - temporalio.activity - INFO - Found 1 output file(s) ({'activity_id': '2', 'activity_type': 'get_server_output_files', 'attempt': 1, 'namespace': 'default', 'task_queue': 'comfyui-gpu-farm', 'workflow_id': 'chain-image-edit-to-video-pipeline-804d89cc-82d7-4262-9dd2-29a3c862dc3c-create_video', 'workflow_run_id': '019bb5f4-efb6-74a9-a953-2c95c454652b', 'workflow_type': 'ComfyUIWorkflow'})
2026-01-13 11:34:48,174 - temporalio.workflow - INFO - Found 1 server output file(s) ({'attempt': 1, 'namespace': 'default', 'run_id': '019bb5f4-efb6-74a9-a953-2c95c454652b', 'task_queue': 'comfyui-gpu-farm', 'workflow_id': 'chain-image-edit-to-video-pipeline-804d89cc-82d7-4262-9dd2-29a3c862dc3c-create_video', 'workflow_type': 'ComfyUIWorkflow'})
2026-01-13 11:34:48,182 - temporalio.activity - INFO - Downloading and persisting 1 artifact(s) for workflow 4c6f2aca-3998-4926-bb72-b19157082125 ({'activity_id': '3', 'activity_type': 'download_and_store_artifacts', 'attempt': 1, 'namespace': 'default', 'task_queue': 'comfyui-gpu-farm', 'workflow_id': 'chain-image-edit-to-video-pipeline-804d89cc-82d7-4262-9dd2-29a3c862dc3c-create_video', 'workflow_run_id': '019bb5f4-efb6-74a9-a953-2c95c454652b', 'workflow_type': 'ComfyUIWorkflow'})
2026-01-13 11:34:48,226 - temporal_gateway.clients.comfy.client - INFO - ComfyUI client initialized for http://procure-x.testmcp.org
2026-01-13 11:34:48,777 - httpx - INFO - HTTP Request: GET http://procure-x.testmcp.org/view?filename=ComfyUI_00059_.mp4&type=output&subfolder=video "HTTP/1.1 200 OK"
2026-01-13 11:34:52,981 - temporalio.activity - INFO - ✓ Saved artifact to DB: 2d3a12d6-7aa9-4d86-982a-5e185cb31a76 (ComfyUI_00059_.mp4) ({'activity_id': '3', 'activity_type': 'download_and_store_artifacts', 'attempt': 1, 'namespace': 'default', 'task_queue': 'comfyui-gpu-farm', 'workflow_id': 'chain-image-edit-to-video-pipeline-804d89cc-82d7-4262-9dd2-29a3c862dc3c-create_video', 'workflow_run_id': '019bb5f4-efb6-74a9-a953-2c95c454652b', 'workflow_type': 'ComfyUIWorkflow'})
2026-01-13 11:34:52,982 - temporalio.activity - INFO - Downloaded and persisted 1 artifact(s) ({'activity_id': '3', 'activity_type': 'download_and_store_artifacts', 'attempt': 1, 'namespace': 'default', 'task_queue': 'comfyui-gpu-farm', 'workflow_id': 'chain-image-edit-to-video-pipeline-804d89cc-82d7-4262-9dd2-29a3c862dc3c-create_video', 'workflow_run_id': '019bb5f4-efb6-74a9-a953-2c95c454652b', 'workflow_type': 'ComfyUIWorkflow'})
2026-01-13 11:34:52,996 - temporalio.workflow - INFO - Downloaded 1 file(s) locally ({'attempt': 1, 'namespace': 'default', 'run_id': '019bb5f4-efb6-74a9-a953-2c95c454652b', 'task_queue': 'comfyui-gpu-farm', 'workflow_id': 'chain-image-edit-to-video-pipeline-804d89cc-82d7-4262-9dd2-29a3c862dc3c-create_video', 'workflow_type': 'ComfyUIWorkflow'})
2026-01-13 11:34:53,016 - temporalio.activity - INFO - Updating workflow 4c6f2aca-3998-4926-bb72-b19157082125 status to: completed ({'activity_id': '83', 'activity_type': 'update_workflow_status_activity', 'attempt': 1, 'namespace': 'default', 'task_queue': 'comfyui-gpu-farm', 'workflow_id': 'chain-image-edit-to-video-pipeline-804d89cc-82d7-4262-9dd2-29a3c862dc3c', 'workflow_run_id': '019bb5de-ddb3-73e4-aa40-638aaeb8574d', 'workflow_type': 'ChainExecutorWorkflow'})
2026-01-13 11:34:53,020 - temporalio.activity - INFO - ✓ Updated workflow status ({'activity_id': '83', 'activity_type': 'update_workflow_status_activity', 'attempt': 1, 'namespace': 'default', 'task_queue': 'comfyui-gpu-farm', 'workflow_id': 'chain-image-edit-to-video-pipeline-804d89cc-82d7-4262-9dd2-29a3c862dc3c', 'workflow_run_id': '019bb5de-ddb3-73e4-aa40-638aaeb8574d', 'workflow_type': 'ChainExecutorWorkflow'})
2026-01-13 11:34:53,028 - temporalio.workflow - INFO - Step create_video: Approval required, fetching artifacts... ({'attempt': 1, 'namespace': 'default', 'run_id': '019bb5de-ddb3-73e4-aa40-638aaeb8574d', 'task_queue': 'comfyui-gpu-farm', 'workflow_id': 'chain-image-edit-to-video-pipeline-804d89cc-82d7-4262-9dd2-29a3c862dc3c', 'workflow_type': 'ChainExecutorWorkflow'})
2026-01-13 11:34:53,035 - temporalio.activity - INFO - Getting artifacts for workflow: 4c6f2aca-3998-4926-bb72-b19157082125 ({'activity_id': '84', 'activity_type': 'get_workflow_artifacts', 'attempt': 1, 'namespace': 'default', 'task_queue': 'comfyui-gpu-farm', 'workflow_id': 'chain-image-edit-to-video-pipeline-804d89cc-82d7-4262-9dd2-29a3c862dc3c', 'workflow_run_id': '019bb5de-ddb3-73e4-aa40-638aaeb8574d', 'workflow_type': 'ChainExecutorWorkflow'})
2026-01-13 11:34:53,052 - temporalio.activity - INFO - Creating approval request for artifact: 2d3a12d6-7aa9-4d86-982a-5e185cb31a76 ({'activity_id': '85', 'activity_type': 'create_approval_request_activity', 'attempt': 1, 'namespace': 'default', 'task_queue': 'comfyui-gpu-farm', 'workflow_id': 'chain-image-edit-to-video-pipeline-804d89cc-82d7-4262-9dd2-29a3c862dc3c', 'workflow_run_id': '019bb5de-ddb3-73e4-aa40-638aaeb8574d', 'workflow_type': 'ChainExecutorWorkflow'})
2026-01-13 11:34:53,055 - temporalio.activity - INFO - ✓ Created approval request: e7b32dc6-1585-4097-8a83-b71f40d34272, token: s2dylVllyJeb64tz... ({'activity_id': '85', 'activity_type': 'create_approval_request_activity', 'attempt': 1, 'namespace': 'default', 'task_queue': 'comfyui-gpu-farm', 'workflow_id': 'chain-image-edit-to-video-pipeline-804d89cc-82d7-4262-9dd2-29a3c862dc3c', 'workflow_run_id': '019bb5de-ddb3-73e4-aa40-638aaeb8574d', 'workflow_type': 'ChainExecutorWorkflow'})
2026-01-13 11:34:53,056 - temporal_gateway.services.broadcast - INFO - Published approval_requested to chain:9825eb5b-07c1-44d9-9f8d-349db41f70b7
2026-01-13 11:34:53,056 - temporalio.activity - INFO - Published approval_requested event for chain 9825eb5b-07c1-44d9-9f8d-349db41f70b7 ({'activity_id': '85', 'activity_type': 'create_approval_request_activity', 'attempt': 1, 'namespace': 'default', 'task_queue': 'comfyui-gpu-farm', 'workflow_id': 'chain-image-edit-to-video-pipeline-804d89cc-82d7-4262-9dd2-29a3c862dc3c', 'workflow_run_id': '019bb5de-ddb3-73e4-aa40-638aaeb8574d', 'workflow_type': 'ChainExecutorWorkflow'})
2026-01-13 11:34:53,065 - temporalio.workflow - INFO - Step create_video: Approval request created, token: s2dylVllyJeb64tz... ({'attempt': 1, 'namespace': 'default', 'run_id': '019bb5de-ddb3-73e4-aa40-638aaeb8574d', 'task_queue': 'comfyui-gpu-farm', 'workflow_id': 'chain-image-edit-to-video-pipeline-804d89cc-82d7-4262-9dd2-29a3c862dc3c', 'workflow_type': 'ChainExecutorWorkflow'})
2026-01-13 11:45:40,331 - temporalio.workflow - INFO - Starting chain execution: image-edit-to-video-pipeline ({'attempt': 1, 'namespace': 'default', 'run_id': '019bb5fe-e813-7328-84e1-61ae94496bab', 'task_queue': 'comfyui-gpu-farm', 'workflow_id': 'chain-image-edit-to-video-pipeline-f10d6f69-ef79-4aa5-9056-36eeb91a077e', 'workflow_type': 'ChainExecutorWorkflow'})
2026-01-13 11:45:40,332 - temporalio.workflow - INFO - Retry number: 0 ({'attempt': 1, 'namespace': 'default', 'run_id': '019bb5fe-e813-7328-84e1-61ae94496bab', 'task_queue': 'comfyui-gpu-farm', 'workflow_id': 'chain-image-edit-to-video-pipeline-f10d6f69-ef79-4aa5-9056-36eeb91a077e', 'workflow_type': 'ChainExecutorWorkflow'})
2026-01-13 11:45:40,332 - temporalio.workflow - INFO - Cached steps: [] ({'attempt': 1, 'namespace': 'default', 'run_id': '019bb5fe-e813-7328-84e1-61ae94496bab', 'task_queue': 'comfyui-gpu-farm', 'workflow_id': 'chain-image-edit-to-video-pipeline-f10d6f69-ef79-4aa5-9056-36eeb91a077e', 'workflow_type': 'ChainExecutorWorkflow'})
2026-01-13 11:45:40,332 - temporalio.workflow - INFO - Total levels: 3 ({'attempt': 1, 'namespace': 'default', 'run_id': '019bb5fe-e813-7328-84e1-61ae94496bab', 'task_queue': 'comfyui-gpu-farm', 'workflow_id': 'chain-image-edit-to-video-pipeline-f10d6f69-ef79-4aa5-9056-36eeb91a077e', 'workflow_type': 'ChainExecutorWorkflow'})
2026-01-13 11:45:40,332 - temporalio.workflow - INFO - Using chain ID: 7d54827e-6944-4121-a44c-67a65a534079 ({'attempt': 1, 'namespace': 'default', 'run_id': '019bb5fe-e813-7328-84e1-61ae94496bab', 'task_queue': 'comfyui-gpu-farm', 'workflow_id': 'chain-image-edit-to-video-pipeline-f10d6f69-ef79-4aa5-9056-36eeb91a077e', 'workflow_type': 'ChainExecutorWorkflow'})
2026-01-13 11:45:40,343 - temporalio.activity - INFO - Updating chain 7d54827e-6944-4121-a44c-67a65a534079 status to: executing_level_0 ({'activity_id': '1', 'activity_type': 'update_chain_status_activity', 'attempt': 1, 'namespace': 'default', 'task_queue': 'comfyui-gpu-farm', 'workflow_id': 'chain-image-edit-to-video-pipeline-f10d6f69-ef79-4aa5-9056-36eeb91a077e', 'workflow_run_id': '019bb5fe-e813-7328-84e1-61ae94496bab', 'workflow_type': 'ChainExecutorWorkflow'})
2026-01-13 11:45:40,347 - temporalio.activity - INFO - ✓ Updated chain status ({'activity_id': '1', 'activity_type': 'update_chain_status_activity', 'attempt': 1, 'namespace': 'default', 'task_queue': 'comfyui-gpu-farm', 'workflow_id': 'chain-image-edit-to-video-pipeline-f10d6f69-ef79-4aa5-9056-36eeb91a077e', 'workflow_run_id': '019bb5fe-e813-7328-84e1-61ae94496bab', 'workflow_type': 'ChainExecutorWorkflow'})
2026-01-13 11:45:40,356 - temporalio.workflow - INFO - Level 0: Executing 2 step(s) ({'attempt': 1, 'namespace': 'default', 'run_id': '019bb5fe-e813-7328-84e1-61ae94496bab', 'task_queue': 'comfyui-gpu-farm', 'workflow_id': 'chain-image-edit-to-video-pipeline-f10d6f69-ef79-4aa5-9056-36eeb91a077e', 'workflow_type': 'ChainExecutorWorkflow'})
2026-01-13 11:45:40,356 - temporalio.workflow - INFO - Executing step: extract_frame1 ({'attempt': 1, 'namespace': 'default', 'run_id': '019bb5fe-e813-7328-84e1-61ae94496bab', 'task_queue': 'comfyui-gpu-farm', 'workflow_id': 'chain-image-edit-to-video-pipeline-f10d6f69-ef79-4aa5-9056-36eeb91a077e', 'workflow_type': 'ChainExecutorWorkflow'})
2026-01-13 11:45:40,357 - temporalio.workflow - INFO - Executing step: extract_frame2 ({'attempt': 1, 'namespace': 'default', 'run_id': '019bb5fe-e813-7328-84e1-61ae94496bab', 'task_queue': 'comfyui-gpu-farm', 'workflow_id': 'chain-image-edit-to-video-pipeline-f10d6f69-ef79-4aa5-9056-36eeb91a077e', 'workflow_type': 'ChainExecutorWorkflow'})
2026-01-13 11:45:40,366 - temporalio.activity - INFO - Resolving templates in parameters ({'activity_id': '2', 'activity_type': 'resolve_chain_templates', 'attempt': 1, 'namespace': 'default', 'task_queue': 'comfyui-gpu-farm', 'workflow_id': 'chain-image-edit-to-video-pipeline-f10d6f69-ef79-4aa5-9056-36eeb91a077e', 'workflow_run_id': '019bb5fe-e813-7328-84e1-61ae94496bab', 'workflow_type': 'ChainExecutorWorkflow'})
2026-01-13 11:45:40,366 - temporalio.activity - INFO - Templates resolved successfully ({'activity_id': '2', 'activity_type': 'resolve_chain_templates', 'attempt': 1, 'namespace': 'default', 'task_queue': 'comfyui-gpu-farm', 'workflow_id': 'chain-image-edit-to-video-pipeline-f10d6f69-ef79-4aa5-9056-36eeb91a077e', 'workflow_run_id': '019bb5fe-e813-7328-84e1-61ae94496bab', 'workflow_type': 'ChainExecutorWorkflow'})
2026-01-13 11:45:40,368 - temporalio.activity - INFO - Resolving templates in parameters ({'activity_id': '3', 'activity_type': 'resolve_chain_templates', 'attempt': 1, 'namespace': 'default', 'task_queue': 'comfyui-gpu-farm', 'workflow_id': 'chain-image-edit-to-video-pipeline-f10d6f69-ef79-4aa5-9056-36eeb91a077e', 'workflow_run_id': '019bb5fe-e813-7328-84e1-61ae94496bab', 'workflow_type': 'ChainExecutorWorkflow'})
2026-01-13 11:45:40,368 - temporalio.activity - INFO - Templates resolved successfully ({'activity_id': '3', 'activity_type': 'resolve_chain_templates', 'attempt': 1, 'namespace': 'default', 'task_queue': 'comfyui-gpu-farm', 'workflow_id': 'chain-image-edit-to-video-pipeline-f10d6f69-ef79-4aa5-9056-36eeb91a077e', 'workflow_run_id': '019bb5fe-e813-7328-84e1-61ae94496bab', 'workflow_type': 'ChainExecutorWorkflow'})
2026-01-13 11:45:40,378 - temporalio.workflow - INFO - Step extract_frame1: Resolved parameters ({'attempt': 1, 'namespace': 'default', 'run_id': '019bb5fe-e813-7328-84e1-61ae94496bab', 'task_queue': 'comfyui-gpu-farm', 'workflow_id': 'chain-image-edit-to-video-pipeline-f10d6f69-ef79-4aa5-9056-36eeb91a077e', 'workflow_type': 'ChainExecutorWorkflow'})
2026-01-13 11:45:40,379 - temporalio.workflow - INFO - Step extract_frame2: Resolved parameters ({'attempt': 1, 'namespace': 'default', 'run_id': '019bb5fe-e813-7328-84e1-61ae94496bab', 'task_queue': 'comfyui-gpu-farm', 'workflow_id': 'chain-image-edit-to-video-pipeline-f10d6f69-ef79-4aa5-9056-36eeb91a077e', 'workflow_type': 'ChainExecutorWorkflow'})
2026-01-13 11:45:40,387 - temporalio.activity - INFO - Applying parameters to workflow: imageSave ({'activity_id': '5', 'activity_type': 'apply_workflow_parameters', 'attempt': 1, 'namespace': 'default', 'task_queue': 'comfyui-gpu-farm', 'workflow_id': 'chain-image-edit-to-video-pipeline-f10d6f69-ef79-4aa5-9056-36eeb91a077e', 'workflow_run_id': '019bb5fe-e813-7328-84e1-61ae94496bab', 'workflow_type': 'ChainExecutorWorkflow'})
2026-01-13 11:45:40,387 - temporal_gateway.registry - INFO - Applied override: 1.frame_load_cap = 1
2026-01-13 11:45:40,387 - temporal_gateway.registry - INFO - Applied override: 1.select_every_nth = 1
2026-01-13 11:45:40,387 - temporal_gateway.registry - INFO - Applied override: 1.skip_first_frames = 172
2026-01-13 11:45:40,387 - temporal_gateway.registry - INFO - Applied override: 1.video = ComfyUI_00012_.mp4
2026-01-13 11:45:40,388 - temporalio.activity - INFO - Parameters applied successfully ({'activity_id': '5', 'activity_type': 'apply_workflow_parameters', 'attempt': 1, 'namespace': 'default', 'task_queue': 'comfyui-gpu-farm', 'workflow_id': 'chain-image-edit-to-video-pipeline-f10d6f69-ef79-4aa5-9056-36eeb91a077e', 'workflow_run_id': '019bb5fe-e813-7328-84e1-61ae94496bab', 'workflow_type': 'ChainExecutorWorkflow'})
2026-01-13 11:45:40,390 - temporalio.activity - INFO - Applying parameters to workflow: imageSave ({'activity_id': '4', 'activity_type': 'apply_workflow_parameters', 'attempt': 1, 'namespace': 'default', 'task_queue': 'comfyui-gpu-farm', 'workflow_id': 'chain-image-edit-to-video-pipeline-f10d6f69-ef79-4aa5-9056-36eeb91a077e', 'workflow_run_id': '019bb5fe-e813-7328-84e1-61ae94496bab', 'workflow_type': 'ChainExecutorWorkflow'})
2026-01-13 11:45:40,390 - temporal_gateway.registry - INFO - Applied override: 1.frame_load_cap = 1
2026-01-13 11:45:40,390 - temporal_gateway.registry - INFO - Applied override: 1.select_every_nth = 1
2026-01-13 11:45:40,391 - temporal_gateway.registry - INFO - Applied override: 1.skip_first_frames = 0
2026-01-13 11:45:40,391 - temporal_gateway.registry - INFO - Applied override: 1.video = ComfyUI_00012_.mp4
2026-01-13 11:45:40,391 - temporalio.activity - INFO - Parameters applied successfully ({'activity_id': '4', 'activity_type': 'apply_workflow_parameters', 'attempt': 1, 'namespace': 'default', 'task_queue': 'comfyui-gpu-farm', 'workflow_id': 'chain-image-edit-to-video-pipeline-f10d6f69-ef79-4aa5-9056-36eeb91a077e', 'workflow_run_id': '019bb5fe-e813-7328-84e1-61ae94496bab', 'workflow_type': 'ChainExecutorWorkflow'})
2026-01-13 11:45:40,408 - temporalio.activity - INFO - Selecting server with strategy: least_loaded ({'activity_id': '6', 'activity_type': 'select_best_server', 'attempt': 1, 'namespace': 'default', 'task_queue': 'comfyui-gpu-farm', 'workflow_id': 'chain-image-edit-to-video-pipeline-f10d6f69-ef79-4aa5-9056-36eeb91a077e', 'workflow_run_id': '019bb5fe-e813-7328-84e1-61ae94496bab', 'workflow_type': 'ChainExecutorWorkflow'})
2026-01-13 11:45:40,453 - temporalio.activity - INFO - Selecting server with strategy: least_loaded ({'activity_id': '7', 'activity_type': 'select_best_server', 'attempt': 1, 'namespace': 'default', 'task_queue': 'comfyui-gpu-farm', 'workflow_id': 'chain-image-edit-to-video-pipeline-f10d6f69-ef79-4aa5-9056-36eeb91a077e', 'workflow_run_id': '019bb5fe-e813-7328-84e1-61ae94496bab', 'workflow_type': 'ChainExecutorWorkflow'})
2026-01-13 11:45:40,563 - httpx - INFO - HTTP Request: GET http://procure-x.testmcp.org/system_stats "HTTP/1.1 200 OK"
2026-01-13 11:45:40,569 - httpx - INFO - HTTP Request: GET http://procure-x.testmcp.org/system_stats "HTTP/1.1 200 OK"
2026-01-13 11:45:40,581 - httpx - INFO - HTTP Request: GET http://procure-x.testmcp.org/queue "HTTP/1.1 200 OK"
2026-01-13 11:45:40,583 - temporal_gateway.servers.load_balancer - INFO - Selected server procure-x (queue_depth=0, gpu_mem=0.0%)
2026-01-13 11:45:40,583 - temporalio.activity - INFO - Selected server: procure-x (http://procure-x.testmcp.org) ({'activity_id': '6', 'activity_type': 'select_best_server', 'attempt': 1, 'namespace': 'default', 'task_queue': 'comfyui-gpu-farm', 'workflow_id': 'chain-image-edit-to-video-pipeline-f10d6f69-ef79-4aa5-9056-36eeb91a077e', 'workflow_run_id': '019bb5fe-e813-7328-84e1-61ae94496bab', 'workflow_type': 'ChainExecutorWorkflow'})
2026-01-13 11:45:40,593 - temporalio.workflow - INFO - Step extract_frame2: Selected target server: http://procure-x.testmcp.org ({'attempt': 1, 'namespace': 'default', 'run_id': '019bb5fe-e813-7328-84e1-61ae94496bab', 'task_queue': 'comfyui-gpu-farm', 'workflow_id': 'chain-image-edit-to-video-pipeline-f10d6f69-ef79-4aa5-9056-36eeb91a077e', 'workflow_type': 'ChainExecutorWorkflow'})
2026-01-13 11:45:40,601 - temporalio.activity - INFO - Creating workflow record: imageSave (prompt: pending) ({'activity_id': '8', 'activity_type': 'create_workflow_record', 'attempt': 1, 'namespace': 'default', 'task_queue': 'comfyui-gpu-farm', 'workflow_id': 'chain-image-edit-to-video-pipeline-f10d6f69-ef79-4aa5-9056-36eeb91a077e', 'workflow_run_id': '019bb5fe-e813-7328-84e1-61ae94496bab', 'workflow_type': 'ChainExecutorWorkflow'})
2026-01-13 11:45:40,605 - temporalio.activity - INFO - ✓ Created workflow record: 13e6c731-5479-4c45-aec2-d2cd7052dcbd ({'activity_id': '8', 'activity_type': 'create_workflow_record', 'attempt': 1, 'namespace': 'default', 'task_queue': 'comfyui-gpu-farm', 'workflow_id': 'chain-image-edit-to-video-pipeline-f10d6f69-ef79-4aa5-9056-36eeb91a077e', 'workflow_run_id': '019bb5fe-e813-7328-84e1-61ae94496bab', 'workflow_type': 'ChainExecutorWorkflow'})
2026-01-13 11:45:40,614 - temporalio.workflow - INFO - Step extract_frame2: Created workflow record 13e6c731-5479-4c45-aec2-d2cd7052dcbd ({'attempt': 1, 'namespace': 'default', 'run_id': '019bb5fe-e813-7328-84e1-61ae94496bab', 'task_queue': 'comfyui-gpu-farm', 'workflow_id': 'chain-image-edit-to-video-pipeline-f10d6f69-ef79-4aa5-9056-36eeb91a077e', 'workflow_type': 'ChainExecutorWorkflow'})
2026-01-13 11:45:40,637 - temporalio.workflow - INFO - Starting ComfyUI workflow execution ({'attempt': 1, 'namespace': 'default', 'run_id': '019bb5fe-e94a-7585-a38a-fb6f97bb8585', 'task_queue': 'comfyui-gpu-farm', 'workflow_id': 'chain-image-edit-to-video-pipeline-f10d6f69-ef79-4aa5-9056-36eeb91a077e-extract_frame2', 'workflow_type': 'ComfyUIWorkflow'})
2026-01-13 11:45:40,637 - temporalio.workflow - INFO - Generated client_id: 4ce1f46a-8ec8-401f-97bf-7bca51d0ecfc ({'attempt': 1, 'namespace': 'default', 'run_id': '019bb5fe-e94a-7585-a38a-fb6f97bb8585', 'task_queue': 'comfyui-gpu-farm', 'workflow_id': 'chain-image-edit-to-video-pipeline-f10d6f69-ef79-4aa5-9056-36eeb91a077e-extract_frame2', 'workflow_type': 'ComfyUIWorkflow'})
2026-01-13 11:45:40,637 - temporalio.workflow - INFO - Using pre-selected server: http://procure-x.testmcp.org ({'attempt': 1, 'namespace': 'default', 'run_id': '019bb5fe-e94a-7585-a38a-fb6f97bb8585', 'task_queue': 'comfyui-gpu-farm', 'workflow_id': 'chain-image-edit-to-video-pipeline-f10d6f69-ef79-4aa5-9056-36eeb91a077e-extract_frame2', 'workflow_type': 'ComfyUIWorkflow'})
2026-01-13 11:45:40,644 - httpx - INFO - HTTP Request: GET http://procure-x.testmcp.org/queue "HTTP/1.1 200 OK"
2026-01-13 11:45:40,646 - temporalio.activity - INFO - [V3] Executing workflow on http://procure-x.testmcp.org ({'activity_id': '1', 'activity_type': 'execute_and_track_workflow', 'attempt': 1, 'namespace': 'default', 'task_queue': 'comfyui-gpu-farm', 'workflow_id': 'chain-image-edit-to-video-pipeline-f10d6f69-ef79-4aa5-9056-36eeb91a077e-extract_frame2', 'workflow_run_id': '019bb5fe-e94a-7585-a38a-fb6f97bb8585', 'workflow_type': 'ComfyUIWorkflow'})
2026-01-13 11:45:40,646 - temporalio.activity - INFO - [V3] Workflow name: imageSave ({'activity_id': '1', 'activity_type': 'execute_and_track_workflow', 'attempt': 1, 'namespace': 'default', 'task_queue': 'comfyui-gpu-farm', 'workflow_id': 'chain-image-edit-to-video-pipeline-f10d6f69-ef79-4aa5-9056-36eeb91a077e-extract_frame2', 'workflow_run_id': '019bb5fe-e94a-7585-a38a-fb6f97bb8585', 'workflow_type': 'ComfyUIWorkflow'})
2026-01-13 11:45:40,688 - temporal_gateway.clients.comfy.client - INFO - ComfyUI client initialized for http://procure-x.testmcp.org
2026-01-13 11:45:40,688 - temporal_gateway.clients.comfy.client - INFO - Submitting workflow to ComfyUI
2026-01-13 11:45:40,689 - temporal_gateway.servers.load_balancer - INFO - Selected server procure-x (queue_depth=0, gpu_mem=0.0%)
2026-01-13 11:45:40,689 - temporalio.activity - INFO - Selected server: procure-x (http://procure-x.testmcp.org) ({'activity_id': '7', 'activity_type': 'select_best_server', 'attempt': 1, 'namespace': 'default', 'task_queue': 'comfyui-gpu-farm', 'workflow_id': 'chain-image-edit-to-video-pipeline-f10d6f69-ef79-4aa5-9056-36eeb91a077e', 'workflow_run_id': '019bb5fe-e813-7328-84e1-61ae94496bab', 'workflow_type': 'ChainExecutorWorkflow'})
2026-01-13 11:45:40,698 - temporalio.workflow - INFO - Step extract_frame1: Selected target server: http://procure-x.testmcp.org ({'attempt': 1, 'namespace': 'default', 'run_id': '019bb5fe-e813-7328-84e1-61ae94496bab', 'task_queue': 'comfyui-gpu-farm', 'workflow_id': 'chain-image-edit-to-video-pipeline-f10d6f69-ef79-4aa5-9056-36eeb91a077e', 'workflow_type': 'ChainExecutorWorkflow'})
2026-01-13 11:45:40,706 - temporalio.activity - INFO - Creating workflow record: imageSave (prompt: pending) ({'activity_id': '9', 'activity_type': 'create_workflow_record', 'attempt': 1, 'namespace': 'default', 'task_queue': 'comfyui-gpu-farm', 'workflow_id': 'chain-image-edit-to-video-pipeline-f10d6f69-ef79-4aa5-9056-36eeb91a077e', 'workflow_run_id': '019bb5fe-e813-7328-84e1-61ae94496bab', 'workflow_type': 'ChainExecutorWorkflow'})
2026-01-13 11:45:40,709 - temporalio.activity - INFO - ✓ Created workflow record: a164b098-412b-44d4-a16f-ea4442ad7fef ({'activity_id': '9', 'activity_type': 'create_workflow_record', 'attempt': 1, 'namespace': 'default', 'task_queue': 'comfyui-gpu-farm', 'workflow_id': 'chain-image-edit-to-video-pipeline-f10d6f69-ef79-4aa5-9056-36eeb91a077e', 'workflow_run_id': '019bb5fe-e813-7328-84e1-61ae94496bab', 'workflow_type': 'ChainExecutorWorkflow'})
2026-01-13 11:45:40,718 - temporalio.workflow - INFO - Step extract_frame1: Created workflow record a164b098-412b-44d4-a16f-ea4442ad7fef ({'attempt': 1, 'namespace': 'default', 'run_id': '019bb5fe-e813-7328-84e1-61ae94496bab', 'task_queue': 'comfyui-gpu-farm', 'workflow_id': 'chain-image-edit-to-video-pipeline-f10d6f69-ef79-4aa5-9056-36eeb91a077e', 'workflow_type': 'ChainExecutorWorkflow'})
2026-01-13 11:45:40,740 - temporalio.workflow - INFO - Starting ComfyUI workflow execution ({'attempt': 1, 'namespace': 'default', 'run_id': '019bb5fe-e9b2-7a7d-9fc7-25a024e55c49', 'task_queue': 'comfyui-gpu-farm', 'workflow_id': 'chain-image-edit-to-video-pipeline-f10d6f69-ef79-4aa5-9056-36eeb91a077e-extract_frame1', 'workflow_type': 'ComfyUIWorkflow'})
2026-01-13 11:45:40,740 - temporalio.workflow - INFO - Generated client_id: 4511b280-98bb-44a7-8d9e-cf2577726904 ({'attempt': 1, 'namespace': 'default', 'run_id': '019bb5fe-e9b2-7a7d-9fc7-25a024e55c49', 'task_queue': 'comfyui-gpu-farm', 'workflow_id': 'chain-image-edit-to-video-pipeline-f10d6f69-ef79-4aa5-9056-36eeb91a077e-extract_frame1', 'workflow_type': 'ComfyUIWorkflow'})
2026-01-13 11:45:40,740 - temporalio.workflow - INFO - Using pre-selected server: http://procure-x.testmcp.org ({'attempt': 1, 'namespace': 'default', 'run_id': '019bb5fe-e9b2-7a7d-9fc7-25a024e55c49', 'task_queue': 'comfyui-gpu-farm', 'workflow_id': 'chain-image-edit-to-video-pipeline-f10d6f69-ef79-4aa5-9056-36eeb91a077e-extract_frame1', 'workflow_type': 'ComfyUIWorkflow'})
2026-01-13 11:45:40,749 - temporalio.activity - INFO - [V3] Executing workflow on http://procure-x.testmcp.org ({'activity_id': '1', 'activity_type': 'execute_and_track_workflow', 'attempt': 1, 'namespace': 'default', 'task_queue': 'comfyui-gpu-farm', 'workflow_id': 'chain-image-edit-to-video-pipeline-f10d6f69-ef79-4aa5-9056-36eeb91a077e-extract_frame1', 'workflow_run_id': '019bb5fe-e9b2-7a7d-9fc7-25a024e55c49', 'workflow_type': 'ComfyUIWorkflow'})
2026-01-13 11:45:40,749 - temporalio.activity - INFO - [V3] Workflow name: imageSave ({'activity_id': '1', 'activity_type': 'execute_and_track_workflow', 'attempt': 1, 'namespace': 'default', 'task_queue': 'comfyui-gpu-farm', 'workflow_id': 'chain-image-edit-to-video-pipeline-f10d6f69-ef79-4aa5-9056-36eeb91a077e-extract_frame1', 'workflow_run_id': '019bb5fe-e9b2-7a7d-9fc7-25a024e55c49', 'workflow_type': 'ComfyUIWorkflow'})
2026-01-13 11:45:40,791 - temporal_gateway.clients.comfy.client - INFO - ComfyUI client initialized for http://procure-x.testmcp.org
2026-01-13 11:45:40,791 - temporal_gateway.clients.comfy.client - INFO - Submitting workflow to ComfyUI
2026-01-13 11:45:40,798 - httpx - INFO - HTTP Request: POST http://procure-x.testmcp.org/prompt "HTTP/1.1 200 OK"
2026-01-13 11:45:40,799 - temporal_gateway.clients.comfy.client - INFO - Workflow queued with prompt_id: 5fcf865a-9e01-415c-9256-8f46cf8ae05b
2026-01-13 11:45:40,799 - temporal_gateway.clients.comfy.tracker - INFO - Starting execution tracking for prompt 5fcf865a-9e01-415c-9256-8f46cf8ae05b
2026-01-13 11:45:40,799 - temporal_gateway.clients.comfy.tracker - INFO - Starting history polling
2026-01-13 11:45:40,800 - temporal_gateway.clients.comfy.tracker - INFO - Starting WebSocket listener
2026-01-13 11:45:40,800 - temporal_gateway.clients.comfy.websocket - INFO - Connecting to WebSocket: ws://procure-x.testmcp.org/ws?clientId=dc7709e0-0e2a-4026-b626-3369ed7396ee
2026-01-13 11:45:40,902 - httpx - INFO - HTTP Request: GET http://procure-x.testmcp.org/history/5fcf865a-9e01-415c-9256-8f46cf8ae05b "HTTP/1.1 200 OK"
2026-01-13 11:45:40,925 - httpx - INFO - HTTP Request: POST http://procure-x.testmcp.org/prompt "HTTP/1.1 200 OK"
2026-01-13 11:45:40,926 - temporal_gateway.clients.comfy.client - INFO - Workflow queued with prompt_id: b47cfff9-30f1-4038-ac17-42800472edf2
2026-01-13 11:45:40,927 - temporal_gateway.clients.comfy.tracker - INFO - Starting execution tracking for prompt b47cfff9-30f1-4038-ac17-42800472edf2
2026-01-13 11:45:40,927 - temporal_gateway.clients.comfy.tracker - INFO - Starting history polling
2026-01-13 11:45:40,928 - temporal_gateway.clients.comfy.tracker - INFO - Starting WebSocket listener
2026-01-13 11:45:40,928 - temporal_gateway.clients.comfy.websocket - INFO - Connecting to WebSocket: ws://procure-x.testmcp.org/ws?clientId=0cc7fdee-4074-4b3e-bf94-08ebaf8fdf77
2026-01-13 11:45:40,996 - temporal_gateway.clients.comfy.websocket - INFO - WebSocket connected successfully
2026-01-13 11:45:41,008 - temporal_gateway.clients.comfy.websocket - INFO - WebSocket connected successfully
2026-01-13 11:45:41,008 - httpx - INFO - HTTP Request: GET http://procure-x.testmcp.org/history/b47cfff9-30f1-4038-ac17-42800472edf2 "HTTP/1.1 200 OK"
2026-01-13 11:45:41,987 - httpx - INFO - HTTP Request: GET http://procure-x.testmcp.org/history/5fcf865a-9e01-415c-9256-8f46cf8ae05b "HTTP/1.1 200 OK"
2026-01-13 11:45:42,193 - httpx - INFO - HTTP Request: GET http://procure-x.testmcp.org/history/b47cfff9-30f1-4038-ac17-42800472edf2 "HTTP/1.1 200 OK"
2026-01-13 11:45:43,057 - temporal_gateway.clients.comfy.tracker - INFO - [WS] Execution completed successfully
2026-01-13 11:45:43,458 - httpx - INFO - HTTP Request: GET http://procure-x.testmcp.org/history/5fcf865a-9e01-415c-9256-8f46cf8ae05b "HTTP/1.1 200 OK"
2026-01-13 11:45:43,460 - temporal_gateway.clients.comfy.tracker - INFO - [POLL] Found in history: success
2026-01-13 11:45:43,460 - temporal_gateway.clients.comfy.tracker - INFO - Tracking completed: success (took 2.66s)
2026-01-13 11:45:43,460 - temporalio.activity - INFO - [V3] Workflow completed successfully ({'activity_id': '1', 'activity_type': 'execute_and_track_workflow', 'attempt': 1, 'namespace': 'default', 'task_queue': 'comfyui-gpu-farm', 'workflow_id': 'chain-image-edit-to-video-pipeline-f10d6f69-ef79-4aa5-9056-36eeb91a077e-extract_frame2', 'workflow_run_id': '019bb5fe-e94a-7585-a38a-fb6f97bb8585', 'workflow_type': 'ComfyUIWorkflow'})
2026-01-13 11:45:43,475 - httpx - INFO - HTTP Request: GET http://procure-x.testmcp.org/history/b47cfff9-30f1-4038-ac17-42800472edf2 "HTTP/1.1 200 OK"
2026-01-13 11:45:43,477 - temporalio.workflow - INFO - Execution completed successfully ({'attempt': 1, 'namespace': 'default', 'run_id': '019bb5fe-e94a-7585-a38a-fb6f97bb8585', 'task_queue': 'comfyui-gpu-farm', 'workflow_id': 'chain-image-edit-to-video-pipeline-f10d6f69-ef79-4aa5-9056-36eeb91a077e-extract_frame2', 'workflow_type': 'ComfyUIWorkflow'})
2026-01-13 11:45:43,484 - temporalio.activity - INFO - Extracting server output files ({'activity_id': '2', 'activity_type': 'get_server_output_files', 'attempt': 1, 'namespace': 'default', 'task_queue': 'comfyui-gpu-farm', 'workflow_id': 'chain-image-edit-to-video-pipeline-f10d6f69-ef79-4aa5-9056-36eeb91a077e-extract_frame2', 'workflow_run_id': '019bb5fe-e94a-7585-a38a-fb6f97bb8585', 'workflow_type': 'ComfyUIWorkflow'})
2026-01-13 11:45:43,485 - temporalio.activity - INFO - Found 1 output file(s) ({'activity_id': '2', 'activity_type': 'get_server_output_files', 'attempt': 1, 'namespace': 'default', 'task_queue': 'comfyui-gpu-farm', 'workflow_id': 'chain-image-edit-to-video-pipeline-f10d6f69-ef79-4aa5-9056-36eeb91a077e-extract_frame2', 'workflow_run_id': '019bb5fe-e94a-7585-a38a-fb6f97bb8585', 'workflow_type': 'ComfyUIWorkflow'})
2026-01-13 11:45:43,492 - temporalio.workflow - INFO - Found 1 server output file(s) ({'attempt': 1, 'namespace': 'default', 'run_id': '019bb5fe-e94a-7585-a38a-fb6f97bb8585', 'task_queue': 'comfyui-gpu-farm', 'workflow_id': 'chain-image-edit-to-video-pipeline-f10d6f69-ef79-4aa5-9056-36eeb91a077e-extract_frame2', 'workflow_type': 'ComfyUIWorkflow'})
2026-01-13 11:45:43,500 - temporalio.activity - INFO - Downloading and persisting 1 artifact(s) for workflow 13e6c731-5479-4c45-aec2-d2cd7052dcbd ({'activity_id': '3', 'activity_type': 'download_and_store_artifacts', 'attempt': 1, 'namespace': 'default', 'task_queue': 'comfyui-gpu-farm', 'workflow_id': 'chain-image-edit-to-video-pipeline-f10d6f69-ef79-4aa5-9056-36eeb91a077e-extract_frame2', 'workflow_run_id': '019bb5fe-e94a-7585-a38a-fb6f97bb8585', 'workflow_type': 'ComfyUIWorkflow'})
2026-01-13 11:45:43,541 - temporal_gateway.clients.comfy.client - INFO - ComfyUI client initialized for http://procure-x.testmcp.org
2026-01-13 11:45:43,596 - temporal_gateway.clients.comfy.tracker - INFO - [WS] Execution completed successfully
2026-01-13 11:45:43,643 - httpx - INFO - HTTP Request: GET http://procure-x.testmcp.org/history/b47cfff9-30f1-4038-ac17-42800472edf2 "HTTP/1.1 200 OK"
2026-01-13 11:45:43,647 - temporal_gateway.clients.comfy.tracker - INFO - Tracking completed: success (took 2.72s)
2026-01-13 11:45:43,649 - httpx - INFO - HTTP Request: GET http://procure-x.testmcp.org/view?filename=ComfyUI_00257_.png&type=output "HTTP/1.1 200 OK"
2026-01-13 11:45:43,668 - temporalio.activity - INFO - [V3] Workflow completed successfully ({'activity_id': '1', 'activity_type': 'execute_and_track_workflow', 'attempt': 1, 'namespace': 'default', 'task_queue': 'comfyui-gpu-farm', 'workflow_id': 'chain-image-edit-to-video-pipeline-f10d6f69-ef79-4aa5-9056-36eeb91a077e-extract_frame1', 'workflow_run_id': '019bb5fe-e9b2-7a7d-9fc7-25a024e55c49', 'workflow_type': 'ComfyUIWorkflow'})
2026-01-13 11:45:43,688 - temporalio.workflow - INFO - Execution completed successfully ({'attempt': 1, 'namespace': 'default', 'run_id': '019bb5fe-e9b2-7a7d-9fc7-25a024e55c49', 'task_queue': 'comfyui-gpu-farm', 'workflow_id': 'chain-image-edit-to-video-pipeline-f10d6f69-ef79-4aa5-9056-36eeb91a077e-extract_frame1', 'workflow_type': 'ComfyUIWorkflow'})
2026-01-13 11:45:43,700 - temporalio.activity - INFO - Extracting server output files ({'activity_id': '2', 'activity_type': 'get_server_output_files', 'attempt': 1, 'namespace': 'default', 'task_queue': 'comfyui-gpu-farm', 'workflow_id': 'chain-image-edit-to-video-pipeline-f10d6f69-ef79-4aa5-9056-36eeb91a077e-extract_frame1', 'workflow_run_id': '019bb5fe-e9b2-7a7d-9fc7-25a024e55c49', 'workflow_type': 'ComfyUIWorkflow'})
2026-01-13 11:45:43,700 - temporalio.activity - INFO - Found 1 output file(s) ({'activity_id': '2', 'activity_type': 'get_server_output_files', 'attempt': 1, 'namespace': 'default', 'task_queue': 'comfyui-gpu-farm', 'workflow_id': 'chain-image-edit-to-video-pipeline-f10d6f69-ef79-4aa5-9056-36eeb91a077e-extract_frame1', 'workflow_run_id': '019bb5fe-e9b2-7a7d-9fc7-25a024e55c49', 'workflow_type': 'ComfyUIWorkflow'})
2026-01-13 11:45:43,732 - temporalio.workflow - INFO - Found 1 server output file(s) ({'attempt': 1, 'namespace': 'default', 'run_id': '019bb5fe-e9b2-7a7d-9fc7-25a024e55c49', 'task_queue': 'comfyui-gpu-farm', 'workflow_id': 'chain-image-edit-to-video-pipeline-f10d6f69-ef79-4aa5-9056-36eeb91a077e-extract_frame1', 'workflow_type': 'ComfyUIWorkflow'})
2026-01-13 11:45:43,743 - temporalio.activity - INFO - Downloading and persisting 1 artifact(s) for workflow a164b098-412b-44d4-a16f-ea4442ad7fef ({'activity_id': '3', 'activity_type': 'download_and_store_artifacts', 'attempt': 1, 'namespace': 'default', 'task_queue': 'comfyui-gpu-farm', 'workflow_id': 'chain-image-edit-to-video-pipeline-f10d6f69-ef79-4aa5-9056-36eeb91a077e-extract_frame1', 'workflow_run_id': '019bb5fe-e9b2-7a7d-9fc7-25a024e55c49', 'workflow_type': 'ComfyUIWorkflow'})
2026-01-13 11:45:43,787 - temporal_gateway.clients.comfy.client - INFO - ComfyUI client initialized for http://procure-x.testmcp.org
2026-01-13 11:45:43,837 - httpx - INFO - HTTP Request: GET http://procure-x.testmcp.org/view?filename=ComfyUI_00258_.png&type=output "HTTP/1.1 200 OK"
2026-01-13 11:45:44,209 - temporalio.activity - INFO - ✓ Saved artifact to DB: c640a07f-76a8-4344-8955-113134509c77 (ComfyUI_00257_.png) ({'activity_id': '3', 'activity_type': 'download_and_store_artifacts', 'attempt': 1, 'namespace': 'default', 'task_queue': 'comfyui-gpu-farm', 'workflow_id': 'chain-image-edit-to-video-pipeline-f10d6f69-ef79-4aa5-9056-36eeb91a077e-extract_frame2', 'workflow_run_id': '019bb5fe-e94a-7585-a38a-fb6f97bb8585', 'workflow_type': 'ComfyUIWorkflow'})
2026-01-13 11:45:44,211 - temporalio.activity - INFO - Downloaded and persisted 1 artifact(s) ({'activity_id': '3', 'activity_type': 'download_and_store_artifacts', 'attempt': 1, 'namespace': 'default', 'task_queue': 'comfyui-gpu-farm', 'workflow_id': 'chain-image-edit-to-video-pipeline-f10d6f69-ef79-4aa5-9056-36eeb91a077e-extract_frame2', 'workflow_run_id': '019bb5fe-e94a-7585-a38a-fb6f97bb8585', 'workflow_type': 'ComfyUIWorkflow'})
2026-01-13 11:45:44,227 - temporalio.workflow - INFO - Downloaded 1 file(s) locally ({'attempt': 1, 'namespace': 'default', 'run_id': '019bb5fe-e94a-7585-a38a-fb6f97bb8585', 'task_queue': 'comfyui-gpu-farm', 'workflow_id': 'chain-image-edit-to-video-pipeline-f10d6f69-ef79-4aa5-9056-36eeb91a077e-extract_frame2', 'workflow_type': 'ComfyUIWorkflow'})
2026-01-13 11:45:44,248 - temporalio.activity - INFO - Updating workflow 13e6c731-5479-4c45-aec2-d2cd7052dcbd status to: completed ({'activity_id': '10', 'activity_type': 'update_workflow_status_activity', 'attempt': 1, 'namespace': 'default', 'task_queue': 'comfyui-gpu-farm', 'workflow_id': 'chain-image-edit-to-video-pipeline-f10d6f69-ef79-4aa5-9056-36eeb91a077e', 'workflow_run_id': '019bb5fe-e813-7328-84e1-61ae94496bab', 'workflow_type': 'ChainExecutorWorkflow'})
2026-01-13 11:45:44,252 - temporalio.activity - INFO - ✓ Updated workflow status ({'activity_id': '10', 'activity_type': 'update_workflow_status_activity', 'attempt': 1, 'namespace': 'default', 'task_queue': 'comfyui-gpu-farm', 'workflow_id': 'chain-image-edit-to-video-pipeline-f10d6f69-ef79-4aa5-9056-36eeb91a077e', 'workflow_run_id': '019bb5fe-e813-7328-84e1-61ae94496bab', 'workflow_type': 'ChainExecutorWorkflow'})
2026-01-13 11:45:44,260 - temporalio.workflow - INFO - Step extract_frame2: Approval required, fetching artifacts... ({'attempt': 1, 'namespace': 'default', 'run_id': '019bb5fe-e813-7328-84e1-61ae94496bab', 'task_queue': 'comfyui-gpu-farm', 'workflow_id': 'chain-image-edit-to-video-pipeline-f10d6f69-ef79-4aa5-9056-36eeb91a077e', 'workflow_type': 'ChainExecutorWorkflow'})
2026-01-13 11:45:44,268 - temporalio.activity - INFO - Getting artifacts for workflow: 13e6c731-5479-4c45-aec2-d2cd7052dcbd ({'activity_id': '11', 'activity_type': 'get_workflow_artifacts', 'attempt': 1, 'namespace': 'default', 'task_queue': 'comfyui-gpu-farm', 'workflow_id': 'chain-image-edit-to-video-pipeline-f10d6f69-ef79-4aa5-9056-36eeb91a077e', 'workflow_run_id': '019bb5fe-e813-7328-84e1-61ae94496bab', 'workflow_type': 'ChainExecutorWorkflow'})
2026-01-13 11:45:44,286 - temporalio.activity - INFO - Creating approval request for artifact: c640a07f-76a8-4344-8955-113134509c77 ({'activity_id': '12', 'activity_type': 'create_approval_request_activity', 'attempt': 1, 'namespace': 'default', 'task_queue': 'comfyui-gpu-farm', 'workflow_id': 'chain-image-edit-to-video-pipeline-f10d6f69-ef79-4aa5-9056-36eeb91a077e', 'workflow_run_id': '019bb5fe-e813-7328-84e1-61ae94496bab', 'workflow_type': 'ChainExecutorWorkflow'})
2026-01-13 11:45:44,290 - temporalio.activity - INFO - ✓ Created approval request: 914f8a53-9dcd-4015-a28d-1c823856f353, token: qvDLvCRDW38synBw... ({'activity_id': '12', 'activity_type': 'create_approval_request_activity', 'attempt': 1, 'namespace': 'default', 'task_queue': 'comfyui-gpu-farm', 'workflow_id': 'chain-image-edit-to-video-pipeline-f10d6f69-ef79-4aa5-9056-36eeb91a077e', 'workflow_run_id': '019bb5fe-e813-7328-84e1-61ae94496bab', 'workflow_type': 'ChainExecutorWorkflow'})
2026-01-13 11:45:44,291 - temporal_gateway.services.broadcast - INFO - Published approval_requested to chain:7d54827e-6944-4121-a44c-67a65a534079
2026-01-13 11:45:44,291 - temporalio.activity - INFO - Published approval_requested event for chain 7d54827e-6944-4121-a44c-67a65a534079 ({'activity_id': '12', 'activity_type': 'create_approval_request_activity', 'attempt': 1, 'namespace': 'default', 'task_queue': 'comfyui-gpu-farm', 'workflow_id': 'chain-image-edit-to-video-pipeline-f10d6f69-ef79-4aa5-9056-36eeb91a077e', 'workflow_run_id': '019bb5fe-e813-7328-84e1-61ae94496bab', 'workflow_type': 'ChainExecutorWorkflow'})
2026-01-13 11:45:44,304 - temporalio.activity - INFO - ✓ Saved artifact to DB: 3ba577e2-9f00-4480-b84e-d4f7195af404 (ComfyUI_00258_.png) ({'activity_id': '3', 'activity_type': 'download_and_store_artifacts', 'attempt': 1, 'namespace': 'default', 'task_queue': 'comfyui-gpu-farm', 'workflow_id': 'chain-image-edit-to-video-pipeline-f10d6f69-ef79-4aa5-9056-36eeb91a077e-extract_frame1', 'workflow_run_id': '019bb5fe-e9b2-7a7d-9fc7-25a024e55c49', 'workflow_type': 'ComfyUIWorkflow'})
2026-01-13 11:45:44,305 - temporalio.activity - INFO - Downloaded and persisted 1 artifact(s) ({'activity_id': '3', 'activity_type': 'download_and_store_artifacts', 'attempt': 1, 'namespace': 'default', 'task_queue': 'comfyui-gpu-farm', 'workflow_id': 'chain-image-edit-to-video-pipeline-f10d6f69-ef79-4aa5-9056-36eeb91a077e-extract_frame1', 'workflow_run_id': '019bb5fe-e9b2-7a7d-9fc7-25a024e55c49', 'workflow_type': 'ComfyUIWorkflow'})
2026-01-13 11:45:44,306 - temporalio.workflow - INFO - Step extract_frame2: Approval request created, token: qvDLvCRDW38synBw... ({'attempt': 1, 'namespace': 'default', 'run_id': '019bb5fe-e813-7328-84e1-61ae94496bab', 'task_queue': 'comfyui-gpu-farm', 'workflow_id': 'chain-image-edit-to-video-pipeline-f10d6f69-ef79-4aa5-9056-36eeb91a077e', 'workflow_type': 'ChainExecutorWorkflow'})
2026-01-13 11:45:44,316 - temporalio.workflow - INFO - Downloaded 1 file(s) locally ({'attempt': 1, 'namespace': 'default', 'run_id': '019bb5fe-e9b2-7a7d-9fc7-25a024e55c49', 'task_queue': 'comfyui-gpu-farm', 'workflow_id': 'chain-image-edit-to-video-pipeline-f10d6f69-ef79-4aa5-9056-36eeb91a077e-extract_frame1', 'workflow_type': 'ComfyUIWorkflow'})
2026-01-13 11:45:44,340 - temporalio.activity - INFO - Updating workflow a164b098-412b-44d4-a16f-ea4442ad7fef status to: completed ({'activity_id': '13', 'activity_type': 'update_workflow_status_activity', 'attempt': 1, 'namespace': 'default', 'task_queue': 'comfyui-gpu-farm', 'workflow_id': 'chain-image-edit-to-video-pipeline-f10d6f69-ef79-4aa5-9056-36eeb91a077e', 'workflow_run_id': '019bb5fe-e813-7328-84e1-61ae94496bab', 'workflow_type': 'ChainExecutorWorkflow'})
2026-01-13 11:45:44,343 - temporalio.activity - INFO - ✓ Updated workflow status ({'activity_id': '13', 'activity_type': 'update_workflow_status_activity', 'attempt': 1, 'namespace': 'default', 'task_queue': 'comfyui-gpu-farm', 'workflow_id': 'chain-image-edit-to-video-pipeline-f10d6f69-ef79-4aa5-9056-36eeb91a077e', 'workflow_run_id': '019bb5fe-e813-7328-84e1-61ae94496bab', 'workflow_type': 'ChainExecutorWorkflow'})
2026-01-13 11:45:44,352 - temporalio.workflow - INFO - Step extract_frame1: Approval required, fetching artifacts... ({'attempt': 1, 'namespace': 'default', 'run_id': '019bb5fe-e813-7328-84e1-61ae94496bab', 'task_queue': 'comfyui-gpu-farm', 'workflow_id': 'chain-image-edit-to-video-pipeline-f10d6f69-ef79-4aa5-9056-36eeb91a077e', 'workflow_type': 'ChainExecutorWorkflow'})
2026-01-13 11:45:44,359 - temporalio.activity - INFO - Getting artifacts for workflow: a164b098-412b-44d4-a16f-ea4442ad7fef ({'activity_id': '14', 'activity_type': 'get_workflow_artifacts', 'attempt': 1, 'namespace': 'default', 'task_queue': 'comfyui-gpu-farm', 'workflow_id': 'chain-image-edit-to-video-pipeline-f10d6f69-ef79-4aa5-9056-36eeb91a077e', 'workflow_run_id': '019bb5fe-e813-7328-84e1-61ae94496bab', 'workflow_type': 'ChainExecutorWorkflow'})
2026-01-13 11:45:44,376 - temporalio.activity - INFO - Creating approval request for artifact: 3ba577e2-9f00-4480-b84e-d4f7195af404 ({'activity_id': '15', 'activity_type': 'create_approval_request_activity', 'attempt': 1, 'namespace': 'default', 'task_queue': 'comfyui-gpu-farm', 'workflow_id': 'chain-image-edit-to-video-pipeline-f10d6f69-ef79-4aa5-9056-36eeb91a077e', 'workflow_run_id': '019bb5fe-e813-7328-84e1-61ae94496bab', 'workflow_type': 'ChainExecutorWorkflow'})
2026-01-13 11:45:44,380 - temporalio.activity - INFO - ✓ Created approval request: 275c69e0-bbd0-4dce-a389-d8afeb231351, token: JfTMIQoCncHkXhgP... ({'activity_id': '15', 'activity_type': 'create_approval_request_activity', 'attempt': 1, 'namespace': 'default', 'task_queue': 'comfyui-gpu-farm', 'workflow_id': 'chain-image-edit-to-video-pipeline-f10d6f69-ef79-4aa5-9056-36eeb91a077e', 'workflow_run_id': '019bb5fe-e813-7328-84e1-61ae94496bab', 'workflow_type': 'ChainExecutorWorkflow'})
2026-01-13 11:45:44,380 - temporal_gateway.services.broadcast - INFO - Published approval_requested to chain:7d54827e-6944-4121-a44c-67a65a534079
2026-01-13 11:45:44,380 - temporalio.activity - INFO - Published approval_requested event for chain 7d54827e-6944-4121-a44c-67a65a534079 ({'activity_id': '15', 'activity_type': 'create_approval_request_activity', 'attempt': 1, 'namespace': 'default', 'task_queue': 'comfyui-gpu-farm', 'workflow_id': 'chain-image-edit-to-video-pipeline-f10d6f69-ef79-4aa5-9056-36eeb91a077e', 'workflow_run_id': '019bb5fe-e813-7328-84e1-61ae94496bab', 'workflow_type': 'ChainExecutorWorkflow'})
2026-01-13 11:45:44,390 - temporalio.workflow - INFO - Step extract_frame1: Approval request created, token: JfTMIQoCncHkXhgP... ({'attempt': 1, 'namespace': 'default', 'run_id': '019bb5fe-e813-7328-84e1-61ae94496bab', 'task_queue': 'comfyui-gpu-farm', 'workflow_id': 'chain-image-edit-to-video-pipeline-f10d6f69-ef79-4aa5-9056-36eeb91a077e', 'workflow_type': 'ChainExecutorWorkflow'})
2026-01-13 11:47:50,472 - temporalio.workflow - INFO - Starting chain execution: image-edit-to-video-pipeline ({'attempt': 1, 'namespace': 'default', 'run_id': '019bb600-e472-7529-9d2c-872cc2561877', 'task_queue': 'comfyui-gpu-farm', 'workflow_id': 'chain-image-edit-to-video-pipeline-bf107773-1a6a-482d-89ce-c2fd841b6d4a', 'workflow_type': 'ChainExecutorWorkflow'})
2026-01-13 11:47:50,473 - temporalio.workflow - INFO - Retry number: 0 ({'attempt': 1, 'namespace': 'default', 'run_id': '019bb600-e472-7529-9d2c-872cc2561877', 'task_queue': 'comfyui-gpu-farm', 'workflow_id': 'chain-image-edit-to-video-pipeline-bf107773-1a6a-482d-89ce-c2fd841b6d4a', 'workflow_type': 'ChainExecutorWorkflow'})
2026-01-13 11:47:50,473 - temporalio.workflow - INFO - Cached steps: [] ({'attempt': 1, 'namespace': 'default', 'run_id': '019bb600-e472-7529-9d2c-872cc2561877', 'task_queue': 'comfyui-gpu-farm', 'workflow_id': 'chain-image-edit-to-video-pipeline-bf107773-1a6a-482d-89ce-c2fd841b6d4a', 'workflow_type': 'ChainExecutorWorkflow'})
2026-01-13 11:47:50,473 - temporalio.workflow - INFO - Total levels: 3 ({'attempt': 1, 'namespace': 'default', 'run_id': '019bb600-e472-7529-9d2c-872cc2561877', 'task_queue': 'comfyui-gpu-farm', 'workflow_id': 'chain-image-edit-to-video-pipeline-bf107773-1a6a-482d-89ce-c2fd841b6d4a', 'workflow_type': 'ChainExecutorWorkflow'})
2026-01-13 11:47:50,473 - temporalio.workflow - INFO - Using chain ID: 64fe6d7c-29e9-40af-b076-dddd46317b8d ({'attempt': 1, 'namespace': 'default', 'run_id': '019bb600-e472-7529-9d2c-872cc2561877', 'task_queue': 'comfyui-gpu-farm', 'workflow_id': 'chain-image-edit-to-video-pipeline-bf107773-1a6a-482d-89ce-c2fd841b6d4a', 'workflow_type': 'ChainExecutorWorkflow'})
2026-01-13 11:47:50,482 - temporalio.activity - INFO - Updating chain 64fe6d7c-29e9-40af-b076-dddd46317b8d status to: executing_level_0 ({'activity_id': '1', 'activity_type': 'update_chain_status_activity', 'attempt': 1, 'namespace': 'default', 'task_queue': 'comfyui-gpu-farm', 'workflow_id': 'chain-image-edit-to-video-pipeline-bf107773-1a6a-482d-89ce-c2fd841b6d4a', 'workflow_run_id': '019bb600-e472-7529-9d2c-872cc2561877', 'workflow_type': 'ChainExecutorWorkflow'})
2026-01-13 11:47:50,488 - temporalio.activity - INFO - ✓ Updated chain status ({'activity_id': '1', 'activity_type': 'update_chain_status_activity', 'attempt': 1, 'namespace': 'default', 'task_queue': 'comfyui-gpu-farm', 'workflow_id': 'chain-image-edit-to-video-pipeline-bf107773-1a6a-482d-89ce-c2fd841b6d4a', 'workflow_run_id': '019bb600-e472-7529-9d2c-872cc2561877', 'workflow_type': 'ChainExecutorWorkflow'})
2026-01-13 11:47:50,498 - temporalio.workflow - INFO - Level 0: Executing 2 step(s) ({'attempt': 1, 'namespace': 'default', 'run_id': '019bb600-e472-7529-9d2c-872cc2561877', 'task_queue': 'comfyui-gpu-farm', 'workflow_id': 'chain-image-edit-to-video-pipeline-bf107773-1a6a-482d-89ce-c2fd841b6d4a', 'workflow_type': 'ChainExecutorWorkflow'})
2026-01-13 11:47:50,499 - temporalio.workflow - INFO - Executing step: extract_frame1 ({'attempt': 1, 'namespace': 'default', 'run_id': '019bb600-e472-7529-9d2c-872cc2561877', 'task_queue': 'comfyui-gpu-farm', 'workflow_id': 'chain-image-edit-to-video-pipeline-bf107773-1a6a-482d-89ce-c2fd841b6d4a', 'workflow_type': 'ChainExecutorWorkflow'})
2026-01-13 11:47:50,499 - temporalio.workflow - INFO - Executing step: extract_frame2 ({'attempt': 1, 'namespace': 'default', 'run_id': '019bb600-e472-7529-9d2c-872cc2561877', 'task_queue': 'comfyui-gpu-farm', 'workflow_id': 'chain-image-edit-to-video-pipeline-bf107773-1a6a-482d-89ce-c2fd841b6d4a', 'workflow_type': 'ChainExecutorWorkflow'})
2026-01-13 11:47:50,508 - temporalio.activity - INFO - Resolving templates in parameters ({'activity_id': '3', 'activity_type': 'resolve_chain_templates', 'attempt': 1, 'namespace': 'default', 'task_queue': 'comfyui-gpu-farm', 'workflow_id': 'chain-image-edit-to-video-pipeline-bf107773-1a6a-482d-89ce-c2fd841b6d4a', 'workflow_run_id': '019bb600-e472-7529-9d2c-872cc2561877', 'workflow_type': 'ChainExecutorWorkflow'})
2026-01-13 11:47:50,508 - temporalio.activity - INFO - Templates resolved successfully ({'activity_id': '3', 'activity_type': 'resolve_chain_templates', 'attempt': 1, 'namespace': 'default', 'task_queue': 'comfyui-gpu-farm', 'workflow_id': 'chain-image-edit-to-video-pipeline-bf107773-1a6a-482d-89ce-c2fd841b6d4a', 'workflow_run_id': '019bb600-e472-7529-9d2c-872cc2561877', 'workflow_type': 'ChainExecutorWorkflow'})
2026-01-13 11:47:50,510 - temporalio.activity - INFO - Resolving templates in parameters ({'activity_id': '2', 'activity_type': 'resolve_chain_templates', 'attempt': 1, 'namespace': 'default', 'task_queue': 'comfyui-gpu-farm', 'workflow_id': 'chain-image-edit-to-video-pipeline-bf107773-1a6a-482d-89ce-c2fd841b6d4a', 'workflow_run_id': '019bb600-e472-7529-9d2c-872cc2561877', 'workflow_type': 'ChainExecutorWorkflow'})
2026-01-13 11:47:50,510 - temporalio.activity - INFO - Templates resolved successfully ({'activity_id': '2', 'activity_type': 'resolve_chain_templates', 'attempt': 1, 'namespace': 'default', 'task_queue': 'comfyui-gpu-farm', 'workflow_id': 'chain-image-edit-to-video-pipeline-bf107773-1a6a-482d-89ce-c2fd841b6d4a', 'workflow_run_id': '019bb600-e472-7529-9d2c-872cc2561877', 'workflow_type': 'ChainExecutorWorkflow'})
2026-01-13 11:47:50,521 - temporalio.workflow - INFO - Step extract_frame2: Resolved parameters ({'attempt': 1, 'namespace': 'default', 'run_id': '019bb600-e472-7529-9d2c-872cc2561877', 'task_queue': 'comfyui-gpu-farm', 'workflow_id': 'chain-image-edit-to-video-pipeline-bf107773-1a6a-482d-89ce-c2fd841b6d4a', 'workflow_type': 'ChainExecutorWorkflow'})
2026-01-13 11:47:50,521 - temporalio.workflow - INFO - Step extract_frame1: Resolved parameters ({'attempt': 1, 'namespace': 'default', 'run_id': '019bb600-e472-7529-9d2c-872cc2561877', 'task_queue': 'comfyui-gpu-farm', 'workflow_id': 'chain-image-edit-to-video-pipeline-bf107773-1a6a-482d-89ce-c2fd841b6d4a', 'workflow_type': 'ChainExecutorWorkflow'})
2026-01-13 11:47:50,531 - temporalio.activity - INFO - Applying parameters to workflow: imageSave ({'activity_id': '5', 'activity_type': 'apply_workflow_parameters', 'attempt': 1, 'namespace': 'default', 'task_queue': 'comfyui-gpu-farm', 'workflow_id': 'chain-image-edit-to-video-pipeline-bf107773-1a6a-482d-89ce-c2fd841b6d4a', 'workflow_run_id': '019bb600-e472-7529-9d2c-872cc2561877', 'workflow_type': 'ChainExecutorWorkflow'})
2026-01-13 11:47:50,531 - temporal_gateway.registry - INFO - Applied override: 1.frame_load_cap = 1
2026-01-13 11:47:50,531 - temporal_gateway.registry - INFO - Applied override: 1.select_every_nth = 1
2026-01-13 11:47:50,531 - temporal_gateway.registry - INFO - Applied override: 1.skip_first_frames = 0
2026-01-13 11:47:50,531 - temporal_gateway.registry - INFO - Applied override: 1.video = ComfyUI_00012_.mp4
2026-01-13 11:47:50,531 - temporalio.activity - INFO - Parameters applied successfully ({'activity_id': '5', 'activity_type': 'apply_workflow_parameters', 'attempt': 1, 'namespace': 'default', 'task_queue': 'comfyui-gpu-farm', 'workflow_id': 'chain-image-edit-to-video-pipeline-bf107773-1a6a-482d-89ce-c2fd841b6d4a', 'workflow_run_id': '019bb600-e472-7529-9d2c-872cc2561877', 'workflow_type': 'ChainExecutorWorkflow'})
2026-01-13 11:47:50,533 - temporalio.activity - INFO - Applying parameters to workflow: imageSave ({'activity_id': '4', 'activity_type': 'apply_workflow_parameters', 'attempt': 1, 'namespace': 'default', 'task_queue': 'comfyui-gpu-farm', 'workflow_id': 'chain-image-edit-to-video-pipeline-bf107773-1a6a-482d-89ce-c2fd841b6d4a', 'workflow_run_id': '019bb600-e472-7529-9d2c-872cc2561877', 'workflow_type': 'ChainExecutorWorkflow'})
2026-01-13 11:47:50,533 - temporal_gateway.registry - INFO - Applied override: 1.frame_load_cap = 1
2026-01-13 11:47:50,533 - temporal_gateway.registry - INFO - Applied override: 1.select_every_nth = 1
2026-01-13 11:47:50,533 - temporal_gateway.registry - INFO - Applied override: 1.skip_first_frames = 172
2026-01-13 11:47:50,533 - temporal_gateway.registry - INFO - Applied override: 1.video = ComfyUI_00012_.mp4
2026-01-13 11:47:50,534 - temporalio.activity - INFO - Parameters applied successfully ({'activity_id': '4', 'activity_type': 'apply_workflow_parameters', 'attempt': 1, 'namespace': 'default', 'task_queue': 'comfyui-gpu-farm', 'workflow_id': 'chain-image-edit-to-video-pipeline-bf107773-1a6a-482d-89ce-c2fd841b6d4a', 'workflow_run_id': '019bb600-e472-7529-9d2c-872cc2561877', 'workflow_type': 'ChainExecutorWorkflow'})
2026-01-13 11:47:50,551 - temporalio.activity - INFO - Selecting server with strategy: least_loaded ({'activity_id': '6', 'activity_type': 'select_best_server', 'attempt': 1, 'namespace': 'default', 'task_queue': 'comfyui-gpu-farm', 'workflow_id': 'chain-image-edit-to-video-pipeline-bf107773-1a6a-482d-89ce-c2fd841b6d4a', 'workflow_run_id': '019bb600-e472-7529-9d2c-872cc2561877', 'workflow_type': 'ChainExecutorWorkflow'})
2026-01-13 11:47:50,599 - temporalio.activity - INFO - Selecting server with strategy: least_loaded ({'activity_id': '7', 'activity_type': 'select_best_server', 'attempt': 1, 'namespace': 'default', 'task_queue': 'comfyui-gpu-farm', 'workflow_id': 'chain-image-edit-to-video-pipeline-bf107773-1a6a-482d-89ce-c2fd841b6d4a', 'workflow_run_id': '019bb600-e472-7529-9d2c-872cc2561877', 'workflow_type': 'ChainExecutorWorkflow'})
2026-01-13 11:47:50,728 - httpx - INFO - HTTP Request: GET http://procure-x.testmcp.org/system_stats "HTTP/1.1 200 OK"
2026-01-13 11:47:50,736 - httpx - INFO - HTTP Request: GET http://procure-x.testmcp.org/system_stats "HTTP/1.1 200 OK"
2026-01-13 11:47:50,754 - httpx - INFO - HTTP Request: GET http://procure-x.testmcp.org/queue "HTTP/1.1 200 OK"
2026-01-13 11:47:50,755 - temporal_gateway.servers.load_balancer - INFO - Selected server procure-x (queue_depth=0, gpu_mem=0.0%)
2026-01-13 11:47:50,755 - temporalio.activity - INFO - Selected server: procure-x (http://procure-x.testmcp.org) ({'activity_id': '7', 'activity_type': 'select_best_server', 'attempt': 1, 'namespace': 'default', 'task_queue': 'comfyui-gpu-farm', 'workflow_id': 'chain-image-edit-to-video-pipeline-bf107773-1a6a-482d-89ce-c2fd841b6d4a', 'workflow_run_id': '019bb600-e472-7529-9d2c-872cc2561877', 'workflow_type': 'ChainExecutorWorkflow'})
2026-01-13 11:47:50,764 - temporalio.workflow - INFO - Step extract_frame2: Selected target server: http://procure-x.testmcp.org ({'attempt': 1, 'namespace': 'default', 'run_id': '019bb600-e472-7529-9d2c-872cc2561877', 'task_queue': 'comfyui-gpu-farm', 'workflow_id': 'chain-image-edit-to-video-pipeline-bf107773-1a6a-482d-89ce-c2fd841b6d4a', 'workflow_type': 'ChainExecutorWorkflow'})
2026-01-13 11:47:50,770 - httpx - INFO - HTTP Request: GET http://procure-x.testmcp.org/queue "HTTP/1.1 200 OK"
2026-01-13 11:47:50,771 - temporal_gateway.servers.load_balancer - INFO - Selected server procure-x (queue_depth=0, gpu_mem=0.0%)
2026-01-13 11:47:50,771 - temporalio.activity - INFO - Selected server: procure-x (http://procure-x.testmcp.org) ({'activity_id': '6', 'activity_type': 'select_best_server', 'attempt': 1, 'namespace': 'default', 'task_queue': 'comfyui-gpu-farm', 'workflow_id': 'chain-image-edit-to-video-pipeline-bf107773-1a6a-482d-89ce-c2fd841b6d4a', 'workflow_run_id': '019bb600-e472-7529-9d2c-872cc2561877', 'workflow_type': 'ChainExecutorWorkflow'})
2026-01-13 11:47:50,774 - temporalio.activity - INFO - Creating workflow record: imageSave (prompt: pending) ({'activity_id': '8', 'activity_type': 'create_workflow_record', 'attempt': 1, 'namespace': 'default', 'task_queue': 'comfyui-gpu-farm', 'workflow_id': 'chain-image-edit-to-video-pipeline-bf107773-1a6a-482d-89ce-c2fd841b6d4a', 'workflow_run_id': '019bb600-e472-7529-9d2c-872cc2561877', 'workflow_type': 'ChainExecutorWorkflow'})
2026-01-13 11:47:50,778 - temporalio.activity - INFO - ✓ Created workflow record: 3f213def-3c05-4f83-b4d9-27e3bc04e3db ({'activity_id': '8', 'activity_type': 'create_workflow_record', 'attempt': 1, 'namespace': 'default', 'task_queue': 'comfyui-gpu-farm', 'workflow_id': 'chain-image-edit-to-video-pipeline-bf107773-1a6a-482d-89ce-c2fd841b6d4a', 'workflow_run_id': '019bb600-e472-7529-9d2c-872cc2561877', 'workflow_type': 'ChainExecutorWorkflow'})
2026-01-13 11:47:50,781 - temporalio.workflow - INFO - Step extract_frame1: Selected target server: http://procure-x.testmcp.org ({'attempt': 1, 'namespace': 'default', 'run_id': '019bb600-e472-7529-9d2c-872cc2561877', 'task_queue': 'comfyui-gpu-farm', 'workflow_id': 'chain-image-edit-to-video-pipeline-bf107773-1a6a-482d-89ce-c2fd841b6d4a', 'workflow_type': 'ChainExecutorWorkflow'})
2026-01-13 11:47:50,788 - temporalio.workflow - INFO - Step extract_frame2: Created workflow record 3f213def-3c05-4f83-b4d9-27e3bc04e3db ({'attempt': 1, 'namespace': 'default', 'run_id': '019bb600-e472-7529-9d2c-872cc2561877', 'task_queue': 'comfyui-gpu-farm', 'workflow_id': 'chain-image-edit-to-video-pipeline-bf107773-1a6a-482d-89ce-c2fd841b6d4a', 'workflow_type': 'ChainExecutorWorkflow'})
2026-01-13 11:47:50,792 - temporalio.activity - INFO - Creating workflow record: imageSave (prompt: pending) ({'activity_id': '9', 'activity_type': 'create_workflow_record', 'attempt': 1, 'namespace': 'default', 'task_queue': 'comfyui-gpu-farm', 'workflow_id': 'chain-image-edit-to-video-pipeline-bf107773-1a6a-482d-89ce-c2fd841b6d4a', 'workflow_run_id': '019bb600-e472-7529-9d2c-872cc2561877', 'workflow_type': 'ChainExecutorWorkflow'})
2026-01-13 11:47:50,795 - temporalio.activity - INFO - ✓ Created workflow record: 9f9ecb54-7fb9-4796-bd0c-e3cfa27b6da2 ({'activity_id': '9', 'activity_type': 'create_workflow_record', 'attempt': 1, 'namespace': 'default', 'task_queue': 'comfyui-gpu-farm', 'workflow_id': 'chain-image-edit-to-video-pipeline-bf107773-1a6a-482d-89ce-c2fd841b6d4a', 'workflow_run_id': '019bb600-e472-7529-9d2c-872cc2561877', 'workflow_type': 'ChainExecutorWorkflow'})
2026-01-13 11:47:50,815 - temporalio.workflow - INFO - Step extract_frame1: Created workflow record 9f9ecb54-7fb9-4796-bd0c-e3cfa27b6da2 ({'attempt': 1, 'namespace': 'default', 'run_id': '019bb600-e472-7529-9d2c-872cc2561877', 'task_queue': 'comfyui-gpu-farm', 'workflow_id': 'chain-image-edit-to-video-pipeline-bf107773-1a6a-482d-89ce-c2fd841b6d4a', 'workflow_type': 'ChainExecutorWorkflow'})
2026-01-13 11:47:50,828 - temporalio.workflow - INFO - Starting ComfyUI workflow execution ({'attempt': 1, 'namespace': 'default', 'run_id': '019bb600-e5ca-74ee-9df8-be09c3e190be', 'task_queue': 'comfyui-gpu-farm', 'workflow_id': 'chain-image-edit-to-video-pipeline-bf107773-1a6a-482d-89ce-c2fd841b6d4a-extract_frame2', 'workflow_type': 'ComfyUIWorkflow'})
2026-01-13 11:47:50,828 - temporalio.workflow - INFO - Generated client_id: 7a590621-0614-4ade-8e1a-b2871dd6e0f5 ({'attempt': 1, 'namespace': 'default', 'run_id': '019bb600-e5ca-74ee-9df8-be09c3e190be', 'task_queue': 'comfyui-gpu-farm', 'workflow_id': 'chain-image-edit-to-video-pipeline-bf107773-1a6a-482d-89ce-c2fd841b6d4a-extract_frame2', 'workflow_type': 'ComfyUIWorkflow'})
2026-01-13 11:47:50,828 - temporalio.workflow - INFO - Using pre-selected server: http://procure-x.testmcp.org ({'attempt': 1, 'namespace': 'default', 'run_id': '019bb600-e5ca-74ee-9df8-be09c3e190be', 'task_queue': 'comfyui-gpu-farm', 'workflow_id': 'chain-image-edit-to-video-pipeline-bf107773-1a6a-482d-89ce-c2fd841b6d4a-extract_frame2', 'workflow_type': 'ComfyUIWorkflow'})
2026-01-13 11:47:50,842 - temporalio.workflow - INFO - Starting ComfyUI workflow execution ({'attempt': 1, 'namespace': 'default', 'run_id': '019bb600-e5e4-7411-8d79-24f12e6088f5', 'task_queue': 'comfyui-gpu-farm', 'workflow_id': 'chain-image-edit-to-video-pipeline-bf107773-1a6a-482d-89ce-c2fd841b6d4a-extract_frame1', 'workflow_type': 'ComfyUIWorkflow'})
2026-01-13 11:47:50,842 - temporalio.activity - INFO - [V3] Executing workflow on http://procure-x.testmcp.org ({'activity_id': '1', 'activity_type': 'execute_and_track_workflow', 'attempt': 1, 'namespace': 'default', 'task_queue': 'comfyui-gpu-farm', 'workflow_id': 'chain-image-edit-to-video-pipeline-bf107773-1a6a-482d-89ce-c2fd841b6d4a-extract_frame2', 'workflow_run_id': '019bb600-e5ca-74ee-9df8-be09c3e190be', 'workflow_type': 'ComfyUIWorkflow'})
2026-01-13 11:47:50,843 - temporalio.workflow - INFO - Generated client_id: 88789f7b-d7f5-4c8a-833a-e3808ccea215 ({'attempt': 1, 'namespace': 'default', 'run_id': '019bb600-e5e4-7411-8d79-24f12e6088f5', 'task_queue': 'comfyui-gpu-farm', 'workflow_id': 'chain-image-edit-to-video-pipeline-bf107773-1a6a-482d-89ce-c2fd841b6d4a-extract_frame1', 'workflow_type': 'ComfyUIWorkflow'})
2026-01-13 11:47:50,843 - temporalio.activity - INFO - [V3] Workflow name: imageSave ({'activity_id': '1', 'activity_type': 'execute_and_track_workflow', 'attempt': 1, 'namespace': 'default', 'task_queue': 'comfyui-gpu-farm', 'workflow_id': 'chain-image-edit-to-video-pipeline-bf107773-1a6a-482d-89ce-c2fd841b6d4a-extract_frame2', 'workflow_run_id': '019bb600-e5ca-74ee-9df8-be09c3e190be', 'workflow_type': 'ComfyUIWorkflow'})
2026-01-13 11:47:50,843 - temporalio.workflow - INFO - Using pre-selected server: http://procure-x.testmcp.org ({'attempt': 1, 'namespace': 'default', 'run_id': '019bb600-e5e4-7411-8d79-24f12e6088f5', 'task_queue': 'comfyui-gpu-farm', 'workflow_id': 'chain-image-edit-to-video-pipeline-bf107773-1a6a-482d-89ce-c2fd841b6d4a-extract_frame1', 'workflow_type': 'ComfyUIWorkflow'})
2026-01-13 11:47:50,889 - temporal_gateway.clients.comfy.client - INFO - ComfyUI client initialized for http://procure-x.testmcp.org
2026-01-13 11:47:50,889 - temporal_gateway.clients.comfy.client - INFO - Submitting workflow to ComfyUI
2026-01-13 11:47:50,900 - temporalio.activity - INFO - [V3] Executing workflow on http://procure-x.testmcp.org ({'activity_id': '1', 'activity_type': 'execute_and_track_workflow', 'attempt': 1, 'namespace': 'default', 'task_queue': 'comfyui-gpu-farm', 'workflow_id': 'chain-image-edit-to-video-pipeline-bf107773-1a6a-482d-89ce-c2fd841b6d4a-extract_frame1', 'workflow_run_id': '019bb600-e5e4-7411-8d79-24f12e6088f5', 'workflow_type': 'ComfyUIWorkflow'})
2026-01-13 11:47:50,900 - temporalio.activity - INFO - [V3] Workflow name: imageSave ({'activity_id': '1', 'activity_type': 'execute_and_track_workflow', 'attempt': 1, 'namespace': 'default', 'task_queue': 'comfyui-gpu-farm', 'workflow_id': 'chain-image-edit-to-video-pipeline-bf107773-1a6a-482d-89ce-c2fd841b6d4a-extract_frame1', 'workflow_run_id': '019bb600-e5e4-7411-8d79-24f12e6088f5', 'workflow_type': 'ComfyUIWorkflow'})
2026-01-13 11:47:50,944 - temporal_gateway.clients.comfy.client - INFO - ComfyUI client initialized for http://procure-x.testmcp.org
2026-01-13 11:47:50,944 - temporal_gateway.clients.comfy.client - INFO - Submitting workflow to ComfyUI
2026-01-13 11:47:50,993 - httpx - INFO - HTTP Request: POST http://procure-x.testmcp.org/prompt "HTTP/1.1 200 OK"
2026-01-13 11:47:50,996 - temporal_gateway.clients.comfy.client - INFO - Workflow queued with prompt_id: 53148954-b327-4602-869b-253e418723c4
2026-01-13 11:47:50,997 - temporal_gateway.clients.comfy.tracker - INFO - Starting execution tracking for prompt 53148954-b327-4602-869b-253e418723c4
2026-01-13 11:47:50,997 - temporal_gateway.clients.comfy.tracker - INFO - Starting history polling
2026-01-13 11:47:51,002 - temporal_gateway.clients.comfy.tracker - INFO - Starting WebSocket listener
2026-01-13 11:47:51,002 - temporal_gateway.clients.comfy.websocket - INFO - Connecting to WebSocket: ws://procure-x.testmcp.org/ws?clientId=d20ac161-627e-4585-9882-d4497fa78610
2026-01-13 11:47:51,031 - httpx - INFO - HTTP Request: POST http://procure-x.testmcp.org/prompt "HTTP/1.1 200 OK"
2026-01-13 11:47:51,034 - temporal_gateway.clients.comfy.client - INFO - Workflow queued with prompt_id: d429aabb-e830-464b-aae2-8f7da1340a2b
2026-01-13 11:47:51,034 - temporal_gateway.clients.comfy.tracker - INFO - Starting execution tracking for prompt d429aabb-e830-464b-aae2-8f7da1340a2b
2026-01-13 11:47:51,035 - temporal_gateway.clients.comfy.tracker - INFO - Starting history polling
2026-01-13 11:47:51,037 - temporal_gateway.clients.comfy.tracker - INFO - Starting WebSocket listener
2026-01-13 11:47:51,037 - temporal_gateway.clients.comfy.websocket - INFO - Connecting to WebSocket: ws://procure-x.testmcp.org/ws?clientId=e5e7e8e2-90dd-4aa4-9a73-a6f18f0bc53f
2026-01-13 11:47:51,051 - temporal_gateway.clients.comfy.websocket - INFO - WebSocket connected successfully
2026-01-13 11:47:51,052 - httpx - INFO - HTTP Request: GET http://procure-x.testmcp.org/history/53148954-b327-4602-869b-253e418723c4 "HTTP/1.1 200 OK"
2026-01-13 11:47:51,065 - httpx - INFO - HTTP Request: GET http://procure-x.testmcp.org/history/d429aabb-e830-464b-aae2-8f7da1340a2b "HTTP/1.1 200 OK"
2026-01-13 11:47:51,070 - temporal_gateway.clients.comfy.tracker - INFO - [WS] Execution completed successfully
2026-01-13 11:47:51,397 - httpx - INFO - HTTP Request: GET http://procure-x.testmcp.org/history/53148954-b327-4602-869b-253e418723c4 "HTTP/1.1 200 OK"
2026-01-13 11:47:51,398 - temporal_gateway.clients.comfy.tracker - INFO - Tracking completed: success (took 0.40s)
2026-01-13 11:47:51,399 - temporalio.activity - INFO - [V3] Workflow completed successfully ({'activity_id': '1', 'activity_type': 'execute_and_track_workflow', 'attempt': 1, 'namespace': 'default', 'task_queue': 'comfyui-gpu-farm', 'workflow_id': 'chain-image-edit-to-video-pipeline-bf107773-1a6a-482d-89ce-c2fd841b6d4a-extract_frame2', 'workflow_run_id': '019bb600-e5ca-74ee-9df8-be09c3e190be', 'workflow_type': 'ComfyUIWorkflow'})
2026-01-13 11:47:51,410 - temporalio.workflow - INFO - Execution completed successfully ({'attempt': 1, 'namespace': 'default', 'run_id': '019bb600-e5ca-74ee-9df8-be09c3e190be', 'task_queue': 'comfyui-gpu-farm', 'workflow_id': 'chain-image-edit-to-video-pipeline-bf107773-1a6a-482d-89ce-c2fd841b6d4a-extract_frame2', 'workflow_type': 'ComfyUIWorkflow'})
2026-01-13 11:47:51,418 - temporalio.activity - INFO - Extracting server output files ({'activity_id': '2', 'activity_type': 'get_server_output_files', 'attempt': 1, 'namespace': 'default', 'task_queue': 'comfyui-gpu-farm', 'workflow_id': 'chain-image-edit-to-video-pipeline-bf107773-1a6a-482d-89ce-c2fd841b6d4a-extract_frame2', 'workflow_run_id': '019bb600-e5ca-74ee-9df8-be09c3e190be', 'workflow_type': 'ComfyUIWorkflow'})
2026-01-13 11:47:51,418 - temporalio.activity - INFO - Found 1 output file(s) ({'activity_id': '2', 'activity_type': 'get_server_output_files', 'attempt': 1, 'namespace': 'default', 'task_queue': 'comfyui-gpu-farm', 'workflow_id': 'chain-image-edit-to-video-pipeline-bf107773-1a6a-482d-89ce-c2fd841b6d4a-extract_frame2', 'workflow_run_id': '019bb600-e5ca-74ee-9df8-be09c3e190be', 'workflow_type': 'ComfyUIWorkflow'})
2026-01-13 11:47:51,427 - temporalio.workflow - INFO - Found 1 server output file(s) ({'attempt': 1, 'namespace': 'default', 'run_id': '019bb600-e5ca-74ee-9df8-be09c3e190be', 'task_queue': 'comfyui-gpu-farm', 'workflow_id': 'chain-image-edit-to-video-pipeline-bf107773-1a6a-482d-89ce-c2fd841b6d4a-extract_frame2', 'workflow_type': 'ComfyUIWorkflow'})
2026-01-13 11:47:51,435 - temporalio.activity - INFO - Downloading and persisting 1 artifact(s) for workflow 3f213def-3c05-4f83-b4d9-27e3bc04e3db ({'activity_id': '3', 'activity_type': 'download_and_store_artifacts', 'attempt': 1, 'namespace': 'default', 'task_queue': 'comfyui-gpu-farm', 'workflow_id': 'chain-image-edit-to-video-pipeline-bf107773-1a6a-482d-89ce-c2fd841b6d4a-extract_frame2', 'workflow_run_id': '019bb600-e5ca-74ee-9df8-be09c3e190be', 'workflow_type': 'ComfyUIWorkflow'})
2026-01-13 11:47:51,481 - temporal_gateway.clients.comfy.client - INFO - ComfyUI client initialized for http://procure-x.testmcp.org
2026-01-13 11:47:51,486 - temporal_gateway.clients.comfy.websocket - INFO - WebSocket connected successfully
2026-01-13 11:47:51,511 - temporal_gateway.clients.comfy.tracker - INFO - [WS] Execution completed successfully
2026-01-13 11:47:51,678 - httpx - INFO - HTTP Request: GET http://procure-x.testmcp.org/history/d429aabb-e830-464b-aae2-8f7da1340a2b "HTTP/1.1 200 OK"
2026-01-13 11:47:51,679 - httpx - INFO - HTTP Request: GET http://procure-x.testmcp.org/view?filename=ComfyUI_00259_.png&type=output "HTTP/1.1 200 OK"
2026-01-13 11:47:51,680 - temporal_gateway.clients.comfy.tracker - INFO - Tracking completed: success (took 0.65s)
2026-01-13 11:47:51,680 - temporalio.activity - INFO - [V3] Workflow completed successfully ({'activity_id': '1', 'activity_type': 'execute_and_track_workflow', 'attempt': 1, 'namespace': 'default', 'task_queue': 'comfyui-gpu-farm', 'workflow_id': 'chain-image-edit-to-video-pipeline-bf107773-1a6a-482d-89ce-c2fd841b6d4a-extract_frame1', 'workflow_run_id': '019bb600-e5e4-7411-8d79-24f12e6088f5', 'workflow_type': 'ComfyUIWorkflow'})
2026-01-13 11:47:51,698 - temporalio.workflow - INFO - Execution completed successfully ({'attempt': 1, 'namespace': 'default', 'run_id': '019bb600-e5e4-7411-8d79-24f12e6088f5', 'task_queue': 'comfyui-gpu-farm', 'workflow_id': 'chain-image-edit-to-video-pipeline-bf107773-1a6a-482d-89ce-c2fd841b6d4a-extract_frame1', 'workflow_type': 'ComfyUIWorkflow'})
2026-01-13 11:47:51,709 - temporalio.activity - INFO - Extracting server output files ({'activity_id': '2', 'activity_type': 'get_server_output_files', 'attempt': 1, 'namespace': 'default', 'task_queue': 'comfyui-gpu-farm', 'workflow_id': 'chain-image-edit-to-video-pipeline-bf107773-1a6a-482d-89ce-c2fd841b6d4a-extract_frame1', 'workflow_run_id': '019bb600-e5e4-7411-8d79-24f12e6088f5', 'workflow_type': 'ComfyUIWorkflow'})
2026-01-13 11:47:51,709 - temporalio.activity - INFO - Found 1 output file(s) ({'activity_id': '2', 'activity_type': 'get_server_output_files', 'attempt': 1, 'namespace': 'default', 'task_queue': 'comfyui-gpu-farm', 'workflow_id': 'chain-image-edit-to-video-pipeline-bf107773-1a6a-482d-89ce-c2fd841b6d4a-extract_frame1', 'workflow_run_id': '019bb600-e5e4-7411-8d79-24f12e6088f5', 'workflow_type': 'ComfyUIWorkflow'})
2026-01-13 11:47:51,719 - temporalio.workflow - INFO - Found 1 server output file(s) ({'attempt': 1, 'namespace': 'default', 'run_id': '019bb600-e5e4-7411-8d79-24f12e6088f5', 'task_queue': 'comfyui-gpu-farm', 'workflow_id': 'chain-image-edit-to-video-pipeline-bf107773-1a6a-482d-89ce-c2fd841b6d4a-extract_frame1', 'workflow_type': 'ComfyUIWorkflow'})
2026-01-13 11:47:51,729 - temporalio.activity - INFO - Downloading and persisting 1 artifact(s) for workflow 9f9ecb54-7fb9-4796-bd0c-e3cfa27b6da2 ({'activity_id': '3', 'activity_type': 'download_and_store_artifacts', 'attempt': 1, 'namespace': 'default', 'task_queue': 'comfyui-gpu-farm', 'workflow_id': 'chain-image-edit-to-video-pipeline-bf107773-1a6a-482d-89ce-c2fd841b6d4a-extract_frame1', 'workflow_run_id': '019bb600-e5e4-7411-8d79-24f12e6088f5', 'workflow_type': 'ComfyUIWorkflow'})
2026-01-13 11:47:51,775 - temporal_gateway.clients.comfy.client - INFO - ComfyUI client initialized for http://procure-x.testmcp.org
2026-01-13 11:47:51,863 - httpx - INFO - HTTP Request: GET http://procure-x.testmcp.org/view?filename=ComfyUI_00260_.png&type=output "HTTP/1.1 200 OK"
2026-01-13 11:47:52,676 - temporalio.activity - INFO - ✓ Saved artifact to DB: 2748fded-5e12-415d-b694-9b86e46917d5 (ComfyUI_00260_.png) ({'activity_id': '3', 'activity_type': 'download_and_store_artifacts', 'attempt': 1, 'namespace': 'default', 'task_queue': 'comfyui-gpu-farm', 'workflow_id': 'chain-image-edit-to-video-pipeline-bf107773-1a6a-482d-89ce-c2fd841b6d4a-extract_frame1', 'workflow_run_id': '019bb600-e5e4-7411-8d79-24f12e6088f5', 'workflow_type': 'ComfyUIWorkflow'})
2026-01-13 11:47:52,679 - temporalio.activity - INFO - Downloaded and persisted 1 artifact(s) ({'activity_id': '3', 'activity_type': 'download_and_store_artifacts', 'attempt': 1, 'namespace': 'default', 'task_queue': 'comfyui-gpu-farm', 'workflow_id': 'chain-image-edit-to-video-pipeline-bf107773-1a6a-482d-89ce-c2fd841b6d4a-extract_frame1', 'workflow_run_id': '019bb600-e5e4-7411-8d79-24f12e6088f5', 'workflow_type': 'ComfyUIWorkflow'})
2026-01-13 11:47:52,704 - temporalio.workflow - INFO - Downloaded 1 file(s) locally ({'attempt': 1, 'namespace': 'default', 'run_id': '019bb600-e5e4-7411-8d79-24f12e6088f5', 'task_queue': 'comfyui-gpu-farm', 'workflow_id': 'chain-image-edit-to-video-pipeline-bf107773-1a6a-482d-89ce-c2fd841b6d4a-extract_frame1', 'workflow_type': 'ComfyUIWorkflow'})
2026-01-13 11:47:52,727 - temporalio.activity - INFO - Updating workflow 9f9ecb54-7fb9-4796-bd0c-e3cfa27b6da2 status to: completed ({'activity_id': '10', 'activity_type': 'update_workflow_status_activity', 'attempt': 1, 'namespace': 'default', 'task_queue': 'comfyui-gpu-farm', 'workflow_id': 'chain-image-edit-to-video-pipeline-bf107773-1a6a-482d-89ce-c2fd841b6d4a', 'workflow_run_id': '019bb600-e472-7529-9d2c-872cc2561877', 'workflow_type': 'ChainExecutorWorkflow'})
2026-01-13 11:47:52,730 - temporalio.activity - INFO - ✓ Updated workflow status ({'activity_id': '10', 'activity_type': 'update_workflow_status_activity', 'attempt': 1, 'namespace': 'default', 'task_queue': 'comfyui-gpu-farm', 'workflow_id': 'chain-image-edit-to-video-pipeline-bf107773-1a6a-482d-89ce-c2fd841b6d4a', 'workflow_run_id': '019bb600-e472-7529-9d2c-872cc2561877', 'workflow_type': 'ChainExecutorWorkflow'})
2026-01-13 11:47:52,743 - temporalio.activity - INFO - ✓ Saved artifact to DB: 094b3812-c6c0-4f35-8969-01c03c62fa03 (ComfyUI_00259_.png) ({'activity_id': '3', 'activity_type': 'download_and_store_artifacts', 'attempt': 1, 'namespace': 'default', 'task_queue': 'comfyui-gpu-farm', 'workflow_id': 'chain-image-edit-to-video-pipeline-bf107773-1a6a-482d-89ce-c2fd841b6d4a-extract_frame2', 'workflow_run_id': '019bb600-e5ca-74ee-9df8-be09c3e190be', 'workflow_type': 'ComfyUIWorkflow'})
2026-01-13 11:47:52,744 - temporalio.activity - INFO - Downloaded and persisted 1 artifact(s) ({'activity_id': '3', 'activity_type': 'download_and_store_artifacts', 'attempt': 1, 'namespace': 'default', 'task_queue': 'comfyui-gpu-farm', 'workflow_id': 'chain-image-edit-to-video-pipeline-bf107773-1a6a-482d-89ce-c2fd841b6d4a-extract_frame2', 'workflow_run_id': '019bb600-e5ca-74ee-9df8-be09c3e190be', 'workflow_type': 'ComfyUIWorkflow'})
2026-01-13 11:47:52,744 - temporalio.workflow - INFO - Step extract_frame1: Approval required, fetching artifacts... ({'attempt': 1, 'namespace': 'default', 'run_id': '019bb600-e472-7529-9d2c-872cc2561877', 'task_queue': 'comfyui-gpu-farm', 'workflow_id': 'chain-image-edit-to-video-pipeline-bf107773-1a6a-482d-89ce-c2fd841b6d4a', 'workflow_type': 'ChainExecutorWorkflow'})
2026-01-13 11:47:52,756 - temporalio.workflow - INFO - Downloaded 1 file(s) locally ({'attempt': 1, 'namespace': 'default', 'run_id': '019bb600-e5ca-74ee-9df8-be09c3e190be', 'task_queue': 'comfyui-gpu-farm', 'workflow_id': 'chain-image-edit-to-video-pipeline-bf107773-1a6a-482d-89ce-c2fd841b6d4a-extract_frame2', 'workflow_type': 'ComfyUIWorkflow'})
2026-01-13 11:47:52,757 - temporalio.activity - INFO - Getting artifacts for workflow: 9f9ecb54-7fb9-4796-bd0c-e3cfa27b6da2 ({'activity_id': '11', 'activity_type': 'get_workflow_artifacts', 'attempt': 1, 'namespace': 'default', 'task_queue': 'comfyui-gpu-farm', 'workflow_id': 'chain-image-edit-to-video-pipeline-bf107773-1a6a-482d-89ce-c2fd841b6d4a', 'workflow_run_id': '019bb600-e472-7529-9d2c-872cc2561877', 'workflow_type': 'ChainExecutorWorkflow'})
2026-01-13 11:47:52,780 - temporalio.activity - INFO - Creating approval request for artifact: 2748fded-5e12-415d-b694-9b86e46917d5 ({'activity_id': '12', 'activity_type': 'create_approval_request_activity', 'attempt': 1, 'namespace': 'default', 'task_queue': 'comfyui-gpu-farm', 'workflow_id': 'chain-image-edit-to-video-pipeline-bf107773-1a6a-482d-89ce-c2fd841b6d4a', 'workflow_run_id': '019bb600-e472-7529-9d2c-872cc2561877', 'workflow_type': 'ChainExecutorWorkflow'})
2026-01-13 11:47:52,784 - temporalio.activity - INFO - ✓ Created approval request: 6b442bfd-f1f4-41b5-b17a-be7884ae4c5d, token: dmhSy1J7WqSJF05G... ({'activity_id': '12', 'activity_type': 'create_approval_request_activity', 'attempt': 1, 'namespace': 'default', 'task_queue': 'comfyui-gpu-farm', 'workflow_id': 'chain-image-edit-to-video-pipeline-bf107773-1a6a-482d-89ce-c2fd841b6d4a', 'workflow_run_id': '019bb600-e472-7529-9d2c-872cc2561877', 'workflow_type': 'ChainExecutorWorkflow'})
2026-01-13 11:47:52,784 - temporal_gateway.services.broadcast - INFO - Published approval_requested to chain:64fe6d7c-29e9-40af-b076-dddd46317b8d
2026-01-13 11:47:52,784 - temporalio.activity - INFO - Published approval_requested event for chain 64fe6d7c-29e9-40af-b076-dddd46317b8d ({'activity_id': '12', 'activity_type': 'create_approval_request_activity', 'attempt': 1, 'namespace': 'default', 'task_queue': 'comfyui-gpu-farm', 'workflow_id': 'chain-image-edit-to-video-pipeline-bf107773-1a6a-482d-89ce-c2fd841b6d4a', 'workflow_run_id': '019bb600-e472-7529-9d2c-872cc2561877', 'workflow_type': 'ChainExecutorWorkflow'})
2026-01-13 11:47:52,785 - temporalio.activity - INFO - Updating workflow 3f213def-3c05-4f83-b4d9-27e3bc04e3db status to: completed ({'activity_id': '13', 'activity_type': 'update_workflow_status_activity', 'attempt': 1, 'namespace': 'default', 'task_queue': 'comfyui-gpu-farm', 'workflow_id': 'chain-image-edit-to-video-pipeline-bf107773-1a6a-482d-89ce-c2fd841b6d4a', 'workflow_run_id': '019bb600-e472-7529-9d2c-872cc2561877', 'workflow_type': 'ChainExecutorWorkflow'})
2026-01-13 11:47:52,790 - temporalio.activity - INFO - ✓ Updated workflow status ({'activity_id': '13', 'activity_type': 'update_workflow_status_activity', 'attempt': 1, 'namespace': 'default', 'task_queue': 'comfyui-gpu-farm', 'workflow_id': 'chain-image-edit-to-video-pipeline-bf107773-1a6a-482d-89ce-c2fd841b6d4a', 'workflow_run_id': '019bb600-e472-7529-9d2c-872cc2561877', 'workflow_type': 'ChainExecutorWorkflow'})
2026-01-13 11:47:52,798 - temporalio.workflow - INFO - Step extract_frame1: Approval request created, token: dmhSy1J7WqSJF05G... ({'attempt': 1, 'namespace': 'default', 'run_id': '019bb600-e472-7529-9d2c-872cc2561877', 'task_queue': 'comfyui-gpu-farm', 'workflow_id': 'chain-image-edit-to-video-pipeline-bf107773-1a6a-482d-89ce-c2fd841b6d4a', 'workflow_type': 'ChainExecutorWorkflow'})
2026-01-13 11:47:52,798 - temporalio.workflow - INFO - Step extract_frame2: Approval required, fetching artifacts... ({'attempt': 1, 'namespace': 'default', 'run_id': '019bb600-e472-7529-9d2c-872cc2561877', 'task_queue': 'comfyui-gpu-farm', 'workflow_id': 'chain-image-edit-to-video-pipeline-bf107773-1a6a-482d-89ce-c2fd841b6d4a', 'workflow_type': 'ChainExecutorWorkflow'})
2026-01-13 11:47:52,808 - temporalio.activity - INFO - Getting artifacts for workflow: 3f213def-3c05-4f83-b4d9-27e3bc04e3db ({'activity_id': '14', 'activity_type': 'get_workflow_artifacts', 'attempt': 1, 'namespace': 'default', 'task_queue': 'comfyui-gpu-farm', 'workflow_id': 'chain-image-edit-to-video-pipeline-bf107773-1a6a-482d-89ce-c2fd841b6d4a', 'workflow_run_id': '019bb600-e472-7529-9d2c-872cc2561877', 'workflow_type': 'ChainExecutorWorkflow'})
2026-01-13 11:47:52,827 - temporalio.activity - INFO - Creating approval request for artifact: 094b3812-c6c0-4f35-8969-01c03c62fa03 ({'activity_id': '15', 'activity_type': 'create_approval_request_activity', 'attempt': 1, 'namespace': 'default', 'task_queue': 'comfyui-gpu-farm', 'workflow_id': 'chain-image-edit-to-video-pipeline-bf107773-1a6a-482d-89ce-c2fd841b6d4a', 'workflow_run_id': '019bb600-e472-7529-9d2c-872cc2561877', 'workflow_type': 'ChainExecutorWorkflow'})
2026-01-13 11:47:52,830 - temporalio.activity - INFO - ✓ Created approval request: 2573ad47-d44c-4850-aabe-847d95f1590c, token: psqVvH02udjnSx80... ({'activity_id': '15', 'activity_type': 'create_approval_request_activity', 'attempt': 1, 'namespace': 'default', 'task_queue': 'comfyui-gpu-farm', 'workflow_id': 'chain-image-edit-to-video-pipeline-bf107773-1a6a-482d-89ce-c2fd841b6d4a', 'workflow_run_id': '019bb600-e472-7529-9d2c-872cc2561877', 'workflow_type': 'ChainExecutorWorkflow'})
2026-01-13 11:47:52,831 - temporal_gateway.services.broadcast - INFO - Published approval_requested to chain:64fe6d7c-29e9-40af-b076-dddd46317b8d
2026-01-13 11:47:52,831 - temporalio.activity - INFO - Published approval_requested event for chain 64fe6d7c-29e9-40af-b076-dddd46317b8d ({'activity_id': '15', 'activity_type': 'create_approval_request_activity', 'attempt': 1, 'namespace': 'default', 'task_queue': 'comfyui-gpu-farm', 'workflow_id': 'chain-image-edit-to-video-pipeline-bf107773-1a6a-482d-89ce-c2fd841b6d4a', 'workflow_run_id': '019bb600-e472-7529-9d2c-872cc2561877', 'workflow_type': 'ChainExecutorWorkflow'})
2026-01-13 11:47:52,840 - temporalio.workflow - INFO - Step extract_frame2: Approval request created, token: psqVvH02udjnSx80... ({'attempt': 1, 'namespace': 'default', 'run_id': '019bb600-e472-7529-9d2c-872cc2561877', 'task_queue': 'comfyui-gpu-farm', 'workflow_id': 'chain-image-edit-to-video-pipeline-bf107773-1a6a-482d-89ce-c2fd841b6d4a', 'workflow_type': 'ChainExecutorWorkflow'})
2026-01-13 11:48:44,772 - temporalio.workflow - INFO - Received approval decision for step extract_frame1: rejected by cli-user ({'attempt': 1, 'namespace': 'default', 'run_id': '019bb600-e472-7529-9d2c-872cc2561877', 'task_queue': 'comfyui-gpu-farm', 'workflow_id': 'chain-image-edit-to-video-pipeline-bf107773-1a6a-482d-89ce-c2fd841b6d4a', 'workflow_type': 'ChainExecutorWorkflow'})
2026-01-13 11:48:44,772 - temporalio.workflow - INFO - Step extract_frame1: Rejected by cli-user with comment: None ({'attempt': 1, 'namespace': 'default', 'run_id': '019bb600-e472-7529-9d2c-872cc2561877', 'task_queue': 'comfyui-gpu-farm', 'workflow_id': 'chain-image-edit-to-video-pipeline-bf107773-1a6a-482d-89ce-c2fd841b6d4a', 'workflow_type': 'ChainExecutorWorkflow'})
2026-01-13 11:48:44,772 - temporalio.workflow - INFO - Step extract_frame1: Rejected, regenerating with new parameters (attempt 2/3)... ({'attempt': 1, 'namespace': 'default', 'run_id': '019bb600-e472-7529-9d2c-872cc2561877', 'task_queue': 'comfyui-gpu-farm', 'workflow_id': 'chain-image-edit-to-video-pipeline-bf107773-1a6a-482d-89ce-c2fd841b6d4a', 'workflow_type': 'ChainExecutorWorkflow'})
2026-01-13 11:48:44,782 - temporalio.activity - INFO - Resolving templates in parameters ({'activity_id': '16', 'activity_type': 'resolve_chain_templates', 'attempt': 1, 'namespace': 'default', 'task_queue': 'comfyui-gpu-farm', 'workflow_id': 'chain-image-edit-to-video-pipeline-bf107773-1a6a-482d-89ce-c2fd841b6d4a', 'workflow_run_id': '019bb600-e472-7529-9d2c-872cc2561877', 'workflow_type': 'ChainExecutorWorkflow'})
2026-01-13 11:48:44,782 - temporalio.activity - INFO - Templates resolved successfully ({'activity_id': '16', 'activity_type': 'resolve_chain_templates', 'attempt': 1, 'namespace': 'default', 'task_queue': 'comfyui-gpu-farm', 'workflow_id': 'chain-image-edit-to-video-pipeline-bf107773-1a6a-482d-89ce-c2fd841b6d4a', 'workflow_run_id': '019bb600-e472-7529-9d2c-872cc2561877', 'workflow_type': 'ChainExecutorWorkflow'})
2026-01-13 11:48:44,792 - temporalio.workflow - INFO - Step extract_frame1: Resolved parameters ({'attempt': 1, 'namespace': 'default', 'run_id': '019bb600-e472-7529-9d2c-872cc2561877', 'task_queue': 'comfyui-gpu-farm', 'workflow_id': 'chain-image-edit-to-video-pipeline-bf107773-1a6a-482d-89ce-c2fd841b6d4a', 'workflow_type': 'ChainExecutorWorkflow'})
2026-01-13 11:48:44,801 - temporalio.activity - INFO - Applying parameters to workflow: imageSave ({'activity_id': '17', 'activity_type': 'apply_workflow_parameters', 'attempt': 1, 'namespace': 'default', 'task_queue': 'comfyui-gpu-farm', 'workflow_id': 'chain-image-edit-to-video-pipeline-bf107773-1a6a-482d-89ce-c2fd841b6d4a', 'workflow_run_id': '019bb600-e472-7529-9d2c-872cc2561877', 'workflow_type': 'ChainExecutorWorkflow'})
2026-01-13 11:48:44,801 - temporal_gateway.registry - INFO - Applied override: 1.custom_width = 894
2026-01-13 11:48:44,801 - temporal_gateway.registry - INFO - Applied override: 1.frame_load_cap = 1
2026-01-13 11:48:44,801 - temporal_gateway.registry - INFO - Applied override: 1.select_every_nth = 1
2026-01-13 11:48:44,801 - temporal_gateway.registry - INFO - Applied override: 1.skip_first_frames = 0
2026-01-13 11:48:44,801 - temporal_gateway.registry - INFO - Applied override: 1.video = ComfyUI_00012_.mp4
2026-01-13 11:48:44,801 - temporalio.activity - INFO - Parameters applied successfully ({'activity_id': '17', 'activity_type': 'apply_workflow_parameters', 'attempt': 1, 'namespace': 'default', 'task_queue': 'comfyui-gpu-farm', 'workflow_id': 'chain-image-edit-to-video-pipeline-bf107773-1a6a-482d-89ce-c2fd841b6d4a', 'workflow_run_id': '019bb600-e472-7529-9d2c-872cc2561877', 'workflow_type': 'ChainExecutorWorkflow'})
2026-01-13 11:48:44,817 - temporalio.activity - INFO - Selecting server with strategy: least_loaded ({'activity_id': '18', 'activity_type': 'select_best_server', 'attempt': 1, 'namespace': 'default', 'task_queue': 'comfyui-gpu-farm', 'workflow_id': 'chain-image-edit-to-video-pipeline-bf107773-1a6a-482d-89ce-c2fd841b6d4a', 'workflow_run_id': '019bb600-e472-7529-9d2c-872cc2561877', 'workflow_type': 'ChainExecutorWorkflow'})
2026-01-13 11:48:44,906 - httpx - INFO - HTTP Request: GET http://procure-x.testmcp.org/system_stats "HTTP/1.1 200 OK"
2026-01-13 11:48:44,928 - httpx - INFO - HTTP Request: GET http://procure-x.testmcp.org/queue "HTTP/1.1 200 OK"
2026-01-13 11:48:44,930 - temporal_gateway.servers.load_balancer - INFO - Selected server procure-x (queue_depth=0, gpu_mem=0.0%)
2026-01-13 11:48:44,930 - temporalio.activity - INFO - Selected server: procure-x (http://procure-x.testmcp.org) ({'activity_id': '18', 'activity_type': 'select_best_server', 'attempt': 1, 'namespace': 'default', 'task_queue': 'comfyui-gpu-farm', 'workflow_id': 'chain-image-edit-to-video-pipeline-bf107773-1a6a-482d-89ce-c2fd841b6d4a', 'workflow_run_id': '019bb600-e472-7529-9d2c-872cc2561877', 'workflow_type': 'ChainExecutorWorkflow'})
2026-01-13 11:48:44,939 - temporalio.workflow - INFO - Step extract_frame1: Selected target server: http://procure-x.testmcp.org ({'attempt': 1, 'namespace': 'default', 'run_id': '019bb600-e472-7529-9d2c-872cc2561877', 'task_queue': 'comfyui-gpu-farm', 'workflow_id': 'chain-image-edit-to-video-pipeline-bf107773-1a6a-482d-89ce-c2fd841b6d4a', 'workflow_type': 'ChainExecutorWorkflow'})
2026-01-13 11:48:44,948 - temporalio.activity - INFO - Creating workflow record: imageSave (prompt: pending) ({'activity_id': '19', 'activity_type': 'create_workflow_record', 'attempt': 1, 'namespace': 'default', 'task_queue': 'comfyui-gpu-farm', 'workflow_id': 'chain-image-edit-to-video-pipeline-bf107773-1a6a-482d-89ce-c2fd841b6d4a', 'workflow_run_id': '019bb600-e472-7529-9d2c-872cc2561877', 'workflow_type': 'ChainExecutorWorkflow'})
2026-01-13 11:48:44,951 - temporalio.activity - INFO - ✓ Created workflow record: 7e726c63-8dea-47d8-b6b0-e14d49be90f7 ({'activity_id': '19', 'activity_type': 'create_workflow_record', 'attempt': 1, 'namespace': 'default', 'task_queue': 'comfyui-gpu-farm', 'workflow_id': 'chain-image-edit-to-video-pipeline-bf107773-1a6a-482d-89ce-c2fd841b6d4a', 'workflow_run_id': '019bb600-e472-7529-9d2c-872cc2561877', 'workflow_type': 'ChainExecutorWorkflow'})
2026-01-13 11:48:44,960 - temporalio.workflow - INFO - Step extract_frame1: Created workflow record 7e726c63-8dea-47d8-b6b0-e14d49be90f7 ({'attempt': 1, 'namespace': 'default', 'run_id': '019bb600-e472-7529-9d2c-872cc2561877', 'task_queue': 'comfyui-gpu-farm', 'workflow_id': 'chain-image-edit-to-video-pipeline-bf107773-1a6a-482d-89ce-c2fd841b6d4a', 'workflow_type': 'ChainExecutorWorkflow'})
2026-01-13 11:48:44,987 - temporalio.workflow - INFO - Starting ComfyUI workflow execution ({'attempt': 1, 'namespace': 'default', 'run_id': '019bb601-b964-77ad-b30e-c49388af5ad6', 'task_queue': 'comfyui-gpu-farm', 'workflow_id': 'chain-image-edit-to-video-pipeline-bf107773-1a6a-482d-89ce-c2fd841b6d4a-extract_frame1', 'workflow_type': 'ComfyUIWorkflow'})
2026-01-13 11:48:44,988 - temporalio.workflow - INFO - Generated client_id: 59cbb97d-f961-4523-b0f1-cabd45e13a68 ({'attempt': 1, 'namespace': 'default', 'run_id': '019bb601-b964-77ad-b30e-c49388af5ad6', 'task_queue': 'comfyui-gpu-farm', 'workflow_id': 'chain-image-edit-to-video-pipeline-bf107773-1a6a-482d-89ce-c2fd841b6d4a-extract_frame1', 'workflow_type': 'ComfyUIWorkflow'})
2026-01-13 11:48:44,988 - temporalio.workflow - INFO - Using pre-selected server: http://procure-x.testmcp.org ({'attempt': 1, 'namespace': 'default', 'run_id': '019bb601-b964-77ad-b30e-c49388af5ad6', 'task_queue': 'comfyui-gpu-farm', 'workflow_id': 'chain-image-edit-to-video-pipeline-bf107773-1a6a-482d-89ce-c2fd841b6d4a-extract_frame1', 'workflow_type': 'ComfyUIWorkflow'})
2026-01-13 11:48:44,996 - temporalio.activity - INFO - [V3] Executing workflow on http://procure-x.testmcp.org ({'activity_id': '1', 'activity_type': 'execute_and_track_workflow', 'attempt': 1, 'namespace': 'default', 'task_queue': 'comfyui-gpu-farm', 'workflow_id': 'chain-image-edit-to-video-pipeline-bf107773-1a6a-482d-89ce-c2fd841b6d4a-extract_frame1', 'workflow_run_id': '019bb601-b964-77ad-b30e-c49388af5ad6', 'workflow_type': 'ComfyUIWorkflow'})
2026-01-13 11:48:44,996 - temporalio.activity - INFO - [V3] Workflow name: imageSave ({'activity_id': '1', 'activity_type': 'execute_and_track_workflow', 'attempt': 1, 'namespace': 'default', 'task_queue': 'comfyui-gpu-farm', 'workflow_id': 'chain-image-edit-to-video-pipeline-bf107773-1a6a-482d-89ce-c2fd841b6d4a-extract_frame1', 'workflow_run_id': '019bb601-b964-77ad-b30e-c49388af5ad6', 'workflow_type': 'ComfyUIWorkflow'})
2026-01-13 11:48:45,038 - temporal_gateway.clients.comfy.client - INFO - ComfyUI client initialized for http://procure-x.testmcp.org
2026-01-13 11:48:45,038 - temporal_gateway.clients.comfy.client - INFO - Submitting workflow to ComfyUI
2026-01-13 11:48:45,494 - httpx - INFO - HTTP Request: POST http://procure-x.testmcp.org/prompt "HTTP/1.1 200 OK"
2026-01-13 11:48:45,497 - temporal_gateway.clients.comfy.client - INFO - Workflow queued with prompt_id: 01ec86e7-e049-4781-ba47-5fbe5bb5d4ad
2026-01-13 11:48:45,498 - temporal_gateway.clients.comfy.tracker - INFO - Starting execution tracking for prompt 01ec86e7-e049-4781-ba47-5fbe5bb5d4ad
2026-01-13 11:48:45,498 - temporal_gateway.clients.comfy.tracker - INFO - Starting history polling
2026-01-13 11:48:45,501 - temporal_gateway.clients.comfy.tracker - INFO - Starting WebSocket listener
2026-01-13 11:48:45,501 - temporal_gateway.clients.comfy.websocket - INFO - Connecting to WebSocket: ws://procure-x.testmcp.org/ws?clientId=79d5af95-f3b5-4d4d-881a-dd426798a891
2026-01-13 11:48:45,697 - httpx - INFO - HTTP Request: GET http://procure-x.testmcp.org/history/01ec86e7-e049-4781-ba47-5fbe5bb5d4ad "HTTP/1.1 200 OK"
2026-01-13 11:48:45,700 - temporal_gateway.clients.comfy.tracker - INFO - [POLL] Found in history: success
2026-01-13 11:48:45,701 - temporal_gateway.clients.comfy.tracker - INFO - Tracking completed: success (took 0.20s)
2026-01-13 11:48:45,701 - temporal_gateway.clients.comfy.websocket - INFO - WebSocket connected successfully
2026-01-13 11:48:45,702 - temporalio.activity - INFO - [V3] Workflow completed successfully ({'activity_id': '1', 'activity_type': 'execute_and_track_workflow', 'attempt': 1, 'namespace': 'default', 'task_queue': 'comfyui-gpu-farm', 'workflow_id': 'chain-image-edit-to-video-pipeline-bf107773-1a6a-482d-89ce-c2fd841b6d4a-extract_frame1', 'workflow_run_id': '019bb601-b964-77ad-b30e-c49388af5ad6', 'workflow_type': 'ComfyUIWorkflow'})
2026-01-13 11:48:45,723 - temporalio.workflow - INFO - Execution completed successfully ({'attempt': 1, 'namespace': 'default', 'run_id': '019bb601-b964-77ad-b30e-c49388af5ad6', 'task_queue': 'comfyui-gpu-farm', 'workflow_id': 'chain-image-edit-to-video-pipeline-bf107773-1a6a-482d-89ce-c2fd841b6d4a-extract_frame1', 'workflow_type': 'ComfyUIWorkflow'})
2026-01-13 11:48:45,732 - temporalio.activity - INFO - Extracting server output files ({'activity_id': '2', 'activity_type': 'get_server_output_files', 'attempt': 1, 'namespace': 'default', 'task_queue': 'comfyui-gpu-farm', 'workflow_id': 'chain-image-edit-to-video-pipeline-bf107773-1a6a-482d-89ce-c2fd841b6d4a-extract_frame1', 'workflow_run_id': '019bb601-b964-77ad-b30e-c49388af5ad6', 'workflow_type': 'ComfyUIWorkflow'})
2026-01-13 11:48:45,732 - temporalio.activity - INFO - Found 1 output file(s) ({'activity_id': '2', 'activity_type': 'get_server_output_files', 'attempt': 1, 'namespace': 'default', 'task_queue': 'comfyui-gpu-farm', 'workflow_id': 'chain-image-edit-to-video-pipeline-bf107773-1a6a-482d-89ce-c2fd841b6d4a-extract_frame1', 'workflow_run_id': '019bb601-b964-77ad-b30e-c49388af5ad6', 'workflow_type': 'ComfyUIWorkflow'})
2026-01-13 11:48:45,742 - temporalio.workflow - INFO - Found 1 server output file(s) ({'attempt': 1, 'namespace': 'default', 'run_id': '019bb601-b964-77ad-b30e-c49388af5ad6', 'task_queue': 'comfyui-gpu-farm', 'workflow_id': 'chain-image-edit-to-video-pipeline-bf107773-1a6a-482d-89ce-c2fd841b6d4a-extract_frame1', 'workflow_type': 'ComfyUIWorkflow'})
2026-01-13 11:48:45,751 - temporalio.activity - INFO - Downloading and persisting 1 artifact(s) for workflow 7e726c63-8dea-47d8-b6b0-e14d49be90f7 ({'activity_id': '3', 'activity_type': 'download_and_store_artifacts', 'attempt': 1, 'namespace': 'default', 'task_queue': 'comfyui-gpu-farm', 'workflow_id': 'chain-image-edit-to-video-pipeline-bf107773-1a6a-482d-89ce-c2fd841b6d4a-extract_frame1', 'workflow_run_id': '019bb601-b964-77ad-b30e-c49388af5ad6', 'workflow_type': 'ComfyUIWorkflow'})
2026-01-13 11:48:45,796 - temporal_gateway.clients.comfy.client - INFO - ComfyUI client initialized for http://procure-x.testmcp.org
2026-01-13 11:48:46,004 - httpx - INFO - HTTP Request: GET http://procure-x.testmcp.org/view?filename=ComfyUI_00261_.png&type=output "HTTP/1.1 200 OK"
2026-01-13 11:48:46,830 - temporalio.activity - INFO - ✓ Saved artifact to DB: bbabed17-d54f-4646-9f96-bfce5c1460c6 (ComfyUI_00261_.png) ({'activity_id': '3', 'activity_type': 'download_and_store_artifacts', 'attempt': 1, 'namespace': 'default', 'task_queue': 'comfyui-gpu-farm', 'workflow_id': 'chain-image-edit-to-video-pipeline-bf107773-1a6a-482d-89ce-c2fd841b6d4a-extract_frame1', 'workflow_run_id': '019bb601-b964-77ad-b30e-c49388af5ad6', 'workflow_type': 'ComfyUIWorkflow'})
2026-01-13 11:48:46,833 - temporalio.activity - INFO - Downloaded and persisted 1 artifact(s) ({'activity_id': '3', 'activity_type': 'download_and_store_artifacts', 'attempt': 1, 'namespace': 'default', 'task_queue': 'comfyui-gpu-farm', 'workflow_id': 'chain-image-edit-to-video-pipeline-bf107773-1a6a-482d-89ce-c2fd841b6d4a-extract_frame1', 'workflow_run_id': '019bb601-b964-77ad-b30e-c49388af5ad6', 'workflow_type': 'ComfyUIWorkflow'})
2026-01-13 11:48:46,851 - temporalio.workflow - INFO - Downloaded 1 file(s) locally ({'attempt': 1, 'namespace': 'default', 'run_id': '019bb601-b964-77ad-b30e-c49388af5ad6', 'task_queue': 'comfyui-gpu-farm', 'workflow_id': 'chain-image-edit-to-video-pipeline-bf107773-1a6a-482d-89ce-c2fd841b6d4a-extract_frame1', 'workflow_type': 'ComfyUIWorkflow'})
2026-01-13 11:48:46,871 - temporalio.activity - INFO - Updating workflow 7e726c63-8dea-47d8-b6b0-e14d49be90f7 status to: completed ({'activity_id': '20', 'activity_type': 'update_workflow_status_activity', 'attempt': 1, 'namespace': 'default', 'task_queue': 'comfyui-gpu-farm', 'workflow_id': 'chain-image-edit-to-video-pipeline-bf107773-1a6a-482d-89ce-c2fd841b6d4a', 'workflow_run_id': '019bb600-e472-7529-9d2c-872cc2561877', 'workflow_type': 'ChainExecutorWorkflow'})
2026-01-13 11:48:46,874 - temporalio.activity - INFO - ✓ Updated workflow status ({'activity_id': '20', 'activity_type': 'update_workflow_status_activity', 'attempt': 1, 'namespace': 'default', 'task_queue': 'comfyui-gpu-farm', 'workflow_id': 'chain-image-edit-to-video-pipeline-bf107773-1a6a-482d-89ce-c2fd841b6d4a', 'workflow_run_id': '019bb600-e472-7529-9d2c-872cc2561877', 'workflow_type': 'ChainExecutorWorkflow'})
2026-01-13 11:48:46,883 - temporalio.workflow - INFO - Step extract_frame1: Approval required, fetching artifacts... ({'attempt': 1, 'namespace': 'default', 'run_id': '019bb600-e472-7529-9d2c-872cc2561877', 'task_queue': 'comfyui-gpu-farm', 'workflow_id': 'chain-image-edit-to-video-pipeline-bf107773-1a6a-482d-89ce-c2fd841b6d4a', 'workflow_type': 'ChainExecutorWorkflow'})
2026-01-13 11:48:46,892 - temporalio.activity - INFO - Getting artifacts for workflow: 7e726c63-8dea-47d8-b6b0-e14d49be90f7 ({'activity_id': '21', 'activity_type': 'get_workflow_artifacts', 'attempt': 1, 'namespace': 'default', 'task_queue': 'comfyui-gpu-farm', 'workflow_id': 'chain-image-edit-to-video-pipeline-bf107773-1a6a-482d-89ce-c2fd841b6d4a', 'workflow_run_id': '019bb600-e472-7529-9d2c-872cc2561877', 'workflow_type': 'ChainExecutorWorkflow'})
2026-01-13 11:48:46,909 - temporalio.activity - INFO - Creating approval request for artifact: bbabed17-d54f-4646-9f96-bfce5c1460c6 ({'activity_id': '22', 'activity_type': 'create_approval_request_activity', 'attempt': 1, 'namespace': 'default', 'task_queue': 'comfyui-gpu-farm', 'workflow_id': 'chain-image-edit-to-video-pipeline-bf107773-1a6a-482d-89ce-c2fd841b6d4a', 'workflow_run_id': '019bb600-e472-7529-9d2c-872cc2561877', 'workflow_type': 'ChainExecutorWorkflow'})
2026-01-13 11:48:46,912 - temporalio.activity - INFO - ✓ Created approval request: afb7b7b0-d06e-4a05-bb7a-def915d24432, token: FdAcFeZBUpyqkBhz... ({'activity_id': '22', 'activity_type': 'create_approval_request_activity', 'attempt': 1, 'namespace': 'default', 'task_queue': 'comfyui-gpu-farm', 'workflow_id': 'chain-image-edit-to-video-pipeline-bf107773-1a6a-482d-89ce-c2fd841b6d4a', 'workflow_run_id': '019bb600-e472-7529-9d2c-872cc2561877', 'workflow_type': 'ChainExecutorWorkflow'})
2026-01-13 11:48:46,913 - temporal_gateway.services.broadcast - INFO - Published approval_requested to chain:64fe6d7c-29e9-40af-b076-dddd46317b8d
2026-01-13 11:48:46,913 - temporalio.activity - INFO - Published approval_requested event for chain 64fe6d7c-29e9-40af-b076-dddd46317b8d ({'activity_id': '22', 'activity_type': 'create_approval_request_activity', 'attempt': 1, 'namespace': 'default', 'task_queue': 'comfyui-gpu-farm', 'workflow_id': 'chain-image-edit-to-video-pipeline-bf107773-1a6a-482d-89ce-c2fd841b6d4a', 'workflow_run_id': '019bb600-e472-7529-9d2c-872cc2561877', 'workflow_type': 'ChainExecutorWorkflow'})
2026-01-13 11:48:46,922 - temporalio.workflow - INFO - Step extract_frame1: Approval request created, token: FdAcFeZBUpyqkBhz... ({'attempt': 1, 'namespace': 'default', 'run_id': '019bb600-e472-7529-9d2c-872cc2561877', 'task_queue': 'comfyui-gpu-farm', 'workflow_id': 'chain-image-edit-to-video-pipeline-bf107773-1a6a-482d-89ce-c2fd841b6d4a', 'workflow_type': 'ChainExecutorWorkflow'})
2026-01-13 11:48:48,240 - temporalio.workflow - INFO - Received approval decision for step extract_frame2: approved by cli-user ({'attempt': 1, 'namespace': 'default', 'run_id': '019bb600-e472-7529-9d2c-872cc2561877', 'task_queue': 'comfyui-gpu-farm', 'workflow_id': 'chain-image-edit-to-video-pipeline-bf107773-1a6a-482d-89ce-c2fd841b6d4a', 'workflow_type': 'ChainExecutorWorkflow'})
2026-01-13 11:48:48,240 - temporalio.workflow - INFO - Step extract_frame2: Approved by cli-user ({'attempt': 1, 'namespace': 'default', 'run_id': '019bb600-e472-7529-9d2c-872cc2561877', 'task_queue': 'comfyui-gpu-farm', 'workflow_id': 'chain-image-edit-to-video-pipeline-bf107773-1a6a-482d-89ce-c2fd841b6d4a', 'workflow_type': 'ChainExecutorWorkflow'})
2026-01-13 11:48:48,241 - temporalio.workflow - INFO - Step extract_frame2: Approved, continuing... ({'attempt': 1, 'namespace': 'default', 'run_id': '019bb600-e472-7529-9d2c-872cc2561877', 'task_queue': 'comfyui-gpu-farm', 'workflow_id': 'chain-image-edit-to-video-pipeline-bf107773-1a6a-482d-89ce-c2fd841b6d4a', 'workflow_type': 'ChainExecutorWorkflow'})
2026-01-13 11:48:48,252 - temporalio.activity - INFO - Getting artifacts for workflow: 3f213def-3c05-4f83-b4d9-27e3bc04e3db ({'activity_id': '23', 'activity_type': 'get_workflow_artifacts', 'attempt': 1, 'namespace': 'default', 'task_queue': 'comfyui-gpu-farm', 'workflow_id': 'chain-image-edit-to-video-pipeline-bf107773-1a6a-482d-89ce-c2fd841b6d4a', 'workflow_run_id': '019bb600-e472-7529-9d2c-872cc2561877', 'workflow_type': 'ChainExecutorWorkflow'})
2026-01-13 11:48:48,272 - temporal_gateway.services.broadcast - INFO - Published step_completed to chain:64fe6d7c-29e9-40af-b076-dddd46317b8d
2026-01-13 11:48:48,273 - temporalio.activity - INFO - Published step_completed event for extract_frame2 in chain 64fe6d7c-29e9-40af-b076-dddd46317b8d ({'activity_id': '24', 'activity_type': 'publish_step_completed_activity', 'attempt': 1, 'namespace': 'default', 'task_queue': 'comfyui-gpu-farm', 'workflow_id': 'chain-image-edit-to-video-pipeline-bf107773-1a6a-482d-89ce-c2fd841b6d4a', 'workflow_run_id': '019bb600-e472-7529-9d2c-872cc2561877', 'workflow_type': 'ChainExecutorWorkflow'})
2026-01-13 11:48:59,162 - temporalio.workflow - INFO - Received approval decision for step extract_frame1: approved by cli-user ({'attempt': 1, 'namespace': 'default', 'run_id': '019bb600-e472-7529-9d2c-872cc2561877', 'task_queue': 'comfyui-gpu-farm', 'workflow_id': 'chain-image-edit-to-video-pipeline-bf107773-1a6a-482d-89ce-c2fd841b6d4a', 'workflow_type': 'ChainExecutorWorkflow'})
2026-01-13 11:48:59,163 - temporalio.workflow - INFO - Step extract_frame1: Approved by cli-user ({'attempt': 1, 'namespace': 'default', 'run_id': '019bb600-e472-7529-9d2c-872cc2561877', 'task_queue': 'comfyui-gpu-farm', 'workflow_id': 'chain-image-edit-to-video-pipeline-bf107773-1a6a-482d-89ce-c2fd841b6d4a', 'workflow_type': 'ChainExecutorWorkflow'})
2026-01-13 11:48:59,163 - temporalio.workflow - INFO - Step extract_frame1: Approved, continuing... ({'attempt': 1, 'namespace': 'default', 'run_id': '019bb600-e472-7529-9d2c-872cc2561877', 'task_queue': 'comfyui-gpu-farm', 'workflow_id': 'chain-image-edit-to-video-pipeline-bf107773-1a6a-482d-89ce-c2fd841b6d4a', 'workflow_type': 'ChainExecutorWorkflow'})
2026-01-13 11:48:59,172 - temporalio.activity - INFO - Getting artifacts for workflow: 7e726c63-8dea-47d8-b6b0-e14d49be90f7 ({'activity_id': '25', 'activity_type': 'get_workflow_artifacts', 'attempt': 1, 'namespace': 'default', 'task_queue': 'comfyui-gpu-farm', 'workflow_id': 'chain-image-edit-to-video-pipeline-bf107773-1a6a-482d-89ce-c2fd841b6d4a', 'workflow_run_id': '019bb600-e472-7529-9d2c-872cc2561877', 'workflow_type': 'ChainExecutorWorkflow'})
2026-01-13 11:48:59,191 - temporal_gateway.services.broadcast - INFO - Published step_completed to chain:64fe6d7c-29e9-40af-b076-dddd46317b8d
2026-01-13 11:48:59,192 - temporalio.activity - INFO - Published step_completed event for extract_frame1 in chain 64fe6d7c-29e9-40af-b076-dddd46317b8d ({'activity_id': '26', 'activity_type': 'publish_step_completed_activity', 'attempt': 1, 'namespace': 'default', 'task_queue': 'comfyui-gpu-farm', 'workflow_id': 'chain-image-edit-to-video-pipeline-bf107773-1a6a-482d-89ce-c2fd841b6d4a', 'workflow_run_id': '019bb600-e472-7529-9d2c-872cc2561877', 'workflow_type': 'ChainExecutorWorkflow'})
2026-01-13 11:48:59,201 - temporalio.workflow - INFO - Step extract_frame1: completed ({'attempt': 1, 'namespace': 'default', 'run_id': '019bb600-e472-7529-9d2c-872cc2561877', 'task_queue': 'comfyui-gpu-farm', 'workflow_id': 'chain-image-edit-to-video-pipeline-bf107773-1a6a-482d-89ce-c2fd841b6d4a', 'workflow_type': 'ChainExecutorWorkflow'})
2026-01-13 11:48:59,201 - temporalio.workflow - INFO - Step extract_frame2: completed ({'attempt': 1, 'namespace': 'default', 'run_id': '019bb600-e472-7529-9d2c-872cc2561877', 'task_queue': 'comfyui-gpu-farm', 'workflow_id': 'chain-image-edit-to-video-pipeline-bf107773-1a6a-482d-89ce-c2fd841b6d4a', 'workflow_type': 'ChainExecutorWorkflow'})
2026-01-13 11:48:59,212 - temporalio.activity - INFO - Updating chain 64fe6d7c-29e9-40af-b076-dddd46317b8d status to: executing_level_1 ({'activity_id': '27', 'activity_type': 'update_chain_status_activity', 'attempt': 1, 'namespace': 'default', 'task_queue': 'comfyui-gpu-farm', 'workflow_id': 'chain-image-edit-to-video-pipeline-bf107773-1a6a-482d-89ce-c2fd841b6d4a', 'workflow_run_id': '019bb600-e472-7529-9d2c-872cc2561877', 'workflow_type': 'ChainExecutorWorkflow'})
2026-01-13 11:48:59,215 - temporalio.activity - INFO - ✓ Updated chain status ({'activity_id': '27', 'activity_type': 'update_chain_status_activity', 'attempt': 1, 'namespace': 'default', 'task_queue': 'comfyui-gpu-farm', 'workflow_id': 'chain-image-edit-to-video-pipeline-bf107773-1a6a-482d-89ce-c2fd841b6d4a', 'workflow_run_id': '019bb600-e472-7529-9d2c-872cc2561877', 'workflow_type': 'ChainExecutorWorkflow'})
2026-01-13 11:48:59,224 - temporalio.workflow - INFO - Level 1: Executing 2 step(s) ({'attempt': 1, 'namespace': 'default', 'run_id': '019bb600-e472-7529-9d2c-872cc2561877', 'task_queue': 'comfyui-gpu-farm', 'workflow_id': 'chain-image-edit-to-video-pipeline-bf107773-1a6a-482d-89ce-c2fd841b6d4a', 'workflow_type': 'ChainExecutorWorkflow'})
2026-01-13 11:48:59,225 - temporalio.workflow - INFO - Executing step: edit_frame1 ({'attempt': 1, 'namespace': 'default', 'run_id': '019bb600-e472-7529-9d2c-872cc2561877', 'task_queue': 'comfyui-gpu-farm', 'workflow_id': 'chain-image-edit-to-video-pipeline-bf107773-1a6a-482d-89ce-c2fd841b6d4a', 'workflow_type': 'ChainExecutorWorkflow'})
2026-01-13 11:48:59,225 - temporalio.workflow - INFO - Executing step: edit_frame2 ({'attempt': 1, 'namespace': 'default', 'run_id': '019bb600-e472-7529-9d2c-872cc2561877', 'task_queue': 'comfyui-gpu-farm', 'workflow_id': 'chain-image-edit-to-video-pipeline-bf107773-1a6a-482d-89ce-c2fd841b6d4a', 'workflow_type': 'ChainExecutorWorkflow'})
2026-01-13 11:48:59,234 - temporalio.activity - INFO - Resolving templates in parameters ({'activity_id': '29', 'activity_type': 'resolve_chain_templates', 'attempt': 1, 'namespace': 'default', 'task_queue': 'comfyui-gpu-farm', 'workflow_id': 'chain-image-edit-to-video-pipeline-bf107773-1a6a-482d-89ce-c2fd841b6d4a', 'workflow_run_id': '019bb600-e472-7529-9d2c-872cc2561877', 'workflow_type': 'ChainExecutorWorkflow'})
2026-01-13 11:48:59,235 - temporalio.activity - INFO - Templates resolved successfully ({'activity_id': '29', 'activity_type': 'resolve_chain_templates', 'attempt': 1, 'namespace': 'default', 'task_queue': 'comfyui-gpu-farm', 'workflow_id': 'chain-image-edit-to-video-pipeline-bf107773-1a6a-482d-89ce-c2fd841b6d4a', 'workflow_run_id': '019bb600-e472-7529-9d2c-872cc2561877', 'workflow_type': 'ChainExecutorWorkflow'})
2026-01-13 11:48:59,236 - temporalio.activity - INFO - Resolving templates in parameters ({'activity_id': '28', 'activity_type': 'resolve_chain_templates', 'attempt': 1, 'namespace': 'default', 'task_queue': 'comfyui-gpu-farm', 'workflow_id': 'chain-image-edit-to-video-pipeline-bf107773-1a6a-482d-89ce-c2fd841b6d4a', 'workflow_run_id': '019bb600-e472-7529-9d2c-872cc2561877', 'workflow_type': 'ChainExecutorWorkflow'})
2026-01-13 11:48:59,236 - temporalio.activity - INFO - Templates resolved successfully ({'activity_id': '28', 'activity_type': 'resolve_chain_templates', 'attempt': 1, 'namespace': 'default', 'task_queue': 'comfyui-gpu-farm', 'workflow_id': 'chain-image-edit-to-video-pipeline-bf107773-1a6a-482d-89ce-c2fd841b6d4a', 'workflow_run_id': '019bb600-e472-7529-9d2c-872cc2561877', 'workflow_type': 'ChainExecutorWorkflow'})
2026-01-13 11:48:59,246 - temporalio.workflow - INFO - Step edit_frame2: Resolved parameters ({'attempt': 1, 'namespace': 'default', 'run_id': '019bb600-e472-7529-9d2c-872cc2561877', 'task_queue': 'comfyui-gpu-farm', 'workflow_id': 'chain-image-edit-to-video-pipeline-bf107773-1a6a-482d-89ce-c2fd841b6d4a', 'workflow_type': 'ChainExecutorWorkflow'})
2026-01-13 11:48:59,246 - temporalio.workflow - INFO - Step edit_frame1: Resolved parameters ({'attempt': 1, 'namespace': 'default', 'run_id': '019bb600-e472-7529-9d2c-872cc2561877', 'task_queue': 'comfyui-gpu-farm', 'workflow_id': 'chain-image-edit-to-video-pipeline-bf107773-1a6a-482d-89ce-c2fd841b6d4a', 'workflow_type': 'ChainExecutorWorkflow'})
2026-01-13 11:48:59,256 - temporalio.activity - INFO - Applying parameters to workflow: qwen_image_edit ({'activity_id': '30', 'activity_type': 'apply_workflow_parameters', 'attempt': 1, 'namespace': 'default', 'task_queue': 'comfyui-gpu-farm', 'workflow_id': 'chain-image-edit-to-video-pipeline-bf107773-1a6a-482d-89ce-c2fd841b6d4a', 'workflow_run_id': '019bb600-e472-7529-9d2c-872cc2561877', 'workflow_type': 'ChainExecutorWorkflow'})
2026-01-13 11:48:59,256 - temporal_gateway.registry - INFO - Applied override: 111.prompt = Make the scene more vibrant and colorful with enhanced details
2026-01-13 11:48:59,256 - temporal_gateway.registry - INFO - Applied override: 78.image = ComfyUI_00259_.png
2026-01-13 11:48:59,256 - temporalio.activity - INFO - Parameters applied successfully ({'activity_id': '30', 'activity_type': 'apply_workflow_parameters', 'attempt': 1, 'namespace': 'default', 'task_queue': 'comfyui-gpu-farm', 'workflow_id': 'chain-image-edit-to-video-pipeline-bf107773-1a6a-482d-89ce-c2fd841b6d4a', 'workflow_run_id': '019bb600-e472-7529-9d2c-872cc2561877', 'workflow_type': 'ChainExecutorWorkflow'})
2026-01-13 11:48:59,257 - temporalio.activity - INFO - Applying parameters to workflow: qwen_image_edit ({'activity_id': '31', 'activity_type': 'apply_workflow_parameters', 'attempt': 1, 'namespace': 'default', 'task_queue': 'comfyui-gpu-farm', 'workflow_id': 'chain-image-edit-to-video-pipeline-bf107773-1a6a-482d-89ce-c2fd841b6d4a', 'workflow_run_id': '019bb600-e472-7529-9d2c-872cc2561877', 'workflow_type': 'ChainExecutorWorkflow'})
2026-01-13 11:48:59,258 - temporal_gateway.registry - INFO - Applied override: 111.prompt = Make the scene more vibrant and colorful with enhanced details
2026-01-13 11:48:59,258 - temporal_gateway.registry - INFO - Applied override: 78.image = ComfyUI_00261_.png
2026-01-13 11:48:59,258 - temporalio.activity - INFO - Parameters applied successfully ({'activity_id': '31', 'activity_type': 'apply_workflow_parameters', 'attempt': 1, 'namespace': 'default', 'task_queue': 'comfyui-gpu-farm', 'workflow_id': 'chain-image-edit-to-video-pipeline-bf107773-1a6a-482d-89ce-c2fd841b6d4a', 'workflow_run_id': '019bb600-e472-7529-9d2c-872cc2561877', 'workflow_type': 'ChainExecutorWorkflow'})
2026-01-13 11:48:59,275 - temporalio.activity - INFO - Selecting server with strategy: least_loaded ({'activity_id': '33', 'activity_type': 'select_best_server', 'attempt': 1, 'namespace': 'default', 'task_queue': 'comfyui-gpu-farm', 'workflow_id': 'chain-image-edit-to-video-pipeline-bf107773-1a6a-482d-89ce-c2fd841b6d4a', 'workflow_run_id': '019bb600-e472-7529-9d2c-872cc2561877', 'workflow_type': 'ChainExecutorWorkflow'})
2026-01-13 11:48:59,318 - temporalio.activity - INFO - Selecting server with strategy: least_loaded ({'activity_id': '32', 'activity_type': 'select_best_server', 'attempt': 1, 'namespace': 'default', 'task_queue': 'comfyui-gpu-farm', 'workflow_id': 'chain-image-edit-to-video-pipeline-bf107773-1a6a-482d-89ce-c2fd841b6d4a', 'workflow_run_id': '019bb600-e472-7529-9d2c-872cc2561877', 'workflow_type': 'ChainExecutorWorkflow'})
2026-01-13 11:48:59,419 - httpx - INFO - HTTP Request: GET http://procure-x.testmcp.org/system_stats "HTTP/1.1 200 OK"
2026-01-13 11:48:59,432 - httpx - INFO - HTTP Request: GET http://procure-x.testmcp.org/system_stats "HTTP/1.1 200 OK"
2026-01-13 11:48:59,448 - httpx - INFO - HTTP Request: GET http://procure-x.testmcp.org/queue "HTTP/1.1 200 OK"
2026-01-13 11:48:59,451 - temporal_gateway.servers.load_balancer - INFO - Selected server procure-x (queue_depth=0, gpu_mem=0.0%)
2026-01-13 11:48:59,451 - temporalio.activity - INFO - Selected server: procure-x (http://procure-x.testmcp.org) ({'activity_id': '33', 'activity_type': 'select_best_server', 'attempt': 1, 'namespace': 'default', 'task_queue': 'comfyui-gpu-farm', 'workflow_id': 'chain-image-edit-to-video-pipeline-bf107773-1a6a-482d-89ce-c2fd841b6d4a', 'workflow_run_id': '019bb600-e472-7529-9d2c-872cc2561877', 'workflow_type': 'ChainExecutorWorkflow'})
2026-01-13 11:48:59,459 - httpx - INFO - HTTP Request: GET http://procure-x.testmcp.org/queue "HTTP/1.1 200 OK"
2026-01-13 11:48:59,460 - temporal_gateway.servers.load_balancer - INFO - Selected server procure-x (queue_depth=0, gpu_mem=0.0%)
2026-01-13 11:48:59,460 - temporalio.activity - INFO - Selected server: procure-x (http://procure-x.testmcp.org) ({'activity_id': '32', 'activity_type': 'select_best_server', 'attempt': 1, 'namespace': 'default', 'task_queue': 'comfyui-gpu-farm', 'workflow_id': 'chain-image-edit-to-video-pipeline-bf107773-1a6a-482d-89ce-c2fd841b6d4a', 'workflow_run_id': '019bb600-e472-7529-9d2c-872cc2561877', 'workflow_type': 'ChainExecutorWorkflow'})
2026-01-13 11:48:59,463 - temporalio.workflow - INFO - Step edit_frame1: Selected target server: http://procure-x.testmcp.org ({'attempt': 1, 'namespace': 'default', 'run_id': '019bb600-e472-7529-9d2c-872cc2561877', 'task_queue': 'comfyui-gpu-farm', 'workflow_id': 'chain-image-edit-to-video-pipeline-bf107773-1a6a-482d-89ce-c2fd841b6d4a', 'workflow_type': 'ChainExecutorWorkflow'})
2026-01-13 11:48:59,463 - temporalio.workflow - INFO - Step edit_frame1: Processing 1 dependency step(s) ({'attempt': 1, 'namespace': 'default', 'run_id': '019bb600-e472-7529-9d2c-872cc2561877', 'task_queue': 'comfyui-gpu-farm', 'workflow_id': 'chain-image-edit-to-video-pipeline-bf107773-1a6a-482d-89ce-c2fd841b6d4a', 'workflow_type': 'ChainExecutorWorkflow'})
2026-01-13 11:48:59,469 - temporalio.workflow - INFO - Step edit_frame2: Selected target server: http://procure-x.testmcp.org ({'attempt': 1, 'namespace': 'default', 'run_id': '019bb600-e472-7529-9d2c-872cc2561877', 'task_queue': 'comfyui-gpu-farm', 'workflow_id': 'chain-image-edit-to-video-pipeline-bf107773-1a6a-482d-89ce-c2fd841b6d4a', 'workflow_type': 'ChainExecutorWorkflow'})
2026-01-13 11:48:59,469 - temporalio.workflow - INFO - Step edit_frame2: Processing 1 dependency step(s) ({'attempt': 1, 'namespace': 'default', 'run_id': '019bb600-e472-7529-9d2c-872cc2561877', 'task_queue': 'comfyui-gpu-farm', 'workflow_id': 'chain-image-edit-to-video-pipeline-bf107773-1a6a-482d-89ce-c2fd841b6d4a', 'workflow_type': 'ChainExecutorWorkflow'})
2026-01-13 11:48:59,472 - temporalio.activity - INFO - Getting artifacts for workflow: 7e726c63-8dea-47d8-b6b0-e14d49be90f7 ({'activity_id': '34', 'activity_type': 'get_workflow_artifacts', 'attempt': 1, 'namespace': 'default', 'task_queue': 'comfyui-gpu-farm', 'workflow_id': 'chain-image-edit-to-video-pipeline-bf107773-1a6a-482d-89ce-c2fd841b6d4a', 'workflow_run_id': '019bb600-e472-7529-9d2c-872cc2561877', 'workflow_type': 'ChainExecutorWorkflow'})
2026-01-13 11:48:59,480 - temporalio.activity - INFO - Getting artifacts for workflow: 3f213def-3c05-4f83-b4d9-27e3bc04e3db ({'activity_id': '35', 'activity_type': 'get_workflow_artifacts', 'attempt': 1, 'namespace': 'default', 'task_queue': 'comfyui-gpu-farm', 'workflow_id': 'chain-image-edit-to-video-pipeline-bf107773-1a6a-482d-89ce-c2fd841b6d4a', 'workflow_run_id': '019bb600-e472-7529-9d2c-872cc2561877', 'workflow_type': 'ChainExecutorWorkflow'})
2026-01-13 11:48:59,483 - temporalio.workflow - INFO - Transferring 1 artifact(s) from extract_frame1 to http://procure-x.testmcp.org ({'attempt': 1, 'namespace': 'default', 'run_id': '019bb600-e472-7529-9d2c-872cc2561877', 'task_queue': 'comfyui-gpu-farm', 'workflow_id': 'chain-image-edit-to-video-pipeline-bf107773-1a6a-482d-89ce-c2fd841b6d4a', 'workflow_type': 'ChainExecutorWorkflow'})
2026-01-13 11:48:59,489 - temporalio.workflow - INFO - Transferring 1 artifact(s) from extract_frame2 to http://procure-x.testmcp.org ({'attempt': 1, 'namespace': 'default', 'run_id': '019bb600-e472-7529-9d2c-872cc2561877', 'task_queue': 'comfyui-gpu-farm', 'workflow_id': 'chain-image-edit-to-video-pipeline-bf107773-1a6a-482d-89ce-c2fd841b6d4a', 'workflow_type': 'ChainExecutorWorkflow'})
2026-01-13 11:48:59,492 - temporalio.activity - INFO - Transferring 1 artifact(s) from workflow 7e726c63-8dea-47d8-b6b0-e14d49be90f7 to http://procure-x.testmcp.org ({'activity_id': '36', 'activity_type': 'transfer_artifacts_from_storage', 'attempt': 1, 'namespace': 'default', 'task_queue': 'comfyui-gpu-farm', 'workflow_id': 'chain-image-edit-to-video-pipeline-bf107773-1a6a-482d-89ce-c2fd841b6d4a', 'workflow_run_id': '019bb600-e472-7529-9d2c-872cc2561877', 'workflow_type': 'ChainExecutorWorkflow'})
2026-01-13 11:48:59,536 - temporal_gateway.clients.comfy.client - INFO - ComfyUI client initialized for http://procure-x.testmcp.org
2026-01-13 11:48:59,540 - temporalio.activity - INFO - Uploading: ComfyUI_00261_.png from local storage to http://procure-x.testmcp.org/input/ ({'activity_id': '36', 'activity_type': 'transfer_artifacts_from_storage', 'attempt': 1, 'namespace': 'default', 'task_queue': 'comfyui-gpu-farm', 'workflow_id': 'chain-image-edit-to-video-pipeline-bf107773-1a6a-482d-89ce-c2fd841b6d4a', 'workflow_run_id': '019bb600-e472-7529-9d2c-872cc2561877', 'workflow_type': 'ChainExecutorWorkflow'})
2026-01-13 11:48:59,542 - temporalio.activity - INFO - Transferring 1 artifact(s) from workflow 3f213def-3c05-4f83-b4d9-27e3bc04e3db to http://procure-x.testmcp.org ({'activity_id': '37', 'activity_type': 'transfer_artifacts_from_storage', 'attempt': 1, 'namespace': 'default', 'task_queue': 'comfyui-gpu-farm', 'workflow_id': 'chain-image-edit-to-video-pipeline-bf107773-1a6a-482d-89ce-c2fd841b6d4a', 'workflow_run_id': '019bb600-e472-7529-9d2c-872cc2561877', 'workflow_type': 'ChainExecutorWorkflow'})
2026-01-13 11:48:59,589 - temporal_gateway.clients.comfy.client - INFO - ComfyUI client initialized for http://procure-x.testmcp.org
2026-01-13 11:48:59,593 - temporalio.activity - INFO - Uploading: ComfyUI_00259_.png from local storage to http://procure-x.testmcp.org/input/ ({'activity_id': '37', 'activity_type': 'transfer_artifacts_from_storage', 'attempt': 1, 'namespace': 'default', 'task_queue': 'comfyui-gpu-farm', 'workflow_id': 'chain-image-edit-to-video-pipeline-bf107773-1a6a-482d-89ce-c2fd841b6d4a', 'workflow_run_id': '019bb600-e472-7529-9d2c-872cc2561877', 'workflow_type': 'ChainExecutorWorkflow'})
2026-01-13 11:48:59,676 - httpx - INFO - HTTP Request: POST http://procure-x.testmcp.org/upload/image "HTTP/1.1 200 OK"
2026-01-13 11:48:59,677 - temporalio.activity - INFO - ✓ Uploaded: ComfyUI_00259_.png (119859 bytes) ({'activity_id': '37', 'activity_type': 'transfer_artifacts_from_storage', 'attempt': 1, 'namespace': 'default', 'task_queue': 'comfyui-gpu-farm', 'workflow_id': 'chain-image-edit-to-video-pipeline-bf107773-1a6a-482d-89ce-c2fd841b6d4a', 'workflow_run_id': '019bb600-e472-7529-9d2c-872cc2561877', 'workflow_type': 'ChainExecutorWorkflow'})
2026-01-13 11:48:59,680 - temporalio.activity - INFO - Successfully transferred 1 file(s) ({'activity_id': '37', 'activity_type': 'transfer_artifacts_from_storage', 'attempt': 1, 'namespace': 'default', 'task_queue': 'comfyui-gpu-farm', 'workflow_id': 'chain-image-edit-to-video-pipeline-bf107773-1a6a-482d-89ce-c2fd841b6d4a', 'workflow_run_id': '019bb600-e472-7529-9d2c-872cc2561877', 'workflow_type': 'ChainExecutorWorkflow'})
2026-01-13 11:48:59,697 - temporalio.activity - INFO - Creating workflow record: qwen_image_edit (prompt: pending) ({'activity_id': '38', 'activity_type': 'create_workflow_record', 'attempt': 1, 'namespace': 'default', 'task_queue': 'comfyui-gpu-farm', 'workflow_id': 'chain-image-edit-to-video-pipeline-bf107773-1a6a-482d-89ce-c2fd841b6d4a', 'workflow_run_id': '019bb600-e472-7529-9d2c-872cc2561877', 'workflow_type': 'ChainExecutorWorkflow'})
2026-01-13 11:48:59,700 - temporalio.activity - INFO - ✓ Created workflow record: 912616c2-b0e0-4607-8ff3-597059e1e6bb ({'activity_id': '38', 'activity_type': 'create_workflow_record', 'attempt': 1, 'namespace': 'default', 'task_queue': 'comfyui-gpu-farm', 'workflow_id': 'chain-image-edit-to-video-pipeline-bf107773-1a6a-482d-89ce-c2fd841b6d4a', 'workflow_run_id': '019bb600-e472-7529-9d2c-872cc2561877', 'workflow_type': 'ChainExecutorWorkflow'})
2026-01-13 11:48:59,701 - httpx - INFO - HTTP Request: POST http://procure-x.testmcp.org/upload/image "HTTP/1.1 200 OK"
2026-01-13 11:48:59,702 - temporalio.activity - INFO - ✓ Uploaded: ComfyUI_00261_.png (201233 bytes) ({'activity_id': '36', 'activity_type': 'transfer_artifacts_from_storage', 'attempt': 1, 'namespace': 'default', 'task_queue': 'comfyui-gpu-farm', 'workflow_id': 'chain-image-edit-to-video-pipeline-bf107773-1a6a-482d-89ce-c2fd841b6d4a', 'workflow_run_id': '019bb600-e472-7529-9d2c-872cc2561877', 'workflow_type': 'ChainExecutorWorkflow'})
2026-01-13 11:48:59,707 - temporalio.activity - INFO - Successfully transferred 1 file(s) ({'activity_id': '36', 'activity_type': 'transfer_artifacts_from_storage', 'attempt': 1, 'namespace': 'default', 'task_queue': 'comfyui-gpu-farm', 'workflow_id': 'chain-image-edit-to-video-pipeline-bf107773-1a6a-482d-89ce-c2fd841b6d4a', 'workflow_run_id': '019bb600-e472-7529-9d2c-872cc2561877', 'workflow_type': 'ChainExecutorWorkflow'})
2026-01-13 11:48:59,710 - temporalio.workflow - INFO - Step edit_frame2: Created workflow record 912616c2-b0e0-4607-8ff3-597059e1e6bb ({'attempt': 1, 'namespace': 'default', 'run_id': '019bb600-e472-7529-9d2c-872cc2561877', 'task_queue': 'comfyui-gpu-farm', 'workflow_id': 'chain-image-edit-to-video-pipeline-bf107773-1a6a-482d-89ce-c2fd841b6d4a', 'workflow_type': 'ChainExecutorWorkflow'})
2026-01-13 11:48:59,730 - temporalio.activity - INFO - Creating workflow record: qwen_image_edit (prompt: pending) ({'activity_id': '39', 'activity_type': 'create_workflow_record', 'attempt': 1, 'namespace': 'default', 'task_queue': 'comfyui-gpu-farm', 'workflow_id': 'chain-image-edit-to-video-pipeline-bf107773-1a6a-482d-89ce-c2fd841b6d4a', 'workflow_run_id': '019bb600-e472-7529-9d2c-872cc2561877', 'workflow_type': 'ChainExecutorWorkflow'})
2026-01-13 11:48:59,734 - temporalio.activity - INFO - ✓ Created workflow record: 63ff2261-13b5-4bbf-9f60-ad2d1b290a26 ({'activity_id': '39', 'activity_type': 'create_workflow_record', 'attempt': 1, 'namespace': 'default', 'task_queue': 'comfyui-gpu-farm', 'workflow_id': 'chain-image-edit-to-video-pipeline-bf107773-1a6a-482d-89ce-c2fd841b6d4a', 'workflow_run_id': '019bb600-e472-7529-9d2c-872cc2561877', 'workflow_type': 'ChainExecutorWorkflow'})
2026-01-13 11:48:59,745 - temporalio.workflow - INFO - Starting ComfyUI workflow execution ({'attempt': 1, 'namespace': 'default', 'run_id': '019bb601-f305-72a1-a93d-c5b0d5d08831', 'task_queue': 'comfyui-gpu-farm', 'workflow_id': 'chain-image-edit-to-video-pipeline-bf107773-1a6a-482d-89ce-c2fd841b6d4a-edit_frame2', 'workflow_type': 'ComfyUIWorkflow'})
2026-01-13 11:48:59,745 - temporalio.workflow - INFO - Generated client_id: ca11b034-f446-40d5-9368-a6096384df7d ({'attempt': 1, 'namespace': 'default', 'run_id': '019bb601-f305-72a1-a93d-c5b0d5d08831', 'task_queue': 'comfyui-gpu-farm', 'workflow_id': 'chain-image-edit-to-video-pipeline-bf107773-1a6a-482d-89ce-c2fd841b6d4a-edit_frame2', 'workflow_type': 'ComfyUIWorkflow'})
2026-01-13 11:48:59,745 - temporalio.workflow - INFO - Using pre-selected server: http://procure-x.testmcp.org ({'attempt': 1, 'namespace': 'default', 'run_id': '019bb601-f305-72a1-a93d-c5b0d5d08831', 'task_queue': 'comfyui-gpu-farm', 'workflow_id': 'chain-image-edit-to-video-pipeline-bf107773-1a6a-482d-89ce-c2fd841b6d4a-edit_frame2', 'workflow_type': 'ComfyUIWorkflow'})
2026-01-13 11:48:59,746 - temporalio.workflow - INFO - Step edit_frame1: Created workflow record 63ff2261-13b5-4bbf-9f60-ad2d1b290a26 ({'attempt': 1, 'namespace': 'default', 'run_id': '019bb600-e472-7529-9d2c-872cc2561877', 'task_queue': 'comfyui-gpu-farm', 'workflow_id': 'chain-image-edit-to-video-pipeline-bf107773-1a6a-482d-89ce-c2fd841b6d4a', 'workflow_type': 'ChainExecutorWorkflow'})
2026-01-13 11:48:59,757 - temporalio.activity - INFO - [V3] Executing workflow on http://procure-x.testmcp.org ({'activity_id': '1', 'activity_type': 'execute_and_track_workflow', 'attempt': 1, 'namespace': 'default', 'task_queue': 'comfyui-gpu-farm', 'workflow_id': 'chain-image-edit-to-video-pipeline-bf107773-1a6a-482d-89ce-c2fd841b6d4a-edit_frame2', 'workflow_run_id': '019bb601-f305-72a1-a93d-c5b0d5d08831', 'workflow_type': 'ComfyUIWorkflow'})
2026-01-13 11:48:59,757 - temporalio.activity - INFO - [V3] Workflow name: qwen_image_edit ({'activity_id': '1', 'activity_type': 'execute_and_track_workflow', 'attempt': 1, 'namespace': 'default', 'task_queue': 'comfyui-gpu-farm', 'workflow_id': 'chain-image-edit-to-video-pipeline-bf107773-1a6a-482d-89ce-c2fd841b6d4a-edit_frame2', 'workflow_run_id': '019bb601-f305-72a1-a93d-c5b0d5d08831', 'workflow_type': 'ComfyUIWorkflow'})
2026-01-13 11:48:59,801 - temporal_gateway.clients.comfy.client - INFO - ComfyUI client initialized for http://procure-x.testmcp.org
2026-01-13 11:48:59,801 - temporal_gateway.clients.comfy.client - INFO - Submitting workflow to ComfyUI
2026-01-13 11:48:59,810 - temporalio.workflow - INFO - Starting ComfyUI workflow execution ({'attempt': 1, 'namespace': 'default', 'run_id': '019bb601-f329-788b-b6fe-f6098e6b96d2', 'task_queue': 'comfyui-gpu-farm', 'workflow_id': 'chain-image-edit-to-video-pipeline-bf107773-1a6a-482d-89ce-c2fd841b6d4a-edit_frame1', 'workflow_type': 'ComfyUIWorkflow'})
2026-01-13 11:48:59,810 - temporalio.workflow - INFO - Generated client_id: 2f63a69f-735c-471a-b861-dd7d6b3d326f ({'attempt': 1, 'namespace': 'default', 'run_id': '019bb601-f329-788b-b6fe-f6098e6b96d2', 'task_queue': 'comfyui-gpu-farm', 'workflow_id': 'chain-image-edit-to-video-pipeline-bf107773-1a6a-482d-89ce-c2fd841b6d4a-edit_frame1', 'workflow_type': 'ComfyUIWorkflow'})
2026-01-13 11:48:59,811 - temporalio.workflow - INFO - Using pre-selected server: http://procure-x.testmcp.org ({'attempt': 1, 'namespace': 'default', 'run_id': '019bb601-f329-788b-b6fe-f6098e6b96d2', 'task_queue': 'comfyui-gpu-farm', 'workflow_id': 'chain-image-edit-to-video-pipeline-bf107773-1a6a-482d-89ce-c2fd841b6d4a-edit_frame1', 'workflow_type': 'ComfyUIWorkflow'})
2026-01-13 11:48:59,819 - temporalio.activity - INFO - [V3] Executing workflow on http://procure-x.testmcp.org ({'activity_id': '1', 'activity_type': 'execute_and_track_workflow', 'attempt': 1, 'namespace': 'default', 'task_queue': 'comfyui-gpu-farm', 'workflow_id': 'chain-image-edit-to-video-pipeline-bf107773-1a6a-482d-89ce-c2fd841b6d4a-edit_frame1', 'workflow_run_id': '019bb601-f329-788b-b6fe-f6098e6b96d2', 'workflow_type': 'ComfyUIWorkflow'})
2026-01-13 11:48:59,819 - temporalio.activity - INFO - [V3] Workflow name: qwen_image_edit ({'activity_id': '1', 'activity_type': 'execute_and_track_workflow', 'attempt': 1, 'namespace': 'default', 'task_queue': 'comfyui-gpu-farm', 'workflow_id': 'chain-image-edit-to-video-pipeline-bf107773-1a6a-482d-89ce-c2fd841b6d4a-edit_frame1', 'workflow_run_id': '019bb601-f329-788b-b6fe-f6098e6b96d2', 'workflow_type': 'ComfyUIWorkflow'})
2026-01-13 11:48:59,883 - temporal_gateway.clients.comfy.client - INFO - ComfyUI client initialized for http://procure-x.testmcp.org
2026-01-13 11:48:59,883 - temporal_gateway.clients.comfy.client - INFO - Submitting workflow to ComfyUI
2026-01-13 11:48:59,934 - httpx - INFO - HTTP Request: POST http://procure-x.testmcp.org/prompt "HTTP/1.1 200 OK"
2026-01-13 11:48:59,935 - temporal_gateway.clients.comfy.client - INFO - Workflow queued with prompt_id: 9c174cbd-aef2-465b-abd6-5578ecd7cdeb
2026-01-13 11:48:59,935 - temporal_gateway.clients.comfy.tracker - INFO - Starting execution tracking for prompt 9c174cbd-aef2-465b-abd6-5578ecd7cdeb
2026-01-13 11:48:59,935 - temporal_gateway.clients.comfy.tracker - INFO - Starting history polling
2026-01-13 11:48:59,936 - temporal_gateway.clients.comfy.tracker - INFO - Starting WebSocket listener
2026-01-13 11:48:59,936 - temporal_gateway.clients.comfy.websocket - INFO - Connecting to WebSocket: ws://procure-x.testmcp.org/ws?clientId=b40766e0-fc06-4a35-908c-0c7614f294ce
2026-01-13 11:48:59,979 - httpx - INFO - HTTP Request: POST http://procure-x.testmcp.org/prompt "HTTP/1.1 200 OK"
2026-01-13 11:48:59,983 - temporal_gateway.clients.comfy.client - INFO - Workflow queued with prompt_id: 745fce22-6353-4490-b3c7-dd06f93c4a3d
2026-01-13 11:48:59,984 - temporal_gateway.clients.comfy.tracker - INFO - Starting execution tracking for prompt 745fce22-6353-4490-b3c7-dd06f93c4a3d
2026-01-13 11:48:59,985 - temporal_gateway.clients.comfy.tracker - INFO - Starting history polling
2026-01-13 11:48:59,988 - temporal_gateway.clients.comfy.tracker - INFO - Starting WebSocket listener
2026-01-13 11:48:59,988 - temporal_gateway.clients.comfy.websocket - INFO - Connecting to WebSocket: ws://procure-x.testmcp.org/ws?clientId=6651765d-ad25-4ca6-8bbe-014f047ef8cc
2026-01-13 11:48:59,990 - temporal_gateway.clients.comfy.websocket - INFO - WebSocket connected successfully
2026-01-13 11:48:59,992 - httpx - INFO - HTTP Request: GET http://procure-x.testmcp.org/history/9c174cbd-aef2-465b-abd6-5578ecd7cdeb "HTTP/1.1 200 OK"
2026-01-13 11:49:00,022 - httpx - INFO - HTTP Request: GET http://procure-x.testmcp.org/history/745fce22-6353-4490-b3c7-dd06f93c4a3d "HTTP/1.1 200 OK"
2026-01-13 11:49:00,043 - temporal_gateway.clients.comfy.websocket - INFO - WebSocket connected successfully
2026-01-13 11:49:01,020 - httpx - INFO - HTTP Request: GET http://procure-x.testmcp.org/history/9c174cbd-aef2-465b-abd6-5578ecd7cdeb "HTTP/1.1 200 OK"
2026-01-13 11:49:01,096 - httpx - INFO - HTTP Request: GET http://procure-x.testmcp.org/history/745fce22-6353-4490-b3c7-dd06f93c4a3d "HTTP/1.1 200 OK"
2026-01-13 11:49:02,060 - httpx - INFO - HTTP Request: GET http://procure-x.testmcp.org/history/9c174cbd-aef2-465b-abd6-5578ecd7cdeb "HTTP/1.1 200 OK"
2026-01-13 11:49:02,135 - httpx - INFO - HTTP Request: GET http://procure-x.testmcp.org/history/745fce22-6353-4490-b3c7-dd06f93c4a3d "HTTP/1.1 200 OK"
2026-01-13 11:49:03,099 - httpx - INFO - HTTP Request: GET http://procure-x.testmcp.org/history/9c174cbd-aef2-465b-abd6-5578ecd7cdeb "HTTP/1.1 200 OK"
2026-01-13 11:49:03,170 - httpx - INFO - HTTP Request: GET http://procure-x.testmcp.org/history/745fce22-6353-4490-b3c7-dd06f93c4a3d "HTTP/1.1 200 OK"
2026-01-13 11:49:04,126 - httpx - INFO - HTTP Request: GET http://procure-x.testmcp.org/history/9c174cbd-aef2-465b-abd6-5578ecd7cdeb "HTTP/1.1 200 OK"
2026-01-13 11:49:04,197 - httpx - INFO - HTTP Request: GET http://procure-x.testmcp.org/history/745fce22-6353-4490-b3c7-dd06f93c4a3d "HTTP/1.1 200 OK"
2026-01-13 11:49:05,169 - httpx - INFO - HTTP Request: GET http://procure-x.testmcp.org/history/9c174cbd-aef2-465b-abd6-5578ecd7cdeb "HTTP/1.1 200 OK"
2026-01-13 11:49:05,248 - httpx - INFO - HTTP Request: GET http://procure-x.testmcp.org/history/745fce22-6353-4490-b3c7-dd06f93c4a3d "HTTP/1.1 200 OK"
2026-01-13 11:49:06,255 - httpx - INFO - HTTP Request: GET http://procure-x.testmcp.org/history/9c174cbd-aef2-465b-abd6-5578ecd7cdeb "HTTP/1.1 200 OK"
2026-01-13 11:49:06,280 - httpx - INFO - HTTP Request: GET http://procure-x.testmcp.org/history/745fce22-6353-4490-b3c7-dd06f93c4a3d "HTTP/1.1 200 OK"
2026-01-13 11:49:07,291 - httpx - INFO - HTTP Request: GET http://procure-x.testmcp.org/history/9c174cbd-aef2-465b-abd6-5578ecd7cdeb "HTTP/1.1 200 OK"
2026-01-13 11:49:07,310 - httpx - INFO - HTTP Request: GET http://procure-x.testmcp.org/history/745fce22-6353-4490-b3c7-dd06f93c4a3d "HTTP/1.1 200 OK"
2026-01-13 11:49:08,340 - httpx - INFO - HTTP Request: GET http://procure-x.testmcp.org/history/745fce22-6353-4490-b3c7-dd06f93c4a3d "HTTP/1.1 200 OK"
2026-01-13 11:49:08,355 - httpx - INFO - HTTP Request: GET http://procure-x.testmcp.org/history/9c174cbd-aef2-465b-abd6-5578ecd7cdeb "HTTP/1.1 200 OK"
2026-01-13 11:49:09,359 - httpx - INFO - HTTP Request: GET http://procure-x.testmcp.org/history/745fce22-6353-4490-b3c7-dd06f93c4a3d "HTTP/1.1 200 OK"
2026-01-13 11:49:09,391 - httpx - INFO - HTTP Request: GET http://procure-x.testmcp.org/history/9c174cbd-aef2-465b-abd6-5578ecd7cdeb "HTTP/1.1 200 OK"
2026-01-13 11:49:10,437 - httpx - INFO - HTTP Request: GET http://procure-x.testmcp.org/history/9c174cbd-aef2-465b-abd6-5578ecd7cdeb "HTTP/1.1 200 OK"
2026-01-13 11:49:10,443 - httpx - INFO - HTTP Request: GET http://procure-x.testmcp.org/history/745fce22-6353-4490-b3c7-dd06f93c4a3d "HTTP/1.1 200 OK"
2026-01-13 11:49:11,468 - httpx - INFO - HTTP Request: GET http://procure-x.testmcp.org/history/9c174cbd-aef2-465b-abd6-5578ecd7cdeb "HTTP/1.1 200 OK"
2026-01-13 11:49:11,479 - httpx - INFO - HTTP Request: GET http://procure-x.testmcp.org/history/745fce22-6353-4490-b3c7-dd06f93c4a3d "HTTP/1.1 200 OK"
2026-01-13 11:49:12,499 - httpx - INFO - HTTP Request: GET http://procure-x.testmcp.org/history/9c174cbd-aef2-465b-abd6-5578ecd7cdeb "HTTP/1.1 200 OK"
2026-01-13 11:49:12,500 - httpx - INFO - HTTP Request: GET http://procure-x.testmcp.org/history/745fce22-6353-4490-b3c7-dd06f93c4a3d "HTTP/1.1 200 OK"
2026-01-13 11:49:13,524 - httpx - INFO - HTTP Request: GET http://procure-x.testmcp.org/history/9c174cbd-aef2-465b-abd6-5578ecd7cdeb "HTTP/1.1 200 OK"
2026-01-13 11:49:13,581 - httpx - INFO - HTTP Request: GET http://procure-x.testmcp.org/history/745fce22-6353-4490-b3c7-dd06f93c4a3d "HTTP/1.1 200 OK"
2026-01-13 11:49:14,574 - httpx - INFO - HTTP Request: GET http://procure-x.testmcp.org/history/9c174cbd-aef2-465b-abd6-5578ecd7cdeb "HTTP/1.1 200 OK"
2026-01-13 11:49:14,661 - httpx - INFO - HTTP Request: GET http://procure-x.testmcp.org/history/745fce22-6353-4490-b3c7-dd06f93c4a3d "HTTP/1.1 200 OK"
2026-01-13 11:49:15,622 - httpx - INFO - HTTP Request: GET http://procure-x.testmcp.org/history/9c174cbd-aef2-465b-abd6-5578ecd7cdeb "HTTP/1.1 200 OK"
2026-01-13 11:49:15,736 - httpx - INFO - HTTP Request: GET http://procure-x.testmcp.org/history/745fce22-6353-4490-b3c7-dd06f93c4a3d "HTTP/1.1 200 OK"
2026-01-13 11:49:16,659 - httpx - INFO - HTTP Request: GET http://procure-x.testmcp.org/history/9c174cbd-aef2-465b-abd6-5578ecd7cdeb "HTTP/1.1 200 OK"
2026-01-13 11:49:16,784 - httpx - INFO - HTTP Request: GET http://procure-x.testmcp.org/history/745fce22-6353-4490-b3c7-dd06f93c4a3d "HTTP/1.1 200 OK"
2026-01-13 11:49:17,687 - httpx - INFO - HTTP Request: GET http://procure-x.testmcp.org/history/9c174cbd-aef2-465b-abd6-5578ecd7cdeb "HTTP/1.1 200 OK"
2026-01-13 11:49:17,817 - httpx - INFO - HTTP Request: GET http://procure-x.testmcp.org/history/745fce22-6353-4490-b3c7-dd06f93c4a3d "HTTP/1.1 200 OK"
2026-01-13 11:49:18,780 - httpx - INFO - HTTP Request: GET http://procure-x.testmcp.org/history/9c174cbd-aef2-465b-abd6-5578ecd7cdeb "HTTP/1.1 200 OK"
2026-01-13 11:49:18,859 - httpx - INFO - HTTP Request: GET http://procure-x.testmcp.org/history/745fce22-6353-4490-b3c7-dd06f93c4a3d "HTTP/1.1 200 OK"
2026-01-13 11:49:19,812 - httpx - INFO - HTTP Request: GET http://procure-x.testmcp.org/history/9c174cbd-aef2-465b-abd6-5578ecd7cdeb "HTTP/1.1 200 OK"
2026-01-13 11:49:19,894 - httpx - INFO - HTTP Request: GET http://procure-x.testmcp.org/history/745fce22-6353-4490-b3c7-dd06f93c4a3d "HTTP/1.1 200 OK"
2026-01-13 11:49:20,888 - httpx - INFO - HTTP Request: GET http://procure-x.testmcp.org/history/9c174cbd-aef2-465b-abd6-5578ecd7cdeb "HTTP/1.1 200 OK"
2026-01-13 11:49:20,949 - httpx - INFO - HTTP Request: GET http://procure-x.testmcp.org/history/745fce22-6353-4490-b3c7-dd06f93c4a3d "HTTP/1.1 200 OK"
2026-01-13 11:49:21,923 - httpx - INFO - HTTP Request: GET http://procure-x.testmcp.org/history/9c174cbd-aef2-465b-abd6-5578ecd7cdeb "HTTP/1.1 200 OK"
2026-01-13 11:49:21,985 - httpx - INFO - HTTP Request: GET http://procure-x.testmcp.org/history/745fce22-6353-4490-b3c7-dd06f93c4a3d "HTTP/1.1 200 OK"
2026-01-13 11:49:22,951 - httpx - INFO - HTTP Request: GET http://procure-x.testmcp.org/history/9c174cbd-aef2-465b-abd6-5578ecd7cdeb "HTTP/1.1 200 OK"
2026-01-13 11:49:23,064 - httpx - INFO - HTTP Request: GET http://procure-x.testmcp.org/history/745fce22-6353-4490-b3c7-dd06f93c4a3d "HTTP/1.1 200 OK"
2026-01-13 11:49:23,978 - httpx - INFO - HTTP Request: GET http://procure-x.testmcp.org/history/9c174cbd-aef2-465b-abd6-5578ecd7cdeb "HTTP/1.1 200 OK"
2026-01-13 11:49:24,086 - httpx - INFO - HTTP Request: GET http://procure-x.testmcp.org/history/745fce22-6353-4490-b3c7-dd06f93c4a3d "HTTP/1.1 200 OK"
2026-01-13 11:49:25,007 - httpx - INFO - HTTP Request: GET http://procure-x.testmcp.org/history/9c174cbd-aef2-465b-abd6-5578ecd7cdeb "HTTP/1.1 200 OK"
2026-01-13 11:49:25,114 - httpx - INFO - HTTP Request: GET http://procure-x.testmcp.org/history/745fce22-6353-4490-b3c7-dd06f93c4a3d "HTTP/1.1 200 OK"
2026-01-13 11:49:26,046 - httpx - INFO - HTTP Request: GET http://procure-x.testmcp.org/history/9c174cbd-aef2-465b-abd6-5578ecd7cdeb "HTTP/1.1 200 OK"
2026-01-13 11:49:26,137 - httpx - INFO - HTTP Request: GET http://procure-x.testmcp.org/history/745fce22-6353-4490-b3c7-dd06f93c4a3d "HTTP/1.1 200 OK"
2026-01-13 11:49:27,099 - httpx - INFO - HTTP Request: GET http://procure-x.testmcp.org/history/9c174cbd-aef2-465b-abd6-5578ecd7cdeb "HTTP/1.1 200 OK"
2026-01-13 11:49:27,169 - httpx - INFO - HTTP Request: GET http://procure-x.testmcp.org/history/745fce22-6353-4490-b3c7-dd06f93c4a3d "HTTP/1.1 200 OK"
2026-01-13 11:49:28,125 - httpx - INFO - HTTP Request: GET http://procure-x.testmcp.org/history/9c174cbd-aef2-465b-abd6-5578ecd7cdeb "HTTP/1.1 200 OK"
2026-01-13 11:49:28,239 - httpx - INFO - HTTP Request: GET http://procure-x.testmcp.org/history/745fce22-6353-4490-b3c7-dd06f93c4a3d "HTTP/1.1 200 OK"
2026-01-13 11:49:29,209 - httpx - INFO - HTTP Request: GET http://procure-x.testmcp.org/history/9c174cbd-aef2-465b-abd6-5578ecd7cdeb "HTTP/1.1 200 OK"
2026-01-13 11:49:29,267 - httpx - INFO - HTTP Request: GET http://procure-x.testmcp.org/history/745fce22-6353-4490-b3c7-dd06f93c4a3d "HTTP/1.1 200 OK"
2026-01-13 11:49:30,233 - httpx - INFO - HTTP Request: GET http://procure-x.testmcp.org/history/9c174cbd-aef2-465b-abd6-5578ecd7cdeb "HTTP/1.1 200 OK"
2026-01-13 11:49:30,291 - httpx - INFO - HTTP Request: GET http://procure-x.testmcp.org/history/745fce22-6353-4490-b3c7-dd06f93c4a3d "HTTP/1.1 200 OK"
2026-01-13 11:49:31,265 - httpx - INFO - HTTP Request: GET http://procure-x.testmcp.org/history/9c174cbd-aef2-465b-abd6-5578ecd7cdeb "HTTP/1.1 200 OK"
2026-01-13 11:49:31,361 - httpx - INFO - HTTP Request: GET http://procure-x.testmcp.org/history/745fce22-6353-4490-b3c7-dd06f93c4a3d "HTTP/1.1 200 OK"
2026-01-13 11:49:32,301 - httpx - INFO - HTTP Request: GET http://procure-x.testmcp.org/history/9c174cbd-aef2-465b-abd6-5578ecd7cdeb "HTTP/1.1 200 OK"
2026-01-13 11:49:32,455 - httpx - INFO - HTTP Request: GET http://procure-x.testmcp.org/history/745fce22-6353-4490-b3c7-dd06f93c4a3d "HTTP/1.1 200 OK"
2026-01-13 11:49:33,378 - httpx - INFO - HTTP Request: GET http://procure-x.testmcp.org/history/9c174cbd-aef2-465b-abd6-5578ecd7cdeb "HTTP/1.1 200 OK"
2026-01-13 11:49:33,541 - httpx - INFO - HTTP Request: GET http://procure-x.testmcp.org/history/745fce22-6353-4490-b3c7-dd06f93c4a3d "HTTP/1.1 200 OK"
2026-01-13 11:49:34,420 - httpx - INFO - HTTP Request: GET http://procure-x.testmcp.org/history/9c174cbd-aef2-465b-abd6-5578ecd7cdeb "HTTP/1.1 200 OK"
2026-01-13 11:49:34,847 - httpx - INFO - HTTP Request: GET http://procure-x.testmcp.org/history/745fce22-6353-4490-b3c7-dd06f93c4a3d "HTTP/1.1 200 OK"
2026-01-13 11:49:35,469 - httpx - INFO - HTTP Request: GET http://procure-x.testmcp.org/history/9c174cbd-aef2-465b-abd6-5578ecd7cdeb "HTTP/1.1 200 OK"
2026-01-13 11:49:36,109 - httpx - INFO - HTTP Request: GET http://procure-x.testmcp.org/history/745fce22-6353-4490-b3c7-dd06f93c4a3d "HTTP/1.1 200 OK"
2026-01-13 11:49:36,500 - httpx - INFO - HTTP Request: GET http://procure-x.testmcp.org/history/9c174cbd-aef2-465b-abd6-5578ecd7cdeb "HTTP/1.1 200 OK"
2026-01-13 11:49:37,144 - httpx - INFO - HTTP Request: GET http://procure-x.testmcp.org/history/745fce22-6353-4490-b3c7-dd06f93c4a3d "HTTP/1.1 200 OK"
2026-01-13 11:49:37,527 - httpx - INFO - HTTP Request: GET http://procure-x.testmcp.org/history/9c174cbd-aef2-465b-abd6-5578ecd7cdeb "HTTP/1.1 200 OK"
2026-01-13 11:49:38,228 - httpx - INFO - HTTP Request: GET http://procure-x.testmcp.org/history/745fce22-6353-4490-b3c7-dd06f93c4a3d "HTTP/1.1 200 OK"
2026-01-13 11:49:38,556 - httpx - INFO - HTTP Request: GET http://procure-x.testmcp.org/history/9c174cbd-aef2-465b-abd6-5578ecd7cdeb "HTTP/1.1 200 OK"
2026-01-13 11:49:39,255 - httpx - INFO - HTTP Request: GET http://procure-x.testmcp.org/history/745fce22-6353-4490-b3c7-dd06f93c4a3d "HTTP/1.1 200 OK"
2026-01-13 11:49:39,592 - httpx - INFO - HTTP Request: GET http://procure-x.testmcp.org/history/9c174cbd-aef2-465b-abd6-5578ecd7cdeb "HTTP/1.1 200 OK"
2026-01-13 11:49:40,320 - httpx - INFO - HTTP Request: GET http://procure-x.testmcp.org/history/745fce22-6353-4490-b3c7-dd06f93c4a3d "HTTP/1.1 200 OK"
2026-01-13 11:49:40,616 - httpx - INFO - HTTP Request: GET http://procure-x.testmcp.org/history/9c174cbd-aef2-465b-abd6-5578ecd7cdeb "HTTP/1.1 200 OK"
2026-01-13 11:49:41,350 - httpx - INFO - HTTP Request: GET http://procure-x.testmcp.org/history/745fce22-6353-4490-b3c7-dd06f93c4a3d "HTTP/1.1 200 OK"
2026-01-13 11:49:41,645 - httpx - INFO - HTTP Request: GET http://procure-x.testmcp.org/history/9c174cbd-aef2-465b-abd6-5578ecd7cdeb "HTTP/1.1 200 OK"
2026-01-13 11:49:42,428 - httpx - INFO - HTTP Request: GET http://procure-x.testmcp.org/history/745fce22-6353-4490-b3c7-dd06f93c4a3d "HTTP/1.1 200 OK"
2026-01-13 11:49:42,746 - httpx - INFO - HTTP Request: GET http://procure-x.testmcp.org/history/9c174cbd-aef2-465b-abd6-5578ecd7cdeb "HTTP/1.1 200 OK"
2026-01-13 11:49:43,462 - httpx - INFO - HTTP Request: GET http://procure-x.testmcp.org/history/745fce22-6353-4490-b3c7-dd06f93c4a3d "HTTP/1.1 200 OK"
2026-01-13 11:49:43,786 - httpx - INFO - HTTP Request: GET http://procure-x.testmcp.org/history/9c174cbd-aef2-465b-abd6-5578ecd7cdeb "HTTP/1.1 200 OK"
2026-01-13 11:49:44,489 - httpx - INFO - HTTP Request: GET http://procure-x.testmcp.org/history/745fce22-6353-4490-b3c7-dd06f93c4a3d "HTTP/1.1 200 OK"
2026-01-13 11:49:44,863 - httpx - INFO - HTTP Request: GET http://procure-x.testmcp.org/history/9c174cbd-aef2-465b-abd6-5578ecd7cdeb "HTTP/1.1 200 OK"
2026-01-13 11:49:45,515 - httpx - INFO - HTTP Request: GET http://procure-x.testmcp.org/history/745fce22-6353-4490-b3c7-dd06f93c4a3d "HTTP/1.1 200 OK"
2026-01-13 11:49:45,895 - httpx - INFO - HTTP Request: GET http://procure-x.testmcp.org/history/9c174cbd-aef2-465b-abd6-5578ecd7cdeb "HTTP/1.1 200 OK"
2026-01-13 11:49:46,590 - httpx - INFO - HTTP Request: GET http://procure-x.testmcp.org/history/745fce22-6353-4490-b3c7-dd06f93c4a3d "HTTP/1.1 200 OK"
2026-01-13 11:49:46,922 - httpx - INFO - HTTP Request: GET http://procure-x.testmcp.org/history/9c174cbd-aef2-465b-abd6-5578ecd7cdeb "HTTP/1.1 200 OK"
2026-01-13 11:49:47,615 - httpx - INFO - HTTP Request: GET http://procure-x.testmcp.org/history/745fce22-6353-4490-b3c7-dd06f93c4a3d "HTTP/1.1 200 OK"
2026-01-13 11:49:47,959 - httpx - INFO - HTTP Request: GET http://procure-x.testmcp.org/history/9c174cbd-aef2-465b-abd6-5578ecd7cdeb "HTTP/1.1 200 OK"
2026-01-13 11:49:48,642 - httpx - INFO - HTTP Request: GET http://procure-x.testmcp.org/history/745fce22-6353-4490-b3c7-dd06f93c4a3d "HTTP/1.1 200 OK"
2026-01-13 11:49:48,979 - httpx - INFO - HTTP Request: GET http://procure-x.testmcp.org/history/9c174cbd-aef2-465b-abd6-5578ecd7cdeb "HTTP/1.1 200 OK"
2026-01-13 11:49:49,671 - httpx - INFO - HTTP Request: GET http://procure-x.testmcp.org/history/745fce22-6353-4490-b3c7-dd06f93c4a3d "HTTP/1.1 200 OK"
2026-01-13 11:49:50,033 - httpx - INFO - HTTP Request: GET http://procure-x.testmcp.org/history/9c174cbd-aef2-465b-abd6-5578ecd7cdeb "HTTP/1.1 200 OK"
2026-01-13 11:49:50,714 - httpx - INFO - HTTP Request: GET http://procure-x.testmcp.org/history/745fce22-6353-4490-b3c7-dd06f93c4a3d "HTTP/1.1 200 OK"
2026-01-13 11:49:51,103 - httpx - INFO - HTTP Request: GET http://procure-x.testmcp.org/history/9c174cbd-aef2-465b-abd6-5578ecd7cdeb "HTTP/1.1 200 OK"
2026-01-13 11:49:51,772 - httpx - INFO - HTTP Request: GET http://procure-x.testmcp.org/history/745fce22-6353-4490-b3c7-dd06f93c4a3d "HTTP/1.1 200 OK"
2026-01-13 11:49:52,139 - httpx - INFO - HTTP Request: GET http://procure-x.testmcp.org/history/9c174cbd-aef2-465b-abd6-5578ecd7cdeb "HTTP/1.1 200 OK"
2026-01-13 11:49:52,838 - temporal_gateway.clients.comfy.tracker - INFO - [WS] Execution completed successfully
2026-01-13 11:49:52,857 - httpx - INFO - HTTP Request: GET http://procure-x.testmcp.org/history/745fce22-6353-4490-b3c7-dd06f93c4a3d "HTTP/1.1 200 OK"
2026-01-13 11:49:53,380 - httpx - INFO - HTTP Request: GET http://procure-x.testmcp.org/history/9c174cbd-aef2-465b-abd6-5578ecd7cdeb "HTTP/1.1 200 OK"
2026-01-13 11:49:53,381 - httpx - INFO - HTTP Request: GET http://procure-x.testmcp.org/history/9c174cbd-aef2-465b-abd6-5578ecd7cdeb "HTTP/1.1 200 OK"
2026-01-13 11:49:53,382 - temporal_gateway.clients.comfy.tracker - INFO - [POLL] Found in history: success
2026-01-13 11:49:53,382 - temporal_gateway.clients.comfy.tracker - INFO - Tracking completed: success (took 53.45s)
2026-01-13 11:49:53,383 - temporalio.activity - INFO - [V3] Workflow completed successfully ({'activity_id': '1', 'activity_type': 'execute_and_track_workflow', 'attempt': 1, 'namespace': 'default', 'task_queue': 'comfyui-gpu-farm', 'workflow_id': 'chain-image-edit-to-video-pipeline-bf107773-1a6a-482d-89ce-c2fd841b6d4a-edit_frame2', 'workflow_run_id': '019bb601-f305-72a1-a93d-c5b0d5d08831', 'workflow_type': 'ComfyUIWorkflow'})
2026-01-13 11:49:53,394 - temporalio.workflow - INFO - Execution completed successfully ({'attempt': 1, 'namespace': 'default', 'run_id': '019bb601-f305-72a1-a93d-c5b0d5d08831', 'task_queue': 'comfyui-gpu-farm', 'workflow_id': 'chain-image-edit-to-video-pipeline-bf107773-1a6a-482d-89ce-c2fd841b6d4a-edit_frame2', 'workflow_type': 'ComfyUIWorkflow'})
2026-01-13 11:49:53,402 - temporalio.activity - INFO - Extracting server output files ({'activity_id': '2', 'activity_type': 'get_server_output_files', 'attempt': 1, 'namespace': 'default', 'task_queue': 'comfyui-gpu-farm', 'workflow_id': 'chain-image-edit-to-video-pipeline-bf107773-1a6a-482d-89ce-c2fd841b6d4a-edit_frame2', 'workflow_run_id': '019bb601-f305-72a1-a93d-c5b0d5d08831', 'workflow_type': 'ComfyUIWorkflow'})
2026-01-13 11:49:53,402 - temporalio.activity - INFO - Found 1 output file(s) ({'activity_id': '2', 'activity_type': 'get_server_output_files', 'attempt': 1, 'namespace': 'default', 'task_queue': 'comfyui-gpu-farm', 'workflow_id': 'chain-image-edit-to-video-pipeline-bf107773-1a6a-482d-89ce-c2fd841b6d4a-edit_frame2', 'workflow_run_id': '019bb601-f305-72a1-a93d-c5b0d5d08831', 'workflow_type': 'ComfyUIWorkflow'})
2026-01-13 11:49:53,410 - temporalio.workflow - INFO - Found 1 server output file(s) ({'attempt': 1, 'namespace': 'default', 'run_id': '019bb601-f305-72a1-a93d-c5b0d5d08831', 'task_queue': 'comfyui-gpu-farm', 'workflow_id': 'chain-image-edit-to-video-pipeline-bf107773-1a6a-482d-89ce-c2fd841b6d4a-edit_frame2', 'workflow_type': 'ComfyUIWorkflow'})
2026-01-13 11:49:53,418 - temporalio.activity - INFO - Downloading and persisting 1 artifact(s) for workflow 912616c2-b0e0-4607-8ff3-597059e1e6bb ({'activity_id': '3', 'activity_type': 'download_and_store_artifacts', 'attempt': 1, 'namespace': 'default', 'task_queue': 'comfyui-gpu-farm', 'workflow_id': 'chain-image-edit-to-video-pipeline-bf107773-1a6a-482d-89ce-c2fd841b6d4a-edit_frame2', 'workflow_run_id': '019bb601-f305-72a1-a93d-c5b0d5d08831', 'workflow_type': 'ComfyUIWorkflow'})
2026-01-13 11:49:53,465 - temporal_gateway.clients.comfy.client - INFO - ComfyUI client initialized for http://procure-x.testmcp.org
2026-01-13 11:49:53,525 - httpx - INFO - HTTP Request: GET http://procure-x.testmcp.org/view?filename=ComfyUI_00262_.png&type=output "HTTP/1.1 200 OK"
2026-01-13 11:49:53,895 - httpx - INFO - HTTP Request: GET http://procure-x.testmcp.org/history/745fce22-6353-4490-b3c7-dd06f93c4a3d "HTTP/1.1 200 OK"
2026-01-13 11:49:54,941 - httpx - INFO - HTTP Request: GET http://procure-x.testmcp.org/history/745fce22-6353-4490-b3c7-dd06f93c4a3d "HTTP/1.1 200 OK"
2026-01-13 11:49:55,981 - httpx - INFO - HTTP Request: GET http://procure-x.testmcp.org/history/745fce22-6353-4490-b3c7-dd06f93c4a3d "HTTP/1.1 200 OK"
2026-01-13 11:49:56,258 - temporalio.activity - INFO - ✓ Saved artifact to DB: 1ff96dfb-31a9-4491-9e7e-9a9a70f7f803 (ComfyUI_00262_.png) ({'activity_id': '3', 'activity_type': 'download_and_store_artifacts', 'attempt': 1, 'namespace': 'default', 'task_queue': 'comfyui-gpu-farm', 'workflow_id': 'chain-image-edit-to-video-pipeline-bf107773-1a6a-482d-89ce-c2fd841b6d4a-edit_frame2', 'workflow_run_id': '019bb601-f305-72a1-a93d-c5b0d5d08831', 'workflow_type': 'ComfyUIWorkflow'})
2026-01-13 11:49:56,261 - temporalio.activity - INFO - Downloaded and persisted 1 artifact(s) ({'activity_id': '3', 'activity_type': 'download_and_store_artifacts', 'attempt': 1, 'namespace': 'default', 'task_queue': 'comfyui-gpu-farm', 'workflow_id': 'chain-image-edit-to-video-pipeline-bf107773-1a6a-482d-89ce-c2fd841b6d4a-edit_frame2', 'workflow_run_id': '019bb601-f305-72a1-a93d-c5b0d5d08831', 'workflow_type': 'ComfyUIWorkflow'})
2026-01-13 11:49:56,287 - temporalio.workflow - INFO - Downloaded 1 file(s) locally ({'attempt': 1, 'namespace': 'default', 'run_id': '019bb601-f305-72a1-a93d-c5b0d5d08831', 'task_queue': 'comfyui-gpu-farm', 'workflow_id': 'chain-image-edit-to-video-pipeline-bf107773-1a6a-482d-89ce-c2fd841b6d4a-edit_frame2', 'workflow_type': 'ComfyUIWorkflow'})
2026-01-13 11:49:56,312 - temporalio.activity - INFO - Updating workflow 912616c2-b0e0-4607-8ff3-597059e1e6bb status to: completed ({'activity_id': '40', 'activity_type': 'update_workflow_status_activity', 'attempt': 1, 'namespace': 'default', 'task_queue': 'comfyui-gpu-farm', 'workflow_id': 'chain-image-edit-to-video-pipeline-bf107773-1a6a-482d-89ce-c2fd841b6d4a', 'workflow_run_id': '019bb600-e472-7529-9d2c-872cc2561877', 'workflow_type': 'ChainExecutorWorkflow'})
2026-01-13 11:49:56,316 - temporalio.activity - INFO - ✓ Updated workflow status ({'activity_id': '40', 'activity_type': 'update_workflow_status_activity', 'attempt': 1, 'namespace': 'default', 'task_queue': 'comfyui-gpu-farm', 'workflow_id': 'chain-image-edit-to-video-pipeline-bf107773-1a6a-482d-89ce-c2fd841b6d4a', 'workflow_run_id': '019bb600-e472-7529-9d2c-872cc2561877', 'workflow_type': 'ChainExecutorWorkflow'})
2026-01-13 11:49:56,325 - temporalio.workflow - INFO - Step edit_frame2: Approval required, fetching artifacts... ({'attempt': 1, 'namespace': 'default', 'run_id': '019bb600-e472-7529-9d2c-872cc2561877', 'task_queue': 'comfyui-gpu-farm', 'workflow_id': 'chain-image-edit-to-video-pipeline-bf107773-1a6a-482d-89ce-c2fd841b6d4a', 'workflow_type': 'ChainExecutorWorkflow'})
2026-01-13 11:49:56,333 - temporalio.activity - INFO - Getting artifacts for workflow: 912616c2-b0e0-4607-8ff3-597059e1e6bb ({'activity_id': '41', 'activity_type': 'get_workflow_artifacts', 'attempt': 1, 'namespace': 'default', 'task_queue': 'comfyui-gpu-farm', 'workflow_id': 'chain-image-edit-to-video-pipeline-bf107773-1a6a-482d-89ce-c2fd841b6d4a', 'workflow_run_id': '019bb600-e472-7529-9d2c-872cc2561877', 'workflow_type': 'ChainExecutorWorkflow'})
2026-01-13 11:49:56,360 - temporalio.activity - INFO - Creating approval request for artifact: 1ff96dfb-31a9-4491-9e7e-9a9a70f7f803 ({'activity_id': '42', 'activity_type': 'create_approval_request_activity', 'attempt': 1, 'namespace': 'default', 'task_queue': 'comfyui-gpu-farm', 'workflow_id': 'chain-image-edit-to-video-pipeline-bf107773-1a6a-482d-89ce-c2fd841b6d4a', 'workflow_run_id': '019bb600-e472-7529-9d2c-872cc2561877', 'workflow_type': 'ChainExecutorWorkflow'})
2026-01-13 11:49:56,363 - temporalio.activity - INFO - ✓ Created approval request: efb32460-93a4-4f35-ab03-fb8f85b74324, token: Hxj_H0wWJW3jIHiy... ({'activity_id': '42', 'activity_type': 'create_approval_request_activity', 'attempt': 1, 'namespace': 'default', 'task_queue': 'comfyui-gpu-farm', 'workflow_id': 'chain-image-edit-to-video-pipeline-bf107773-1a6a-482d-89ce-c2fd841b6d4a', 'workflow_run_id': '019bb600-e472-7529-9d2c-872cc2561877', 'workflow_type': 'ChainExecutorWorkflow'})
2026-01-13 11:49:56,364 - temporal_gateway.services.broadcast - INFO - Published approval_requested to chain:64fe6d7c-29e9-40af-b076-dddd46317b8d
2026-01-13 11:49:56,364 - temporalio.activity - INFO - Published approval_requested event for chain 64fe6d7c-29e9-40af-b076-dddd46317b8d ({'activity_id': '42', 'activity_type': 'create_approval_request_activity', 'attempt': 1, 'namespace': 'default', 'task_queue': 'comfyui-gpu-farm', 'workflow_id': 'chain-image-edit-to-video-pipeline-bf107773-1a6a-482d-89ce-c2fd841b6d4a', 'workflow_run_id': '019bb600-e472-7529-9d2c-872cc2561877', 'workflow_type': 'ChainExecutorWorkflow'})
2026-01-13 11:49:56,374 - temporalio.workflow - INFO - Step edit_frame2: Approval request created, token: Hxj_H0wWJW3jIHiy... ({'attempt': 1, 'namespace': 'default', 'run_id': '019bb600-e472-7529-9d2c-872cc2561877', 'task_queue': 'comfyui-gpu-farm', 'workflow_id': 'chain-image-edit-to-video-pipeline-bf107773-1a6a-482d-89ce-c2fd841b6d4a', 'workflow_type': 'ChainExecutorWorkflow'})
2026-01-13 11:49:57,035 - httpx - INFO - HTTP Request: GET http://procure-x.testmcp.org/history/745fce22-6353-4490-b3c7-dd06f93c4a3d "HTTP/1.1 200 OK"
2026-01-13 11:49:58,065 - httpx - INFO - HTTP Request: GET http://procure-x.testmcp.org/history/745fce22-6353-4490-b3c7-dd06f93c4a3d "HTTP/1.1 200 OK"
2026-01-13 11:49:59,106 - httpx - INFO - HTTP Request: GET http://procure-x.testmcp.org/history/745fce22-6353-4490-b3c7-dd06f93c4a3d "HTTP/1.1 200 OK"
2026-01-13 11:50:00,141 - httpx - INFO - HTTP Request: GET http://procure-x.testmcp.org/history/745fce22-6353-4490-b3c7-dd06f93c4a3d "HTTP/1.1 200 OK"
2026-01-13 11:50:01,367 - httpx - INFO - HTTP Request: GET http://procure-x.testmcp.org/history/745fce22-6353-4490-b3c7-dd06f93c4a3d "HTTP/1.1 200 OK"
2026-01-13 11:50:02,596 - httpx - INFO - HTTP Request: GET http://procure-x.testmcp.org/history/745fce22-6353-4490-b3c7-dd06f93c4a3d "HTTP/1.1 200 OK"
2026-01-13 11:50:03,628 - httpx - INFO - HTTP Request: GET http://procure-x.testmcp.org/history/745fce22-6353-4490-b3c7-dd06f93c4a3d "HTTP/1.1 200 OK"
2026-01-13 11:50:04,650 - httpx - INFO - HTTP Request: GET http://procure-x.testmcp.org/history/745fce22-6353-4490-b3c7-dd06f93c4a3d "HTTP/1.1 200 OK"
2026-01-13 11:50:05,682 - httpx - INFO - HTTP Request: GET http://procure-x.testmcp.org/history/745fce22-6353-4490-b3c7-dd06f93c4a3d "HTTP/1.1 200 OK"
2026-01-13 11:50:06,710 - httpx - INFO - HTTP Request: GET http://procure-x.testmcp.org/history/745fce22-6353-4490-b3c7-dd06f93c4a3d "HTTP/1.1 200 OK"
2026-01-13 11:50:07,749 - httpx - INFO - HTTP Request: GET http://procure-x.testmcp.org/history/745fce22-6353-4490-b3c7-dd06f93c4a3d "HTTP/1.1 200 OK"
2026-01-13 11:50:08,782 - httpx - INFO - HTTP Request: GET http://procure-x.testmcp.org/history/745fce22-6353-4490-b3c7-dd06f93c4a3d "HTTP/1.1 200 OK"
2026-01-13 11:50:09,893 - httpx - INFO - HTTP Request: GET http://procure-x.testmcp.org/history/745fce22-6353-4490-b3c7-dd06f93c4a3d "HTTP/1.1 200 OK"
2026-01-13 11:50:10,941 - httpx - INFO - HTTP Request: GET http://procure-x.testmcp.org/history/745fce22-6353-4490-b3c7-dd06f93c4a3d "HTTP/1.1 200 OK"
2026-01-13 11:50:12,038 - httpx - INFO - HTTP Request: GET http://procure-x.testmcp.org/history/745fce22-6353-4490-b3c7-dd06f93c4a3d "HTTP/1.1 200 OK"
2026-01-13 11:50:13,077 - httpx - INFO - HTTP Request: GET http://procure-x.testmcp.org/history/745fce22-6353-4490-b3c7-dd06f93c4a3d "HTTP/1.1 200 OK"
2026-01-13 11:50:14,184 - httpx - INFO - HTTP Request: GET http://procure-x.testmcp.org/history/745fce22-6353-4490-b3c7-dd06f93c4a3d "HTTP/1.1 200 OK"
2026-01-13 11:50:15,397 - httpx - INFO - HTTP Request: GET http://procure-x.testmcp.org/history/745fce22-6353-4490-b3c7-dd06f93c4a3d "HTTP/1.1 200 OK"
2026-01-13 11:50:16,441 - httpx - INFO - HTTP Request: GET http://procure-x.testmcp.org/history/745fce22-6353-4490-b3c7-dd06f93c4a3d "HTTP/1.1 200 OK"
2026-01-13 11:50:17,463 - httpx - INFO - HTTP Request: GET http://procure-x.testmcp.org/history/745fce22-6353-4490-b3c7-dd06f93c4a3d "HTTP/1.1 200 OK"
2026-01-13 11:50:18,672 - httpx - INFO - HTTP Request: GET http://procure-x.testmcp.org/history/745fce22-6353-4490-b3c7-dd06f93c4a3d "HTTP/1.1 200 OK"
2026-01-13 11:50:20,006 - httpx - INFO - HTTP Request: GET http://procure-x.testmcp.org/history/745fce22-6353-4490-b3c7-dd06f93c4a3d "HTTP/1.1 200 OK"
2026-01-13 11:50:20,105 - temporal_gateway.clients.comfy.tracker - INFO - [WS] Execution completed successfully
2026-01-13 11:50:20,414 - httpx - INFO - HTTP Request: GET http://procure-x.testmcp.org/history/745fce22-6353-4490-b3c7-dd06f93c4a3d "HTTP/1.1 200 OK"
2026-01-13 11:50:20,418 - temporal_gateway.clients.comfy.tracker - INFO - Tracking completed: success (took 80.43s)
2026-01-13 11:50:20,420 - temporalio.activity - INFO - [V3] Workflow completed successfully ({'activity_id': '1', 'activity_type': 'execute_and_track_workflow', 'attempt': 1, 'namespace': 'default', 'task_queue': 'comfyui-gpu-farm', 'workflow_id': 'chain-image-edit-to-video-pipeline-bf107773-1a6a-482d-89ce-c2fd841b6d4a-edit_frame1', 'workflow_run_id': '019bb601-f329-788b-b6fe-f6098e6b96d2', 'workflow_type': 'ComfyUIWorkflow'})
2026-01-13 11:50:20,446 - temporalio.workflow - INFO - Execution completed successfully ({'attempt': 1, 'namespace': 'default', 'run_id': '019bb601-f329-788b-b6fe-f6098e6b96d2', 'task_queue': 'comfyui-gpu-farm', 'workflow_id': 'chain-image-edit-to-video-pipeline-bf107773-1a6a-482d-89ce-c2fd841b6d4a-edit_frame1', 'workflow_type': 'ComfyUIWorkflow'})
2026-01-13 11:50:20,454 - temporalio.activity - INFO - Extracting server output files ({'activity_id': '2', 'activity_type': 'get_server_output_files', 'attempt': 1, 'namespace': 'default', 'task_queue': 'comfyui-gpu-farm', 'workflow_id': 'chain-image-edit-to-video-pipeline-bf107773-1a6a-482d-89ce-c2fd841b6d4a-edit_frame1', 'workflow_run_id': '019bb601-f329-788b-b6fe-f6098e6b96d2', 'workflow_type': 'ComfyUIWorkflow'})
2026-01-13 11:50:20,455 - temporalio.activity - INFO - Found 1 output file(s) ({'activity_id': '2', 'activity_type': 'get_server_output_files', 'attempt': 1, 'namespace': 'default', 'task_queue': 'comfyui-gpu-farm', 'workflow_id': 'chain-image-edit-to-video-pipeline-bf107773-1a6a-482d-89ce-c2fd841b6d4a-edit_frame1', 'workflow_run_id': '019bb601-f329-788b-b6fe-f6098e6b96d2', 'workflow_type': 'ComfyUIWorkflow'})
2026-01-13 11:50:20,463 - temporalio.workflow - INFO - Found 1 server output file(s) ({'attempt': 1, 'namespace': 'default', 'run_id': '019bb601-f329-788b-b6fe-f6098e6b96d2', 'task_queue': 'comfyui-gpu-farm', 'workflow_id': 'chain-image-edit-to-video-pipeline-bf107773-1a6a-482d-89ce-c2fd841b6d4a-edit_frame1', 'workflow_type': 'ComfyUIWorkflow'})
2026-01-13 11:50:20,471 - temporalio.activity - INFO - Downloading and persisting 1 artifact(s) for workflow 63ff2261-13b5-4bbf-9f60-ad2d1b290a26 ({'activity_id': '3', 'activity_type': 'download_and_store_artifacts', 'attempt': 1, 'namespace': 'default', 'task_queue': 'comfyui-gpu-farm', 'workflow_id': 'chain-image-edit-to-video-pipeline-bf107773-1a6a-482d-89ce-c2fd841b6d4a-edit_frame1', 'workflow_run_id': '019bb601-f329-788b-b6fe-f6098e6b96d2', 'workflow_type': 'ComfyUIWorkflow'})
2026-01-13 11:50:20,523 - temporal_gateway.clients.comfy.client - INFO - ComfyUI client initialized for http://procure-x.testmcp.org
2026-01-13 11:50:20,584 - httpx - INFO - HTTP Request: GET http://procure-x.testmcp.org/view?filename=ComfyUI_00263_.png&type=output "HTTP/1.1 200 OK"
2026-01-13 11:50:22,758 - temporalio.activity - INFO - ✓ Saved artifact to DB: 18051260-1b46-4306-9e57-f7e303db93bb (ComfyUI_00263_.png) ({'activity_id': '3', 'activity_type': 'download_and_store_artifacts', 'attempt': 1, 'namespace': 'default', 'task_queue': 'comfyui-gpu-farm', 'workflow_id': 'chain-image-edit-to-video-pipeline-bf107773-1a6a-482d-89ce-c2fd841b6d4a-edit_frame1', 'workflow_run_id': '019bb601-f329-788b-b6fe-f6098e6b96d2', 'workflow_type': 'ComfyUIWorkflow'})
2026-01-13 11:50:22,760 - temporalio.activity - INFO - Downloaded and persisted 1 artifact(s) ({'activity_id': '3', 'activity_type': 'download_and_store_artifacts', 'attempt': 1, 'namespace': 'default', 'task_queue': 'comfyui-gpu-farm', 'workflow_id': 'chain-image-edit-to-video-pipeline-bf107773-1a6a-482d-89ce-c2fd841b6d4a-edit_frame1', 'workflow_run_id': '019bb601-f329-788b-b6fe-f6098e6b96d2', 'workflow_type': 'ComfyUIWorkflow'})
2026-01-13 11:50:22,773 - temporalio.workflow - INFO - Downloaded 1 file(s) locally ({'attempt': 1, 'namespace': 'default', 'run_id': '019bb601-f329-788b-b6fe-f6098e6b96d2', 'task_queue': 'comfyui-gpu-farm', 'workflow_id': 'chain-image-edit-to-video-pipeline-bf107773-1a6a-482d-89ce-c2fd841b6d4a-edit_frame1', 'workflow_type': 'ComfyUIWorkflow'})
2026-01-13 11:50:22,796 - temporalio.activity - INFO - Updating workflow 63ff2261-13b5-4bbf-9f60-ad2d1b290a26 status to: completed ({'activity_id': '43', 'activity_type': 'update_workflow_status_activity', 'attempt': 1, 'namespace': 'default', 'task_queue': 'comfyui-gpu-farm', 'workflow_id': 'chain-image-edit-to-video-pipeline-bf107773-1a6a-482d-89ce-c2fd841b6d4a', 'workflow_run_id': '019bb600-e472-7529-9d2c-872cc2561877', 'workflow_type': 'ChainExecutorWorkflow'})
2026-01-13 11:50:22,800 - temporalio.activity - INFO - ✓ Updated workflow status ({'activity_id': '43', 'activity_type': 'update_workflow_status_activity', 'attempt': 1, 'namespace': 'default', 'task_queue': 'comfyui-gpu-farm', 'workflow_id': 'chain-image-edit-to-video-pipeline-bf107773-1a6a-482d-89ce-c2fd841b6d4a', 'workflow_run_id': '019bb600-e472-7529-9d2c-872cc2561877', 'workflow_type': 'ChainExecutorWorkflow'})
2026-01-13 11:50:22,810 - temporalio.workflow - INFO - Step edit_frame1: Approval required, fetching artifacts... ({'attempt': 1, 'namespace': 'default', 'run_id': '019bb600-e472-7529-9d2c-872cc2561877', 'task_queue': 'comfyui-gpu-farm', 'workflow_id': 'chain-image-edit-to-video-pipeline-bf107773-1a6a-482d-89ce-c2fd841b6d4a', 'workflow_type': 'ChainExecutorWorkflow'})
2026-01-13 11:50:22,820 - temporalio.activity - INFO - Getting artifacts for workflow: 63ff2261-13b5-4bbf-9f60-ad2d1b290a26 ({'activity_id': '44', 'activity_type': 'get_workflow_artifacts', 'attempt': 1, 'namespace': 'default', 'task_queue': 'comfyui-gpu-farm', 'workflow_id': 'chain-image-edit-to-video-pipeline-bf107773-1a6a-482d-89ce-c2fd841b6d4a', 'workflow_run_id': '019bb600-e472-7529-9d2c-872cc2561877', 'workflow_type': 'ChainExecutorWorkflow'})
2026-01-13 11:50:22,838 - temporalio.activity - INFO - Creating approval request for artifact: 18051260-1b46-4306-9e57-f7e303db93bb ({'activity_id': '45', 'activity_type': 'create_approval_request_activity', 'attempt': 1, 'namespace': 'default', 'task_queue': 'comfyui-gpu-farm', 'workflow_id': 'chain-image-edit-to-video-pipeline-bf107773-1a6a-482d-89ce-c2fd841b6d4a', 'workflow_run_id': '019bb600-e472-7529-9d2c-872cc2561877', 'workflow_type': 'ChainExecutorWorkflow'})
2026-01-13 11:50:22,843 - temporalio.activity - INFO - ✓ Created approval request: 52f585bc-4cae-4a6a-9b6c-66cbd0ce6bd3, token: _Ojr17ApWNxWNEG0... ({'activity_id': '45', 'activity_type': 'create_approval_request_activity', 'attempt': 1, 'namespace': 'default', 'task_queue': 'comfyui-gpu-farm', 'workflow_id': 'chain-image-edit-to-video-pipeline-bf107773-1a6a-482d-89ce-c2fd841b6d4a', 'workflow_run_id': '019bb600-e472-7529-9d2c-872cc2561877', 'workflow_type': 'ChainExecutorWorkflow'})
2026-01-13 11:50:22,843 - temporal_gateway.services.broadcast - INFO - Published approval_requested to chain:64fe6d7c-29e9-40af-b076-dddd46317b8d
2026-01-13 11:50:22,843 - temporalio.activity - INFO - Published approval_requested event for chain 64fe6d7c-29e9-40af-b076-dddd46317b8d ({'activity_id': '45', 'activity_type': 'create_approval_request_activity', 'attempt': 1, 'namespace': 'default', 'task_queue': 'comfyui-gpu-farm', 'workflow_id': 'chain-image-edit-to-video-pipeline-bf107773-1a6a-482d-89ce-c2fd841b6d4a', 'workflow_run_id': '019bb600-e472-7529-9d2c-872cc2561877', 'workflow_type': 'ChainExecutorWorkflow'})
2026-01-13 11:50:22,853 - temporalio.workflow - INFO - Step edit_frame1: Approval request created, token: _Ojr17ApWNxWNEG0... ({'attempt': 1, 'namespace': 'default', 'run_id': '019bb600-e472-7529-9d2c-872cc2561877', 'task_queue': 'comfyui-gpu-farm', 'workflow_id': 'chain-image-edit-to-video-pipeline-bf107773-1a6a-482d-89ce-c2fd841b6d4a', 'workflow_type': 'ChainExecutorWorkflow'})
2026-01-13 11:51:00,644 - temporalio.workflow - INFO - Starting chain execution: image-edit-to-video-pipeline ({'attempt': 1, 'namespace': 'default', 'run_id': '019bb603-cb51-7a46-a556-b7fbd5a84a49', 'task_queue': 'comfyui-gpu-farm', 'workflow_id': 'chain-image-edit-to-video-pipeline-720207e7-c6f3-4e67-b8a8-9501742f5b72', 'workflow_type': 'ChainExecutorWorkflow'})
2026-01-13 11:51:00,644 - temporalio.workflow - INFO - Retry number: 0 ({'attempt': 1, 'namespace': 'default', 'run_id': '019bb603-cb51-7a46-a556-b7fbd5a84a49', 'task_queue': 'comfyui-gpu-farm', 'workflow_id': 'chain-image-edit-to-video-pipeline-720207e7-c6f3-4e67-b8a8-9501742f5b72', 'workflow_type': 'ChainExecutorWorkflow'})
2026-01-13 11:51:00,644 - temporalio.workflow - INFO - Cached steps: [] ({'attempt': 1, 'namespace': 'default', 'run_id': '019bb603-cb51-7a46-a556-b7fbd5a84a49', 'task_queue': 'comfyui-gpu-farm', 'workflow_id': 'chain-image-edit-to-video-pipeline-720207e7-c6f3-4e67-b8a8-9501742f5b72', 'workflow_type': 'ChainExecutorWorkflow'})
2026-01-13 11:51:00,644 - temporalio.workflow - INFO - Total levels: 3 ({'attempt': 1, 'namespace': 'default', 'run_id': '019bb603-cb51-7a46-a556-b7fbd5a84a49', 'task_queue': 'comfyui-gpu-farm', 'workflow_id': 'chain-image-edit-to-video-pipeline-720207e7-c6f3-4e67-b8a8-9501742f5b72', 'workflow_type': 'ChainExecutorWorkflow'})
2026-01-13 11:51:00,644 - temporalio.workflow - INFO - Using chain ID: ed4506aa-25cd-4c2b-8bae-c9352ab1f3c8 ({'attempt': 1, 'namespace': 'default', 'run_id': '019bb603-cb51-7a46-a556-b7fbd5a84a49', 'task_queue': 'comfyui-gpu-farm', 'workflow_id': 'chain-image-edit-to-video-pipeline-720207e7-c6f3-4e67-b8a8-9501742f5b72', 'workflow_type': 'ChainExecutorWorkflow'})
2026-01-13 11:51:00,653 - temporalio.activity - INFO - Updating chain ed4506aa-25cd-4c2b-8bae-c9352ab1f3c8 status to: executing_level_0 ({'activity_id': '1', 'activity_type': 'update_chain_status_activity', 'attempt': 1, 'namespace': 'default', 'task_queue': 'comfyui-gpu-farm', 'workflow_id': 'chain-image-edit-to-video-pipeline-720207e7-c6f3-4e67-b8a8-9501742f5b72', 'workflow_run_id': '019bb603-cb51-7a46-a556-b7fbd5a84a49', 'workflow_type': 'ChainExecutorWorkflow'})
2026-01-13 11:51:00,658 - temporalio.activity - INFO - ✓ Updated chain status ({'activity_id': '1', 'activity_type': 'update_chain_status_activity', 'attempt': 1, 'namespace': 'default', 'task_queue': 'comfyui-gpu-farm', 'workflow_id': 'chain-image-edit-to-video-pipeline-720207e7-c6f3-4e67-b8a8-9501742f5b72', 'workflow_run_id': '019bb603-cb51-7a46-a556-b7fbd5a84a49', 'workflow_type': 'ChainExecutorWorkflow'})
2026-01-13 11:51:00,668 - temporalio.workflow - INFO - Level 0: Executing 2 step(s) ({'attempt': 1, 'namespace': 'default', 'run_id': '019bb603-cb51-7a46-a556-b7fbd5a84a49', 'task_queue': 'comfyui-gpu-farm', 'workflow_id': 'chain-image-edit-to-video-pipeline-720207e7-c6f3-4e67-b8a8-9501742f5b72', 'workflow_type': 'ChainExecutorWorkflow'})
2026-01-13 11:51:00,669 - temporalio.workflow - INFO - Executing step: extract_frame1 ({'attempt': 1, 'namespace': 'default', 'run_id': '019bb603-cb51-7a46-a556-b7fbd5a84a49', 'task_queue': 'comfyui-gpu-farm', 'workflow_id': 'chain-image-edit-to-video-pipeline-720207e7-c6f3-4e67-b8a8-9501742f5b72', 'workflow_type': 'ChainExecutorWorkflow'})
2026-01-13 11:51:00,669 - temporalio.workflow - INFO - Executing step: extract_frame2 ({'attempt': 1, 'namespace': 'default', 'run_id': '019bb603-cb51-7a46-a556-b7fbd5a84a49', 'task_queue': 'comfyui-gpu-farm', 'workflow_id': 'chain-image-edit-to-video-pipeline-720207e7-c6f3-4e67-b8a8-9501742f5b72', 'workflow_type': 'ChainExecutorWorkflow'})
2026-01-13 11:51:00,678 - temporalio.activity - INFO - Resolving templates in parameters ({'activity_id': '2', 'activity_type': 'resolve_chain_templates', 'attempt': 1, 'namespace': 'default', 'task_queue': 'comfyui-gpu-farm', 'workflow_id': 'chain-image-edit-to-video-pipeline-720207e7-c6f3-4e67-b8a8-9501742f5b72', 'workflow_run_id': '019bb603-cb51-7a46-a556-b7fbd5a84a49', 'workflow_type': 'ChainExecutorWorkflow'})
2026-01-13 11:51:00,678 - temporalio.activity - INFO - Templates resolved successfully ({'activity_id': '2', 'activity_type': 'resolve_chain_templates', 'attempt': 1, 'namespace': 'default', 'task_queue': 'comfyui-gpu-farm', 'workflow_id': 'chain-image-edit-to-video-pipeline-720207e7-c6f3-4e67-b8a8-9501742f5b72', 'workflow_run_id': '019bb603-cb51-7a46-a556-b7fbd5a84a49', 'workflow_type': 'ChainExecutorWorkflow'})
2026-01-13 11:51:00,680 - temporalio.activity - INFO - Resolving templates in parameters ({'activity_id': '3', 'activity_type': 'resolve_chain_templates', 'attempt': 1, 'namespace': 'default', 'task_queue': 'comfyui-gpu-farm', 'workflow_id': 'chain-image-edit-to-video-pipeline-720207e7-c6f3-4e67-b8a8-9501742f5b72', 'workflow_run_id': '019bb603-cb51-7a46-a556-b7fbd5a84a49', 'workflow_type': 'ChainExecutorWorkflow'})
2026-01-13 11:51:00,680 - temporalio.activity - INFO - Templates resolved successfully ({'activity_id': '3', 'activity_type': 'resolve_chain_templates', 'attempt': 1, 'namespace': 'default', 'task_queue': 'comfyui-gpu-farm', 'workflow_id': 'chain-image-edit-to-video-pipeline-720207e7-c6f3-4e67-b8a8-9501742f5b72', 'workflow_run_id': '019bb603-cb51-7a46-a556-b7fbd5a84a49', 'workflow_type': 'ChainExecutorWorkflow'})
2026-01-13 11:51:00,691 - temporalio.workflow - INFO - Step extract_frame1: Resolved parameters ({'attempt': 1, 'namespace': 'default', 'run_id': '019bb603-cb51-7a46-a556-b7fbd5a84a49', 'task_queue': 'comfyui-gpu-farm', 'workflow_id': 'chain-image-edit-to-video-pipeline-720207e7-c6f3-4e67-b8a8-9501742f5b72', 'workflow_type': 'ChainExecutorWorkflow'})
2026-01-13 11:51:00,691 - temporalio.workflow - INFO - Step extract_frame2: Resolved parameters ({'attempt': 1, 'namespace': 'default', 'run_id': '019bb603-cb51-7a46-a556-b7fbd5a84a49', 'task_queue': 'comfyui-gpu-farm', 'workflow_id': 'chain-image-edit-to-video-pipeline-720207e7-c6f3-4e67-b8a8-9501742f5b72', 'workflow_type': 'ChainExecutorWorkflow'})
2026-01-13 11:51:00,701 - temporalio.activity - INFO - Applying parameters to workflow: imageSave ({'activity_id': '5', 'activity_type': 'apply_workflow_parameters', 'attempt': 1, 'namespace': 'default', 'task_queue': 'comfyui-gpu-farm', 'workflow_id': 'chain-image-edit-to-video-pipeline-720207e7-c6f3-4e67-b8a8-9501742f5b72', 'workflow_run_id': '019bb603-cb51-7a46-a556-b7fbd5a84a49', 'workflow_type': 'ChainExecutorWorkflow'})
2026-01-13 11:51:00,701 - temporal_gateway.registry - INFO - Applied override: 1.frame_load_cap = 1
2026-01-13 11:51:00,702 - temporal_gateway.registry - INFO - Applied override: 1.select_every_nth = 1
2026-01-13 11:51:00,702 - temporal_gateway.registry - INFO - Applied override: 1.skip_first_frames = 172
2026-01-13 11:51:00,702 - temporal_gateway.registry - INFO - Applied override: 1.video = ComfyUI_00012_.mp4
2026-01-13 11:51:00,702 - temporalio.activity - INFO - Parameters applied successfully ({'activity_id': '5', 'activity_type': 'apply_workflow_parameters', 'attempt': 1, 'namespace': 'default', 'task_queue': 'comfyui-gpu-farm', 'workflow_id': 'chain-image-edit-to-video-pipeline-720207e7-c6f3-4e67-b8a8-9501742f5b72', 'workflow_run_id': '019bb603-cb51-7a46-a556-b7fbd5a84a49', 'workflow_type': 'ChainExecutorWorkflow'})
2026-01-13 11:51:00,705 - temporalio.activity - INFO - Applying parameters to workflow: imageSave ({'activity_id': '4', 'activity_type': 'apply_workflow_parameters', 'attempt': 1, 'namespace': 'default', 'task_queue': 'comfyui-gpu-farm', 'workflow_id': 'chain-image-edit-to-video-pipeline-720207e7-c6f3-4e67-b8a8-9501742f5b72', 'workflow_run_id': '019bb603-cb51-7a46-a556-b7fbd5a84a49', 'workflow_type': 'ChainExecutorWorkflow'})
2026-01-13 11:51:00,705 - temporal_gateway.registry - INFO - Applied override: 1.frame_load_cap = 1
2026-01-13 11:51:00,705 - temporal_gateway.registry - INFO - Applied override: 1.select_every_nth = 1
2026-01-13 11:51:00,705 - temporal_gateway.registry - INFO - Applied override: 1.skip_first_frames = 0
2026-01-13 11:51:00,705 - temporal_gateway.registry - INFO - Applied override: 1.video = ComfyUI_00012_.mp4
2026-01-13 11:51:00,705 - temporalio.activity - INFO - Parameters applied successfully ({'activity_id': '4', 'activity_type': 'apply_workflow_parameters', 'attempt': 1, 'namespace': 'default', 'task_queue': 'comfyui-gpu-farm', 'workflow_id': 'chain-image-edit-to-video-pipeline-720207e7-c6f3-4e67-b8a8-9501742f5b72', 'workflow_run_id': '019bb603-cb51-7a46-a556-b7fbd5a84a49', 'workflow_type': 'ChainExecutorWorkflow'})
2026-01-13 11:51:00,723 - temporalio.activity - INFO - Selecting server with strategy: least_loaded ({'activity_id': '6', 'activity_type': 'select_best_server', 'attempt': 1, 'namespace': 'default', 'task_queue': 'comfyui-gpu-farm', 'workflow_id': 'chain-image-edit-to-video-pipeline-720207e7-c6f3-4e67-b8a8-9501742f5b72', 'workflow_run_id': '019bb603-cb51-7a46-a556-b7fbd5a84a49', 'workflow_type': 'ChainExecutorWorkflow'})
2026-01-13 11:51:00,772 - temporalio.activity - INFO - Selecting server with strategy: least_loaded ({'activity_id': '7', 'activity_type': 'select_best_server', 'attempt': 1, 'namespace': 'default', 'task_queue': 'comfyui-gpu-farm', 'workflow_id': 'chain-image-edit-to-video-pipeline-720207e7-c6f3-4e67-b8a8-9501742f5b72', 'workflow_run_id': '019bb603-cb51-7a46-a556-b7fbd5a84a49', 'workflow_type': 'ChainExecutorWorkflow'})
2026-01-13 11:51:00,873 - httpx - INFO - HTTP Request: GET http://procure-x.testmcp.org/system_stats "HTTP/1.1 200 OK"
2026-01-13 11:51:00,890 - httpx - INFO - HTTP Request: GET http://procure-x.testmcp.org/system_stats "HTTP/1.1 200 OK"
2026-01-13 11:51:00,896 - httpx - INFO - HTTP Request: GET http://procure-x.testmcp.org/queue "HTTP/1.1 200 OK"
2026-01-13 11:51:00,900 - temporal_gateway.servers.load_balancer - INFO - Selected server procure-x (queue_depth=0, gpu_mem=0.0%)
2026-01-13 11:51:00,900 - temporalio.activity - INFO - Selected server: procure-x (http://procure-x.testmcp.org) ({'activity_id': '6', 'activity_type': 'select_best_server', 'attempt': 1, 'namespace': 'default', 'task_queue': 'comfyui-gpu-farm', 'workflow_id': 'chain-image-edit-to-video-pipeline-720207e7-c6f3-4e67-b8a8-9501742f5b72', 'workflow_run_id': '019bb603-cb51-7a46-a556-b7fbd5a84a49', 'workflow_type': 'ChainExecutorWorkflow'})
2026-01-13 11:51:00,910 - temporalio.workflow - INFO - Step extract_frame2: Selected target server: http://procure-x.testmcp.org ({'attempt': 1, 'namespace': 'default', 'run_id': '019bb603-cb51-7a46-a556-b7fbd5a84a49', 'task_queue': 'comfyui-gpu-farm', 'workflow_id': 'chain-image-edit-to-video-pipeline-720207e7-c6f3-4e67-b8a8-9501742f5b72', 'workflow_type': 'ChainExecutorWorkflow'})
2026-01-13 11:51:00,919 - temporalio.activity - INFO - Creating workflow record: imageSave (prompt: pending) ({'activity_id': '8', 'activity_type': 'create_workflow_record', 'attempt': 1, 'namespace': 'default', 'task_queue': 'comfyui-gpu-farm', 'workflow_id': 'chain-image-edit-to-video-pipeline-720207e7-c6f3-4e67-b8a8-9501742f5b72', 'workflow_run_id': '019bb603-cb51-7a46-a556-b7fbd5a84a49', 'workflow_type': 'ChainExecutorWorkflow'})
2026-01-13 11:51:00,924 - temporalio.activity - INFO - ✓ Created workflow record: 47a9935a-02da-4e20-8189-b47bc6ca05e6 ({'activity_id': '8', 'activity_type': 'create_workflow_record', 'attempt': 1, 'namespace': 'default', 'task_queue': 'comfyui-gpu-farm', 'workflow_id': 'chain-image-edit-to-video-pipeline-720207e7-c6f3-4e67-b8a8-9501742f5b72', 'workflow_run_id': '019bb603-cb51-7a46-a556-b7fbd5a84a49', 'workflow_type': 'ChainExecutorWorkflow'})
2026-01-13 11:51:00,934 - temporalio.workflow - INFO - Step extract_frame2: Created workflow record 47a9935a-02da-4e20-8189-b47bc6ca05e6 ({'attempt': 1, 'namespace': 'default', 'run_id': '019bb603-cb51-7a46-a556-b7fbd5a84a49', 'task_queue': 'comfyui-gpu-farm', 'workflow_id': 'chain-image-edit-to-video-pipeline-720207e7-c6f3-4e67-b8a8-9501742f5b72', 'workflow_type': 'ChainExecutorWorkflow'})
2026-01-13 11:51:00,965 - temporalio.workflow - INFO - Starting ComfyUI workflow execution ({'attempt': 1, 'namespace': 'default', 'run_id': '019bb603-cc8b-7c36-b0cf-1a4348992a8d', 'task_queue': 'comfyui-gpu-farm', 'workflow_id': 'chain-image-edit-to-video-pipeline-720207e7-c6f3-4e67-b8a8-9501742f5b72-extract_frame2', 'workflow_type': 'ComfyUIWorkflow'})
2026-01-13 11:51:00,965 - temporalio.workflow - INFO - Generated client_id: c98d193a-6e65-4ec3-8c03-4fb90e75336b ({'attempt': 1, 'namespace': 'default', 'run_id': '019bb603-cc8b-7c36-b0cf-1a4348992a8d', 'task_queue': 'comfyui-gpu-farm', 'workflow_id': 'chain-image-edit-to-video-pipeline-720207e7-c6f3-4e67-b8a8-9501742f5b72-extract_frame2', 'workflow_type': 'ComfyUIWorkflow'})
2026-01-13 11:51:00,965 - temporalio.workflow - INFO - Using pre-selected server: http://procure-x.testmcp.org ({'attempt': 1, 'namespace': 'default', 'run_id': '019bb603-cc8b-7c36-b0cf-1a4348992a8d', 'task_queue': 'comfyui-gpu-farm', 'workflow_id': 'chain-image-edit-to-video-pipeline-720207e7-c6f3-4e67-b8a8-9501742f5b72-extract_frame2', 'workflow_type': 'ComfyUIWorkflow'})
2026-01-13 11:51:00,970 - httpx - INFO - HTTP Request: GET http://procure-x.testmcp.org/queue "HTTP/1.1 200 OK"
2026-01-13 11:51:00,972 - temporal_gateway.servers.load_balancer - INFO - Selected server procure-x (queue_depth=0, gpu_mem=0.0%)
2026-01-13 11:51:00,972 - temporalio.activity - INFO - Selected server: procure-x (http://procure-x.testmcp.org) ({'activity_id': '7', 'activity_type': 'select_best_server', 'attempt': 1, 'namespace': 'default', 'task_queue': 'comfyui-gpu-farm', 'workflow_id': 'chain-image-edit-to-video-pipeline-720207e7-c6f3-4e67-b8a8-9501742f5b72', 'workflow_run_id': '019bb603-cb51-7a46-a556-b7fbd5a84a49', 'workflow_type': 'ChainExecutorWorkflow'})
2026-01-13 11:51:00,976 - temporalio.activity - INFO - [V3] Executing workflow on http://procure-x.testmcp.org ({'activity_id': '1', 'activity_type': 'execute_and_track_workflow', 'attempt': 1, 'namespace': 'default', 'task_queue': 'comfyui-gpu-farm', 'workflow_id': 'chain-image-edit-to-video-pipeline-720207e7-c6f3-4e67-b8a8-9501742f5b72-extract_frame2', 'workflow_run_id': '019bb603-cc8b-7c36-b0cf-1a4348992a8d', 'workflow_type': 'ComfyUIWorkflow'})
2026-01-13 11:51:00,976 - temporalio.activity - INFO - [V3] Workflow name: imageSave ({'activity_id': '1', 'activity_type': 'execute_and_track_workflow', 'attempt': 1, 'namespace': 'default', 'task_queue': 'comfyui-gpu-farm', 'workflow_id': 'chain-image-edit-to-video-pipeline-720207e7-c6f3-4e67-b8a8-9501742f5b72-extract_frame2', 'workflow_run_id': '019bb603-cc8b-7c36-b0cf-1a4348992a8d', 'workflow_type': 'ComfyUIWorkflow'})
2026-01-13 11:51:01,024 - temporal_gateway.clients.comfy.client - INFO - ComfyUI client initialized for http://procure-x.testmcp.org
2026-01-13 11:51:01,024 - temporal_gateway.clients.comfy.client - INFO - Submitting workflow to ComfyUI
2026-01-13 11:51:01,026 - temporalio.workflow - INFO - Step extract_frame1: Selected target server: http://procure-x.testmcp.org ({'attempt': 1, 'namespace': 'default', 'run_id': '019bb603-cb51-7a46-a556-b7fbd5a84a49', 'task_queue': 'comfyui-gpu-farm', 'workflow_id': 'chain-image-edit-to-video-pipeline-720207e7-c6f3-4e67-b8a8-9501742f5b72', 'workflow_type': 'ChainExecutorWorkflow'})
2026-01-13 11:51:01,036 - temporalio.activity - INFO - Creating workflow record: imageSave (prompt: pending) ({'activity_id': '9', 'activity_type': 'create_workflow_record', 'attempt': 1, 'namespace': 'default', 'task_queue': 'comfyui-gpu-farm', 'workflow_id': 'chain-image-edit-to-video-pipeline-720207e7-c6f3-4e67-b8a8-9501742f5b72', 'workflow_run_id': '019bb603-cb51-7a46-a556-b7fbd5a84a49', 'workflow_type': 'ChainExecutorWorkflow'})
2026-01-13 11:51:01,040 - temporalio.activity - INFO - ✓ Created workflow record: 99d286f5-b361-4465-9a35-1f4e38ea5b54 ({'activity_id': '9', 'activity_type': 'create_workflow_record', 'attempt': 1, 'namespace': 'default', 'task_queue': 'comfyui-gpu-farm', 'workflow_id': 'chain-image-edit-to-video-pipeline-720207e7-c6f3-4e67-b8a8-9501742f5b72', 'workflow_run_id': '019bb603-cb51-7a46-a556-b7fbd5a84a49', 'workflow_type': 'ChainExecutorWorkflow'})
2026-01-13 11:51:01,049 - temporalio.workflow - INFO - Step extract_frame1: Created workflow record 99d286f5-b361-4465-9a35-1f4e38ea5b54 ({'attempt': 1, 'namespace': 'default', 'run_id': '019bb603-cb51-7a46-a556-b7fbd5a84a49', 'task_queue': 'comfyui-gpu-farm', 'workflow_id': 'chain-image-edit-to-video-pipeline-720207e7-c6f3-4e67-b8a8-9501742f5b72', 'workflow_type': 'ChainExecutorWorkflow'})
2026-01-13 11:51:01,072 - temporalio.workflow - INFO - Starting ComfyUI workflow execution ({'attempt': 1, 'namespace': 'default', 'run_id': '019bb603-ccfd-7c6a-b6d8-12ef77051774', 'task_queue': 'comfyui-gpu-farm', 'workflow_id': 'chain-image-edit-to-video-pipeline-720207e7-c6f3-4e67-b8a8-9501742f5b72-extract_frame1', 'workflow_type': 'ComfyUIWorkflow'})
2026-01-13 11:51:01,072 - temporalio.workflow - INFO - Generated client_id: 0563b9de-2474-4604-843e-3f43021db419 ({'attempt': 1, 'namespace': 'default', 'run_id': '019bb603-ccfd-7c6a-b6d8-12ef77051774', 'task_queue': 'comfyui-gpu-farm', 'workflow_id': 'chain-image-edit-to-video-pipeline-720207e7-c6f3-4e67-b8a8-9501742f5b72-extract_frame1', 'workflow_type': 'ComfyUIWorkflow'})
2026-01-13 11:51:01,072 - temporalio.workflow - INFO - Using pre-selected server: http://procure-x.testmcp.org ({'attempt': 1, 'namespace': 'default', 'run_id': '019bb603-ccfd-7c6a-b6d8-12ef77051774', 'task_queue': 'comfyui-gpu-farm', 'workflow_id': 'chain-image-edit-to-video-pipeline-720207e7-c6f3-4e67-b8a8-9501742f5b72-extract_frame1', 'workflow_type': 'ComfyUIWorkflow'})
2026-01-13 11:51:01,074 - httpx - INFO - HTTP Request: POST http://procure-x.testmcp.org/prompt "HTTP/1.1 200 OK"
2026-01-13 11:51:01,075 - temporal_gateway.clients.comfy.client - INFO - Workflow queued with prompt_id: 1920376f-00a7-4c75-9f59-cdabbdc15e10
2026-01-13 11:51:01,076 - temporal_gateway.clients.comfy.tracker - INFO - Starting execution tracking for prompt 1920376f-00a7-4c75-9f59-cdabbdc15e10
2026-01-13 11:51:01,076 - temporal_gateway.clients.comfy.tracker - INFO - Starting history polling
2026-01-13 11:51:01,077 - temporal_gateway.clients.comfy.tracker - INFO - Starting WebSocket listener
2026-01-13 11:51:01,077 - temporal_gateway.clients.comfy.websocket - INFO - Connecting to WebSocket: ws://procure-x.testmcp.org/ws?clientId=1a12da5e-8c06-4697-b065-d6226ac37cfe
2026-01-13 11:51:01,081 - temporalio.activity - INFO - [V3] Executing workflow on http://procure-x.testmcp.org ({'activity_id': '1', 'activity_type': 'execute_and_track_workflow', 'attempt': 1, 'namespace': 'default', 'task_queue': 'comfyui-gpu-farm', 'workflow_id': 'chain-image-edit-to-video-pipeline-720207e7-c6f3-4e67-b8a8-9501742f5b72-extract_frame1', 'workflow_run_id': '019bb603-ccfd-7c6a-b6d8-12ef77051774', 'workflow_type': 'ComfyUIWorkflow'})
2026-01-13 11:51:01,081 - temporalio.activity - INFO - [V3] Workflow name: imageSave ({'activity_id': '1', 'activity_type': 'execute_and_track_workflow', 'attempt': 1, 'namespace': 'default', 'task_queue': 'comfyui-gpu-farm', 'workflow_id': 'chain-image-edit-to-video-pipeline-720207e7-c6f3-4e67-b8a8-9501742f5b72-extract_frame1', 'workflow_run_id': '019bb603-ccfd-7c6a-b6d8-12ef77051774', 'workflow_type': 'ComfyUIWorkflow'})
2026-01-13 11:51:01,125 - temporal_gateway.clients.comfy.client - INFO - ComfyUI client initialized for http://procure-x.testmcp.org
2026-01-13 11:51:01,125 - temporal_gateway.clients.comfy.client - INFO - Submitting workflow to ComfyUI
2026-01-13 11:51:01,156 - httpx - INFO - HTTP Request: GET http://procure-x.testmcp.org/history/1920376f-00a7-4c75-9f59-cdabbdc15e10 "HTTP/1.1 200 OK"
2026-01-13 11:51:01,202 - httpx - INFO - HTTP Request: POST http://procure-x.testmcp.org/prompt "HTTP/1.1 200 OK"
2026-01-13 11:51:01,203 - temporal_gateway.clients.comfy.client - INFO - Workflow queued with prompt_id: a2942500-b47d-4f0e-996c-090e68b437ab
2026-01-13 11:51:01,203 - temporal_gateway.clients.comfy.tracker - INFO - Starting execution tracking for prompt a2942500-b47d-4f0e-996c-090e68b437ab
2026-01-13 11:51:01,203 - temporal_gateway.clients.comfy.tracker - INFO - Starting history polling
2026-01-13 11:51:01,204 - temporal_gateway.clients.comfy.tracker - INFO - Starting WebSocket listener
2026-01-13 11:51:01,205 - temporal_gateway.clients.comfy.websocket - INFO - Connecting to WebSocket: ws://procure-x.testmcp.org/ws?clientId=d3867a06-fbe9-4566-8dc3-9d1f213b7712
2026-01-13 11:51:01,208 - temporal_gateway.clients.comfy.websocket - INFO - WebSocket connected successfully
2026-01-13 11:51:01,222 - httpx - INFO - HTTP Request: GET http://procure-x.testmcp.org/history/a2942500-b47d-4f0e-996c-090e68b437ab "HTTP/1.1 200 OK"
2026-01-13 11:51:01,245 - temporal_gateway.clients.comfy.websocket - INFO - WebSocket connected successfully
2026-01-13 11:51:02,270 - httpx - INFO - HTTP Request: GET http://procure-x.testmcp.org/history/a2942500-b47d-4f0e-996c-090e68b437ab "HTTP/1.1 200 OK"
2026-01-13 11:51:02,275 - httpx - INFO - HTTP Request: GET http://procure-x.testmcp.org/history/1920376f-00a7-4c75-9f59-cdabbdc15e10 "HTTP/1.1 200 OK"
2026-01-13 11:51:02,557 - temporal_gateway.clients.comfy.tracker - INFO - [WS] Execution completed successfully
2026-01-13 11:51:02,918 - httpx - INFO - HTTP Request: GET http://procure-x.testmcp.org/history/1920376f-00a7-4c75-9f59-cdabbdc15e10 "HTTP/1.1 200 OK"
2026-01-13 11:51:02,921 - temporal_gateway.clients.comfy.tracker - INFO - Tracking completed: success (took 1.85s)
2026-01-13 11:51:02,923 - temporalio.activity - INFO - [V3] Workflow completed successfully ({'activity_id': '1', 'activity_type': 'execute_and_track_workflow', 'attempt': 1, 'namespace': 'default', 'task_queue': 'comfyui-gpu-farm', 'workflow_id': 'chain-image-edit-to-video-pipeline-720207e7-c6f3-4e67-b8a8-9501742f5b72-extract_frame2', 'workflow_run_id': '019bb603-cc8b-7c36-b0cf-1a4348992a8d', 'workflow_type': 'ComfyUIWorkflow'})
2026-01-13 11:51:02,946 - temporalio.workflow - INFO - Execution completed successfully ({'attempt': 1, 'namespace': 'default', 'run_id': '019bb603-cc8b-7c36-b0cf-1a4348992a8d', 'task_queue': 'comfyui-gpu-farm', 'workflow_id': 'chain-image-edit-to-video-pipeline-720207e7-c6f3-4e67-b8a8-9501742f5b72-extract_frame2', 'workflow_type': 'ComfyUIWorkflow'})
2026-01-13 11:51:02,954 - temporalio.activity - INFO - Extracting server output files ({'activity_id': '2', 'activity_type': 'get_server_output_files', 'attempt': 1, 'namespace': 'default', 'task_queue': 'comfyui-gpu-farm', 'workflow_id': 'chain-image-edit-to-video-pipeline-720207e7-c6f3-4e67-b8a8-9501742f5b72-extract_frame2', 'workflow_run_id': '019bb603-cc8b-7c36-b0cf-1a4348992a8d', 'workflow_type': 'ComfyUIWorkflow'})
2026-01-13 11:51:02,954 - temporalio.activity - INFO - Found 1 output file(s) ({'activity_id': '2', 'activity_type': 'get_server_output_files', 'attempt': 1, 'namespace': 'default', 'task_queue': 'comfyui-gpu-farm', 'workflow_id': 'chain-image-edit-to-video-pipeline-720207e7-c6f3-4e67-b8a8-9501742f5b72-extract_frame2', 'workflow_run_id': '019bb603-cc8b-7c36-b0cf-1a4348992a8d', 'workflow_type': 'ComfyUIWorkflow'})
2026-01-13 11:51:02,962 - temporalio.workflow - INFO - Found 1 server output file(s) ({'attempt': 1, 'namespace': 'default', 'run_id': '019bb603-cc8b-7c36-b0cf-1a4348992a8d', 'task_queue': 'comfyui-gpu-farm', 'workflow_id': 'chain-image-edit-to-video-pipeline-720207e7-c6f3-4e67-b8a8-9501742f5b72-extract_frame2', 'workflow_type': 'ComfyUIWorkflow'})
2026-01-13 11:51:02,970 - temporalio.activity - INFO - Downloading and persisting 1 artifact(s) for workflow 47a9935a-02da-4e20-8189-b47bc6ca05e6 ({'activity_id': '3', 'activity_type': 'download_and_store_artifacts', 'attempt': 1, 'namespace': 'default', 'task_queue': 'comfyui-gpu-farm', 'workflow_id': 'chain-image-edit-to-video-pipeline-720207e7-c6f3-4e67-b8a8-9501742f5b72-extract_frame2', 'workflow_run_id': '019bb603-cc8b-7c36-b0cf-1a4348992a8d', 'workflow_type': 'ComfyUIWorkflow'})
2026-01-13 11:51:03,013 - temporal_gateway.clients.comfy.client - INFO - ComfyUI client initialized for http://procure-x.testmcp.org
2026-01-13 11:51:03,126 - httpx - INFO - HTTP Request: GET http://procure-x.testmcp.org/view?filename=ComfyUI_00264_.png&type=output "HTTP/1.1 200 OK"
2026-01-13 11:51:03,129 - temporal_gateway.clients.comfy.tracker - INFO - [WS] Execution completed successfully
2026-01-13 11:51:03,228 - httpx - INFO - HTTP Request: GET http://procure-x.testmcp.org/history/a2942500-b47d-4f0e-996c-090e68b437ab "HTTP/1.1 200 OK"
2026-01-13 11:51:03,231 - temporal_gateway.clients.comfy.tracker - INFO - Tracking completed: success (took 2.03s)
2026-01-13 11:51:03,232 - temporalio.activity - INFO - [V3] Workflow completed successfully ({'activity_id': '1', 'activity_type': 'execute_and_track_workflow', 'attempt': 1, 'namespace': 'default', 'task_queue': 'comfyui-gpu-farm', 'workflow_id': 'chain-image-edit-to-video-pipeline-720207e7-c6f3-4e67-b8a8-9501742f5b72-extract_frame1', 'workflow_run_id': '019bb603-ccfd-7c6a-b6d8-12ef77051774', 'workflow_type': 'ComfyUIWorkflow'})
2026-01-13 11:51:03,251 - temporalio.workflow - INFO - Execution completed successfully ({'attempt': 1, 'namespace': 'default', 'run_id': '019bb603-ccfd-7c6a-b6d8-12ef77051774', 'task_queue': 'comfyui-gpu-farm', 'workflow_id': 'chain-image-edit-to-video-pipeline-720207e7-c6f3-4e67-b8a8-9501742f5b72-extract_frame1', 'workflow_type': 'ComfyUIWorkflow'})
2026-01-13 11:51:03,259 - temporalio.activity - INFO - Extracting server output files ({'activity_id': '2', 'activity_type': 'get_server_output_files', 'attempt': 1, 'namespace': 'default', 'task_queue': 'comfyui-gpu-farm', 'workflow_id': 'chain-image-edit-to-video-pipeline-720207e7-c6f3-4e67-b8a8-9501742f5b72-extract_frame1', 'workflow_run_id': '019bb603-ccfd-7c6a-b6d8-12ef77051774', 'workflow_type': 'ComfyUIWorkflow'})
2026-01-13 11:51:03,259 - temporalio.activity - INFO - Found 1 output file(s) ({'activity_id': '2', 'activity_type': 'get_server_output_files', 'attempt': 1, 'namespace': 'default', 'task_queue': 'comfyui-gpu-farm', 'workflow_id': 'chain-image-edit-to-video-pipeline-720207e7-c6f3-4e67-b8a8-9501742f5b72-extract_frame1', 'workflow_run_id': '019bb603-ccfd-7c6a-b6d8-12ef77051774', 'workflow_type': 'ComfyUIWorkflow'})
2026-01-13 11:51:03,267 - temporalio.workflow - INFO - Found 1 server output file(s) ({'attempt': 1, 'namespace': 'default', 'run_id': '019bb603-ccfd-7c6a-b6d8-12ef77051774', 'task_queue': 'comfyui-gpu-farm', 'workflow_id': 'chain-image-edit-to-video-pipeline-720207e7-c6f3-4e67-b8a8-9501742f5b72-extract_frame1', 'workflow_type': 'ComfyUIWorkflow'})
2026-01-13 11:51:03,275 - temporalio.activity - INFO - Downloading and persisting 1 artifact(s) for workflow 99d286f5-b361-4465-9a35-1f4e38ea5b54 ({'activity_id': '3', 'activity_type': 'download_and_store_artifacts', 'attempt': 1, 'namespace': 'default', 'task_queue': 'comfyui-gpu-farm', 'workflow_id': 'chain-image-edit-to-video-pipeline-720207e7-c6f3-4e67-b8a8-9501742f5b72-extract_frame1', 'workflow_run_id': '019bb603-ccfd-7c6a-b6d8-12ef77051774', 'workflow_type': 'ComfyUIWorkflow'})
2026-01-13 11:51:03,318 - temporal_gateway.clients.comfy.client - INFO - ComfyUI client initialized for http://procure-x.testmcp.org
2026-01-13 11:51:03,460 - httpx - INFO - HTTP Request: GET http://procure-x.testmcp.org/view?filename=ComfyUI_00265_.png&type=output "HTTP/1.1 200 OK"
2026-01-13 11:51:04,375 - temporalio.activity - INFO - ✓ Saved artifact to DB: 4e25bd36-4b05-46b2-9cd2-ef9430620087 (ComfyUI_00264_.png) ({'activity_id': '3', 'activity_type': 'download_and_store_artifacts', 'attempt': 1, 'namespace': 'default', 'task_queue': 'comfyui-gpu-farm', 'workflow_id': 'chain-image-edit-to-video-pipeline-720207e7-c6f3-4e67-b8a8-9501742f5b72-extract_frame2', 'workflow_run_id': '019bb603-cc8b-7c36-b0cf-1a4348992a8d', 'workflow_type': 'ComfyUIWorkflow'})
2026-01-13 11:51:04,377 - temporalio.activity - INFO - Downloaded and persisted 1 artifact(s) ({'activity_id': '3', 'activity_type': 'download_and_store_artifacts', 'attempt': 1, 'namespace': 'default', 'task_queue': 'comfyui-gpu-farm', 'workflow_id': 'chain-image-edit-to-video-pipeline-720207e7-c6f3-4e67-b8a8-9501742f5b72-extract_frame2', 'workflow_run_id': '019bb603-cc8b-7c36-b0cf-1a4348992a8d', 'workflow_type': 'ComfyUIWorkflow'})
2026-01-13 11:51:04,396 - temporalio.workflow - INFO - Downloaded 1 file(s) locally ({'attempt': 1, 'namespace': 'default', 'run_id': '019bb603-cc8b-7c36-b0cf-1a4348992a8d', 'task_queue': 'comfyui-gpu-farm', 'workflow_id': 'chain-image-edit-to-video-pipeline-720207e7-c6f3-4e67-b8a8-9501742f5b72-extract_frame2', 'workflow_type': 'ComfyUIWorkflow'})
2026-01-13 11:51:04,416 - temporalio.activity - INFO - Updating workflow 47a9935a-02da-4e20-8189-b47bc6ca05e6 status to: completed ({'activity_id': '10', 'activity_type': 'update_workflow_status_activity', 'attempt': 1, 'namespace': 'default', 'task_queue': 'comfyui-gpu-farm', 'workflow_id': 'chain-image-edit-to-video-pipeline-720207e7-c6f3-4e67-b8a8-9501742f5b72', 'workflow_run_id': '019bb603-cb51-7a46-a556-b7fbd5a84a49', 'workflow_type': 'ChainExecutorWorkflow'})
2026-01-13 11:51:04,419 - temporalio.activity - INFO - ✓ Updated workflow status ({'activity_id': '10', 'activity_type': 'update_workflow_status_activity', 'attempt': 1, 'namespace': 'default', 'task_queue': 'comfyui-gpu-farm', 'workflow_id': 'chain-image-edit-to-video-pipeline-720207e7-c6f3-4e67-b8a8-9501742f5b72', 'workflow_run_id': '019bb603-cb51-7a46-a556-b7fbd5a84a49', 'workflow_type': 'ChainExecutorWorkflow'})
2026-01-13 11:51:04,428 - temporalio.workflow - INFO - Step extract_frame2: Approval required, fetching artifacts... ({'attempt': 1, 'namespace': 'default', 'run_id': '019bb603-cb51-7a46-a556-b7fbd5a84a49', 'task_queue': 'comfyui-gpu-farm', 'workflow_id': 'chain-image-edit-to-video-pipeline-720207e7-c6f3-4e67-b8a8-9501742f5b72', 'workflow_type': 'ChainExecutorWorkflow'})
2026-01-13 11:51:04,436 - temporalio.activity - INFO - Getting artifacts for workflow: 47a9935a-02da-4e20-8189-b47bc6ca05e6 ({'activity_id': '11', 'activity_type': 'get_workflow_artifacts', 'attempt': 1, 'namespace': 'default', 'task_queue': 'comfyui-gpu-farm', 'workflow_id': 'chain-image-edit-to-video-pipeline-720207e7-c6f3-4e67-b8a8-9501742f5b72', 'workflow_run_id': '019bb603-cb51-7a46-a556-b7fbd5a84a49', 'workflow_type': 'ChainExecutorWorkflow'})
2026-01-13 11:51:04,452 - temporalio.activity - INFO - Creating approval request for artifact: 4e25bd36-4b05-46b2-9cd2-ef9430620087 ({'activity_id': '12', 'activity_type': 'create_approval_request_activity', 'attempt': 1, 'namespace': 'default', 'task_queue': 'comfyui-gpu-farm', 'workflow_id': 'chain-image-edit-to-video-pipeline-720207e7-c6f3-4e67-b8a8-9501742f5b72', 'workflow_run_id': '019bb603-cb51-7a46-a556-b7fbd5a84a49', 'workflow_type': 'ChainExecutorWorkflow'})
2026-01-13 11:51:04,456 - temporalio.activity - INFO - ✓ Created approval request: 30252cfa-a252-4a47-a88f-71097784ae43, token: BOo-QI_c1UG4SA6l... ({'activity_id': '12', 'activity_type': 'create_approval_request_activity', 'attempt': 1, 'namespace': 'default', 'task_queue': 'comfyui-gpu-farm', 'workflow_id': 'chain-image-edit-to-video-pipeline-720207e7-c6f3-4e67-b8a8-9501742f5b72', 'workflow_run_id': '019bb603-cb51-7a46-a556-b7fbd5a84a49', 'workflow_type': 'ChainExecutorWorkflow'})
2026-01-13 11:51:04,456 - temporal_gateway.services.broadcast - INFO - Published approval_requested to chain:ed4506aa-25cd-4c2b-8bae-c9352ab1f3c8
2026-01-13 11:51:04,456 - temporalio.activity - INFO - Published approval_requested event for chain ed4506aa-25cd-4c2b-8bae-c9352ab1f3c8 ({'activity_id': '12', 'activity_type': 'create_approval_request_activity', 'attempt': 1, 'namespace': 'default', 'task_queue': 'comfyui-gpu-farm', 'workflow_id': 'chain-image-edit-to-video-pipeline-720207e7-c6f3-4e67-b8a8-9501742f5b72', 'workflow_run_id': '019bb603-cb51-7a46-a556-b7fbd5a84a49', 'workflow_type': 'ChainExecutorWorkflow'})
2026-01-13 11:51:04,465 - temporalio.workflow - INFO - Step extract_frame2: Approval request created, token: BOo-QI_c1UG4SA6l... ({'attempt': 1, 'namespace': 'default', 'run_id': '019bb603-cb51-7a46-a556-b7fbd5a84a49', 'task_queue': 'comfyui-gpu-farm', 'workflow_id': 'chain-image-edit-to-video-pipeline-720207e7-c6f3-4e67-b8a8-9501742f5b72', 'workflow_type': 'ChainExecutorWorkflow'})
2026-01-13 11:51:04,720 - temporalio.activity - INFO - ✓ Saved artifact to DB: e4c34bf8-83a6-41bc-80f3-e3fc1fa2d9cd (ComfyUI_00265_.png) ({'activity_id': '3', 'activity_type': 'download_and_store_artifacts', 'attempt': 1, 'namespace': 'default', 'task_queue': 'comfyui-gpu-farm', 'workflow_id': 'chain-image-edit-to-video-pipeline-720207e7-c6f3-4e67-b8a8-9501742f5b72-extract_frame1', 'workflow_run_id': '019bb603-ccfd-7c6a-b6d8-12ef77051774', 'workflow_type': 'ComfyUIWorkflow'})
2026-01-13 11:51:04,722 - temporalio.activity - INFO - Downloaded and persisted 1 artifact(s) ({'activity_id': '3', 'activity_type': 'download_and_store_artifacts', 'attempt': 1, 'namespace': 'default', 'task_queue': 'comfyui-gpu-farm', 'workflow_id': 'chain-image-edit-to-video-pipeline-720207e7-c6f3-4e67-b8a8-9501742f5b72-extract_frame1', 'workflow_run_id': '019bb603-ccfd-7c6a-b6d8-12ef77051774', 'workflow_type': 'ComfyUIWorkflow'})
2026-01-13 11:51:04,746 - temporalio.workflow - INFO - Downloaded 1 file(s) locally ({'attempt': 1, 'namespace': 'default', 'run_id': '019bb603-ccfd-7c6a-b6d8-12ef77051774', 'task_queue': 'comfyui-gpu-farm', 'workflow_id': 'chain-image-edit-to-video-pipeline-720207e7-c6f3-4e67-b8a8-9501742f5b72-extract_frame1', 'workflow_type': 'ComfyUIWorkflow'})
2026-01-13 11:51:04,768 - temporalio.activity - INFO - Updating workflow 99d286f5-b361-4465-9a35-1f4e38ea5b54 status to: completed ({'activity_id': '13', 'activity_type': 'update_workflow_status_activity', 'attempt': 1, 'namespace': 'default', 'task_queue': 'comfyui-gpu-farm', 'workflow_id': 'chain-image-edit-to-video-pipeline-720207e7-c6f3-4e67-b8a8-9501742f5b72', 'workflow_run_id': '019bb603-cb51-7a46-a556-b7fbd5a84a49', 'workflow_type': 'ChainExecutorWorkflow'})
2026-01-13 11:51:04,772 - temporalio.activity - INFO - ✓ Updated workflow status ({'activity_id': '13', 'activity_type': 'update_workflow_status_activity', 'attempt': 1, 'namespace': 'default', 'task_queue': 'comfyui-gpu-farm', 'workflow_id': 'chain-image-edit-to-video-pipeline-720207e7-c6f3-4e67-b8a8-9501742f5b72', 'workflow_run_id': '019bb603-cb51-7a46-a556-b7fbd5a84a49', 'workflow_type': 'ChainExecutorWorkflow'})
2026-01-13 11:51:04,780 - temporalio.workflow - INFO - Step extract_frame1: Approval required, fetching artifacts... ({'attempt': 1, 'namespace': 'default', 'run_id': '019bb603-cb51-7a46-a556-b7fbd5a84a49', 'task_queue': 'comfyui-gpu-farm', 'workflow_id': 'chain-image-edit-to-video-pipeline-720207e7-c6f3-4e67-b8a8-9501742f5b72', 'workflow_type': 'ChainExecutorWorkflow'})
2026-01-13 11:51:04,787 - temporalio.activity - INFO - Getting artifacts for workflow: 99d286f5-b361-4465-9a35-1f4e38ea5b54 ({'activity_id': '14', 'activity_type': 'get_workflow_artifacts', 'attempt': 1, 'namespace': 'default', 'task_queue': 'comfyui-gpu-farm', 'workflow_id': 'chain-image-edit-to-video-pipeline-720207e7-c6f3-4e67-b8a8-9501742f5b72', 'workflow_run_id': '019bb603-cb51-7a46-a556-b7fbd5a84a49', 'workflow_type': 'ChainExecutorWorkflow'})
2026-01-13 11:51:04,808 - temporalio.activity - INFO - Creating approval request for artifact: e4c34bf8-83a6-41bc-80f3-e3fc1fa2d9cd ({'activity_id': '15', 'activity_type': 'create_approval_request_activity', 'attempt': 1, 'namespace': 'default', 'task_queue': 'comfyui-gpu-farm', 'workflow_id': 'chain-image-edit-to-video-pipeline-720207e7-c6f3-4e67-b8a8-9501742f5b72', 'workflow_run_id': '019bb603-cb51-7a46-a556-b7fbd5a84a49', 'workflow_type': 'ChainExecutorWorkflow'})
2026-01-13 11:51:04,811 - temporalio.activity - INFO - ✓ Created approval request: a18360ce-b644-4069-8c9a-c3fefa44ebf1, token: lI8TxgmYur-Fy9b5... ({'activity_id': '15', 'activity_type': 'create_approval_request_activity', 'attempt': 1, 'namespace': 'default', 'task_queue': 'comfyui-gpu-farm', 'workflow_id': 'chain-image-edit-to-video-pipeline-720207e7-c6f3-4e67-b8a8-9501742f5b72', 'workflow_run_id': '019bb603-cb51-7a46-a556-b7fbd5a84a49', 'workflow_type': 'ChainExecutorWorkflow'})
2026-01-13 11:51:04,812 - temporal_gateway.services.broadcast - INFO - Published approval_requested to chain:ed4506aa-25cd-4c2b-8bae-c9352ab1f3c8
2026-01-13 11:51:04,812 - temporalio.activity - INFO - Published approval_requested event for chain ed4506aa-25cd-4c2b-8bae-c9352ab1f3c8 ({'activity_id': '15', 'activity_type': 'create_approval_request_activity', 'attempt': 1, 'namespace': 'default', 'task_queue': 'comfyui-gpu-farm', 'workflow_id': 'chain-image-edit-to-video-pipeline-720207e7-c6f3-4e67-b8a8-9501742f5b72', 'workflow_run_id': '019bb603-cb51-7a46-a556-b7fbd5a84a49', 'workflow_type': 'ChainExecutorWorkflow'})
2026-01-13 11:51:04,821 - temporalio.workflow - INFO - Step extract_frame1: Approval request created, token: lI8TxgmYur-Fy9b5... ({'attempt': 1, 'namespace': 'default', 'run_id': '019bb603-cb51-7a46-a556-b7fbd5a84a49', 'task_queue': 'comfyui-gpu-farm', 'workflow_id': 'chain-image-edit-to-video-pipeline-720207e7-c6f3-4e67-b8a8-9501742f5b72', 'workflow_type': 'ChainExecutorWorkflow'})
2026-01-13 11:51:37,373 - temporalio.workflow - INFO - Starting chain execution: image-edit-to-video-pipeline ({'attempt': 1, 'namespace': 'default', 'run_id': '019bb604-5ac5-7ed9-8ba9-16b25817c3c4', 'task_queue': 'comfyui-gpu-farm', 'workflow_id': 'chain-image-edit-to-video-pipeline-256560d4-d19a-405f-85d1-a89289165fa2', 'workflow_type': 'ChainExecutorWorkflow'})
2026-01-13 11:51:37,373 - temporalio.workflow - INFO - Retry number: 0 ({'attempt': 1, 'namespace': 'default', 'run_id': '019bb604-5ac5-7ed9-8ba9-16b25817c3c4', 'task_queue': 'comfyui-gpu-farm', 'workflow_id': 'chain-image-edit-to-video-pipeline-256560d4-d19a-405f-85d1-a89289165fa2', 'workflow_type': 'ChainExecutorWorkflow'})
2026-01-13 11:51:37,373 - temporalio.workflow - INFO - Cached steps: [] ({'attempt': 1, 'namespace': 'default', 'run_id': '019bb604-5ac5-7ed9-8ba9-16b25817c3c4', 'task_queue': 'comfyui-gpu-farm', 'workflow_id': 'chain-image-edit-to-video-pipeline-256560d4-d19a-405f-85d1-a89289165fa2', 'workflow_type': 'ChainExecutorWorkflow'})
2026-01-13 11:51:37,373 - temporalio.workflow - INFO - Total levels: 3 ({'attempt': 1, 'namespace': 'default', 'run_id': '019bb604-5ac5-7ed9-8ba9-16b25817c3c4', 'task_queue': 'comfyui-gpu-farm', 'workflow_id': 'chain-image-edit-to-video-pipeline-256560d4-d19a-405f-85d1-a89289165fa2', 'workflow_type': 'ChainExecutorWorkflow'})
2026-01-13 11:51:37,373 - temporalio.workflow - INFO - Using chain ID: 37db8b48-3392-4f6c-b7d3-69696e7b1451 ({'attempt': 1, 'namespace': 'default', 'run_id': '019bb604-5ac5-7ed9-8ba9-16b25817c3c4', 'task_queue': 'comfyui-gpu-farm', 'workflow_id': 'chain-image-edit-to-video-pipeline-256560d4-d19a-405f-85d1-a89289165fa2', 'workflow_type': 'ChainExecutorWorkflow'})
2026-01-13 11:51:37,383 - temporalio.activity - INFO - Updating chain 37db8b48-3392-4f6c-b7d3-69696e7b1451 status to: executing_level_0 ({'activity_id': '1', 'activity_type': 'update_chain_status_activity', 'attempt': 1, 'namespace': 'default', 'task_queue': 'comfyui-gpu-farm', 'workflow_id': 'chain-image-edit-to-video-pipeline-256560d4-d19a-405f-85d1-a89289165fa2', 'workflow_run_id': '019bb604-5ac5-7ed9-8ba9-16b25817c3c4', 'workflow_type': 'ChainExecutorWorkflow'})
2026-01-13 11:51:37,392 - temporalio.activity - INFO - ✓ Updated chain status ({'activity_id': '1', 'activity_type': 'update_chain_status_activity', 'attempt': 1, 'namespace': 'default', 'task_queue': 'comfyui-gpu-farm', 'workflow_id': 'chain-image-edit-to-video-pipeline-256560d4-d19a-405f-85d1-a89289165fa2', 'workflow_run_id': '019bb604-5ac5-7ed9-8ba9-16b25817c3c4', 'workflow_type': 'ChainExecutorWorkflow'})
2026-01-13 11:51:37,402 - temporalio.workflow - INFO - Level 0: Executing 2 step(s) ({'attempt': 1, 'namespace': 'default', 'run_id': '019bb604-5ac5-7ed9-8ba9-16b25817c3c4', 'task_queue': 'comfyui-gpu-farm', 'workflow_id': 'chain-image-edit-to-video-pipeline-256560d4-d19a-405f-85d1-a89289165fa2', 'workflow_type': 'ChainExecutorWorkflow'})
2026-01-13 11:51:37,402 - temporalio.workflow - INFO - Executing step: extract_frame1 ({'attempt': 1, 'namespace': 'default', 'run_id': '019bb604-5ac5-7ed9-8ba9-16b25817c3c4', 'task_queue': 'comfyui-gpu-farm', 'workflow_id': 'chain-image-edit-to-video-pipeline-256560d4-d19a-405f-85d1-a89289165fa2', 'workflow_type': 'ChainExecutorWorkflow'})
2026-01-13 11:51:37,402 - temporalio.workflow - INFO - Executing step: extract_frame2 ({'attempt': 1, 'namespace': 'default', 'run_id': '019bb604-5ac5-7ed9-8ba9-16b25817c3c4', 'task_queue': 'comfyui-gpu-farm', 'workflow_id': 'chain-image-edit-to-video-pipeline-256560d4-d19a-405f-85d1-a89289165fa2', 'workflow_type': 'ChainExecutorWorkflow'})
2026-01-13 11:51:37,412 - temporalio.activity - INFO - Resolving templates in parameters ({'activity_id': '2', 'activity_type': 'resolve_chain_templates', 'attempt': 1, 'namespace': 'default', 'task_queue': 'comfyui-gpu-farm', 'workflow_id': 'chain-image-edit-to-video-pipeline-256560d4-d19a-405f-85d1-a89289165fa2', 'workflow_run_id': '019bb604-5ac5-7ed9-8ba9-16b25817c3c4', 'workflow_type': 'ChainExecutorWorkflow'})
2026-01-13 11:51:37,412 - temporalio.activity - INFO - Templates resolved successfully ({'activity_id': '2', 'activity_type': 'resolve_chain_templates', 'attempt': 1, 'namespace': 'default', 'task_queue': 'comfyui-gpu-farm', 'workflow_id': 'chain-image-edit-to-video-pipeline-256560d4-d19a-405f-85d1-a89289165fa2', 'workflow_run_id': '019bb604-5ac5-7ed9-8ba9-16b25817c3c4', 'workflow_type': 'ChainExecutorWorkflow'})
2026-01-13 11:51:37,415 - temporalio.activity - INFO - Resolving templates in parameters ({'activity_id': '3', 'activity_type': 'resolve_chain_templates', 'attempt': 1, 'namespace': 'default', 'task_queue': 'comfyui-gpu-farm', 'workflow_id': 'chain-image-edit-to-video-pipeline-256560d4-d19a-405f-85d1-a89289165fa2', 'workflow_run_id': '019bb604-5ac5-7ed9-8ba9-16b25817c3c4', 'workflow_type': 'ChainExecutorWorkflow'})
2026-01-13 11:51:37,415 - temporalio.activity - INFO - Templates resolved successfully ({'activity_id': '3', 'activity_type': 'resolve_chain_templates', 'attempt': 1, 'namespace': 'default', 'task_queue': 'comfyui-gpu-farm', 'workflow_id': 'chain-image-edit-to-video-pipeline-256560d4-d19a-405f-85d1-a89289165fa2', 'workflow_run_id': '019bb604-5ac5-7ed9-8ba9-16b25817c3c4', 'workflow_type': 'ChainExecutorWorkflow'})
2026-01-13 11:51:37,426 - temporalio.workflow - INFO - Step extract_frame1: Resolved parameters ({'attempt': 1, 'namespace': 'default', 'run_id': '019bb604-5ac5-7ed9-8ba9-16b25817c3c4', 'task_queue': 'comfyui-gpu-farm', 'workflow_id': 'chain-image-edit-to-video-pipeline-256560d4-d19a-405f-85d1-a89289165fa2', 'workflow_type': 'ChainExecutorWorkflow'})
2026-01-13 11:51:37,427 - temporalio.workflow - INFO - Step extract_frame2: Resolved parameters ({'attempt': 1, 'namespace': 'default', 'run_id': '019bb604-5ac5-7ed9-8ba9-16b25817c3c4', 'task_queue': 'comfyui-gpu-farm', 'workflow_id': 'chain-image-edit-to-video-pipeline-256560d4-d19a-405f-85d1-a89289165fa2', 'workflow_type': 'ChainExecutorWorkflow'})
2026-01-13 11:51:37,435 - temporalio.activity - INFO - Applying parameters to workflow: imageSave ({'activity_id': '5', 'activity_type': 'apply_workflow_parameters', 'attempt': 1, 'namespace': 'default', 'task_queue': 'comfyui-gpu-farm', 'workflow_id': 'chain-image-edit-to-video-pipeline-256560d4-d19a-405f-85d1-a89289165fa2', 'workflow_run_id': '019bb604-5ac5-7ed9-8ba9-16b25817c3c4', 'workflow_type': 'ChainExecutorWorkflow'})
2026-01-13 11:51:37,436 - temporal_gateway.registry - INFO - Applied override: 1.frame_load_cap = 1
2026-01-13 11:51:37,436 - temporal_gateway.registry - INFO - Applied override: 1.select_every_nth = 1
2026-01-13 11:51:37,436 - temporal_gateway.registry - INFO - Applied override: 1.skip_first_frames = 172
2026-01-13 11:51:37,436 - temporal_gateway.registry - INFO - Applied override: 1.video = ComfyUI_00012_.mp4
2026-01-13 11:51:37,436 - temporalio.activity - INFO - Parameters applied successfully ({'activity_id': '5', 'activity_type': 'apply_workflow_parameters', 'attempt': 1, 'namespace': 'default', 'task_queue': 'comfyui-gpu-farm', 'workflow_id': 'chain-image-edit-to-video-pipeline-256560d4-d19a-405f-85d1-a89289165fa2', 'workflow_run_id': '019bb604-5ac5-7ed9-8ba9-16b25817c3c4', 'workflow_type': 'ChainExecutorWorkflow'})
2026-01-13 11:51:37,438 - temporalio.activity - INFO - Applying parameters to workflow: imageSave ({'activity_id': '4', 'activity_type': 'apply_workflow_parameters', 'attempt': 1, 'namespace': 'default', 'task_queue': 'comfyui-gpu-farm', 'workflow_id': 'chain-image-edit-to-video-pipeline-256560d4-d19a-405f-85d1-a89289165fa2', 'workflow_run_id': '019bb604-5ac5-7ed9-8ba9-16b25817c3c4', 'workflow_type': 'ChainExecutorWorkflow'})
2026-01-13 11:51:37,438 - temporal_gateway.registry - INFO - Applied override: 1.frame_load_cap = 1
2026-01-13 11:51:37,438 - temporal_gateway.registry - INFO - Applied override: 1.select_every_nth = 1
2026-01-13 11:51:37,438 - temporal_gateway.registry - INFO - Applied override: 1.skip_first_frames = 0
2026-01-13 11:51:37,438 - temporal_gateway.registry - INFO - Applied override: 1.video = ComfyUI_00012_.mp4
2026-01-13 11:51:37,438 - temporalio.activity - INFO - Parameters applied successfully ({'activity_id': '4', 'activity_type': 'apply_workflow_parameters', 'attempt': 1, 'namespace': 'default', 'task_queue': 'comfyui-gpu-farm', 'workflow_id': 'chain-image-edit-to-video-pipeline-256560d4-d19a-405f-85d1-a89289165fa2', 'workflow_run_id': '019bb604-5ac5-7ed9-8ba9-16b25817c3c4', 'workflow_type': 'ChainExecutorWorkflow'})
2026-01-13 11:51:37,464 - temporalio.activity - INFO - Selecting server with strategy: least_loaded ({'activity_id': '6', 'activity_type': 'select_best_server', 'attempt': 1, 'namespace': 'default', 'task_queue': 'comfyui-gpu-farm', 'workflow_id': 'chain-image-edit-to-video-pipeline-256560d4-d19a-405f-85d1-a89289165fa2', 'workflow_run_id': '019bb604-5ac5-7ed9-8ba9-16b25817c3c4', 'workflow_type': 'ChainExecutorWorkflow'})
2026-01-13 11:51:37,532 - temporalio.activity - INFO - Selecting server with strategy: least_loaded ({'activity_id': '7', 'activity_type': 'select_best_server', 'attempt': 1, 'namespace': 'default', 'task_queue': 'comfyui-gpu-farm', 'workflow_id': 'chain-image-edit-to-video-pipeline-256560d4-d19a-405f-85d1-a89289165fa2', 'workflow_run_id': '019bb604-5ac5-7ed9-8ba9-16b25817c3c4', 'workflow_type': 'ChainExecutorWorkflow'})
2026-01-13 11:51:37,895 - httpx - INFO - HTTP Request: GET http://procure-x.testmcp.org/system_stats "HTTP/1.1 200 OK"
2026-01-13 11:51:37,913 - httpx - INFO - HTTP Request: GET http://procure-x.testmcp.org/system_stats "HTTP/1.1 200 OK"
2026-01-13 11:51:37,939 - httpx - INFO - HTTP Request: GET http://procure-x.testmcp.org/queue "HTTP/1.1 200 OK"
2026-01-13 11:51:37,942 - temporal_gateway.servers.load_balancer - INFO - Selected server procure-x (queue_depth=0, gpu_mem=0.0%)
2026-01-13 11:51:37,942 - temporalio.activity - INFO - Selected server: procure-x (http://procure-x.testmcp.org) ({'activity_id': '7', 'activity_type': 'select_best_server', 'attempt': 1, 'namespace': 'default', 'task_queue': 'comfyui-gpu-farm', 'workflow_id': 'chain-image-edit-to-video-pipeline-256560d4-d19a-405f-85d1-a89289165fa2', 'workflow_run_id': '019bb604-5ac5-7ed9-8ba9-16b25817c3c4', 'workflow_type': 'ChainExecutorWorkflow'})
2026-01-13 11:51:37,955 - httpx - INFO - HTTP Request: GET http://procure-x.testmcp.org/queue "HTTP/1.1 200 OK"
2026-01-13 11:51:37,956 - temporal_gateway.servers.load_balancer - INFO - Selected server procure-x (queue_depth=0, gpu_mem=0.0%)
2026-01-13 11:51:37,956 - temporalio.activity - INFO - Selected server: procure-x (http://procure-x.testmcp.org) ({'activity_id': '6', 'activity_type': 'select_best_server', 'attempt': 1, 'namespace': 'default', 'task_queue': 'comfyui-gpu-farm', 'workflow_id': 'chain-image-edit-to-video-pipeline-256560d4-d19a-405f-85d1-a89289165fa2', 'workflow_run_id': '019bb604-5ac5-7ed9-8ba9-16b25817c3c4', 'workflow_type': 'ChainExecutorWorkflow'})
2026-01-13 11:51:37,958 - temporalio.workflow - INFO - Step extract_frame1: Selected target server: http://procure-x.testmcp.org ({'attempt': 1, 'namespace': 'default', 'run_id': '019bb604-5ac5-7ed9-8ba9-16b25817c3c4', 'task_queue': 'comfyui-gpu-farm', 'workflow_id': 'chain-image-edit-to-video-pipeline-256560d4-d19a-405f-85d1-a89289165fa2', 'workflow_type': 'ChainExecutorWorkflow'})
2026-01-13 11:51:37,968 - temporalio.workflow - INFO - Step extract_frame2: Selected target server: http://procure-x.testmcp.org ({'attempt': 1, 'namespace': 'default', 'run_id': '019bb604-5ac5-7ed9-8ba9-16b25817c3c4', 'task_queue': 'comfyui-gpu-farm', 'workflow_id': 'chain-image-edit-to-video-pipeline-256560d4-d19a-405f-85d1-a89289165fa2', 'workflow_type': 'ChainExecutorWorkflow'})
2026-01-13 11:51:37,972 - temporalio.activity - INFO - Creating workflow record: imageSave (prompt: pending) ({'activity_id': '8', 'activity_type': 'create_workflow_record', 'attempt': 1, 'namespace': 'default', 'task_queue': 'comfyui-gpu-farm', 'workflow_id': 'chain-image-edit-to-video-pipeline-256560d4-d19a-405f-85d1-a89289165fa2', 'workflow_run_id': '019bb604-5ac5-7ed9-8ba9-16b25817c3c4', 'workflow_type': 'ChainExecutorWorkflow'})
2026-01-13 11:51:37,977 - temporalio.activity - INFO - ✓ Created workflow record: f808d68a-6cc8-4f1f-b19d-705e62effe58 ({'activity_id': '8', 'activity_type': 'create_workflow_record', 'attempt': 1, 'namespace': 'default', 'task_queue': 'comfyui-gpu-farm', 'workflow_id': 'chain-image-edit-to-video-pipeline-256560d4-d19a-405f-85d1-a89289165fa2', 'workflow_run_id': '019bb604-5ac5-7ed9-8ba9-16b25817c3c4', 'workflow_type': 'ChainExecutorWorkflow'})
2026-01-13 11:51:37,980 - temporalio.activity - INFO - Creating workflow record: imageSave (prompt: pending) ({'activity_id': '9', 'activity_type': 'create_workflow_record', 'attempt': 1, 'namespace': 'default', 'task_queue': 'comfyui-gpu-farm', 'workflow_id': 'chain-image-edit-to-video-pipeline-256560d4-d19a-405f-85d1-a89289165fa2', 'workflow_run_id': '019bb604-5ac5-7ed9-8ba9-16b25817c3c4', 'workflow_type': 'ChainExecutorWorkflow'})
2026-01-13 11:51:37,985 - temporalio.activity - INFO - ✓ Created workflow record: f6e626c8-0cdb-42e2-8dd6-846b5bb3f272 ({'activity_id': '9', 'activity_type': 'create_workflow_record', 'attempt': 1, 'namespace': 'default', 'task_queue': 'comfyui-gpu-farm', 'workflow_id': 'chain-image-edit-to-video-pipeline-256560d4-d19a-405f-85d1-a89289165fa2', 'workflow_run_id': '019bb604-5ac5-7ed9-8ba9-16b25817c3c4', 'workflow_type': 'ChainExecutorWorkflow'})
2026-01-13 11:51:37,990 - temporalio.workflow - INFO - Step extract_frame1: Created workflow record f808d68a-6cc8-4f1f-b19d-705e62effe58 ({'attempt': 1, 'namespace': 'default', 'run_id': '019bb604-5ac5-7ed9-8ba9-16b25817c3c4', 'task_queue': 'comfyui-gpu-farm', 'workflow_id': 'chain-image-edit-to-video-pipeline-256560d4-d19a-405f-85d1-a89289165fa2', 'workflow_type': 'ChainExecutorWorkflow'})
2026-01-13 11:51:37,999 - temporalio.workflow - INFO - Step extract_frame2: Created workflow record f6e626c8-0cdb-42e2-8dd6-846b5bb3f272 ({'attempt': 1, 'namespace': 'default', 'run_id': '019bb604-5ac5-7ed9-8ba9-16b25817c3c4', 'task_queue': 'comfyui-gpu-farm', 'workflow_id': 'chain-image-edit-to-video-pipeline-256560d4-d19a-405f-85d1-a89289165fa2', 'workflow_type': 'ChainExecutorWorkflow'})
2026-01-13 11:51:38,026 - temporalio.workflow - INFO - Starting ComfyUI workflow execution ({'attempt': 1, 'namespace': 'default', 'run_id': '019bb604-5d4e-7c2c-95d5-7f2159f8cf4e', 'task_queue': 'comfyui-gpu-farm', 'workflow_id': 'chain-image-edit-to-video-pipeline-256560d4-d19a-405f-85d1-a89289165fa2-extract_frame1', 'workflow_type': 'ComfyUIWorkflow'})
2026-01-13 11:51:38,027 - temporalio.workflow - INFO - Generated client_id: d1870ff5-b37c-4ff4-97aa-476dc5ead97d ({'attempt': 1, 'namespace': 'default', 'run_id': '019bb604-5d4e-7c2c-95d5-7f2159f8cf4e', 'task_queue': 'comfyui-gpu-farm', 'workflow_id': 'chain-image-edit-to-video-pipeline-256560d4-d19a-405f-85d1-a89289165fa2-extract_frame1', 'workflow_type': 'ComfyUIWorkflow'})
2026-01-13 11:51:38,028 - temporalio.workflow - INFO - Using pre-selected server: http://procure-x.testmcp.org ({'attempt': 1, 'namespace': 'default', 'run_id': '019bb604-5d4e-7c2c-95d5-7f2159f8cf4e', 'task_queue': 'comfyui-gpu-farm', 'workflow_id': 'chain-image-edit-to-video-pipeline-256560d4-d19a-405f-85d1-a89289165fa2-extract_frame1', 'workflow_type': 'ComfyUIWorkflow'})
2026-01-13 11:51:38,046 - temporalio.workflow - INFO - Starting ComfyUI workflow execution ({'attempt': 1, 'namespace': 'default', 'run_id': '019bb604-5d58-7d9c-8e54-694fd4552c00', 'task_queue': 'comfyui-gpu-farm', 'workflow_id': 'chain-image-edit-to-video-pipeline-256560d4-d19a-405f-85d1-a89289165fa2-extract_frame2', 'workflow_type': 'ComfyUIWorkflow'})
2026-01-13 11:51:38,047 - temporalio.activity - INFO - [V3] Executing workflow on http://procure-x.testmcp.org ({'activity_id': '1', 'activity_type': 'execute_and_track_workflow', 'attempt': 1, 'namespace': 'default', 'task_queue': 'comfyui-gpu-farm', 'workflow_id': 'chain-image-edit-to-video-pipeline-256560d4-d19a-405f-85d1-a89289165fa2-extract_frame1', 'workflow_run_id': '019bb604-5d4e-7c2c-95d5-7f2159f8cf4e', 'workflow_type': 'ComfyUIWorkflow'})
2026-01-13 11:51:38,047 - temporalio.workflow - INFO - Generated client_id: c8aad946-de3e-4286-afa0-3d5484d3615d ({'attempt': 1, 'namespace': 'default', 'run_id': '019bb604-5d58-7d9c-8e54-694fd4552c00', 'task_queue': 'comfyui-gpu-farm', 'workflow_id': 'chain-image-edit-to-video-pipeline-256560d4-d19a-405f-85d1-a89289165fa2-extract_frame2', 'workflow_type': 'ComfyUIWorkflow'})
2026-01-13 11:51:38,047 - temporalio.activity - INFO - [V3] Workflow name: imageSave ({'activity_id': '1', 'activity_type': 'execute_and_track_workflow', 'attempt': 1, 'namespace': 'default', 'task_queue': 'comfyui-gpu-farm', 'workflow_id': 'chain-image-edit-to-video-pipeline-256560d4-d19a-405f-85d1-a89289165fa2-extract_frame1', 'workflow_run_id': '019bb604-5d4e-7c2c-95d5-7f2159f8cf4e', 'workflow_type': 'ComfyUIWorkflow'})
2026-01-13 11:51:38,047 - temporalio.workflow - INFO - Using pre-selected server: http://procure-x.testmcp.org ({'attempt': 1, 'namespace': 'default', 'run_id': '019bb604-5d58-7d9c-8e54-694fd4552c00', 'task_queue': 'comfyui-gpu-farm', 'workflow_id': 'chain-image-edit-to-video-pipeline-256560d4-d19a-405f-85d1-a89289165fa2-extract_frame2', 'workflow_type': 'ComfyUIWorkflow'})
2026-01-13 11:51:38,096 - temporal_gateway.clients.comfy.client - INFO - ComfyUI client initialized for http://procure-x.testmcp.org
2026-01-13 11:51:38,097 - temporal_gateway.clients.comfy.client - INFO - Submitting workflow to ComfyUI
2026-01-13 11:51:38,106 - temporalio.activity - INFO - [V3] Executing workflow on http://procure-x.testmcp.org ({'activity_id': '1', 'activity_type': 'execute_and_track_workflow', 'attempt': 1, 'namespace': 'default', 'task_queue': 'comfyui-gpu-farm', 'workflow_id': 'chain-image-edit-to-video-pipeline-256560d4-d19a-405f-85d1-a89289165fa2-extract_frame2', 'workflow_run_id': '019bb604-5d58-7d9c-8e54-694fd4552c00', 'workflow_type': 'ComfyUIWorkflow'})
2026-01-13 11:51:38,106 - temporalio.activity - INFO - [V3] Workflow name: imageSave ({'activity_id': '1', 'activity_type': 'execute_and_track_workflow', 'attempt': 1, 'namespace': 'default', 'task_queue': 'comfyui-gpu-farm', 'workflow_id': 'chain-image-edit-to-video-pipeline-256560d4-d19a-405f-85d1-a89289165fa2-extract_frame2', 'workflow_run_id': '019bb604-5d58-7d9c-8e54-694fd4552c00', 'workflow_type': 'ComfyUIWorkflow'})
2026-01-13 11:51:38,150 - temporal_gateway.clients.comfy.client - INFO - ComfyUI client initialized for http://procure-x.testmcp.org
2026-01-13 11:51:38,150 - temporal_gateway.clients.comfy.client - INFO - Submitting workflow to ComfyUI
2026-01-13 11:51:38,548 - httpx - INFO - HTTP Request: POST http://procure-x.testmcp.org/prompt "HTTP/1.1 200 OK"
2026-01-13 11:51:38,551 - temporal_gateway.clients.comfy.client - INFO - Workflow queued with prompt_id: e63d54e3-91b8-4e8f-ae8f-a7a958e62aa3
2026-01-13 11:51:38,552 - temporal_gateway.clients.comfy.tracker - INFO - Starting execution tracking for prompt e63d54e3-91b8-4e8f-ae8f-a7a958e62aa3
2026-01-13 11:51:38,553 - httpx - INFO - HTTP Request: POST http://procure-x.testmcp.org/prompt "HTTP/1.1 200 OK"
2026-01-13 11:51:38,556 - temporal_gateway.clients.comfy.tracker - INFO - Starting history polling
2026-01-13 11:51:38,559 - temporal_gateway.clients.comfy.tracker - INFO - Starting WebSocket listener
2026-01-13 11:51:38,560 - temporal_gateway.clients.comfy.websocket - INFO - Connecting to WebSocket: ws://procure-x.testmcp.org/ws?clientId=7b87f45a-4106-4a3b-afa0-6064b320f733
2026-01-13 11:51:38,563 - temporal_gateway.clients.comfy.client - INFO - Workflow queued with prompt_id: e91182cf-a03a-4bdc-a067-22c0328123e1
2026-01-13 11:51:38,563 - temporal_gateway.clients.comfy.tracker - INFO - Starting execution tracking for prompt e91182cf-a03a-4bdc-a067-22c0328123e1
2026-01-13 11:51:38,564 - temporal_gateway.clients.comfy.tracker - INFO - Starting history polling
2026-01-13 11:51:38,568 - temporal_gateway.clients.comfy.tracker - INFO - Starting WebSocket listener
2026-01-13 11:51:38,568 - temporal_gateway.clients.comfy.websocket - INFO - Connecting to WebSocket: ws://procure-x.testmcp.org/ws?clientId=0952a93f-7642-48fb-a212-be36bdaf72d8
2026-01-13 11:51:38,588 - httpx - INFO - HTTP Request: GET http://procure-x.testmcp.org/history/e63d54e3-91b8-4e8f-ae8f-a7a958e62aa3 "HTTP/1.1 200 OK"
2026-01-13 11:51:38,591 - temporal_gateway.clients.comfy.tracker - INFO - [POLL] Found in history: success
2026-01-13 11:51:38,591 - temporal_gateway.clients.comfy.tracker - INFO - Tracking completed: success (took 0.04s)
2026-01-13 11:51:38,591 - temporalio.activity - INFO - [V3] Workflow completed successfully ({'activity_id': '1', 'activity_type': 'execute_and_track_workflow', 'attempt': 1, 'namespace': 'default', 'task_queue': 'comfyui-gpu-farm', 'workflow_id': 'chain-image-edit-to-video-pipeline-256560d4-d19a-405f-85d1-a89289165fa2-extract_frame1', 'workflow_run_id': '019bb604-5d4e-7c2c-95d5-7f2159f8cf4e', 'workflow_type': 'ComfyUIWorkflow'})
2026-01-13 11:51:38,600 - httpx - INFO - HTTP Request: GET http://procure-x.testmcp.org/history/e91182cf-a03a-4bdc-a067-22c0328123e1 "HTTP/1.1 200 OK"
2026-01-13 11:51:38,603 - temporalio.workflow - INFO - Execution completed successfully ({'attempt': 1, 'namespace': 'default', 'run_id': '019bb604-5d4e-7c2c-95d5-7f2159f8cf4e', 'task_queue': 'comfyui-gpu-farm', 'workflow_id': 'chain-image-edit-to-video-pipeline-256560d4-d19a-405f-85d1-a89289165fa2-extract_frame1', 'workflow_type': 'ComfyUIWorkflow'})
2026-01-13 11:51:38,611 - temporalio.activity - INFO - Extracting server output files ({'activity_id': '2', 'activity_type': 'get_server_output_files', 'attempt': 1, 'namespace': 'default', 'task_queue': 'comfyui-gpu-farm', 'workflow_id': 'chain-image-edit-to-video-pipeline-256560d4-d19a-405f-85d1-a89289165fa2-extract_frame1', 'workflow_run_id': '019bb604-5d4e-7c2c-95d5-7f2159f8cf4e', 'workflow_type': 'ComfyUIWorkflow'})
2026-01-13 11:51:38,611 - temporalio.activity - INFO - Found 1 output file(s) ({'activity_id': '2', 'activity_type': 'get_server_output_files', 'attempt': 1, 'namespace': 'default', 'task_queue': 'comfyui-gpu-farm', 'workflow_id': 'chain-image-edit-to-video-pipeline-256560d4-d19a-405f-85d1-a89289165fa2-extract_frame1', 'workflow_run_id': '019bb604-5d4e-7c2c-95d5-7f2159f8cf4e', 'workflow_type': 'ComfyUIWorkflow'})
2026-01-13 11:51:38,620 - temporalio.workflow - INFO - Found 1 server output file(s) ({'attempt': 1, 'namespace': 'default', 'run_id': '019bb604-5d4e-7c2c-95d5-7f2159f8cf4e', 'task_queue': 'comfyui-gpu-farm', 'workflow_id': 'chain-image-edit-to-video-pipeline-256560d4-d19a-405f-85d1-a89289165fa2-extract_frame1', 'workflow_type': 'ComfyUIWorkflow'})
2026-01-13 11:51:38,627 - temporalio.activity - INFO - Downloading and persisting 1 artifact(s) for workflow f808d68a-6cc8-4f1f-b19d-705e62effe58 ({'activity_id': '3', 'activity_type': 'download_and_store_artifacts', 'attempt': 1, 'namespace': 'default', 'task_queue': 'comfyui-gpu-farm', 'workflow_id': 'chain-image-edit-to-video-pipeline-256560d4-d19a-405f-85d1-a89289165fa2-extract_frame1', 'workflow_run_id': '019bb604-5d4e-7c2c-95d5-7f2159f8cf4e', 'workflow_type': 'ComfyUIWorkflow'})
2026-01-13 11:51:38,670 - temporal_gateway.clients.comfy.client - INFO - ComfyUI client initialized for http://procure-x.testmcp.org
2026-01-13 11:51:38,672 - temporal_gateway.clients.comfy.websocket - INFO - WebSocket connected successfully
2026-01-13 11:51:38,710 - httpx - INFO - HTTP Request: GET http://procure-x.testmcp.org/view?filename=ComfyUI_00265_.png&type=output "HTTP/1.1 200 OK"
2026-01-13 11:51:38,721 - temporal_gateway.clients.comfy.tracker - INFO - [WS] Execution completed successfully
2026-01-13 11:51:38,845 - httpx - INFO - HTTP Request: GET http://procure-x.testmcp.org/history/e91182cf-a03a-4bdc-a067-22c0328123e1 "HTTP/1.1 200 OK"
2026-01-13 11:51:38,846 - temporal_gateway.clients.comfy.tracker - INFO - Tracking completed: success (took 0.28s)
2026-01-13 11:51:38,847 - temporalio.activity - INFO - [V3] Workflow completed successfully ({'activity_id': '1', 'activity_type': 'execute_and_track_workflow', 'attempt': 1, 'namespace': 'default', 'task_queue': 'comfyui-gpu-farm', 'workflow_id': 'chain-image-edit-to-video-pipeline-256560d4-d19a-405f-85d1-a89289165fa2-extract_frame2', 'workflow_run_id': '019bb604-5d58-7d9c-8e54-694fd4552c00', 'workflow_type': 'ComfyUIWorkflow'})
2026-01-13 11:51:38,857 - temporalio.workflow - INFO - Execution completed successfully ({'attempt': 1, 'namespace': 'default', 'run_id': '019bb604-5d58-7d9c-8e54-694fd4552c00', 'task_queue': 'comfyui-gpu-farm', 'workflow_id': 'chain-image-edit-to-video-pipeline-256560d4-d19a-405f-85d1-a89289165fa2-extract_frame2', 'workflow_type': 'ComfyUIWorkflow'})
2026-01-13 11:51:38,865 - temporalio.activity - INFO - Extracting server output files ({'activity_id': '2', 'activity_type': 'get_server_output_files', 'attempt': 1, 'namespace': 'default', 'task_queue': 'comfyui-gpu-farm', 'workflow_id': 'chain-image-edit-to-video-pipeline-256560d4-d19a-405f-85d1-a89289165fa2-extract_frame2', 'workflow_run_id': '019bb604-5d58-7d9c-8e54-694fd4552c00', 'workflow_type': 'ComfyUIWorkflow'})
2026-01-13 11:51:38,865 - temporalio.activity - INFO - Found 1 output file(s) ({'activity_id': '2', 'activity_type': 'get_server_output_files', 'attempt': 1, 'namespace': 'default', 'task_queue': 'comfyui-gpu-farm', 'workflow_id': 'chain-image-edit-to-video-pipeline-256560d4-d19a-405f-85d1-a89289165fa2-extract_frame2', 'workflow_run_id': '019bb604-5d58-7d9c-8e54-694fd4552c00', 'workflow_type': 'ComfyUIWorkflow'})
2026-01-13 11:51:38,873 - temporalio.workflow - INFO - Found 1 server output file(s) ({'attempt': 1, 'namespace': 'default', 'run_id': '019bb604-5d58-7d9c-8e54-694fd4552c00', 'task_queue': 'comfyui-gpu-farm', 'workflow_id': 'chain-image-edit-to-video-pipeline-256560d4-d19a-405f-85d1-a89289165fa2-extract_frame2', 'workflow_type': 'ComfyUIWorkflow'})
2026-01-13 11:51:38,881 - temporalio.activity - INFO - Downloading and persisting 1 artifact(s) for workflow f6e626c8-0cdb-42e2-8dd6-846b5bb3f272 ({'activity_id': '3', 'activity_type': 'download_and_store_artifacts', 'attempt': 1, 'namespace': 'default', 'task_queue': 'comfyui-gpu-farm', 'workflow_id': 'chain-image-edit-to-video-pipeline-256560d4-d19a-405f-85d1-a89289165fa2-extract_frame2', 'workflow_run_id': '019bb604-5d58-7d9c-8e54-694fd4552c00', 'workflow_type': 'ComfyUIWorkflow'})
2026-01-13 11:51:38,933 - temporal_gateway.clients.comfy.client - INFO - ComfyUI client initialized for http://procure-x.testmcp.org
2026-01-13 11:51:39,031 - httpx - INFO - HTTP Request: GET http://procure-x.testmcp.org/view?filename=ComfyUI_00266_.png&type=output "HTTP/1.1 200 OK"
2026-01-13 11:51:40,017 - temporalio.activity - INFO - ✓ Saved artifact to DB: c32b4d0d-9494-43d8-b594-a92aecd2526a (ComfyUI_00265_.png) ({'activity_id': '3', 'activity_type': 'download_and_store_artifacts', 'attempt': 1, 'namespace': 'default', 'task_queue': 'comfyui-gpu-farm', 'workflow_id': 'chain-image-edit-to-video-pipeline-256560d4-d19a-405f-85d1-a89289165fa2-extract_frame1', 'workflow_run_id': '019bb604-5d4e-7c2c-95d5-7f2159f8cf4e', 'workflow_type': 'ComfyUIWorkflow'})
2026-01-13 11:51:40,019 - temporalio.activity - INFO - Downloaded and persisted 1 artifact(s) ({'activity_id': '3', 'activity_type': 'download_and_store_artifacts', 'attempt': 1, 'namespace': 'default', 'task_queue': 'comfyui-gpu-farm', 'workflow_id': 'chain-image-edit-to-video-pipeline-256560d4-d19a-405f-85d1-a89289165fa2-extract_frame1', 'workflow_run_id': '019bb604-5d4e-7c2c-95d5-7f2159f8cf4e', 'workflow_type': 'ComfyUIWorkflow'})
2026-01-13 11:51:40,036 - temporalio.workflow - INFO - Downloaded 1 file(s) locally ({'attempt': 1, 'namespace': 'default', 'run_id': '019bb604-5d4e-7c2c-95d5-7f2159f8cf4e', 'task_queue': 'comfyui-gpu-farm', 'workflow_id': 'chain-image-edit-to-video-pipeline-256560d4-d19a-405f-85d1-a89289165fa2-extract_frame1', 'workflow_type': 'ComfyUIWorkflow'})
2026-01-13 11:51:40,056 - temporalio.activity - INFO - Updating workflow f808d68a-6cc8-4f1f-b19d-705e62effe58 status to: completed ({'activity_id': '10', 'activity_type': 'update_workflow_status_activity', 'attempt': 1, 'namespace': 'default', 'task_queue': 'comfyui-gpu-farm', 'workflow_id': 'chain-image-edit-to-video-pipeline-256560d4-d19a-405f-85d1-a89289165fa2', 'workflow_run_id': '019bb604-5ac5-7ed9-8ba9-16b25817c3c4', 'workflow_type': 'ChainExecutorWorkflow'})
2026-01-13 11:51:40,060 - temporalio.activity - INFO - ✓ Updated workflow status ({'activity_id': '10', 'activity_type': 'update_workflow_status_activity', 'attempt': 1, 'namespace': 'default', 'task_queue': 'comfyui-gpu-farm', 'workflow_id': 'chain-image-edit-to-video-pipeline-256560d4-d19a-405f-85d1-a89289165fa2', 'workflow_run_id': '019bb604-5ac5-7ed9-8ba9-16b25817c3c4', 'workflow_type': 'ChainExecutorWorkflow'})
2026-01-13 11:51:40,069 - temporalio.workflow - INFO - Step extract_frame1: Approval required, fetching artifacts... ({'attempt': 1, 'namespace': 'default', 'run_id': '019bb604-5ac5-7ed9-8ba9-16b25817c3c4', 'task_queue': 'comfyui-gpu-farm', 'workflow_id': 'chain-image-edit-to-video-pipeline-256560d4-d19a-405f-85d1-a89289165fa2', 'workflow_type': 'ChainExecutorWorkflow'})
2026-01-13 11:51:40,076 - temporalio.activity - INFO - Getting artifacts for workflow: f808d68a-6cc8-4f1f-b19d-705e62effe58 ({'activity_id': '11', 'activity_type': 'get_workflow_artifacts', 'attempt': 1, 'namespace': 'default', 'task_queue': 'comfyui-gpu-farm', 'workflow_id': 'chain-image-edit-to-video-pipeline-256560d4-d19a-405f-85d1-a89289165fa2', 'workflow_run_id': '019bb604-5ac5-7ed9-8ba9-16b25817c3c4', 'workflow_type': 'ChainExecutorWorkflow'})
2026-01-13 11:51:40,093 - temporalio.activity - INFO - Creating approval request for artifact: c32b4d0d-9494-43d8-b594-a92aecd2526a ({'activity_id': '12', 'activity_type': 'create_approval_request_activity', 'attempt': 1, 'namespace': 'default', 'task_queue': 'comfyui-gpu-farm', 'workflow_id': 'chain-image-edit-to-video-pipeline-256560d4-d19a-405f-85d1-a89289165fa2', 'workflow_run_id': '019bb604-5ac5-7ed9-8ba9-16b25817c3c4', 'workflow_type': 'ChainExecutorWorkflow'})
2026-01-13 11:51:40,097 - temporalio.activity - INFO - ✓ Created approval request: 6c05c239-1d0f-4997-b5db-f83954fb7cbf, token: fBlClSw7pgaaPOWD... ({'activity_id': '12', 'activity_type': 'create_approval_request_activity', 'attempt': 1, 'namespace': 'default', 'task_queue': 'comfyui-gpu-farm', 'workflow_id': 'chain-image-edit-to-video-pipeline-256560d4-d19a-405f-85d1-a89289165fa2', 'workflow_run_id': '019bb604-5ac5-7ed9-8ba9-16b25817c3c4', 'workflow_type': 'ChainExecutorWorkflow'})
2026-01-13 11:51:40,097 - temporal_gateway.services.broadcast - INFO - Published approval_requested to chain:37db8b48-3392-4f6c-b7d3-69696e7b1451
2026-01-13 11:51:40,097 - temporalio.activity - INFO - Published approval_requested event for chain 37db8b48-3392-4f6c-b7d3-69696e7b1451 ({'activity_id': '12', 'activity_type': 'create_approval_request_activity', 'attempt': 1, 'namespace': 'default', 'task_queue': 'comfyui-gpu-farm', 'workflow_id': 'chain-image-edit-to-video-pipeline-256560d4-d19a-405f-85d1-a89289165fa2', 'workflow_run_id': '019bb604-5ac5-7ed9-8ba9-16b25817c3c4', 'workflow_type': 'ChainExecutorWorkflow'})
2026-01-13 11:51:40,106 - temporalio.workflow - INFO - Step extract_frame1: Approval request created, token: fBlClSw7pgaaPOWD... ({'attempt': 1, 'namespace': 'default', 'run_id': '019bb604-5ac5-7ed9-8ba9-16b25817c3c4', 'task_queue': 'comfyui-gpu-farm', 'workflow_id': 'chain-image-edit-to-video-pipeline-256560d4-d19a-405f-85d1-a89289165fa2', 'workflow_type': 'ChainExecutorWorkflow'})
2026-01-13 11:51:40,324 - temporalio.activity - INFO - ✓ Saved artifact to DB: 4c447d77-5469-4df9-8529-e81a0b6547b4 (ComfyUI_00266_.png) ({'activity_id': '3', 'activity_type': 'download_and_store_artifacts', 'attempt': 1, 'namespace': 'default', 'task_queue': 'comfyui-gpu-farm', 'workflow_id': 'chain-image-edit-to-video-pipeline-256560d4-d19a-405f-85d1-a89289165fa2-extract_frame2', 'workflow_run_id': '019bb604-5d58-7d9c-8e54-694fd4552c00', 'workflow_type': 'ComfyUIWorkflow'})
2026-01-13 11:51:40,327 - temporalio.activity - INFO - Downloaded and persisted 1 artifact(s) ({'activity_id': '3', 'activity_type': 'download_and_store_artifacts', 'attempt': 1, 'namespace': 'default', 'task_queue': 'comfyui-gpu-farm', 'workflow_id': 'chain-image-edit-to-video-pipeline-256560d4-d19a-405f-85d1-a89289165fa2-extract_frame2', 'workflow_run_id': '019bb604-5d58-7d9c-8e54-694fd4552c00', 'workflow_type': 'ComfyUIWorkflow'})
2026-01-13 11:51:40,340 - temporalio.workflow - INFO - Downloaded 1 file(s) locally ({'attempt': 1, 'namespace': 'default', 'run_id': '019bb604-5d58-7d9c-8e54-694fd4552c00', 'task_queue': 'comfyui-gpu-farm', 'workflow_id': 'chain-image-edit-to-video-pipeline-256560d4-d19a-405f-85d1-a89289165fa2-extract_frame2', 'workflow_type': 'ComfyUIWorkflow'})
2026-01-13 11:51:40,360 - temporalio.activity - INFO - Updating workflow f6e626c8-0cdb-42e2-8dd6-846b5bb3f272 status to: completed ({'activity_id': '13', 'activity_type': 'update_workflow_status_activity', 'attempt': 1, 'namespace': 'default', 'task_queue': 'comfyui-gpu-farm', 'workflow_id': 'chain-image-edit-to-video-pipeline-256560d4-d19a-405f-85d1-a89289165fa2', 'workflow_run_id': '019bb604-5ac5-7ed9-8ba9-16b25817c3c4', 'workflow_type': 'ChainExecutorWorkflow'})
2026-01-13 11:51:40,364 - temporalio.activity - INFO - ✓ Updated workflow status ({'activity_id': '13', 'activity_type': 'update_workflow_status_activity', 'attempt': 1, 'namespace': 'default', 'task_queue': 'comfyui-gpu-farm', 'workflow_id': 'chain-image-edit-to-video-pipeline-256560d4-d19a-405f-85d1-a89289165fa2', 'workflow_run_id': '019bb604-5ac5-7ed9-8ba9-16b25817c3c4', 'workflow_type': 'ChainExecutorWorkflow'})
2026-01-13 11:51:40,372 - temporalio.workflow - INFO - Step extract_frame2: Approval required, fetching artifacts... ({'attempt': 1, 'namespace': 'default', 'run_id': '019bb604-5ac5-7ed9-8ba9-16b25817c3c4', 'task_queue': 'comfyui-gpu-farm', 'workflow_id': 'chain-image-edit-to-video-pipeline-256560d4-d19a-405f-85d1-a89289165fa2', 'workflow_type': 'ChainExecutorWorkflow'})
2026-01-13 11:51:40,379 - temporalio.activity - INFO - Getting artifacts for workflow: f6e626c8-0cdb-42e2-8dd6-846b5bb3f272 ({'activity_id': '14', 'activity_type': 'get_workflow_artifacts', 'attempt': 1, 'namespace': 'default', 'task_queue': 'comfyui-gpu-farm', 'workflow_id': 'chain-image-edit-to-video-pipeline-256560d4-d19a-405f-85d1-a89289165fa2', 'workflow_run_id': '019bb604-5ac5-7ed9-8ba9-16b25817c3c4', 'workflow_type': 'ChainExecutorWorkflow'})
2026-01-13 11:51:40,396 - temporalio.activity - INFO - Creating approval request for artifact: 4c447d77-5469-4df9-8529-e81a0b6547b4 ({'activity_id': '15', 'activity_type': 'create_approval_request_activity', 'attempt': 1, 'namespace': 'default', 'task_queue': 'comfyui-gpu-farm', 'workflow_id': 'chain-image-edit-to-video-pipeline-256560d4-d19a-405f-85d1-a89289165fa2', 'workflow_run_id': '019bb604-5ac5-7ed9-8ba9-16b25817c3c4', 'workflow_type': 'ChainExecutorWorkflow'})
2026-01-13 11:51:40,400 - temporalio.activity - INFO - ✓ Created approval request: a1d81d84-1c4f-472d-abff-4f4739acf727, token: GeUU69gRHBg_cfJS... ({'activity_id': '15', 'activity_type': 'create_approval_request_activity', 'attempt': 1, 'namespace': 'default', 'task_queue': 'comfyui-gpu-farm', 'workflow_id': 'chain-image-edit-to-video-pipeline-256560d4-d19a-405f-85d1-a89289165fa2', 'workflow_run_id': '019bb604-5ac5-7ed9-8ba9-16b25817c3c4', 'workflow_type': 'ChainExecutorWorkflow'})
2026-01-13 11:51:40,400 - temporal_gateway.services.broadcast - INFO - Published approval_requested to chain:37db8b48-3392-4f6c-b7d3-69696e7b1451
2026-01-13 11:51:40,400 - temporalio.activity - INFO - Published approval_requested event for chain 37db8b48-3392-4f6c-b7d3-69696e7b1451 ({'activity_id': '15', 'activity_type': 'create_approval_request_activity', 'attempt': 1, 'namespace': 'default', 'task_queue': 'comfyui-gpu-farm', 'workflow_id': 'chain-image-edit-to-video-pipeline-256560d4-d19a-405f-85d1-a89289165fa2', 'workflow_run_id': '019bb604-5ac5-7ed9-8ba9-16b25817c3c4', 'workflow_type': 'ChainExecutorWorkflow'})
2026-01-13 11:51:40,409 - temporalio.workflow - INFO - Step extract_frame2: Approval request created, token: GeUU69gRHBg_cfJS... ({'attempt': 1, 'namespace': 'default', 'run_id': '019bb604-5ac5-7ed9-8ba9-16b25817c3c4', 'task_queue': 'comfyui-gpu-farm', 'workflow_id': 'chain-image-edit-to-video-pipeline-256560d4-d19a-405f-85d1-a89289165fa2', 'workflow_type': 'ChainExecutorWorkflow'})
2026-01-13 11:54:59,190 - temporalio.worker._worker - INFO - Worker cancelled, shutting down
2026-01-13 11:54:59,191 - temporalio.worker._worker - INFO - Beginning worker shutdown, will wait 0:00:00 before cancelling activities
