2026-01-15 01:13:08,657 - worker - INFO - Initializing artifact database...
2026-01-15 01:13:08,658 - worker - INFO - Database initialized
2026-01-15 01:13:08,659 - worker - INFO - Connecting to Redis for event broadcasting...
2026-01-15 01:13:08,705 - temporal_gateway.services.broadcast - INFO - Created broadcast instance for redis://localhost:6379
2026-01-15 01:13:08,708 - temporal_gateway.services.broadcast - INFO - Broadcast connected to Redis
2026-01-15 01:13:08,708 - worker - INFO - Redis broadcast connected
2026-01-15 01:13:08,708 - worker - INFO - Loading server registry...
2026-01-15 01:13:08,708 - temporal_gateway.servers.registry - INFO - Registered server: procure-x (comfyui)
2026-01-15 01:13:08,708 - temporal_gateway.servers.registry - INFO - Loaded 1 servers from config
2026-01-15 01:13:08,708 - worker - INFO - Registered 1 servers
2026-01-15 01:13:08,708 - worker - INFO -   Server: procure-x (comfyui)
2026-01-15 01:13:08,875 - worker - INFO - ============================================================
2026-01-15 01:13:08,875 - worker - INFO - 🔧 Temporal Worker Started
2026-01-15 01:13:08,875 - worker - INFO - ============================================================
2026-01-15 01:13:08,875 - worker - INFO - Connected to Temporal: localhost:7233
2026-01-15 01:13:08,875 - worker - INFO - Task Queue: comfyui-gpu-farm
2026-01-15 01:13:08,876 - worker - INFO - Workflows: ['ComfyUIWorkflow', 'ChainExecutorWorkflow']
2026-01-15 01:13:08,876 - worker - INFO - Log file: /home/jaskirat/Documents/comfyautomate/temporal_gateway/logs/worker_20260114_194308.log
2026-01-15 01:13:08,876 - worker - INFO - ============================================================
2026-01-15 01:13:08,876 - worker - INFO - Worker is running. Press Ctrl+C to stop.
2026-01-15 01:13:12,128 - temporalio.workflow - INFO - Starting chain execution: image-edit-to-video-pipeline ({'attempt': 1, 'namespace': 'default', 'run_id': '019bbe08-94e7-7b77-8867-d11761af2840', 'task_queue': 'comfyui-gpu-farm', 'workflow_id': 'chain-image-edit-to-video-pipeline-e3b7b017-7d80-4533-a4e7-631a308c0a76', 'workflow_type': 'ChainExecutorWorkflow'})
2026-01-15 01:13:12,128 - temporalio.workflow - INFO - Retry number: 0 ({'attempt': 1, 'namespace': 'default', 'run_id': '019bbe08-94e7-7b77-8867-d11761af2840', 'task_queue': 'comfyui-gpu-farm', 'workflow_id': 'chain-image-edit-to-video-pipeline-e3b7b017-7d80-4533-a4e7-631a308c0a76', 'workflow_type': 'ChainExecutorWorkflow'})
2026-01-15 01:13:12,128 - temporalio.workflow - INFO - Cached steps: [] ({'attempt': 1, 'namespace': 'default', 'run_id': '019bbe08-94e7-7b77-8867-d11761af2840', 'task_queue': 'comfyui-gpu-farm', 'workflow_id': 'chain-image-edit-to-video-pipeline-e3b7b017-7d80-4533-a4e7-631a308c0a76', 'workflow_type': 'ChainExecutorWorkflow'})
2026-01-15 01:13:12,129 - temporalio.workflow - INFO - Total levels: 3 ({'attempt': 1, 'namespace': 'default', 'run_id': '019bbe08-94e7-7b77-8867-d11761af2840', 'task_queue': 'comfyui-gpu-farm', 'workflow_id': 'chain-image-edit-to-video-pipeline-e3b7b017-7d80-4533-a4e7-631a308c0a76', 'workflow_type': 'ChainExecutorWorkflow'})
2026-01-15 01:13:12,129 - temporalio.workflow - INFO - Using chain ID: 363f0ff5-c2fc-42b6-b855-895e7bde5545 ({'attempt': 1, 'namespace': 'default', 'run_id': '019bbe08-94e7-7b77-8867-d11761af2840', 'task_queue': 'comfyui-gpu-farm', 'workflow_id': 'chain-image-edit-to-video-pipeline-e3b7b017-7d80-4533-a4e7-631a308c0a76', 'workflow_type': 'ChainExecutorWorkflow'})
2026-01-15 01:13:12,140 - temporalio.activity - INFO - Updating chain 363f0ff5-c2fc-42b6-b855-895e7bde5545 status to: executing_level_0 ({'activity_id': '1', 'activity_type': 'update_chain_status_activity', 'attempt': 1, 'namespace': 'default', 'task_queue': 'comfyui-gpu-farm', 'workflow_id': 'chain-image-edit-to-video-pipeline-e3b7b017-7d80-4533-a4e7-631a308c0a76', 'workflow_run_id': '019bbe08-94e7-7b77-8867-d11761af2840', 'workflow_type': 'ChainExecutorWorkflow'})
2026-01-15 01:13:12,174 - temporalio.activity - INFO - ✓ Updated chain status ({'activity_id': '1', 'activity_type': 'update_chain_status_activity', 'attempt': 1, 'namespace': 'default', 'task_queue': 'comfyui-gpu-farm', 'workflow_id': 'chain-image-edit-to-video-pipeline-e3b7b017-7d80-4533-a4e7-631a308c0a76', 'workflow_run_id': '019bbe08-94e7-7b77-8867-d11761af2840', 'workflow_type': 'ChainExecutorWorkflow'})
2026-01-15 01:13:12,186 - temporalio.workflow - INFO - Level 0: Executing 2 step(s) ({'attempt': 1, 'namespace': 'default', 'run_id': '019bbe08-94e7-7b77-8867-d11761af2840', 'task_queue': 'comfyui-gpu-farm', 'workflow_id': 'chain-image-edit-to-video-pipeline-e3b7b017-7d80-4533-a4e7-631a308c0a76', 'workflow_type': 'ChainExecutorWorkflow'})
2026-01-15 01:13:12,186 - temporalio.workflow - INFO - Executing step: extract_frame1 ({'attempt': 1, 'namespace': 'default', 'run_id': '019bbe08-94e7-7b77-8867-d11761af2840', 'task_queue': 'comfyui-gpu-farm', 'workflow_id': 'chain-image-edit-to-video-pipeline-e3b7b017-7d80-4533-a4e7-631a308c0a76', 'workflow_type': 'ChainExecutorWorkflow'})
2026-01-15 01:13:12,186 - temporalio.workflow - INFO - Executing step: extract_frame2 ({'attempt': 1, 'namespace': 'default', 'run_id': '019bbe08-94e7-7b77-8867-d11761af2840', 'task_queue': 'comfyui-gpu-farm', 'workflow_id': 'chain-image-edit-to-video-pipeline-e3b7b017-7d80-4533-a4e7-631a308c0a76', 'workflow_type': 'ChainExecutorWorkflow'})
2026-01-15 01:13:12,195 - temporalio.activity - INFO - Resolving templates in parameters ({'activity_id': '3', 'activity_type': 'resolve_chain_templates', 'attempt': 1, 'namespace': 'default', 'task_queue': 'comfyui-gpu-farm', 'workflow_id': 'chain-image-edit-to-video-pipeline-e3b7b017-7d80-4533-a4e7-631a308c0a76', 'workflow_run_id': '019bbe08-94e7-7b77-8867-d11761af2840', 'workflow_type': 'ChainExecutorWorkflow'})
2026-01-15 01:13:12,196 - temporalio.activity - INFO - Templates resolved successfully ({'activity_id': '3', 'activity_type': 'resolve_chain_templates', 'attempt': 1, 'namespace': 'default', 'task_queue': 'comfyui-gpu-farm', 'workflow_id': 'chain-image-edit-to-video-pipeline-e3b7b017-7d80-4533-a4e7-631a308c0a76', 'workflow_run_id': '019bbe08-94e7-7b77-8867-d11761af2840', 'workflow_type': 'ChainExecutorWorkflow'})
2026-01-15 01:13:12,199 - temporalio.activity - INFO - Resolving templates in parameters ({'activity_id': '2', 'activity_type': 'resolve_chain_templates', 'attempt': 1, 'namespace': 'default', 'task_queue': 'comfyui-gpu-farm', 'workflow_id': 'chain-image-edit-to-video-pipeline-e3b7b017-7d80-4533-a4e7-631a308c0a76', 'workflow_run_id': '019bbe08-94e7-7b77-8867-d11761af2840', 'workflow_type': 'ChainExecutorWorkflow'})
2026-01-15 01:13:12,199 - temporalio.activity - INFO - Templates resolved successfully ({'activity_id': '2', 'activity_type': 'resolve_chain_templates', 'attempt': 1, 'namespace': 'default', 'task_queue': 'comfyui-gpu-farm', 'workflow_id': 'chain-image-edit-to-video-pipeline-e3b7b017-7d80-4533-a4e7-631a308c0a76', 'workflow_run_id': '019bbe08-94e7-7b77-8867-d11761af2840', 'workflow_type': 'ChainExecutorWorkflow'})
2026-01-15 01:13:12,220 - temporalio.activity - INFO - Applying parameters to workflow: imageSave ({'activity_id': '5', 'activity_type': 'apply_workflow_parameters', 'attempt': 1, 'namespace': 'default', 'task_queue': 'comfyui-gpu-farm', 'workflow_id': 'chain-image-edit-to-video-pipeline-e3b7b017-7d80-4533-a4e7-631a308c0a76', 'workflow_run_id': '019bbe08-94e7-7b77-8867-d11761af2840', 'workflow_type': 'ChainExecutorWorkflow'})
2026-01-15 01:13:12,220 - temporal_gateway.registry - INFO - WorkflowRegistry initialized: /home/jaskirat/Documents/comfyautomate/templates
2026-01-15 01:13:12,221 - temporal_gateway.registry - INFO - ✓ fluxdev: Loading from override file
2026-01-15 01:13:12,221 - temporal_gateway.registry - INFO -   Loaded 13 parameters from override file
2026-01-15 01:13:12,221 - temporal_gateway.registry - INFO - ✓ firstEndTovideo: Loading from override file
2026-01-15 01:13:12,221 - temporal_gateway.registry - INFO -   Loaded 44 parameters from override file
2026-01-15 01:13:12,222 - temporal_gateway.registry - INFO - ✓ image_qwen_edit: Loading from override file
2026-01-15 01:13:12,222 - temporal_gateway.registry - INFO -   Loaded 27 parameters from override file
2026-01-15 01:13:12,223 - temporal_gateway.registry - INFO - ✓ video_wan2_2_14B_fun_camera_test: Loading from override file
2026-01-15 01:13:12,223 - temporal_gateway.registry - INFO -   Loaded 49 parameters from override file
2026-01-15 01:13:12,223 - temporal_gateway.registry - INFO - ✓ qwen_image_edit: Loading from override file
2026-01-15 01:13:12,224 - temporal_gateway.registry - INFO -   Loaded 25 parameters from override file
2026-01-15 01:13:12,224 - temporal_gateway.registry - INFO - ✓ video_wan2_2_14B_i2v: Loading from override file
2026-01-15 01:13:12,225 - temporal_gateway.registry - INFO -   Loaded 43 parameters from override file
2026-01-15 01:13:12,225 - temporal_gateway.registry - INFO - ✓ imageSave: Loading from override file
2026-01-15 01:13:12,225 - temporal_gateway.registry - INFO -   Loaded 9 parameters from override file
2026-01-15 01:13:12,225 - temporal_gateway.registry - INFO - Discovery complete: 7 workflows, 0 generated, 7 loaded, 0 regenerated
2026-01-15 01:13:12,225 - temporal_gateway.registry - INFO - Applied override: 1.frame_load_cap = 1
2026-01-15 01:13:12,225 - temporal_gateway.registry - INFO - Applied override: 1.select_every_nth = 1
2026-01-15 01:13:12,225 - temporal_gateway.registry - INFO - Applied override: 1.skip_first_frames = 0
2026-01-15 01:13:12,225 - temporal_gateway.registry - INFO - Applied override: 1.video = ComfyUI_00012_.mp4
2026-01-15 01:13:12,225 - temporalio.activity - INFO - Parameters applied successfully ({'activity_id': '5', 'activity_type': 'apply_workflow_parameters', 'attempt': 1, 'namespace': 'default', 'task_queue': 'comfyui-gpu-farm', 'workflow_id': 'chain-image-edit-to-video-pipeline-e3b7b017-7d80-4533-a4e7-631a308c0a76', 'workflow_run_id': '019bbe08-94e7-7b77-8867-d11761af2840', 'workflow_type': 'ChainExecutorWorkflow'})
2026-01-15 01:13:12,226 - temporalio.activity - INFO - Applying parameters to workflow: imageSave ({'activity_id': '4', 'activity_type': 'apply_workflow_parameters', 'attempt': 1, 'namespace': 'default', 'task_queue': 'comfyui-gpu-farm', 'workflow_id': 'chain-image-edit-to-video-pipeline-e3b7b017-7d80-4533-a4e7-631a308c0a76', 'workflow_run_id': '019bbe08-94e7-7b77-8867-d11761af2840', 'workflow_type': 'ChainExecutorWorkflow'})
2026-01-15 01:13:12,226 - temporal_gateway.registry - INFO - Applied override: 1.frame_load_cap = 1
2026-01-15 01:13:12,226 - temporal_gateway.registry - INFO - Applied override: 1.select_every_nth = 1
2026-01-15 01:13:12,227 - temporal_gateway.registry - INFO - Applied override: 1.skip_first_frames = 172
2026-01-15 01:13:12,227 - temporal_gateway.registry - INFO - Applied override: 1.video = ComfyUI_00012_.mp4
2026-01-15 01:13:12,227 - temporalio.activity - INFO - Parameters applied successfully ({'activity_id': '4', 'activity_type': 'apply_workflow_parameters', 'attempt': 1, 'namespace': 'default', 'task_queue': 'comfyui-gpu-farm', 'workflow_id': 'chain-image-edit-to-video-pipeline-e3b7b017-7d80-4533-a4e7-631a308c0a76', 'workflow_run_id': '019bbe08-94e7-7b77-8867-d11761af2840', 'workflow_type': 'ChainExecutorWorkflow'})
2026-01-15 01:13:12,246 - temporalio.activity - INFO - Selecting server with strategy: least_loaded ({'activity_id': '6', 'activity_type': 'select_best_server', 'attempt': 1, 'namespace': 'default', 'task_queue': 'comfyui-gpu-farm', 'workflow_id': 'chain-image-edit-to-video-pipeline-e3b7b017-7d80-4533-a4e7-631a308c0a76', 'workflow_run_id': '019bbe08-94e7-7b77-8867-d11761af2840', 'workflow_type': 'ChainExecutorWorkflow'})
2026-01-15 01:13:12,339 - temporalio.activity - INFO - Selecting server with strategy: least_loaded ({'activity_id': '7', 'activity_type': 'select_best_server', 'attempt': 1, 'namespace': 'default', 'task_queue': 'comfyui-gpu-farm', 'workflow_id': 'chain-image-edit-to-video-pipeline-e3b7b017-7d80-4533-a4e7-631a308c0a76', 'workflow_run_id': '019bbe08-94e7-7b77-8867-d11761af2840', 'workflow_type': 'ChainExecutorWorkflow'})
2026-01-15 01:13:12,441 - httpx - INFO - HTTP Request: GET http://procure-x.testmcp.org/system_stats "HTTP/1.1 200 OK"
2026-01-15 01:13:12,453 - httpx - INFO - HTTP Request: GET http://procure-x.testmcp.org/system_stats "HTTP/1.1 200 OK"
2026-01-15 01:13:12,454 - httpx - INFO - HTTP Request: GET http://procure-x.testmcp.org/queue "HTTP/1.1 200 OK"
2026-01-15 01:13:12,456 - temporal_gateway.servers.load_balancer - INFO - Selected server procure-x (queue_depth=0, gpu_mem=0.0%)
2026-01-15 01:13:12,456 - temporalio.activity - INFO - Selected server: procure-x (http://procure-x.testmcp.org) ({'activity_id': '6', 'activity_type': 'select_best_server', 'attempt': 1, 'namespace': 'default', 'task_queue': 'comfyui-gpu-farm', 'workflow_id': 'chain-image-edit-to-video-pipeline-e3b7b017-7d80-4533-a4e7-631a308c0a76', 'workflow_run_id': '019bbe08-94e7-7b77-8867-d11761af2840', 'workflow_type': 'ChainExecutorWorkflow'})
2026-01-15 01:13:12,467 - httpx - INFO - HTTP Request: GET http://procure-x.testmcp.org/queue "HTTP/1.1 200 OK"
2026-01-15 01:13:12,470 - temporal_gateway.servers.load_balancer - INFO - Selected server procure-x (queue_depth=0, gpu_mem=0.0%)
2026-01-15 01:13:12,470 - temporalio.workflow - INFO - Step extract_frame1: Server http://procure-x.testmcp.org ({'attempt': 1, 'namespace': 'default', 'run_id': '019bbe08-94e7-7b77-8867-d11761af2840', 'task_queue': 'comfyui-gpu-farm', 'workflow_id': 'chain-image-edit-to-video-pipeline-e3b7b017-7d80-4533-a4e7-631a308c0a76', 'workflow_type': 'ChainExecutorWorkflow'})
2026-01-15 01:13:12,471 - temporalio.activity - INFO - Selected server: procure-x (http://procure-x.testmcp.org) ({'activity_id': '7', 'activity_type': 'select_best_server', 'attempt': 1, 'namespace': 'default', 'task_queue': 'comfyui-gpu-farm', 'workflow_id': 'chain-image-edit-to-video-pipeline-e3b7b017-7d80-4533-a4e7-631a308c0a76', 'workflow_run_id': '019bbe08-94e7-7b77-8867-d11761af2840', 'workflow_type': 'ChainExecutorWorkflow'})
2026-01-15 01:13:12,481 - temporalio.workflow - INFO - Step extract_frame2: Server http://procure-x.testmcp.org ({'attempt': 1, 'namespace': 'default', 'run_id': '019bbe08-94e7-7b77-8867-d11761af2840', 'task_queue': 'comfyui-gpu-farm', 'workflow_id': 'chain-image-edit-to-video-pipeline-e3b7b017-7d80-4533-a4e7-631a308c0a76', 'workflow_type': 'ChainExecutorWorkflow'})
2026-01-15 01:13:12,485 - temporalio.activity - INFO - Creating workflow record: imageSave (prompt: pending) ({'activity_id': '8', 'activity_type': 'create_workflow_record', 'attempt': 1, 'namespace': 'default', 'task_queue': 'comfyui-gpu-farm', 'workflow_id': 'chain-image-edit-to-video-pipeline-e3b7b017-7d80-4533-a4e7-631a308c0a76', 'workflow_run_id': '019bbe08-94e7-7b77-8867-d11761af2840', 'workflow_type': 'ChainExecutorWorkflow'})
2026-01-15 01:13:12,498 - temporalio.activity - INFO - ✓ Created workflow record: ee3cb705-1cf4-48bc-a469-81c72cd39583 ({'activity_id': '8', 'activity_type': 'create_workflow_record', 'attempt': 1, 'namespace': 'default', 'task_queue': 'comfyui-gpu-farm', 'workflow_id': 'chain-image-edit-to-video-pipeline-e3b7b017-7d80-4533-a4e7-631a308c0a76', 'workflow_run_id': '019bbe08-94e7-7b77-8867-d11761af2840', 'workflow_type': 'ChainExecutorWorkflow'})
2026-01-15 01:13:12,499 - temporalio.activity - INFO - Creating workflow record: imageSave (prompt: pending) ({'activity_id': '9', 'activity_type': 'create_workflow_record', 'attempt': 1, 'namespace': 'default', 'task_queue': 'comfyui-gpu-farm', 'workflow_id': 'chain-image-edit-to-video-pipeline-e3b7b017-7d80-4533-a4e7-631a308c0a76', 'workflow_run_id': '019bbe08-94e7-7b77-8867-d11761af2840', 'workflow_type': 'ChainExecutorWorkflow'})
2026-01-15 01:13:12,503 - temporalio.activity - INFO - ✓ Created workflow record: e7c94126-b3ee-4aae-bec8-888a95c65957 ({'activity_id': '9', 'activity_type': 'create_workflow_record', 'attempt': 1, 'namespace': 'default', 'task_queue': 'comfyui-gpu-farm', 'workflow_id': 'chain-image-edit-to-video-pipeline-e3b7b017-7d80-4533-a4e7-631a308c0a76', 'workflow_run_id': '019bbe08-94e7-7b77-8867-d11761af2840', 'workflow_type': 'ChainExecutorWorkflow'})
2026-01-15 01:13:12,539 - temporalio.workflow - INFO - Starting ComfyUI workflow execution ({'attempt': 1, 'namespace': 'default', 'run_id': '019bbe08-9683-73e3-934e-b861d77a9c86', 'task_queue': 'comfyui-gpu-farm', 'workflow_id': 'chain-image-edit-to-video-pipeline-e3b7b017-7d80-4533-a4e7-631a308c0a76-extract_frame1', 'workflow_type': 'ComfyUIWorkflow'})
2026-01-15 01:13:12,540 - temporalio.workflow - INFO - Generated client_id: f76fc7dc-15d7-4557-8b8a-a0b814f4f532 ({'attempt': 1, 'namespace': 'default', 'run_id': '019bbe08-9683-73e3-934e-b861d77a9c86', 'task_queue': 'comfyui-gpu-farm', 'workflow_id': 'chain-image-edit-to-video-pipeline-e3b7b017-7d80-4533-a4e7-631a308c0a76-extract_frame1', 'workflow_type': 'ComfyUIWorkflow'})
2026-01-15 01:13:12,540 - temporalio.workflow - INFO - Using pre-selected server: http://procure-x.testmcp.org ({'attempt': 1, 'namespace': 'default', 'run_id': '019bbe08-9683-73e3-934e-b861d77a9c86', 'task_queue': 'comfyui-gpu-farm', 'workflow_id': 'chain-image-edit-to-video-pipeline-e3b7b017-7d80-4533-a4e7-631a308c0a76-extract_frame1', 'workflow_type': 'ComfyUIWorkflow'})
2026-01-15 01:13:12,550 - temporalio.workflow - INFO - Starting ComfyUI workflow execution ({'attempt': 1, 'namespace': 'default', 'run_id': '019bbe08-968b-7ac5-a11c-977b64a39c72', 'task_queue': 'comfyui-gpu-farm', 'workflow_id': 'chain-image-edit-to-video-pipeline-e3b7b017-7d80-4533-a4e7-631a308c0a76-extract_frame2', 'workflow_type': 'ComfyUIWorkflow'})
2026-01-15 01:13:12,550 - temporalio.workflow - INFO - Generated client_id: 6fb4c369-8452-4be4-8aba-6ebae7d25870 ({'attempt': 1, 'namespace': 'default', 'run_id': '019bbe08-968b-7ac5-a11c-977b64a39c72', 'task_queue': 'comfyui-gpu-farm', 'workflow_id': 'chain-image-edit-to-video-pipeline-e3b7b017-7d80-4533-a4e7-631a308c0a76-extract_frame2', 'workflow_type': 'ComfyUIWorkflow'})
2026-01-15 01:13:12,550 - temporalio.workflow - INFO - Using pre-selected server: http://procure-x.testmcp.org ({'attempt': 1, 'namespace': 'default', 'run_id': '019bbe08-968b-7ac5-a11c-977b64a39c72', 'task_queue': 'comfyui-gpu-farm', 'workflow_id': 'chain-image-edit-to-video-pipeline-e3b7b017-7d80-4533-a4e7-631a308c0a76-extract_frame2', 'workflow_type': 'ComfyUIWorkflow'})
2026-01-15 01:13:12,559 - temporalio.activity - INFO - [V3] Executing workflow on http://procure-x.testmcp.org ({'activity_id': '1', 'activity_type': 'execute_and_track_workflow', 'attempt': 1, 'namespace': 'default', 'task_queue': 'comfyui-gpu-farm', 'workflow_id': 'chain-image-edit-to-video-pipeline-e3b7b017-7d80-4533-a4e7-631a308c0a76-extract_frame2', 'workflow_run_id': '019bbe08-968b-7ac5-a11c-977b64a39c72', 'workflow_type': 'ComfyUIWorkflow'})
2026-01-15 01:13:12,559 - temporalio.activity - INFO - [V3] Workflow name: imageSave ({'activity_id': '1', 'activity_type': 'execute_and_track_workflow', 'attempt': 1, 'namespace': 'default', 'task_queue': 'comfyui-gpu-farm', 'workflow_id': 'chain-image-edit-to-video-pipeline-e3b7b017-7d80-4533-a4e7-631a308c0a76-extract_frame2', 'workflow_run_id': '019bbe08-968b-7ac5-a11c-977b64a39c72', 'workflow_type': 'ComfyUIWorkflow'})
2026-01-15 01:13:12,609 - temporal_gateway.clients.comfy.client - INFO - ComfyUI client initialized for http://procure-x.testmcp.org
2026-01-15 01:13:12,609 - temporal_gateway.clients.comfy.client - INFO - Submitting workflow to ComfyUI
2026-01-15 01:13:12,613 - temporalio.activity - INFO - [V3] Executing workflow on http://procure-x.testmcp.org ({'activity_id': '1', 'activity_type': 'execute_and_track_workflow', 'attempt': 1, 'namespace': 'default', 'task_queue': 'comfyui-gpu-farm', 'workflow_id': 'chain-image-edit-to-video-pipeline-e3b7b017-7d80-4533-a4e7-631a308c0a76-extract_frame1', 'workflow_run_id': '019bbe08-9683-73e3-934e-b861d77a9c86', 'workflow_type': 'ComfyUIWorkflow'})
2026-01-15 01:13:12,614 - temporalio.activity - INFO - [V3] Workflow name: imageSave ({'activity_id': '1', 'activity_type': 'execute_and_track_workflow', 'attempt': 1, 'namespace': 'default', 'task_queue': 'comfyui-gpu-farm', 'workflow_id': 'chain-image-edit-to-video-pipeline-e3b7b017-7d80-4533-a4e7-631a308c0a76-extract_frame1', 'workflow_run_id': '019bbe08-9683-73e3-934e-b861d77a9c86', 'workflow_type': 'ComfyUIWorkflow'})
2026-01-15 01:13:12,663 - temporal_gateway.clients.comfy.client - INFO - ComfyUI client initialized for http://procure-x.testmcp.org
2026-01-15 01:13:12,663 - temporal_gateway.clients.comfy.client - INFO - Submitting workflow to ComfyUI
2026-01-15 01:13:12,706 - httpx - INFO - HTTP Request: POST http://procure-x.testmcp.org/prompt "HTTP/1.1 200 OK"
2026-01-15 01:13:12,710 - temporal_gateway.clients.comfy.client - INFO - Workflow queued with prompt_id: e8e0b760-0337-4755-89d0-657bcc531e6d
2026-01-15 01:13:12,711 - temporal_gateway.clients.comfy.tracker - INFO - Starting execution tracking for prompt e8e0b760-0337-4755-89d0-657bcc531e6d
2026-01-15 01:13:12,712 - temporal_gateway.clients.comfy.tracker - INFO - Starting history polling
2026-01-15 01:13:12,716 - temporal_gateway.clients.comfy.tracker - INFO - Starting WebSocket listener
2026-01-15 01:13:12,717 - temporal_gateway.clients.comfy.websocket - INFO - Connecting to WebSocket: ws://procure-x.testmcp.org/ws?clientId=b2b38a84-26ff-42e5-ba2e-e485a22c7ff0
2026-01-15 01:13:12,780 - httpx - INFO - HTTP Request: POST http://procure-x.testmcp.org/prompt "HTTP/1.1 200 OK"
2026-01-15 01:13:12,784 - temporal_gateway.clients.comfy.client - INFO - Workflow queued with prompt_id: 6416c4cd-fd51-4f86-af2d-a3544361e1cc
2026-01-15 01:13:12,784 - temporal_gateway.clients.comfy.tracker - INFO - Starting execution tracking for prompt 6416c4cd-fd51-4f86-af2d-a3544361e1cc
2026-01-15 01:13:12,785 - temporal_gateway.clients.comfy.tracker - INFO - Starting history polling
2026-01-15 01:13:12,787 - temporal_gateway.clients.comfy.tracker - INFO - Starting WebSocket listener
2026-01-15 01:13:12,787 - temporal_gateway.clients.comfy.websocket - INFO - Connecting to WebSocket: ws://procure-x.testmcp.org/ws?clientId=8ddb382b-d81a-49bf-9b5f-0c7651fae681
2026-01-15 01:13:12,795 - httpx - INFO - HTTP Request: GET http://procure-x.testmcp.org/history/e8e0b760-0337-4755-89d0-657bcc531e6d "HTTP/1.1 200 OK"
2026-01-15 01:13:12,802 - httpx - INFO - HTTP Request: GET http://procure-x.testmcp.org/history/6416c4cd-fd51-4f86-af2d-a3544361e1cc "HTTP/1.1 200 OK"
2026-01-15 01:13:12,819 - temporal_gateway.clients.comfy.websocket - INFO - WebSocket connected successfully
2026-01-15 01:13:12,825 - temporal_gateway.clients.comfy.websocket - INFO - WebSocket connected successfully
2026-01-15 01:13:13,813 - httpx - INFO - HTTP Request: GET http://procure-x.testmcp.org/history/e8e0b760-0337-4755-89d0-657bcc531e6d "HTTP/1.1 200 OK"
2026-01-15 01:13:13,816 - httpx - INFO - HTTP Request: GET http://procure-x.testmcp.org/history/6416c4cd-fd51-4f86-af2d-a3544361e1cc "HTTP/1.1 200 OK"
2026-01-15 01:13:14,186 - temporal_gateway.clients.comfy.tracker - INFO - [WS] Execution completed successfully
2026-01-15 01:13:14,581 - httpx - INFO - HTTP Request: GET http://procure-x.testmcp.org/history/e8e0b760-0337-4755-89d0-657bcc531e6d "HTTP/1.1 200 OK"
2026-01-15 01:13:14,585 - temporal_gateway.clients.comfy.tracker - INFO - Tracking completed: success (took 1.87s)
2026-01-15 01:13:14,587 - temporalio.activity - INFO - [V3] Workflow completed successfully ({'activity_id': '1', 'activity_type': 'execute_and_track_workflow', 'attempt': 1, 'namespace': 'default', 'task_queue': 'comfyui-gpu-farm', 'workflow_id': 'chain-image-edit-to-video-pipeline-e3b7b017-7d80-4533-a4e7-631a308c0a76-extract_frame2', 'workflow_run_id': '019bbe08-968b-7ac5-a11c-977b64a39c72', 'workflow_type': 'ComfyUIWorkflow'})
2026-01-15 01:13:14,608 - temporalio.workflow - INFO - Execution completed successfully ({'attempt': 1, 'namespace': 'default', 'run_id': '019bbe08-968b-7ac5-a11c-977b64a39c72', 'task_queue': 'comfyui-gpu-farm', 'workflow_id': 'chain-image-edit-to-video-pipeline-e3b7b017-7d80-4533-a4e7-631a308c0a76-extract_frame2', 'workflow_type': 'ComfyUIWorkflow'})
2026-01-15 01:13:14,619 - temporalio.activity - INFO - Extracting server output files ({'activity_id': '2', 'activity_type': 'get_server_output_files', 'attempt': 1, 'namespace': 'default', 'task_queue': 'comfyui-gpu-farm', 'workflow_id': 'chain-image-edit-to-video-pipeline-e3b7b017-7d80-4533-a4e7-631a308c0a76-extract_frame2', 'workflow_run_id': '019bbe08-968b-7ac5-a11c-977b64a39c72', 'workflow_type': 'ComfyUIWorkflow'})
2026-01-15 01:13:14,619 - temporalio.activity - INFO - Found 1 output file(s) ({'activity_id': '2', 'activity_type': 'get_server_output_files', 'attempt': 1, 'namespace': 'default', 'task_queue': 'comfyui-gpu-farm', 'workflow_id': 'chain-image-edit-to-video-pipeline-e3b7b017-7d80-4533-a4e7-631a308c0a76-extract_frame2', 'workflow_run_id': '019bbe08-968b-7ac5-a11c-977b64a39c72', 'workflow_type': 'ComfyUIWorkflow'})
2026-01-15 01:13:14,630 - temporalio.workflow - INFO - Found 1 server output file(s) ({'attempt': 1, 'namespace': 'default', 'run_id': '019bbe08-968b-7ac5-a11c-977b64a39c72', 'task_queue': 'comfyui-gpu-farm', 'workflow_id': 'chain-image-edit-to-video-pipeline-e3b7b017-7d80-4533-a4e7-631a308c0a76-extract_frame2', 'workflow_type': 'ComfyUIWorkflow'})
2026-01-15 01:13:14,640 - temporalio.activity - INFO - Downloading and persisting 1 artifact(s) for workflow e7c94126-b3ee-4aae-bec8-888a95c65957 ({'activity_id': '3', 'activity_type': 'download_and_store_artifacts', 'attempt': 1, 'namespace': 'default', 'task_queue': 'comfyui-gpu-farm', 'workflow_id': 'chain-image-edit-to-video-pipeline-e3b7b017-7d80-4533-a4e7-631a308c0a76-extract_frame2', 'workflow_run_id': '019bbe08-968b-7ac5-a11c-977b64a39c72', 'workflow_type': 'ComfyUIWorkflow'})
2026-01-15 01:13:14,689 - temporal_gateway.clients.comfy.client - INFO - ComfyUI client initialized for http://procure-x.testmcp.org
2026-01-15 01:13:14,709 - temporal_gateway.clients.comfy.tracker - INFO - [WS] Execution completed successfully
2026-01-15 01:13:14,722 - httpx - INFO - HTTP Request: GET http://procure-x.testmcp.org/history/6416c4cd-fd51-4f86-af2d-a3544361e1cc "HTTP/1.1 200 OK"
2026-01-15 01:13:14,723 - temporal_gateway.clients.comfy.tracker - INFO - Tracking completed: success (took 1.94s)
2026-01-15 01:13:14,723 - temporalio.activity - INFO - [V3] Workflow completed successfully ({'activity_id': '1', 'activity_type': 'execute_and_track_workflow', 'attempt': 1, 'namespace': 'default', 'task_queue': 'comfyui-gpu-farm', 'workflow_id': 'chain-image-edit-to-video-pipeline-e3b7b017-7d80-4533-a4e7-631a308c0a76-extract_frame1', 'workflow_run_id': '019bbe08-9683-73e3-934e-b861d77a9c86', 'workflow_type': 'ComfyUIWorkflow'})
2026-01-15 01:13:14,725 - httpx - INFO - HTTP Request: GET http://procure-x.testmcp.org/view?filename=ComfyUI_00290_.png&type=output "HTTP/1.1 200 OK"
2026-01-15 01:13:14,734 - temporalio.workflow - INFO - Execution completed successfully ({'attempt': 1, 'namespace': 'default', 'run_id': '019bbe08-9683-73e3-934e-b861d77a9c86', 'task_queue': 'comfyui-gpu-farm', 'workflow_id': 'chain-image-edit-to-video-pipeline-e3b7b017-7d80-4533-a4e7-631a308c0a76-extract_frame1', 'workflow_type': 'ComfyUIWorkflow'})
2026-01-15 01:13:14,741 - temporalio.activity - INFO - Extracting server output files ({'activity_id': '2', 'activity_type': 'get_server_output_files', 'attempt': 1, 'namespace': 'default', 'task_queue': 'comfyui-gpu-farm', 'workflow_id': 'chain-image-edit-to-video-pipeline-e3b7b017-7d80-4533-a4e7-631a308c0a76-extract_frame1', 'workflow_run_id': '019bbe08-9683-73e3-934e-b861d77a9c86', 'workflow_type': 'ComfyUIWorkflow'})
2026-01-15 01:13:14,741 - temporalio.activity - INFO - Found 1 output file(s) ({'activity_id': '2', 'activity_type': 'get_server_output_files', 'attempt': 1, 'namespace': 'default', 'task_queue': 'comfyui-gpu-farm', 'workflow_id': 'chain-image-edit-to-video-pipeline-e3b7b017-7d80-4533-a4e7-631a308c0a76-extract_frame1', 'workflow_run_id': '019bbe08-9683-73e3-934e-b861d77a9c86', 'workflow_type': 'ComfyUIWorkflow'})
2026-01-15 01:13:14,758 - temporalio.activity - INFO - ✓ Saved artifact to DB: 8ca41055-5f1d-4cb4-8964-ef5afb96bfef (ComfyUI_00290_.png) ({'activity_id': '3', 'activity_type': 'download_and_store_artifacts', 'attempt': 1, 'namespace': 'default', 'task_queue': 'comfyui-gpu-farm', 'workflow_id': 'chain-image-edit-to-video-pipeline-e3b7b017-7d80-4533-a4e7-631a308c0a76-extract_frame2', 'workflow_run_id': '019bbe08-968b-7ac5-a11c-977b64a39c72', 'workflow_type': 'ComfyUIWorkflow'})
2026-01-15 01:13:14,758 - temporalio.activity - INFO - Downloaded and persisted 1 artifact(s) ({'activity_id': '3', 'activity_type': 'download_and_store_artifacts', 'attempt': 1, 'namespace': 'default', 'task_queue': 'comfyui-gpu-farm', 'workflow_id': 'chain-image-edit-to-video-pipeline-e3b7b017-7d80-4533-a4e7-631a308c0a76-extract_frame2', 'workflow_run_id': '019bbe08-968b-7ac5-a11c-977b64a39c72', 'workflow_type': 'ComfyUIWorkflow'})
2026-01-15 01:13:14,761 - temporalio.workflow - INFO - Found 1 server output file(s) ({'attempt': 1, 'namespace': 'default', 'run_id': '019bbe08-9683-73e3-934e-b861d77a9c86', 'task_queue': 'comfyui-gpu-farm', 'workflow_id': 'chain-image-edit-to-video-pipeline-e3b7b017-7d80-4533-a4e7-631a308c0a76-extract_frame1', 'workflow_type': 'ComfyUIWorkflow'})
2026-01-15 01:13:14,770 - temporalio.activity - INFO - Downloading and persisting 1 artifact(s) for workflow ee3cb705-1cf4-48bc-a469-81c72cd39583 ({'activity_id': '3', 'activity_type': 'download_and_store_artifacts', 'attempt': 1, 'namespace': 'default', 'task_queue': 'comfyui-gpu-farm', 'workflow_id': 'chain-image-edit-to-video-pipeline-e3b7b017-7d80-4533-a4e7-631a308c0a76-extract_frame1', 'workflow_run_id': '019bbe08-9683-73e3-934e-b861d77a9c86', 'workflow_type': 'ComfyUIWorkflow'})
2026-01-15 01:13:14,770 - temporalio.workflow - INFO - Downloaded 1 file(s) locally ({'attempt': 1, 'namespace': 'default', 'run_id': '019bbe08-968b-7ac5-a11c-977b64a39c72', 'task_queue': 'comfyui-gpu-farm', 'workflow_id': 'chain-image-edit-to-video-pipeline-e3b7b017-7d80-4533-a4e7-631a308c0a76-extract_frame2', 'workflow_type': 'ComfyUIWorkflow'})
2026-01-15 01:13:14,817 - temporal_gateway.clients.comfy.client - INFO - ComfyUI client initialized for http://procure-x.testmcp.org
2026-01-15 01:13:14,839 - temporalio.activity - INFO - Updating workflow e7c94126-b3ee-4aae-bec8-888a95c65957 status to: completed ({'activity_id': '10', 'activity_type': 'update_workflow_status_activity', 'attempt': 1, 'namespace': 'default', 'task_queue': 'comfyui-gpu-farm', 'workflow_id': 'chain-image-edit-to-video-pipeline-e3b7b017-7d80-4533-a4e7-631a308c0a76', 'workflow_run_id': '019bbe08-94e7-7b77-8867-d11761af2840', 'workflow_type': 'ChainExecutorWorkflow'})
2026-01-15 01:13:14,843 - temporalio.activity - INFO - ✓ Updated workflow status ({'activity_id': '10', 'activity_type': 'update_workflow_status_activity', 'attempt': 1, 'namespace': 'default', 'task_queue': 'comfyui-gpu-farm', 'workflow_id': 'chain-image-edit-to-video-pipeline-e3b7b017-7d80-4533-a4e7-631a308c0a76', 'workflow_run_id': '019bbe08-94e7-7b77-8867-d11761af2840', 'workflow_type': 'ChainExecutorWorkflow'})
2026-01-15 01:13:14,854 - httpx - INFO - HTTP Request: GET http://procure-x.testmcp.org/view?filename=ComfyUI_00291_.png&type=output "HTTP/1.1 200 OK"
2026-01-15 01:13:14,863 - temporalio.activity - INFO - Getting artifacts for workflow: e7c94126-b3ee-4aae-bec8-888a95c65957 ({'activity_id': '11', 'activity_type': 'get_workflow_artifacts', 'attempt': 1, 'namespace': 'default', 'task_queue': 'comfyui-gpu-farm', 'workflow_id': 'chain-image-edit-to-video-pipeline-e3b7b017-7d80-4533-a4e7-631a308c0a76', 'workflow_run_id': '019bbe08-94e7-7b77-8867-d11761af2840', 'workflow_type': 'ChainExecutorWorkflow'})
2026-01-15 01:13:14,874 - temporalio.activity - INFO - ✓ Saved artifact to DB: 46d1357b-f202-426c-9197-68e4c843cf7f (ComfyUI_00291_.png) ({'activity_id': '3', 'activity_type': 'download_and_store_artifacts', 'attempt': 1, 'namespace': 'default', 'task_queue': 'comfyui-gpu-farm', 'workflow_id': 'chain-image-edit-to-video-pipeline-e3b7b017-7d80-4533-a4e7-631a308c0a76-extract_frame1', 'workflow_run_id': '019bbe08-9683-73e3-934e-b861d77a9c86', 'workflow_type': 'ComfyUIWorkflow'})
2026-01-15 01:13:14,875 - temporalio.activity - INFO - Downloaded and persisted 1 artifact(s) ({'activity_id': '3', 'activity_type': 'download_and_store_artifacts', 'attempt': 1, 'namespace': 'default', 'task_queue': 'comfyui-gpu-farm', 'workflow_id': 'chain-image-edit-to-video-pipeline-e3b7b017-7d80-4533-a4e7-631a308c0a76-extract_frame1', 'workflow_run_id': '019bbe08-9683-73e3-934e-b861d77a9c86', 'workflow_type': 'ComfyUIWorkflow'})
2026-01-15 01:13:14,888 - temporalio.workflow - INFO - Downloaded 1 file(s) locally ({'attempt': 1, 'namespace': 'default', 'run_id': '019bbe08-9683-73e3-934e-b861d77a9c86', 'task_queue': 'comfyui-gpu-farm', 'workflow_id': 'chain-image-edit-to-video-pipeline-e3b7b017-7d80-4533-a4e7-631a308c0a76-extract_frame1', 'workflow_type': 'ComfyUIWorkflow'})
2026-01-15 01:13:14,890 - temporalio.activity - INFO - Creating approval request for artifact: 8ca41055-5f1d-4cb4-8964-ef5afb96bfef ({'activity_id': '12', 'activity_type': 'create_approval_request_activity', 'attempt': 1, 'namespace': 'default', 'task_queue': 'comfyui-gpu-farm', 'workflow_id': 'chain-image-edit-to-video-pipeline-e3b7b017-7d80-4533-a4e7-631a308c0a76', 'workflow_run_id': '019bbe08-94e7-7b77-8867-d11761af2840', 'workflow_type': 'ChainExecutorWorkflow'})
2026-01-15 01:13:14,901 - temporalio.activity - INFO - ✓ Created approval request: 610f27c5-e12a-4043-8dee-3ffe4a14257b, token: KusUHPHCKqIIBu17... ({'activity_id': '12', 'activity_type': 'create_approval_request_activity', 'attempt': 1, 'namespace': 'default', 'task_queue': 'comfyui-gpu-farm', 'workflow_id': 'chain-image-edit-to-video-pipeline-e3b7b017-7d80-4533-a4e7-631a308c0a76', 'workflow_run_id': '019bbe08-94e7-7b77-8867-d11761af2840', 'workflow_type': 'ChainExecutorWorkflow'})
2026-01-15 01:13:14,903 - temporal_gateway.services.broadcast - INFO - Published approval_requested to chain:363f0ff5-c2fc-42b6-b855-895e7bde5545
2026-01-15 01:13:14,903 - temporalio.activity - INFO - Published approval_requested event for chain 363f0ff5-c2fc-42b6-b855-895e7bde5545 ({'activity_id': '12', 'activity_type': 'create_approval_request_activity', 'attempt': 1, 'namespace': 'default', 'task_queue': 'comfyui-gpu-farm', 'workflow_id': 'chain-image-edit-to-video-pipeline-e3b7b017-7d80-4533-a4e7-631a308c0a76', 'workflow_run_id': '019bbe08-94e7-7b77-8867-d11761af2840', 'workflow_type': 'ChainExecutorWorkflow'})
2026-01-15 01:13:14,915 - temporalio.workflow - INFO - Step extract_frame2: Approval request created, token: KusUHPHCKqIIBu17... ({'attempt': 1, 'namespace': 'default', 'run_id': '019bbe08-94e7-7b77-8867-d11761af2840', 'task_queue': 'comfyui-gpu-farm', 'workflow_id': 'chain-image-edit-to-video-pipeline-e3b7b017-7d80-4533-a4e7-631a308c0a76', 'workflow_type': 'ChainExecutorWorkflow'})
2026-01-15 01:13:14,919 - temporalio.activity - INFO - Updating workflow ee3cb705-1cf4-48bc-a469-81c72cd39583 status to: completed ({'activity_id': '13', 'activity_type': 'update_workflow_status_activity', 'attempt': 1, 'namespace': 'default', 'task_queue': 'comfyui-gpu-farm', 'workflow_id': 'chain-image-edit-to-video-pipeline-e3b7b017-7d80-4533-a4e7-631a308c0a76', 'workflow_run_id': '019bbe08-94e7-7b77-8867-d11761af2840', 'workflow_type': 'ChainExecutorWorkflow'})
2026-01-15 01:13:14,924 - temporalio.activity - INFO - ✓ Updated workflow status ({'activity_id': '13', 'activity_type': 'update_workflow_status_activity', 'attempt': 1, 'namespace': 'default', 'task_queue': 'comfyui-gpu-farm', 'workflow_id': 'chain-image-edit-to-video-pipeline-e3b7b017-7d80-4533-a4e7-631a308c0a76', 'workflow_run_id': '019bbe08-94e7-7b77-8867-d11761af2840', 'workflow_type': 'ChainExecutorWorkflow'})
2026-01-15 01:13:14,944 - temporalio.activity - INFO - Getting artifacts for workflow: ee3cb705-1cf4-48bc-a469-81c72cd39583 ({'activity_id': '14', 'activity_type': 'get_workflow_artifacts', 'attempt': 1, 'namespace': 'default', 'task_queue': 'comfyui-gpu-farm', 'workflow_id': 'chain-image-edit-to-video-pipeline-e3b7b017-7d80-4533-a4e7-631a308c0a76', 'workflow_run_id': '019bbe08-94e7-7b77-8867-d11761af2840', 'workflow_type': 'ChainExecutorWorkflow'})
2026-01-15 01:13:14,965 - temporalio.activity - INFO - Creating approval request for artifact: 46d1357b-f202-426c-9197-68e4c843cf7f ({'activity_id': '15', 'activity_type': 'create_approval_request_activity', 'attempt': 1, 'namespace': 'default', 'task_queue': 'comfyui-gpu-farm', 'workflow_id': 'chain-image-edit-to-video-pipeline-e3b7b017-7d80-4533-a4e7-631a308c0a76', 'workflow_run_id': '019bbe08-94e7-7b77-8867-d11761af2840', 'workflow_type': 'ChainExecutorWorkflow'})
2026-01-15 01:13:14,969 - temporalio.activity - INFO - ✓ Created approval request: 29a0bcf9-e331-4ac6-89e7-2e4aa3ebc40e, token: k8jfkFUmoGdNgE0X... ({'activity_id': '15', 'activity_type': 'create_approval_request_activity', 'attempt': 1, 'namespace': 'default', 'task_queue': 'comfyui-gpu-farm', 'workflow_id': 'chain-image-edit-to-video-pipeline-e3b7b017-7d80-4533-a4e7-631a308c0a76', 'workflow_run_id': '019bbe08-94e7-7b77-8867-d11761af2840', 'workflow_type': 'ChainExecutorWorkflow'})
2026-01-15 01:13:14,970 - temporal_gateway.services.broadcast - INFO - Published approval_requested to chain:363f0ff5-c2fc-42b6-b855-895e7bde5545
2026-01-15 01:13:14,970 - temporalio.activity - INFO - Published approval_requested event for chain 363f0ff5-c2fc-42b6-b855-895e7bde5545 ({'activity_id': '15', 'activity_type': 'create_approval_request_activity', 'attempt': 1, 'namespace': 'default', 'task_queue': 'comfyui-gpu-farm', 'workflow_id': 'chain-image-edit-to-video-pipeline-e3b7b017-7d80-4533-a4e7-631a308c0a76', 'workflow_run_id': '019bbe08-94e7-7b77-8867-d11761af2840', 'workflow_type': 'ChainExecutorWorkflow'})
2026-01-15 01:13:14,980 - temporalio.workflow - INFO - Step extract_frame1: Approval request created, token: k8jfkFUmoGdNgE0X... ({'attempt': 1, 'namespace': 'default', 'run_id': '019bbe08-94e7-7b77-8867-d11761af2840', 'task_queue': 'comfyui-gpu-farm', 'workflow_id': 'chain-image-edit-to-video-pipeline-e3b7b017-7d80-4533-a4e7-631a308c0a76', 'workflow_type': 'ChainExecutorWorkflow'})
2026-01-15 01:13:20,546 - temporalio.workflow - INFO - Received approval decision for step extract_frame2: approved by cli-user ({'attempt': 1, 'namespace': 'default', 'run_id': '019bbe08-94e7-7b77-8867-d11761af2840', 'task_queue': 'comfyui-gpu-farm', 'workflow_id': 'chain-image-edit-to-video-pipeline-e3b7b017-7d80-4533-a4e7-631a308c0a76', 'workflow_type': 'ChainExecutorWorkflow'})
2026-01-15 01:13:20,546 - temporalio.workflow - INFO - Step extract_frame2: Approved by cli-user ({'attempt': 1, 'namespace': 'default', 'run_id': '019bbe08-94e7-7b77-8867-d11761af2840', 'task_queue': 'comfyui-gpu-farm', 'workflow_id': 'chain-image-edit-to-video-pipeline-e3b7b017-7d80-4533-a4e7-631a308c0a76', 'workflow_type': 'ChainExecutorWorkflow'})
2026-01-15 01:13:20,546 - temporalio.workflow - INFO - Step extract_frame2: Approved ({'attempt': 1, 'namespace': 'default', 'run_id': '019bbe08-94e7-7b77-8867-d11761af2840', 'task_queue': 'comfyui-gpu-farm', 'workflow_id': 'chain-image-edit-to-video-pipeline-e3b7b017-7d80-4533-a4e7-631a308c0a76', 'workflow_type': 'ChainExecutorWorkflow'})
2026-01-15 01:13:20,555 - temporalio.activity - INFO - Getting artifacts for workflow: e7c94126-b3ee-4aae-bec8-888a95c65957 ({'activity_id': '16', 'activity_type': 'get_workflow_artifacts', 'attempt': 1, 'namespace': 'default', 'task_queue': 'comfyui-gpu-farm', 'workflow_id': 'chain-image-edit-to-video-pipeline-e3b7b017-7d80-4533-a4e7-631a308c0a76', 'workflow_run_id': '019bbe08-94e7-7b77-8867-d11761af2840', 'workflow_type': 'ChainExecutorWorkflow'})
2026-01-15 01:13:20,578 - temporal_gateway.services.broadcast - INFO - Published step_completed to chain:363f0ff5-c2fc-42b6-b855-895e7bde5545
2026-01-15 01:13:20,579 - temporalio.activity - INFO - Published step_completed event for extract_frame2 in chain 363f0ff5-c2fc-42b6-b855-895e7bde5545 ({'activity_id': '17', 'activity_type': 'publish_step_completed_activity', 'attempt': 1, 'namespace': 'default', 'task_queue': 'comfyui-gpu-farm', 'workflow_id': 'chain-image-edit-to-video-pipeline-e3b7b017-7d80-4533-a4e7-631a308c0a76', 'workflow_run_id': '019bbe08-94e7-7b77-8867-d11761af2840', 'workflow_type': 'ChainExecutorWorkflow'})
2026-01-15 01:13:21,817 - temporalio.workflow - INFO - Received approval decision for step extract_frame1: approved by cli-user ({'attempt': 1, 'namespace': 'default', 'run_id': '019bbe08-94e7-7b77-8867-d11761af2840', 'task_queue': 'comfyui-gpu-farm', 'workflow_id': 'chain-image-edit-to-video-pipeline-e3b7b017-7d80-4533-a4e7-631a308c0a76', 'workflow_type': 'ChainExecutorWorkflow'})
2026-01-15 01:13:21,817 - temporalio.workflow - INFO - Step extract_frame1: Approved by cli-user ({'attempt': 1, 'namespace': 'default', 'run_id': '019bbe08-94e7-7b77-8867-d11761af2840', 'task_queue': 'comfyui-gpu-farm', 'workflow_id': 'chain-image-edit-to-video-pipeline-e3b7b017-7d80-4533-a4e7-631a308c0a76', 'workflow_type': 'ChainExecutorWorkflow'})
2026-01-15 01:13:21,817 - temporalio.workflow - INFO - Step extract_frame1: Approved ({'attempt': 1, 'namespace': 'default', 'run_id': '019bbe08-94e7-7b77-8867-d11761af2840', 'task_queue': 'comfyui-gpu-farm', 'workflow_id': 'chain-image-edit-to-video-pipeline-e3b7b017-7d80-4533-a4e7-631a308c0a76', 'workflow_type': 'ChainExecutorWorkflow'})
2026-01-15 01:13:21,829 - temporalio.activity - INFO - Getting artifacts for workflow: ee3cb705-1cf4-48bc-a469-81c72cd39583 ({'activity_id': '18', 'activity_type': 'get_workflow_artifacts', 'attempt': 1, 'namespace': 'default', 'task_queue': 'comfyui-gpu-farm', 'workflow_id': 'chain-image-edit-to-video-pipeline-e3b7b017-7d80-4533-a4e7-631a308c0a76', 'workflow_run_id': '019bbe08-94e7-7b77-8867-d11761af2840', 'workflow_type': 'ChainExecutorWorkflow'})
2026-01-15 01:13:21,853 - temporal_gateway.services.broadcast - INFO - Published step_completed to chain:363f0ff5-c2fc-42b6-b855-895e7bde5545
2026-01-15 01:13:21,853 - temporalio.activity - INFO - Published step_completed event for extract_frame1 in chain 363f0ff5-c2fc-42b6-b855-895e7bde5545 ({'activity_id': '19', 'activity_type': 'publish_step_completed_activity', 'attempt': 1, 'namespace': 'default', 'task_queue': 'comfyui-gpu-farm', 'workflow_id': 'chain-image-edit-to-video-pipeline-e3b7b017-7d80-4533-a4e7-631a308c0a76', 'workflow_run_id': '019bbe08-94e7-7b77-8867-d11761af2840', 'workflow_type': 'ChainExecutorWorkflow'})
2026-01-15 01:13:21,864 - temporalio.workflow - INFO - Step extract_frame1: completed ({'attempt': 1, 'namespace': 'default', 'run_id': '019bbe08-94e7-7b77-8867-d11761af2840', 'task_queue': 'comfyui-gpu-farm', 'workflow_id': 'chain-image-edit-to-video-pipeline-e3b7b017-7d80-4533-a4e7-631a308c0a76', 'workflow_type': 'ChainExecutorWorkflow'})
2026-01-15 01:13:21,865 - temporalio.workflow - INFO - Step extract_frame2: completed ({'attempt': 1, 'namespace': 'default', 'run_id': '019bbe08-94e7-7b77-8867-d11761af2840', 'task_queue': 'comfyui-gpu-farm', 'workflow_id': 'chain-image-edit-to-video-pipeline-e3b7b017-7d80-4533-a4e7-631a308c0a76', 'workflow_type': 'ChainExecutorWorkflow'})
2026-01-15 01:13:21,875 - temporalio.activity - INFO - Updating chain 363f0ff5-c2fc-42b6-b855-895e7bde5545 status to: executing_level_1 ({'activity_id': '20', 'activity_type': 'update_chain_status_activity', 'attempt': 1, 'namespace': 'default', 'task_queue': 'comfyui-gpu-farm', 'workflow_id': 'chain-image-edit-to-video-pipeline-e3b7b017-7d80-4533-a4e7-631a308c0a76', 'workflow_run_id': '019bbe08-94e7-7b77-8867-d11761af2840', 'workflow_type': 'ChainExecutorWorkflow'})
2026-01-15 01:13:21,880 - temporalio.activity - INFO - ✓ Updated chain status ({'activity_id': '20', 'activity_type': 'update_chain_status_activity', 'attempt': 1, 'namespace': 'default', 'task_queue': 'comfyui-gpu-farm', 'workflow_id': 'chain-image-edit-to-video-pipeline-e3b7b017-7d80-4533-a4e7-631a308c0a76', 'workflow_run_id': '019bbe08-94e7-7b77-8867-d11761af2840', 'workflow_type': 'ChainExecutorWorkflow'})
2026-01-15 01:13:21,890 - temporalio.workflow - INFO - Level 1: Executing 2 step(s) ({'attempt': 1, 'namespace': 'default', 'run_id': '019bbe08-94e7-7b77-8867-d11761af2840', 'task_queue': 'comfyui-gpu-farm', 'workflow_id': 'chain-image-edit-to-video-pipeline-e3b7b017-7d80-4533-a4e7-631a308c0a76', 'workflow_type': 'ChainExecutorWorkflow'})
2026-01-15 01:13:21,890 - temporalio.workflow - INFO - Executing step: edit_frame1 ({'attempt': 1, 'namespace': 'default', 'run_id': '019bbe08-94e7-7b77-8867-d11761af2840', 'task_queue': 'comfyui-gpu-farm', 'workflow_id': 'chain-image-edit-to-video-pipeline-e3b7b017-7d80-4533-a4e7-631a308c0a76', 'workflow_type': 'ChainExecutorWorkflow'})
2026-01-15 01:13:21,891 - temporalio.workflow - INFO - Executing step: edit_frame2 ({'attempt': 1, 'namespace': 'default', 'run_id': '019bbe08-94e7-7b77-8867-d11761af2840', 'task_queue': 'comfyui-gpu-farm', 'workflow_id': 'chain-image-edit-to-video-pipeline-e3b7b017-7d80-4533-a4e7-631a308c0a76', 'workflow_type': 'ChainExecutorWorkflow'})
2026-01-15 01:13:21,903 - temporalio.activity - INFO - Resolving templates in parameters ({'activity_id': '22', 'activity_type': 'resolve_chain_templates', 'attempt': 1, 'namespace': 'default', 'task_queue': 'comfyui-gpu-farm', 'workflow_id': 'chain-image-edit-to-video-pipeline-e3b7b017-7d80-4533-a4e7-631a308c0a76', 'workflow_run_id': '019bbe08-94e7-7b77-8867-d11761af2840', 'workflow_type': 'ChainExecutorWorkflow'})
2026-01-15 01:13:21,909 - temporalio.activity - INFO - Templates resolved successfully ({'activity_id': '22', 'activity_type': 'resolve_chain_templates', 'attempt': 1, 'namespace': 'default', 'task_queue': 'comfyui-gpu-farm', 'workflow_id': 'chain-image-edit-to-video-pipeline-e3b7b017-7d80-4533-a4e7-631a308c0a76', 'workflow_run_id': '019bbe08-94e7-7b77-8867-d11761af2840', 'workflow_type': 'ChainExecutorWorkflow'})
2026-01-15 01:13:21,910 - temporalio.activity - INFO - Resolving templates in parameters ({'activity_id': '21', 'activity_type': 'resolve_chain_templates', 'attempt': 1, 'namespace': 'default', 'task_queue': 'comfyui-gpu-farm', 'workflow_id': 'chain-image-edit-to-video-pipeline-e3b7b017-7d80-4533-a4e7-631a308c0a76', 'workflow_run_id': '019bbe08-94e7-7b77-8867-d11761af2840', 'workflow_type': 'ChainExecutorWorkflow'})
2026-01-15 01:13:21,912 - temporalio.activity - INFO - Templates resolved successfully ({'activity_id': '21', 'activity_type': 'resolve_chain_templates', 'attempt': 1, 'namespace': 'default', 'task_queue': 'comfyui-gpu-farm', 'workflow_id': 'chain-image-edit-to-video-pipeline-e3b7b017-7d80-4533-a4e7-631a308c0a76', 'workflow_run_id': '019bbe08-94e7-7b77-8867-d11761af2840', 'workflow_type': 'ChainExecutorWorkflow'})
2026-01-15 01:13:21,931 - temporalio.activity - INFO - Applying parameters to workflow: qwen_image_edit ({'activity_id': '24', 'activity_type': 'apply_workflow_parameters', 'attempt': 1, 'namespace': 'default', 'task_queue': 'comfyui-gpu-farm', 'workflow_id': 'chain-image-edit-to-video-pipeline-e3b7b017-7d80-4533-a4e7-631a308c0a76', 'workflow_run_id': '019bbe08-94e7-7b77-8867-d11761af2840', 'workflow_type': 'ChainExecutorWorkflow'})
2026-01-15 01:13:21,931 - temporal_gateway.registry - INFO - Applied override: 111.prompt = Make the scene more vibrant and colorful with enhanced details
2026-01-15 01:13:21,932 - temporal_gateway.registry - INFO - Applied override: 78.image = ComfyUI_00291_.png
2026-01-15 01:13:21,932 - temporalio.activity - INFO - Parameters applied successfully ({'activity_id': '24', 'activity_type': 'apply_workflow_parameters', 'attempt': 1, 'namespace': 'default', 'task_queue': 'comfyui-gpu-farm', 'workflow_id': 'chain-image-edit-to-video-pipeline-e3b7b017-7d80-4533-a4e7-631a308c0a76', 'workflow_run_id': '019bbe08-94e7-7b77-8867-d11761af2840', 'workflow_type': 'ChainExecutorWorkflow'})
2026-01-15 01:13:21,933 - temporalio.activity - INFO - Applying parameters to workflow: qwen_image_edit ({'activity_id': '23', 'activity_type': 'apply_workflow_parameters', 'attempt': 1, 'namespace': 'default', 'task_queue': 'comfyui-gpu-farm', 'workflow_id': 'chain-image-edit-to-video-pipeline-e3b7b017-7d80-4533-a4e7-631a308c0a76', 'workflow_run_id': '019bbe08-94e7-7b77-8867-d11761af2840', 'workflow_type': 'ChainExecutorWorkflow'})
2026-01-15 01:13:21,933 - temporal_gateway.registry - INFO - Applied override: 111.prompt = Make the scene more vibrant and colorful with enhanced details
2026-01-15 01:13:21,933 - temporal_gateway.registry - INFO - Applied override: 78.image = ComfyUI_00290_.png
2026-01-15 01:13:21,934 - temporalio.activity - INFO - Parameters applied successfully ({'activity_id': '23', 'activity_type': 'apply_workflow_parameters', 'attempt': 1, 'namespace': 'default', 'task_queue': 'comfyui-gpu-farm', 'workflow_id': 'chain-image-edit-to-video-pipeline-e3b7b017-7d80-4533-a4e7-631a308c0a76', 'workflow_run_id': '019bbe08-94e7-7b77-8867-d11761af2840', 'workflow_type': 'ChainExecutorWorkflow'})
2026-01-15 01:13:21,952 - temporalio.activity - INFO - Selecting server with strategy: least_loaded ({'activity_id': '26', 'activity_type': 'select_best_server', 'attempt': 1, 'namespace': 'default', 'task_queue': 'comfyui-gpu-farm', 'workflow_id': 'chain-image-edit-to-video-pipeline-e3b7b017-7d80-4533-a4e7-631a308c0a76', 'workflow_run_id': '019bbe08-94e7-7b77-8867-d11761af2840', 'workflow_type': 'ChainExecutorWorkflow'})
2026-01-15 01:13:22,001 - temporalio.activity - INFO - Selecting server with strategy: least_loaded ({'activity_id': '25', 'activity_type': 'select_best_server', 'attempt': 1, 'namespace': 'default', 'task_queue': 'comfyui-gpu-farm', 'workflow_id': 'chain-image-edit-to-video-pipeline-e3b7b017-7d80-4533-a4e7-631a308c0a76', 'workflow_run_id': '019bbe08-94e7-7b77-8867-d11761af2840', 'workflow_type': 'ChainExecutorWorkflow'})
2026-01-15 01:13:22,098 - httpx - INFO - HTTP Request: GET http://procure-x.testmcp.org/system_stats "HTTP/1.1 200 OK"
2026-01-15 01:13:22,105 - httpx - INFO - HTTP Request: GET http://procure-x.testmcp.org/system_stats "HTTP/1.1 200 OK"
2026-01-15 01:13:22,112 - httpx - INFO - HTTP Request: GET http://procure-x.testmcp.org/queue "HTTP/1.1 200 OK"
2026-01-15 01:13:22,114 - temporal_gateway.servers.load_balancer - INFO - Selected server procure-x (queue_depth=0, gpu_mem=0.0%)
2026-01-15 01:13:22,114 - temporalio.activity - INFO - Selected server: procure-x (http://procure-x.testmcp.org) ({'activity_id': '26', 'activity_type': 'select_best_server', 'attempt': 1, 'namespace': 'default', 'task_queue': 'comfyui-gpu-farm', 'workflow_id': 'chain-image-edit-to-video-pipeline-e3b7b017-7d80-4533-a4e7-631a308c0a76', 'workflow_run_id': '019bbe08-94e7-7b77-8867-d11761af2840', 'workflow_type': 'ChainExecutorWorkflow'})
2026-01-15 01:13:22,120 - httpx - INFO - HTTP Request: GET http://procure-x.testmcp.org/queue "HTTP/1.1 200 OK"
2026-01-15 01:13:22,122 - temporal_gateway.servers.load_balancer - INFO - Selected server procure-x (queue_depth=0, gpu_mem=0.0%)
2026-01-15 01:13:22,122 - temporalio.activity - INFO - Selected server: procure-x (http://procure-x.testmcp.org) ({'activity_id': '25', 'activity_type': 'select_best_server', 'attempt': 1, 'namespace': 'default', 'task_queue': 'comfyui-gpu-farm', 'workflow_id': 'chain-image-edit-to-video-pipeline-e3b7b017-7d80-4533-a4e7-631a308c0a76', 'workflow_run_id': '019bbe08-94e7-7b77-8867-d11761af2840', 'workflow_type': 'ChainExecutorWorkflow'})
2026-01-15 01:13:22,125 - temporalio.workflow - INFO - Step edit_frame2: Server http://procure-x.testmcp.org ({'attempt': 1, 'namespace': 'default', 'run_id': '019bbe08-94e7-7b77-8867-d11761af2840', 'task_queue': 'comfyui-gpu-farm', 'workflow_id': 'chain-image-edit-to-video-pipeline-e3b7b017-7d80-4533-a4e7-631a308c0a76', 'workflow_type': 'ChainExecutorWorkflow'})
2026-01-15 01:13:22,133 - temporalio.workflow - INFO - Step edit_frame1: Server http://procure-x.testmcp.org ({'attempt': 1, 'namespace': 'default', 'run_id': '019bbe08-94e7-7b77-8867-d11761af2840', 'task_queue': 'comfyui-gpu-farm', 'workflow_id': 'chain-image-edit-to-video-pipeline-e3b7b017-7d80-4533-a4e7-631a308c0a76', 'workflow_type': 'ChainExecutorWorkflow'})
2026-01-15 01:13:22,136 - temporalio.activity - INFO - Getting artifacts for workflow: e7c94126-b3ee-4aae-bec8-888a95c65957 ({'activity_id': '27', 'activity_type': 'get_workflow_artifacts', 'attempt': 1, 'namespace': 'default', 'task_queue': 'comfyui-gpu-farm', 'workflow_id': 'chain-image-edit-to-video-pipeline-e3b7b017-7d80-4533-a4e7-631a308c0a76', 'workflow_run_id': '019bbe08-94e7-7b77-8867-d11761af2840', 'workflow_type': 'ChainExecutorWorkflow'})
2026-01-15 01:13:22,146 - temporalio.activity - INFO - Getting artifacts for workflow: ee3cb705-1cf4-48bc-a469-81c72cd39583 ({'activity_id': '28', 'activity_type': 'get_workflow_artifacts', 'attempt': 1, 'namespace': 'default', 'task_queue': 'comfyui-gpu-farm', 'workflow_id': 'chain-image-edit-to-video-pipeline-e3b7b017-7d80-4533-a4e7-631a308c0a76', 'workflow_run_id': '019bbe08-94e7-7b77-8867-d11761af2840', 'workflow_type': 'ChainExecutorWorkflow'})
2026-01-15 01:13:22,149 - temporalio.workflow - INFO - Transferring 1 artifact(s) from extract_frame2 ({'attempt': 1, 'namespace': 'default', 'run_id': '019bbe08-94e7-7b77-8867-d11761af2840', 'task_queue': 'comfyui-gpu-farm', 'workflow_id': 'chain-image-edit-to-video-pipeline-e3b7b017-7d80-4533-a4e7-631a308c0a76', 'workflow_type': 'ChainExecutorWorkflow'})
2026-01-15 01:13:22,156 - temporalio.workflow - INFO - Transferring 1 artifact(s) from extract_frame1 ({'attempt': 1, 'namespace': 'default', 'run_id': '019bbe08-94e7-7b77-8867-d11761af2840', 'task_queue': 'comfyui-gpu-farm', 'workflow_id': 'chain-image-edit-to-video-pipeline-e3b7b017-7d80-4533-a4e7-631a308c0a76', 'workflow_type': 'ChainExecutorWorkflow'})
2026-01-15 01:13:22,160 - temporalio.activity - INFO - Transferring 1 artifact(s) from workflow e7c94126-b3ee-4aae-bec8-888a95c65957 to http://procure-x.testmcp.org ({'activity_id': '29', 'activity_type': 'transfer_artifacts_from_storage', 'attempt': 1, 'namespace': 'default', 'task_queue': 'comfyui-gpu-farm', 'workflow_id': 'chain-image-edit-to-video-pipeline-e3b7b017-7d80-4533-a4e7-631a308c0a76', 'workflow_run_id': '019bbe08-94e7-7b77-8867-d11761af2840', 'workflow_type': 'ChainExecutorWorkflow'})
2026-01-15 01:13:22,208 - temporal_gateway.clients.comfy.client - INFO - ComfyUI client initialized for http://procure-x.testmcp.org
2026-01-15 01:13:22,220 - temporalio.activity - INFO - Uploading: ComfyUI_00290_.png from local storage to http://procure-x.testmcp.org/input/ ({'activity_id': '29', 'activity_type': 'transfer_artifacts_from_storage', 'attempt': 1, 'namespace': 'default', 'task_queue': 'comfyui-gpu-farm', 'workflow_id': 'chain-image-edit-to-video-pipeline-e3b7b017-7d80-4533-a4e7-631a308c0a76', 'workflow_run_id': '019bbe08-94e7-7b77-8867-d11761af2840', 'workflow_type': 'ChainExecutorWorkflow'})
2026-01-15 01:13:22,221 - temporalio.activity - INFO - Transferring 1 artifact(s) from workflow ee3cb705-1cf4-48bc-a469-81c72cd39583 to http://procure-x.testmcp.org ({'activity_id': '30', 'activity_type': 'transfer_artifacts_from_storage', 'attempt': 1, 'namespace': 'default', 'task_queue': 'comfyui-gpu-farm', 'workflow_id': 'chain-image-edit-to-video-pipeline-e3b7b017-7d80-4533-a4e7-631a308c0a76', 'workflow_run_id': '019bbe08-94e7-7b77-8867-d11761af2840', 'workflow_type': 'ChainExecutorWorkflow'})
2026-01-15 01:13:22,273 - temporal_gateway.clients.comfy.client - INFO - ComfyUI client initialized for http://procure-x.testmcp.org
2026-01-15 01:13:22,278 - temporalio.activity - INFO - Uploading: ComfyUI_00291_.png from local storage to http://procure-x.testmcp.org/input/ ({'activity_id': '30', 'activity_type': 'transfer_artifacts_from_storage', 'attempt': 1, 'namespace': 'default', 'task_queue': 'comfyui-gpu-farm', 'workflow_id': 'chain-image-edit-to-video-pipeline-e3b7b017-7d80-4533-a4e7-631a308c0a76', 'workflow_run_id': '019bbe08-94e7-7b77-8867-d11761af2840', 'workflow_type': 'ChainExecutorWorkflow'})
2026-01-15 01:13:22,331 - httpx - INFO - HTTP Request: POST http://procure-x.testmcp.org/upload/image "HTTP/1.1 200 OK"
2026-01-15 01:13:22,332 - temporalio.activity - INFO - ✓ Uploaded: ComfyUI_00291_.png (105368 bytes) ({'activity_id': '30', 'activity_type': 'transfer_artifacts_from_storage', 'attempt': 1, 'namespace': 'default', 'task_queue': 'comfyui-gpu-farm', 'workflow_id': 'chain-image-edit-to-video-pipeline-e3b7b017-7d80-4533-a4e7-631a308c0a76', 'workflow_run_id': '019bbe08-94e7-7b77-8867-d11761af2840', 'workflow_type': 'ChainExecutorWorkflow'})
2026-01-15 01:13:22,338 - temporalio.activity - INFO - Successfully transferred 1 file(s) ({'activity_id': '30', 'activity_type': 'transfer_artifacts_from_storage', 'attempt': 1, 'namespace': 'default', 'task_queue': 'comfyui-gpu-farm', 'workflow_id': 'chain-image-edit-to-video-pipeline-e3b7b017-7d80-4533-a4e7-631a308c0a76', 'workflow_run_id': '019bbe08-94e7-7b77-8867-d11761af2840', 'workflow_type': 'ChainExecutorWorkflow'})
2026-01-15 01:13:22,340 - httpx - INFO - HTTP Request: POST http://procure-x.testmcp.org/upload/image "HTTP/1.1 200 OK"
2026-01-15 01:13:22,341 - temporalio.activity - INFO - ✓ Uploaded: ComfyUI_00290_.png (119859 bytes) ({'activity_id': '29', 'activity_type': 'transfer_artifacts_from_storage', 'attempt': 1, 'namespace': 'default', 'task_queue': 'comfyui-gpu-farm', 'workflow_id': 'chain-image-edit-to-video-pipeline-e3b7b017-7d80-4533-a4e7-631a308c0a76', 'workflow_run_id': '019bbe08-94e7-7b77-8867-d11761af2840', 'workflow_type': 'ChainExecutorWorkflow'})
2026-01-15 01:13:22,348 - temporalio.activity - INFO - Successfully transferred 1 file(s) ({'activity_id': '29', 'activity_type': 'transfer_artifacts_from_storage', 'attempt': 1, 'namespace': 'default', 'task_queue': 'comfyui-gpu-farm', 'workflow_id': 'chain-image-edit-to-video-pipeline-e3b7b017-7d80-4533-a4e7-631a308c0a76', 'workflow_run_id': '019bbe08-94e7-7b77-8867-d11761af2840', 'workflow_type': 'ChainExecutorWorkflow'})
2026-01-15 01:13:22,365 - temporalio.activity - INFO - Creating workflow record: qwen_image_edit (prompt: pending) ({'activity_id': '31', 'activity_type': 'create_workflow_record', 'attempt': 1, 'namespace': 'default', 'task_queue': 'comfyui-gpu-farm', 'workflow_id': 'chain-image-edit-to-video-pipeline-e3b7b017-7d80-4533-a4e7-631a308c0a76', 'workflow_run_id': '019bbe08-94e7-7b77-8867-d11761af2840', 'workflow_type': 'ChainExecutorWorkflow'})
2026-01-15 01:13:22,368 - temporalio.activity - INFO - ✓ Created workflow record: 81a31961-41e4-4dab-9869-8fa1fefa98d9 ({'activity_id': '31', 'activity_type': 'create_workflow_record', 'attempt': 1, 'namespace': 'default', 'task_queue': 'comfyui-gpu-farm', 'workflow_id': 'chain-image-edit-to-video-pipeline-e3b7b017-7d80-4533-a4e7-631a308c0a76', 'workflow_run_id': '019bbe08-94e7-7b77-8867-d11761af2840', 'workflow_type': 'ChainExecutorWorkflow'})
2026-01-15 01:13:22,371 - temporalio.activity - INFO - Creating workflow record: qwen_image_edit (prompt: pending) ({'activity_id': '32', 'activity_type': 'create_workflow_record', 'attempt': 1, 'namespace': 'default', 'task_queue': 'comfyui-gpu-farm', 'workflow_id': 'chain-image-edit-to-video-pipeline-e3b7b017-7d80-4533-a4e7-631a308c0a76', 'workflow_run_id': '019bbe08-94e7-7b77-8867-d11761af2840', 'workflow_type': 'ChainExecutorWorkflow'})
2026-01-15 01:13:22,376 - temporalio.activity - INFO - ✓ Created workflow record: eeeb7e79-3cac-41e8-9f6f-78c9251c2891 ({'activity_id': '32', 'activity_type': 'create_workflow_record', 'attempt': 1, 'namespace': 'default', 'task_queue': 'comfyui-gpu-farm', 'workflow_id': 'chain-image-edit-to-video-pipeline-e3b7b017-7d80-4533-a4e7-631a308c0a76', 'workflow_run_id': '019bbe08-94e7-7b77-8867-d11761af2840', 'workflow_type': 'ChainExecutorWorkflow'})
2026-01-15 01:13:22,413 - temporalio.workflow - INFO - Starting ComfyUI workflow execution ({'attempt': 1, 'namespace': 'default', 'run_id': '019bbe08-bd13-7d5c-8745-100764cad4b4', 'task_queue': 'comfyui-gpu-farm', 'workflow_id': 'chain-image-edit-to-video-pipeline-e3b7b017-7d80-4533-a4e7-631a308c0a76-edit_frame1', 'workflow_type': 'ComfyUIWorkflow'})
2026-01-15 01:13:22,413 - temporalio.workflow - INFO - Generated client_id: 68019f76-ea24-49c7-97f9-e54d764f1365 ({'attempt': 1, 'namespace': 'default', 'run_id': '019bbe08-bd13-7d5c-8745-100764cad4b4', 'task_queue': 'comfyui-gpu-farm', 'workflow_id': 'chain-image-edit-to-video-pipeline-e3b7b017-7d80-4533-a4e7-631a308c0a76-edit_frame1', 'workflow_type': 'ComfyUIWorkflow'})
2026-01-15 01:13:22,414 - temporalio.workflow - INFO - Using pre-selected server: http://procure-x.testmcp.org ({'attempt': 1, 'namespace': 'default', 'run_id': '019bbe08-bd13-7d5c-8745-100764cad4b4', 'task_queue': 'comfyui-gpu-farm', 'workflow_id': 'chain-image-edit-to-video-pipeline-e3b7b017-7d80-4533-a4e7-631a308c0a76-edit_frame1', 'workflow_type': 'ComfyUIWorkflow'})
2026-01-15 01:13:22,423 - temporalio.workflow - INFO - Starting ComfyUI workflow execution ({'attempt': 1, 'namespace': 'default', 'run_id': '019bbe08-bd1e-75da-8e9c-301c8db03ba1', 'task_queue': 'comfyui-gpu-farm', 'workflow_id': 'chain-image-edit-to-video-pipeline-e3b7b017-7d80-4533-a4e7-631a308c0a76-edit_frame2', 'workflow_type': 'ComfyUIWorkflow'})
2026-01-15 01:13:22,423 - temporalio.workflow - INFO - Generated client_id: 9891620d-64b2-47aa-81d5-b46dfebd1dd7 ({'attempt': 1, 'namespace': 'default', 'run_id': '019bbe08-bd1e-75da-8e9c-301c8db03ba1', 'task_queue': 'comfyui-gpu-farm', 'workflow_id': 'chain-image-edit-to-video-pipeline-e3b7b017-7d80-4533-a4e7-631a308c0a76-edit_frame2', 'workflow_type': 'ComfyUIWorkflow'})
2026-01-15 01:13:22,423 - temporalio.workflow - INFO - Using pre-selected server: http://procure-x.testmcp.org ({'attempt': 1, 'namespace': 'default', 'run_id': '019bbe08-bd1e-75da-8e9c-301c8db03ba1', 'task_queue': 'comfyui-gpu-farm', 'workflow_id': 'chain-image-edit-to-video-pipeline-e3b7b017-7d80-4533-a4e7-631a308c0a76-edit_frame2', 'workflow_type': 'ComfyUIWorkflow'})
2026-01-15 01:13:22,432 - temporalio.activity - INFO - [V3] Executing workflow on http://procure-x.testmcp.org ({'activity_id': '1', 'activity_type': 'execute_and_track_workflow', 'attempt': 1, 'namespace': 'default', 'task_queue': 'comfyui-gpu-farm', 'workflow_id': 'chain-image-edit-to-video-pipeline-e3b7b017-7d80-4533-a4e7-631a308c0a76-edit_frame1', 'workflow_run_id': '019bbe08-bd13-7d5c-8745-100764cad4b4', 'workflow_type': 'ComfyUIWorkflow'})
2026-01-15 01:13:22,433 - temporalio.activity - INFO - [V3] Workflow name: qwen_image_edit ({'activity_id': '1', 'activity_type': 'execute_and_track_workflow', 'attempt': 1, 'namespace': 'default', 'task_queue': 'comfyui-gpu-farm', 'workflow_id': 'chain-image-edit-to-video-pipeline-e3b7b017-7d80-4533-a4e7-631a308c0a76-edit_frame1', 'workflow_run_id': '019bbe08-bd13-7d5c-8745-100764cad4b4', 'workflow_type': 'ComfyUIWorkflow'})
2026-01-15 01:13:22,482 - temporal_gateway.clients.comfy.client - INFO - ComfyUI client initialized for http://procure-x.testmcp.org
2026-01-15 01:13:22,482 - temporal_gateway.clients.comfy.client - INFO - Submitting workflow to ComfyUI
2026-01-15 01:13:22,484 - temporalio.activity - INFO - [V3] Executing workflow on http://procure-x.testmcp.org ({'activity_id': '1', 'activity_type': 'execute_and_track_workflow', 'attempt': 1, 'namespace': 'default', 'task_queue': 'comfyui-gpu-farm', 'workflow_id': 'chain-image-edit-to-video-pipeline-e3b7b017-7d80-4533-a4e7-631a308c0a76-edit_frame2', 'workflow_run_id': '019bbe08-bd1e-75da-8e9c-301c8db03ba1', 'workflow_type': 'ComfyUIWorkflow'})
2026-01-15 01:13:22,484 - temporalio.activity - INFO - [V3] Workflow name: qwen_image_edit ({'activity_id': '1', 'activity_type': 'execute_and_track_workflow', 'attempt': 1, 'namespace': 'default', 'task_queue': 'comfyui-gpu-farm', 'workflow_id': 'chain-image-edit-to-video-pipeline-e3b7b017-7d80-4533-a4e7-631a308c0a76-edit_frame2', 'workflow_run_id': '019bbe08-bd1e-75da-8e9c-301c8db03ba1', 'workflow_type': 'ComfyUIWorkflow'})
2026-01-15 01:13:22,533 - temporal_gateway.clients.comfy.client - INFO - ComfyUI client initialized for http://procure-x.testmcp.org
2026-01-15 01:13:22,533 - temporal_gateway.clients.comfy.client - INFO - Submitting workflow to ComfyUI
2026-01-15 01:13:22,577 - httpx - INFO - HTTP Request: POST http://procure-x.testmcp.org/prompt "HTTP/1.1 200 OK"
2026-01-15 01:13:22,579 - temporal_gateway.clients.comfy.client - INFO - Workflow queued with prompt_id: 3a3c89e6-9f70-420f-b26e-40bc65c6d162
2026-01-15 01:13:22,579 - temporal_gateway.clients.comfy.tracker - INFO - Starting execution tracking for prompt 3a3c89e6-9f70-420f-b26e-40bc65c6d162
2026-01-15 01:13:22,579 - temporal_gateway.clients.comfy.tracker - INFO - Starting history polling
2026-01-15 01:13:22,580 - temporal_gateway.clients.comfy.tracker - INFO - Starting WebSocket listener
2026-01-15 01:13:22,580 - temporal_gateway.clients.comfy.websocket - INFO - Connecting to WebSocket: ws://procure-x.testmcp.org/ws?clientId=a76b886d-5688-479c-b398-f99ac88499a5
2026-01-15 01:13:22,629 - httpx - INFO - HTTP Request: POST http://procure-x.testmcp.org/prompt "HTTP/1.1 200 OK"
2026-01-15 01:13:22,630 - temporal_gateway.clients.comfy.client - INFO - Workflow queued with prompt_id: 0cf0fb35-df8a-4193-a530-2191039c1914
2026-01-15 01:13:22,630 - temporal_gateway.clients.comfy.tracker - INFO - Starting execution tracking for prompt 0cf0fb35-df8a-4193-a530-2191039c1914
2026-01-15 01:13:22,630 - temporal_gateway.clients.comfy.tracker - INFO - Starting history polling
2026-01-15 01:13:22,631 - temporal_gateway.clients.comfy.tracker - INFO - Starting WebSocket listener
2026-01-15 01:13:22,631 - temporal_gateway.clients.comfy.websocket - INFO - Connecting to WebSocket: ws://procure-x.testmcp.org/ws?clientId=eac4b994-a5ba-41b6-a5b1-34eb8b8e1980
2026-01-15 01:13:22,632 - httpx - INFO - HTTP Request: GET http://procure-x.testmcp.org/history/3a3c89e6-9f70-420f-b26e-40bc65c6d162 "HTTP/1.1 200 OK"
2026-01-15 01:13:22,633 - temporal_gateway.clients.comfy.websocket - INFO - WebSocket connected successfully
2026-01-15 01:13:22,645 - httpx - INFO - HTTP Request: GET http://procure-x.testmcp.org/history/0cf0fb35-df8a-4193-a530-2191039c1914 "HTTP/1.1 200 OK"
2026-01-15 01:13:22,667 - temporal_gateway.clients.comfy.websocket - INFO - WebSocket connected successfully
2026-01-15 01:13:23,649 - httpx - INFO - HTTP Request: GET http://procure-x.testmcp.org/history/3a3c89e6-9f70-420f-b26e-40bc65c6d162 "HTTP/1.1 200 OK"
2026-01-15 01:13:23,658 - httpx - INFO - HTTP Request: GET http://procure-x.testmcp.org/history/0cf0fb35-df8a-4193-a530-2191039c1914 "HTTP/1.1 200 OK"
2026-01-15 01:13:24,667 - httpx - INFO - HTTP Request: GET http://procure-x.testmcp.org/history/3a3c89e6-9f70-420f-b26e-40bc65c6d162 "HTTP/1.1 200 OK"
2026-01-15 01:13:24,673 - httpx - INFO - HTTP Request: GET http://procure-x.testmcp.org/history/0cf0fb35-df8a-4193-a530-2191039c1914 "HTTP/1.1 200 OK"
2026-01-15 01:13:25,687 - httpx - INFO - HTTP Request: GET http://procure-x.testmcp.org/history/3a3c89e6-9f70-420f-b26e-40bc65c6d162 "HTTP/1.1 200 OK"
2026-01-15 01:13:25,692 - httpx - INFO - HTTP Request: GET http://procure-x.testmcp.org/history/0cf0fb35-df8a-4193-a530-2191039c1914 "HTTP/1.1 200 OK"
2026-01-15 01:13:26,709 - httpx - INFO - HTTP Request: GET http://procure-x.testmcp.org/history/3a3c89e6-9f70-420f-b26e-40bc65c6d162 "HTTP/1.1 200 OK"
2026-01-15 01:13:26,713 - httpx - INFO - HTTP Request: GET http://procure-x.testmcp.org/history/0cf0fb35-df8a-4193-a530-2191039c1914 "HTTP/1.1 200 OK"
2026-01-15 01:13:27,731 - httpx - INFO - HTTP Request: GET http://procure-x.testmcp.org/history/0cf0fb35-df8a-4193-a530-2191039c1914 "HTTP/1.1 200 OK"
2026-01-15 01:13:27,732 - httpx - INFO - HTTP Request: GET http://procure-x.testmcp.org/history/3a3c89e6-9f70-420f-b26e-40bc65c6d162 "HTTP/1.1 200 OK"
2026-01-15 01:13:28,750 - httpx - INFO - HTTP Request: GET http://procure-x.testmcp.org/history/0cf0fb35-df8a-4193-a530-2191039c1914 "HTTP/1.1 200 OK"
2026-01-15 01:13:28,753 - httpx - INFO - HTTP Request: GET http://procure-x.testmcp.org/history/3a3c89e6-9f70-420f-b26e-40bc65c6d162 "HTTP/1.1 200 OK"
2026-01-15 01:13:29,776 - httpx - INFO - HTTP Request: GET http://procure-x.testmcp.org/history/3a3c89e6-9f70-420f-b26e-40bc65c6d162 "HTTP/1.1 200 OK"
2026-01-15 01:13:29,777 - httpx - INFO - HTTP Request: GET http://procure-x.testmcp.org/history/0cf0fb35-df8a-4193-a530-2191039c1914 "HTTP/1.1 200 OK"
2026-01-15 01:13:30,801 - httpx - INFO - HTTP Request: GET http://procure-x.testmcp.org/history/0cf0fb35-df8a-4193-a530-2191039c1914 "HTTP/1.1 200 OK"
2026-01-15 01:13:30,802 - httpx - INFO - HTTP Request: GET http://procure-x.testmcp.org/history/3a3c89e6-9f70-420f-b26e-40bc65c6d162 "HTTP/1.1 200 OK"
2026-01-15 01:13:31,832 - httpx - INFO - HTTP Request: GET http://procure-x.testmcp.org/history/3a3c89e6-9f70-420f-b26e-40bc65c6d162 "HTTP/1.1 200 OK"
2026-01-15 01:13:31,837 - httpx - INFO - HTTP Request: GET http://procure-x.testmcp.org/history/0cf0fb35-df8a-4193-a530-2191039c1914 "HTTP/1.1 200 OK"
2026-01-15 01:13:32,858 - httpx - INFO - HTTP Request: GET http://procure-x.testmcp.org/history/3a3c89e6-9f70-420f-b26e-40bc65c6d162 "HTTP/1.1 200 OK"
2026-01-15 01:13:32,859 - httpx - INFO - HTTP Request: GET http://procure-x.testmcp.org/history/0cf0fb35-df8a-4193-a530-2191039c1914 "HTTP/1.1 200 OK"
2026-01-15 01:13:33,880 - httpx - INFO - HTTP Request: GET http://procure-x.testmcp.org/history/3a3c89e6-9f70-420f-b26e-40bc65c6d162 "HTTP/1.1 200 OK"
2026-01-15 01:13:33,882 - httpx - INFO - HTTP Request: GET http://procure-x.testmcp.org/history/0cf0fb35-df8a-4193-a530-2191039c1914 "HTTP/1.1 200 OK"
2026-01-15 01:13:34,908 - httpx - INFO - HTTP Request: GET http://procure-x.testmcp.org/history/0cf0fb35-df8a-4193-a530-2191039c1914 "HTTP/1.1 200 OK"
2026-01-15 01:13:34,909 - httpx - INFO - HTTP Request: GET http://procure-x.testmcp.org/history/3a3c89e6-9f70-420f-b26e-40bc65c6d162 "HTTP/1.1 200 OK"
2026-01-15 01:13:35,933 - httpx - INFO - HTTP Request: GET http://procure-x.testmcp.org/history/0cf0fb35-df8a-4193-a530-2191039c1914 "HTTP/1.1 200 OK"
2026-01-15 01:13:35,936 - httpx - INFO - HTTP Request: GET http://procure-x.testmcp.org/history/3a3c89e6-9f70-420f-b26e-40bc65c6d162 "HTTP/1.1 200 OK"
2026-01-15 01:13:36,952 - httpx - INFO - HTTP Request: GET http://procure-x.testmcp.org/history/3a3c89e6-9f70-420f-b26e-40bc65c6d162 "HTTP/1.1 200 OK"
2026-01-15 01:13:36,958 - httpx - INFO - HTTP Request: GET http://procure-x.testmcp.org/history/0cf0fb35-df8a-4193-a530-2191039c1914 "HTTP/1.1 200 OK"
2026-01-15 01:13:37,978 - httpx - INFO - HTTP Request: GET http://procure-x.testmcp.org/history/3a3c89e6-9f70-420f-b26e-40bc65c6d162 "HTTP/1.1 200 OK"
2026-01-15 01:13:37,983 - httpx - INFO - HTTP Request: GET http://procure-x.testmcp.org/history/0cf0fb35-df8a-4193-a530-2191039c1914 "HTTP/1.1 200 OK"
2026-01-15 01:13:39,016 - httpx - INFO - HTTP Request: GET http://procure-x.testmcp.org/history/0cf0fb35-df8a-4193-a530-2191039c1914 "HTTP/1.1 200 OK"
2026-01-15 01:13:39,019 - httpx - INFO - HTTP Request: GET http://procure-x.testmcp.org/history/3a3c89e6-9f70-420f-b26e-40bc65c6d162 "HTTP/1.1 200 OK"
2026-01-15 01:13:40,039 - httpx - INFO - HTTP Request: GET http://procure-x.testmcp.org/history/0cf0fb35-df8a-4193-a530-2191039c1914 "HTTP/1.1 200 OK"
2026-01-15 01:13:40,040 - httpx - INFO - HTTP Request: GET http://procure-x.testmcp.org/history/3a3c89e6-9f70-420f-b26e-40bc65c6d162 "HTTP/1.1 200 OK"
2026-01-15 01:13:41,061 - httpx - INFO - HTTP Request: GET http://procure-x.testmcp.org/history/0cf0fb35-df8a-4193-a530-2191039c1914 "HTTP/1.1 200 OK"
2026-01-15 01:13:41,062 - httpx - INFO - HTTP Request: GET http://procure-x.testmcp.org/history/3a3c89e6-9f70-420f-b26e-40bc65c6d162 "HTTP/1.1 200 OK"
2026-01-15 01:13:42,079 - httpx - INFO - HTTP Request: GET http://procure-x.testmcp.org/history/0cf0fb35-df8a-4193-a530-2191039c1914 "HTTP/1.1 200 OK"
2026-01-15 01:13:42,080 - httpx - INFO - HTTP Request: GET http://procure-x.testmcp.org/history/3a3c89e6-9f70-420f-b26e-40bc65c6d162 "HTTP/1.1 200 OK"
2026-01-15 01:13:43,109 - httpx - INFO - HTTP Request: GET http://procure-x.testmcp.org/history/3a3c89e6-9f70-420f-b26e-40bc65c6d162 "HTTP/1.1 200 OK"
2026-01-15 01:13:43,112 - httpx - INFO - HTTP Request: GET http://procure-x.testmcp.org/history/0cf0fb35-df8a-4193-a530-2191039c1914 "HTTP/1.1 200 OK"
2026-01-15 01:13:44,132 - httpx - INFO - HTTP Request: GET http://procure-x.testmcp.org/history/0cf0fb35-df8a-4193-a530-2191039c1914 "HTTP/1.1 200 OK"
2026-01-15 01:13:44,134 - httpx - INFO - HTTP Request: GET http://procure-x.testmcp.org/history/3a3c89e6-9f70-420f-b26e-40bc65c6d162 "HTTP/1.1 200 OK"
2026-01-15 01:13:45,153 - httpx - INFO - HTTP Request: GET http://procure-x.testmcp.org/history/3a3c89e6-9f70-420f-b26e-40bc65c6d162 "HTTP/1.1 200 OK"
2026-01-15 01:13:45,155 - httpx - INFO - HTTP Request: GET http://procure-x.testmcp.org/history/0cf0fb35-df8a-4193-a530-2191039c1914 "HTTP/1.1 200 OK"
2026-01-15 01:13:46,174 - httpx - INFO - HTTP Request: GET http://procure-x.testmcp.org/history/0cf0fb35-df8a-4193-a530-2191039c1914 "HTTP/1.1 200 OK"
2026-01-15 01:13:46,175 - httpx - INFO - HTTP Request: GET http://procure-x.testmcp.org/history/3a3c89e6-9f70-420f-b26e-40bc65c6d162 "HTTP/1.1 200 OK"
2026-01-15 01:13:47,191 - httpx - INFO - HTTP Request: GET http://procure-x.testmcp.org/history/3a3c89e6-9f70-420f-b26e-40bc65c6d162 "HTTP/1.1 200 OK"
2026-01-15 01:13:47,192 - httpx - INFO - HTTP Request: GET http://procure-x.testmcp.org/history/0cf0fb35-df8a-4193-a530-2191039c1914 "HTTP/1.1 200 OK"
2026-01-15 01:13:48,208 - httpx - INFO - HTTP Request: GET http://procure-x.testmcp.org/history/3a3c89e6-9f70-420f-b26e-40bc65c6d162 "HTTP/1.1 200 OK"
2026-01-15 01:13:48,209 - httpx - INFO - HTTP Request: GET http://procure-x.testmcp.org/history/0cf0fb35-df8a-4193-a530-2191039c1914 "HTTP/1.1 200 OK"
2026-01-15 01:13:49,228 - httpx - INFO - HTTP Request: GET http://procure-x.testmcp.org/history/3a3c89e6-9f70-420f-b26e-40bc65c6d162 "HTTP/1.1 200 OK"
2026-01-15 01:13:49,230 - httpx - INFO - HTTP Request: GET http://procure-x.testmcp.org/history/0cf0fb35-df8a-4193-a530-2191039c1914 "HTTP/1.1 200 OK"
2026-01-15 01:13:50,249 - httpx - INFO - HTTP Request: GET http://procure-x.testmcp.org/history/3a3c89e6-9f70-420f-b26e-40bc65c6d162 "HTTP/1.1 200 OK"
2026-01-15 01:13:50,251 - httpx - INFO - HTTP Request: GET http://procure-x.testmcp.org/history/0cf0fb35-df8a-4193-a530-2191039c1914 "HTTP/1.1 200 OK"
2026-01-15 01:13:51,266 - httpx - INFO - HTTP Request: GET http://procure-x.testmcp.org/history/0cf0fb35-df8a-4193-a530-2191039c1914 "HTTP/1.1 200 OK"
2026-01-15 01:13:51,268 - httpx - INFO - HTTP Request: GET http://procure-x.testmcp.org/history/3a3c89e6-9f70-420f-b26e-40bc65c6d162 "HTTP/1.1 200 OK"
2026-01-15 01:13:52,286 - httpx - INFO - HTTP Request: GET http://procure-x.testmcp.org/history/0cf0fb35-df8a-4193-a530-2191039c1914 "HTTP/1.1 200 OK"
2026-01-15 01:13:52,289 - httpx - INFO - HTTP Request: GET http://procure-x.testmcp.org/history/3a3c89e6-9f70-420f-b26e-40bc65c6d162 "HTTP/1.1 200 OK"
2026-01-15 01:13:53,304 - httpx - INFO - HTTP Request: GET http://procure-x.testmcp.org/history/0cf0fb35-df8a-4193-a530-2191039c1914 "HTTP/1.1 200 OK"
2026-01-15 01:13:53,305 - httpx - INFO - HTTP Request: GET http://procure-x.testmcp.org/history/3a3c89e6-9f70-420f-b26e-40bc65c6d162 "HTTP/1.1 200 OK"
2026-01-15 01:13:54,335 - httpx - INFO - HTTP Request: GET http://procure-x.testmcp.org/history/0cf0fb35-df8a-4193-a530-2191039c1914 "HTTP/1.1 200 OK"
2026-01-15 01:13:54,339 - httpx - INFO - HTTP Request: GET http://procure-x.testmcp.org/history/3a3c89e6-9f70-420f-b26e-40bc65c6d162 "HTTP/1.1 200 OK"
2026-01-15 01:13:55,356 - httpx - INFO - HTTP Request: GET http://procure-x.testmcp.org/history/0cf0fb35-df8a-4193-a530-2191039c1914 "HTTP/1.1 200 OK"
2026-01-15 01:13:55,357 - httpx - INFO - HTTP Request: GET http://procure-x.testmcp.org/history/3a3c89e6-9f70-420f-b26e-40bc65c6d162 "HTTP/1.1 200 OK"
2026-01-15 01:13:56,380 - httpx - INFO - HTTP Request: GET http://procure-x.testmcp.org/history/3a3c89e6-9f70-420f-b26e-40bc65c6d162 "HTTP/1.1 200 OK"
2026-01-15 01:13:56,382 - httpx - INFO - HTTP Request: GET http://procure-x.testmcp.org/history/0cf0fb35-df8a-4193-a530-2191039c1914 "HTTP/1.1 200 OK"
2026-01-15 01:13:57,398 - httpx - INFO - HTTP Request: GET http://procure-x.testmcp.org/history/3a3c89e6-9f70-420f-b26e-40bc65c6d162 "HTTP/1.1 200 OK"
2026-01-15 01:13:57,400 - httpx - INFO - HTTP Request: GET http://procure-x.testmcp.org/history/0cf0fb35-df8a-4193-a530-2191039c1914 "HTTP/1.1 200 OK"
2026-01-15 01:13:58,418 - httpx - INFO - HTTP Request: GET http://procure-x.testmcp.org/history/0cf0fb35-df8a-4193-a530-2191039c1914 "HTTP/1.1 200 OK"
2026-01-15 01:13:58,419 - httpx - INFO - HTTP Request: GET http://procure-x.testmcp.org/history/3a3c89e6-9f70-420f-b26e-40bc65c6d162 "HTTP/1.1 200 OK"
2026-01-15 01:13:59,439 - httpx - INFO - HTTP Request: GET http://procure-x.testmcp.org/history/0cf0fb35-df8a-4193-a530-2191039c1914 "HTTP/1.1 200 OK"
2026-01-15 01:13:59,442 - httpx - INFO - HTTP Request: GET http://procure-x.testmcp.org/history/3a3c89e6-9f70-420f-b26e-40bc65c6d162 "HTTP/1.1 200 OK"
2026-01-15 01:14:00,456 - httpx - INFO - HTTP Request: GET http://procure-x.testmcp.org/history/0cf0fb35-df8a-4193-a530-2191039c1914 "HTTP/1.1 200 OK"
2026-01-15 01:14:00,459 - httpx - INFO - HTTP Request: GET http://procure-x.testmcp.org/history/3a3c89e6-9f70-420f-b26e-40bc65c6d162 "HTTP/1.1 200 OK"
2026-01-15 01:14:01,476 - httpx - INFO - HTTP Request: GET http://procure-x.testmcp.org/history/0cf0fb35-df8a-4193-a530-2191039c1914 "HTTP/1.1 200 OK"
2026-01-15 01:14:01,481 - httpx - INFO - HTTP Request: GET http://procure-x.testmcp.org/history/3a3c89e6-9f70-420f-b26e-40bc65c6d162 "HTTP/1.1 200 OK"
2026-01-15 01:14:02,496 - httpx - INFO - HTTP Request: GET http://procure-x.testmcp.org/history/0cf0fb35-df8a-4193-a530-2191039c1914 "HTTP/1.1 200 OK"
2026-01-15 01:14:02,498 - httpx - INFO - HTTP Request: GET http://procure-x.testmcp.org/history/3a3c89e6-9f70-420f-b26e-40bc65c6d162 "HTTP/1.1 200 OK"
2026-01-15 01:14:03,514 - httpx - INFO - HTTP Request: GET http://procure-x.testmcp.org/history/0cf0fb35-df8a-4193-a530-2191039c1914 "HTTP/1.1 200 OK"
2026-01-15 01:14:03,516 - httpx - INFO - HTTP Request: GET http://procure-x.testmcp.org/history/3a3c89e6-9f70-420f-b26e-40bc65c6d162 "HTTP/1.1 200 OK"
2026-01-15 01:14:04,533 - httpx - INFO - HTTP Request: GET http://procure-x.testmcp.org/history/0cf0fb35-df8a-4193-a530-2191039c1914 "HTTP/1.1 200 OK"
2026-01-15 01:14:04,534 - httpx - INFO - HTTP Request: GET http://procure-x.testmcp.org/history/3a3c89e6-9f70-420f-b26e-40bc65c6d162 "HTTP/1.1 200 OK"
2026-01-15 01:14:05,550 - httpx - INFO - HTTP Request: GET http://procure-x.testmcp.org/history/0cf0fb35-df8a-4193-a530-2191039c1914 "HTTP/1.1 200 OK"
2026-01-15 01:14:05,551 - httpx - INFO - HTTP Request: GET http://procure-x.testmcp.org/history/3a3c89e6-9f70-420f-b26e-40bc65c6d162 "HTTP/1.1 200 OK"
2026-01-15 01:14:06,566 - httpx - INFO - HTTP Request: GET http://procure-x.testmcp.org/history/3a3c89e6-9f70-420f-b26e-40bc65c6d162 "HTTP/1.1 200 OK"
2026-01-15 01:14:06,568 - httpx - INFO - HTTP Request: GET http://procure-x.testmcp.org/history/0cf0fb35-df8a-4193-a530-2191039c1914 "HTTP/1.1 200 OK"
2026-01-15 01:14:07,584 - httpx - INFO - HTTP Request: GET http://procure-x.testmcp.org/history/3a3c89e6-9f70-420f-b26e-40bc65c6d162 "HTTP/1.1 200 OK"
2026-01-15 01:14:07,585 - httpx - INFO - HTTP Request: GET http://procure-x.testmcp.org/history/0cf0fb35-df8a-4193-a530-2191039c1914 "HTTP/1.1 200 OK"
2026-01-15 01:14:08,600 - httpx - INFO - HTTP Request: GET http://procure-x.testmcp.org/history/3a3c89e6-9f70-420f-b26e-40bc65c6d162 "HTTP/1.1 200 OK"
2026-01-15 01:14:08,608 - httpx - INFO - HTTP Request: GET http://procure-x.testmcp.org/history/0cf0fb35-df8a-4193-a530-2191039c1914 "HTTP/1.1 200 OK"
2026-01-15 01:14:09,618 - httpx - INFO - HTTP Request: GET http://procure-x.testmcp.org/history/3a3c89e6-9f70-420f-b26e-40bc65c6d162 "HTTP/1.1 200 OK"
2026-01-15 01:14:09,622 - httpx - INFO - HTTP Request: GET http://procure-x.testmcp.org/history/0cf0fb35-df8a-4193-a530-2191039c1914 "HTTP/1.1 200 OK"
2026-01-15 01:14:10,635 - httpx - INFO - HTTP Request: GET http://procure-x.testmcp.org/history/0cf0fb35-df8a-4193-a530-2191039c1914 "HTTP/1.1 200 OK"
2026-01-15 01:14:10,636 - httpx - INFO - HTTP Request: GET http://procure-x.testmcp.org/history/3a3c89e6-9f70-420f-b26e-40bc65c6d162 "HTTP/1.1 200 OK"
2026-01-15 01:14:11,655 - httpx - INFO - HTTP Request: GET http://procure-x.testmcp.org/history/0cf0fb35-df8a-4193-a530-2191039c1914 "HTTP/1.1 200 OK"
2026-01-15 01:14:11,656 - httpx - INFO - HTTP Request: GET http://procure-x.testmcp.org/history/3a3c89e6-9f70-420f-b26e-40bc65c6d162 "HTTP/1.1 200 OK"
2026-01-15 01:14:12,677 - httpx - INFO - HTTP Request: GET http://procure-x.testmcp.org/history/3a3c89e6-9f70-420f-b26e-40bc65c6d162 "HTTP/1.1 200 OK"
2026-01-15 01:14:12,686 - httpx - INFO - HTTP Request: GET http://procure-x.testmcp.org/history/0cf0fb35-df8a-4193-a530-2191039c1914 "HTTP/1.1 200 OK"
2026-01-15 01:14:13,436 - temporal_gateway.clients.comfy.tracker - INFO - [WS] Execution completed successfully
2026-01-15 01:14:13,793 - httpx - INFO - HTTP Request: GET http://procure-x.testmcp.org/history/0cf0fb35-df8a-4193-a530-2191039c1914 "HTTP/1.1 200 OK"
2026-01-15 01:14:13,794 - httpx - INFO - HTTP Request: GET http://procure-x.testmcp.org/history/3a3c89e6-9f70-420f-b26e-40bc65c6d162 "HTTP/1.1 200 OK"
2026-01-15 01:14:13,796 - httpx - INFO - HTTP Request: GET http://procure-x.testmcp.org/history/3a3c89e6-9f70-420f-b26e-40bc65c6d162 "HTTP/1.1 200 OK"
2026-01-15 01:14:13,797 - temporal_gateway.clients.comfy.tracker - INFO - Tracking completed: success (took 51.22s)
2026-01-15 01:14:13,798 - temporal_gateway.clients.comfy.tracker - INFO - [POLL] Found in history: success
2026-01-15 01:14:13,799 - temporalio.activity - INFO - [V3] Workflow completed successfully ({'activity_id': '1', 'activity_type': 'execute_and_track_workflow', 'attempt': 1, 'namespace': 'default', 'task_queue': 'comfyui-gpu-farm', 'workflow_id': 'chain-image-edit-to-video-pipeline-e3b7b017-7d80-4533-a4e7-631a308c0a76-edit_frame1', 'workflow_run_id': '019bbe08-bd13-7d5c-8745-100764cad4b4', 'workflow_type': 'ComfyUIWorkflow'})
2026-01-15 01:14:13,810 - temporalio.workflow - INFO - Execution completed successfully ({'attempt': 1, 'namespace': 'default', 'run_id': '019bbe08-bd13-7d5c-8745-100764cad4b4', 'task_queue': 'comfyui-gpu-farm', 'workflow_id': 'chain-image-edit-to-video-pipeline-e3b7b017-7d80-4533-a4e7-631a308c0a76-edit_frame1', 'workflow_type': 'ComfyUIWorkflow'})
2026-01-15 01:14:13,818 - temporalio.activity - INFO - Extracting server output files ({'activity_id': '2', 'activity_type': 'get_server_output_files', 'attempt': 1, 'namespace': 'default', 'task_queue': 'comfyui-gpu-farm', 'workflow_id': 'chain-image-edit-to-video-pipeline-e3b7b017-7d80-4533-a4e7-631a308c0a76-edit_frame1', 'workflow_run_id': '019bbe08-bd13-7d5c-8745-100764cad4b4', 'workflow_type': 'ComfyUIWorkflow'})
2026-01-15 01:14:13,818 - temporalio.activity - INFO - Found 1 output file(s) ({'activity_id': '2', 'activity_type': 'get_server_output_files', 'attempt': 1, 'namespace': 'default', 'task_queue': 'comfyui-gpu-farm', 'workflow_id': 'chain-image-edit-to-video-pipeline-e3b7b017-7d80-4533-a4e7-631a308c0a76-edit_frame1', 'workflow_run_id': '019bbe08-bd13-7d5c-8745-100764cad4b4', 'workflow_type': 'ComfyUIWorkflow'})
2026-01-15 01:14:13,828 - temporalio.workflow - INFO - Found 1 server output file(s) ({'attempt': 1, 'namespace': 'default', 'run_id': '019bbe08-bd13-7d5c-8745-100764cad4b4', 'task_queue': 'comfyui-gpu-farm', 'workflow_id': 'chain-image-edit-to-video-pipeline-e3b7b017-7d80-4533-a4e7-631a308c0a76-edit_frame1', 'workflow_type': 'ComfyUIWorkflow'})
2026-01-15 01:14:13,837 - temporalio.activity - INFO - Downloading and persisting 1 artifact(s) for workflow 81a31961-41e4-4dab-9869-8fa1fefa98d9 ({'activity_id': '3', 'activity_type': 'download_and_store_artifacts', 'attempt': 1, 'namespace': 'default', 'task_queue': 'comfyui-gpu-farm', 'workflow_id': 'chain-image-edit-to-video-pipeline-e3b7b017-7d80-4533-a4e7-631a308c0a76-edit_frame1', 'workflow_run_id': '019bbe08-bd13-7d5c-8745-100764cad4b4', 'workflow_type': 'ComfyUIWorkflow'})
2026-01-15 01:14:13,889 - temporal_gateway.clients.comfy.client - INFO - ComfyUI client initialized for http://procure-x.testmcp.org
2026-01-15 01:14:13,930 - httpx - INFO - HTTP Request: GET http://procure-x.testmcp.org/view?filename=ComfyUI_00292_.png&type=output "HTTP/1.1 200 OK"
2026-01-15 01:14:14,067 - temporalio.activity - INFO - ✓ Saved artifact to DB: 8b9ebdef-dbbd-4d51-a0bb-f29840da87fc (ComfyUI_00292_.png) ({'activity_id': '3', 'activity_type': 'download_and_store_artifacts', 'attempt': 1, 'namespace': 'default', 'task_queue': 'comfyui-gpu-farm', 'workflow_id': 'chain-image-edit-to-video-pipeline-e3b7b017-7d80-4533-a4e7-631a308c0a76-edit_frame1', 'workflow_run_id': '019bbe08-bd13-7d5c-8745-100764cad4b4', 'workflow_type': 'ComfyUIWorkflow'})
2026-01-15 01:14:14,067 - temporalio.activity - INFO - Downloaded and persisted 1 artifact(s) ({'activity_id': '3', 'activity_type': 'download_and_store_artifacts', 'attempt': 1, 'namespace': 'default', 'task_queue': 'comfyui-gpu-farm', 'workflow_id': 'chain-image-edit-to-video-pipeline-e3b7b017-7d80-4533-a4e7-631a308c0a76-edit_frame1', 'workflow_run_id': '019bbe08-bd13-7d5c-8745-100764cad4b4', 'workflow_type': 'ComfyUIWorkflow'})
2026-01-15 01:14:14,078 - temporalio.workflow - INFO - Downloaded 1 file(s) locally ({'attempt': 1, 'namespace': 'default', 'run_id': '019bbe08-bd13-7d5c-8745-100764cad4b4', 'task_queue': 'comfyui-gpu-farm', 'workflow_id': 'chain-image-edit-to-video-pipeline-e3b7b017-7d80-4533-a4e7-631a308c0a76-edit_frame1', 'workflow_type': 'ComfyUIWorkflow'})
2026-01-15 01:14:14,099 - temporalio.activity - INFO - Updating workflow 81a31961-41e4-4dab-9869-8fa1fefa98d9 status to: completed ({'activity_id': '33', 'activity_type': 'update_workflow_status_activity', 'attempt': 1, 'namespace': 'default', 'task_queue': 'comfyui-gpu-farm', 'workflow_id': 'chain-image-edit-to-video-pipeline-e3b7b017-7d80-4533-a4e7-631a308c0a76', 'workflow_run_id': '019bbe08-94e7-7b77-8867-d11761af2840', 'workflow_type': 'ChainExecutorWorkflow'})
2026-01-15 01:14:14,103 - temporalio.activity - INFO - ✓ Updated workflow status ({'activity_id': '33', 'activity_type': 'update_workflow_status_activity', 'attempt': 1, 'namespace': 'default', 'task_queue': 'comfyui-gpu-farm', 'workflow_id': 'chain-image-edit-to-video-pipeline-e3b7b017-7d80-4533-a4e7-631a308c0a76', 'workflow_run_id': '019bbe08-94e7-7b77-8867-d11761af2840', 'workflow_type': 'ChainExecutorWorkflow'})
2026-01-15 01:14:14,119 - temporalio.activity - INFO - Getting artifacts for workflow: 81a31961-41e4-4dab-9869-8fa1fefa98d9 ({'activity_id': '34', 'activity_type': 'get_workflow_artifacts', 'attempt': 1, 'namespace': 'default', 'task_queue': 'comfyui-gpu-farm', 'workflow_id': 'chain-image-edit-to-video-pipeline-e3b7b017-7d80-4533-a4e7-631a308c0a76', 'workflow_run_id': '019bbe08-94e7-7b77-8867-d11761af2840', 'workflow_type': 'ChainExecutorWorkflow'})
2026-01-15 01:14:14,137 - temporalio.activity - INFO - Creating approval request for artifact: 8b9ebdef-dbbd-4d51-a0bb-f29840da87fc ({'activity_id': '35', 'activity_type': 'create_approval_request_activity', 'attempt': 1, 'namespace': 'default', 'task_queue': 'comfyui-gpu-farm', 'workflow_id': 'chain-image-edit-to-video-pipeline-e3b7b017-7d80-4533-a4e7-631a308c0a76', 'workflow_run_id': '019bbe08-94e7-7b77-8867-d11761af2840', 'workflow_type': 'ChainExecutorWorkflow'})
2026-01-15 01:14:14,141 - temporalio.activity - INFO - ✓ Created approval request: 9a7a9853-d92a-4ee6-9175-f6eea9bc73d2, token: ZBGbhlZ2uBBO8TZM... ({'activity_id': '35', 'activity_type': 'create_approval_request_activity', 'attempt': 1, 'namespace': 'default', 'task_queue': 'comfyui-gpu-farm', 'workflow_id': 'chain-image-edit-to-video-pipeline-e3b7b017-7d80-4533-a4e7-631a308c0a76', 'workflow_run_id': '019bbe08-94e7-7b77-8867-d11761af2840', 'workflow_type': 'ChainExecutorWorkflow'})
2026-01-15 01:14:14,142 - temporal_gateway.services.broadcast - INFO - Published approval_requested to chain:363f0ff5-c2fc-42b6-b855-895e7bde5545
2026-01-15 01:14:14,142 - temporalio.activity - INFO - Published approval_requested event for chain 363f0ff5-c2fc-42b6-b855-895e7bde5545 ({'activity_id': '35', 'activity_type': 'create_approval_request_activity', 'attempt': 1, 'namespace': 'default', 'task_queue': 'comfyui-gpu-farm', 'workflow_id': 'chain-image-edit-to-video-pipeline-e3b7b017-7d80-4533-a4e7-631a308c0a76', 'workflow_run_id': '019bbe08-94e7-7b77-8867-d11761af2840', 'workflow_type': 'ChainExecutorWorkflow'})
2026-01-15 01:14:14,152 - temporalio.workflow - INFO - Step edit_frame1: Approval request created, token: ZBGbhlZ2uBBO8TZM... ({'attempt': 1, 'namespace': 'default', 'run_id': '019bbe08-94e7-7b77-8867-d11761af2840', 'task_queue': 'comfyui-gpu-farm', 'workflow_id': 'chain-image-edit-to-video-pipeline-e3b7b017-7d80-4533-a4e7-631a308c0a76', 'workflow_type': 'ChainExecutorWorkflow'})
2026-01-15 01:14:14,813 - httpx - INFO - HTTP Request: GET http://procure-x.testmcp.org/history/0cf0fb35-df8a-4193-a530-2191039c1914 "HTTP/1.1 200 OK"
2026-01-15 01:14:15,834 - httpx - INFO - HTTP Request: GET http://procure-x.testmcp.org/history/0cf0fb35-df8a-4193-a530-2191039c1914 "HTTP/1.1 200 OK"
2026-01-15 01:14:16,870 - httpx - INFO - HTTP Request: GET http://procure-x.testmcp.org/history/0cf0fb35-df8a-4193-a530-2191039c1914 "HTTP/1.1 200 OK"
2026-01-15 01:14:17,891 - httpx - INFO - HTTP Request: GET http://procure-x.testmcp.org/history/0cf0fb35-df8a-4193-a530-2191039c1914 "HTTP/1.1 200 OK"
2026-01-15 01:14:18,914 - httpx - INFO - HTTP Request: GET http://procure-x.testmcp.org/history/0cf0fb35-df8a-4193-a530-2191039c1914 "HTTP/1.1 200 OK"
2026-01-15 01:14:19,934 - httpx - INFO - HTTP Request: GET http://procure-x.testmcp.org/history/0cf0fb35-df8a-4193-a530-2191039c1914 "HTTP/1.1 200 OK"
2026-01-15 01:14:20,953 - httpx - INFO - HTTP Request: GET http://procure-x.testmcp.org/history/0cf0fb35-df8a-4193-a530-2191039c1914 "HTTP/1.1 200 OK"
2026-01-15 01:14:21,978 - httpx - INFO - HTTP Request: GET http://procure-x.testmcp.org/history/0cf0fb35-df8a-4193-a530-2191039c1914 "HTTP/1.1 200 OK"
2026-01-15 01:14:22,995 - httpx - INFO - HTTP Request: GET http://procure-x.testmcp.org/history/0cf0fb35-df8a-4193-a530-2191039c1914 "HTTP/1.1 200 OK"
2026-01-15 01:14:24,014 - httpx - INFO - HTTP Request: GET http://procure-x.testmcp.org/history/0cf0fb35-df8a-4193-a530-2191039c1914 "HTTP/1.1 200 OK"
2026-01-15 01:14:24,646 - temporalio.workflow - INFO - Received approval decision for step edit_frame1: approved by cli-user ({'attempt': 1, 'namespace': 'default', 'run_id': '019bbe08-94e7-7b77-8867-d11761af2840', 'task_queue': 'comfyui-gpu-farm', 'workflow_id': 'chain-image-edit-to-video-pipeline-e3b7b017-7d80-4533-a4e7-631a308c0a76', 'workflow_type': 'ChainExecutorWorkflow'})
2026-01-15 01:14:24,647 - temporalio.workflow - INFO - Step edit_frame1: Approved by cli-user ({'attempt': 1, 'namespace': 'default', 'run_id': '019bbe08-94e7-7b77-8867-d11761af2840', 'task_queue': 'comfyui-gpu-farm', 'workflow_id': 'chain-image-edit-to-video-pipeline-e3b7b017-7d80-4533-a4e7-631a308c0a76', 'workflow_type': 'ChainExecutorWorkflow'})
2026-01-15 01:14:24,647 - temporalio.workflow - INFO - Step edit_frame1: Approved ({'attempt': 1, 'namespace': 'default', 'run_id': '019bbe08-94e7-7b77-8867-d11761af2840', 'task_queue': 'comfyui-gpu-farm', 'workflow_id': 'chain-image-edit-to-video-pipeline-e3b7b017-7d80-4533-a4e7-631a308c0a76', 'workflow_type': 'ChainExecutorWorkflow'})
2026-01-15 01:14:24,658 - temporalio.activity - INFO - Getting artifacts for workflow: 81a31961-41e4-4dab-9869-8fa1fefa98d9 ({'activity_id': '36', 'activity_type': 'get_workflow_artifacts', 'attempt': 1, 'namespace': 'default', 'task_queue': 'comfyui-gpu-farm', 'workflow_id': 'chain-image-edit-to-video-pipeline-e3b7b017-7d80-4533-a4e7-631a308c0a76', 'workflow_run_id': '019bbe08-94e7-7b77-8867-d11761af2840', 'workflow_type': 'ChainExecutorWorkflow'})
2026-01-15 01:14:24,683 - temporal_gateway.services.broadcast - INFO - Published step_completed to chain:363f0ff5-c2fc-42b6-b855-895e7bde5545
2026-01-15 01:14:24,683 - temporalio.activity - INFO - Published step_completed event for edit_frame1 in chain 363f0ff5-c2fc-42b6-b855-895e7bde5545 ({'activity_id': '37', 'activity_type': 'publish_step_completed_activity', 'attempt': 1, 'namespace': 'default', 'task_queue': 'comfyui-gpu-farm', 'workflow_id': 'chain-image-edit-to-video-pipeline-e3b7b017-7d80-4533-a4e7-631a308c0a76', 'workflow_run_id': '019bbe08-94e7-7b77-8867-d11761af2840', 'workflow_type': 'ChainExecutorWorkflow'})
2026-01-15 01:14:25,034 - httpx - INFO - HTTP Request: GET http://procure-x.testmcp.org/history/0cf0fb35-df8a-4193-a530-2191039c1914 "HTTP/1.1 200 OK"
2026-01-15 01:14:26,053 - httpx - INFO - HTTP Request: GET http://procure-x.testmcp.org/history/0cf0fb35-df8a-4193-a530-2191039c1914 "HTTP/1.1 200 OK"
2026-01-15 01:14:27,075 - httpx - INFO - HTTP Request: GET http://procure-x.testmcp.org/history/0cf0fb35-df8a-4193-a530-2191039c1914 "HTTP/1.1 200 OK"
2026-01-15 01:14:28,097 - httpx - INFO - HTTP Request: GET http://procure-x.testmcp.org/history/0cf0fb35-df8a-4193-a530-2191039c1914 "HTTP/1.1 200 OK"
2026-01-15 01:14:29,116 - httpx - INFO - HTTP Request: GET http://procure-x.testmcp.org/history/0cf0fb35-df8a-4193-a530-2191039c1914 "HTTP/1.1 200 OK"
2026-01-15 01:14:30,134 - httpx - INFO - HTTP Request: GET http://procure-x.testmcp.org/history/0cf0fb35-df8a-4193-a530-2191039c1914 "HTTP/1.1 200 OK"
2026-01-15 01:14:31,154 - httpx - INFO - HTTP Request: GET http://procure-x.testmcp.org/history/0cf0fb35-df8a-4193-a530-2191039c1914 "HTTP/1.1 200 OK"
2026-01-15 01:14:32,171 - httpx - INFO - HTTP Request: GET http://procure-x.testmcp.org/history/0cf0fb35-df8a-4193-a530-2191039c1914 "HTTP/1.1 200 OK"
2026-01-15 01:14:33,189 - httpx - INFO - HTTP Request: GET http://procure-x.testmcp.org/history/0cf0fb35-df8a-4193-a530-2191039c1914 "HTTP/1.1 200 OK"
2026-01-15 01:14:34,213 - httpx - INFO - HTTP Request: GET http://procure-x.testmcp.org/history/0cf0fb35-df8a-4193-a530-2191039c1914 "HTTP/1.1 200 OK"
2026-01-15 01:14:35,238 - httpx - INFO - HTTP Request: GET http://procure-x.testmcp.org/history/0cf0fb35-df8a-4193-a530-2191039c1914 "HTTP/1.1 200 OK"
2026-01-15 01:14:36,261 - httpx - INFO - HTTP Request: GET http://procure-x.testmcp.org/history/0cf0fb35-df8a-4193-a530-2191039c1914 "HTTP/1.1 200 OK"
2026-01-15 01:14:37,280 - httpx - INFO - HTTP Request: GET http://procure-x.testmcp.org/history/0cf0fb35-df8a-4193-a530-2191039c1914 "HTTP/1.1 200 OK"
2026-01-15 01:14:38,308 - httpx - INFO - HTTP Request: GET http://procure-x.testmcp.org/history/0cf0fb35-df8a-4193-a530-2191039c1914 "HTTP/1.1 200 OK"
2026-01-15 01:14:39,334 - httpx - INFO - HTTP Request: GET http://procure-x.testmcp.org/history/0cf0fb35-df8a-4193-a530-2191039c1914 "HTTP/1.1 200 OK"
2026-01-15 01:14:40,353 - httpx - INFO - HTTP Request: GET http://procure-x.testmcp.org/history/0cf0fb35-df8a-4193-a530-2191039c1914 "HTTP/1.1 200 OK"
2026-01-15 01:14:40,433 - temporal_gateway.clients.comfy.tracker - INFO - [WS] Execution completed successfully
2026-01-15 01:14:40,800 - httpx - INFO - HTTP Request: GET http://procure-x.testmcp.org/history/0cf0fb35-df8a-4193-a530-2191039c1914 "HTTP/1.1 200 OK"
2026-01-15 01:14:40,802 - temporal_gateway.clients.comfy.tracker - INFO - Tracking completed: success (took 78.17s)
2026-01-15 01:14:40,802 - temporalio.activity - INFO - [V3] Workflow completed successfully ({'activity_id': '1', 'activity_type': 'execute_and_track_workflow', 'attempt': 1, 'namespace': 'default', 'task_queue': 'comfyui-gpu-farm', 'workflow_id': 'chain-image-edit-to-video-pipeline-e3b7b017-7d80-4533-a4e7-631a308c0a76-edit_frame2', 'workflow_run_id': '019bbe08-bd1e-75da-8e9c-301c8db03ba1', 'workflow_type': 'ComfyUIWorkflow'})
2026-01-15 01:14:40,816 - temporalio.workflow - INFO - Execution completed successfully ({'attempt': 1, 'namespace': 'default', 'run_id': '019bbe08-bd1e-75da-8e9c-301c8db03ba1', 'task_queue': 'comfyui-gpu-farm', 'workflow_id': 'chain-image-edit-to-video-pipeline-e3b7b017-7d80-4533-a4e7-631a308c0a76-edit_frame2', 'workflow_type': 'ComfyUIWorkflow'})
2026-01-15 01:14:40,825 - temporalio.activity - INFO - Extracting server output files ({'activity_id': '2', 'activity_type': 'get_server_output_files', 'attempt': 1, 'namespace': 'default', 'task_queue': 'comfyui-gpu-farm', 'workflow_id': 'chain-image-edit-to-video-pipeline-e3b7b017-7d80-4533-a4e7-631a308c0a76-edit_frame2', 'workflow_run_id': '019bbe08-bd1e-75da-8e9c-301c8db03ba1', 'workflow_type': 'ComfyUIWorkflow'})
2026-01-15 01:14:40,825 - temporalio.activity - INFO - Found 1 output file(s) ({'activity_id': '2', 'activity_type': 'get_server_output_files', 'attempt': 1, 'namespace': 'default', 'task_queue': 'comfyui-gpu-farm', 'workflow_id': 'chain-image-edit-to-video-pipeline-e3b7b017-7d80-4533-a4e7-631a308c0a76-edit_frame2', 'workflow_run_id': '019bbe08-bd1e-75da-8e9c-301c8db03ba1', 'workflow_type': 'ComfyUIWorkflow'})
2026-01-15 01:14:40,834 - temporalio.workflow - INFO - Found 1 server output file(s) ({'attempt': 1, 'namespace': 'default', 'run_id': '019bbe08-bd1e-75da-8e9c-301c8db03ba1', 'task_queue': 'comfyui-gpu-farm', 'workflow_id': 'chain-image-edit-to-video-pipeline-e3b7b017-7d80-4533-a4e7-631a308c0a76-edit_frame2', 'workflow_type': 'ComfyUIWorkflow'})
2026-01-15 01:14:40,842 - temporalio.activity - INFO - Downloading and persisting 1 artifact(s) for workflow eeeb7e79-3cac-41e8-9f6f-78c9251c2891 ({'activity_id': '3', 'activity_type': 'download_and_store_artifacts', 'attempt': 1, 'namespace': 'default', 'task_queue': 'comfyui-gpu-farm', 'workflow_id': 'chain-image-edit-to-video-pipeline-e3b7b017-7d80-4533-a4e7-631a308c0a76-edit_frame2', 'workflow_run_id': '019bbe08-bd1e-75da-8e9c-301c8db03ba1', 'workflow_type': 'ComfyUIWorkflow'})
2026-01-15 01:14:40,888 - temporal_gateway.clients.comfy.client - INFO - ComfyUI client initialized for http://procure-x.testmcp.org
2026-01-15 01:14:40,928 - httpx - INFO - HTTP Request: GET http://procure-x.testmcp.org/view?filename=ComfyUI_00293_.png&type=output "HTTP/1.1 200 OK"
2026-01-15 01:14:41,071 - temporalio.activity - INFO - ✓ Saved artifact to DB: e7696414-b0c9-4c4e-adf8-f25e613600ac (ComfyUI_00293_.png) ({'activity_id': '3', 'activity_type': 'download_and_store_artifacts', 'attempt': 1, 'namespace': 'default', 'task_queue': 'comfyui-gpu-farm', 'workflow_id': 'chain-image-edit-to-video-pipeline-e3b7b017-7d80-4533-a4e7-631a308c0a76-edit_frame2', 'workflow_run_id': '019bbe08-bd1e-75da-8e9c-301c8db03ba1', 'workflow_type': 'ComfyUIWorkflow'})
2026-01-15 01:14:41,072 - temporalio.activity - INFO - Downloaded and persisted 1 artifact(s) ({'activity_id': '3', 'activity_type': 'download_and_store_artifacts', 'attempt': 1, 'namespace': 'default', 'task_queue': 'comfyui-gpu-farm', 'workflow_id': 'chain-image-edit-to-video-pipeline-e3b7b017-7d80-4533-a4e7-631a308c0a76-edit_frame2', 'workflow_run_id': '019bbe08-bd1e-75da-8e9c-301c8db03ba1', 'workflow_type': 'ComfyUIWorkflow'})
2026-01-15 01:14:41,081 - temporalio.workflow - INFO - Downloaded 1 file(s) locally ({'attempt': 1, 'namespace': 'default', 'run_id': '019bbe08-bd1e-75da-8e9c-301c8db03ba1', 'task_queue': 'comfyui-gpu-farm', 'workflow_id': 'chain-image-edit-to-video-pipeline-e3b7b017-7d80-4533-a4e7-631a308c0a76-edit_frame2', 'workflow_type': 'ComfyUIWorkflow'})
2026-01-15 01:14:41,104 - temporalio.activity - INFO - Updating workflow eeeb7e79-3cac-41e8-9f6f-78c9251c2891 status to: completed ({'activity_id': '38', 'activity_type': 'update_workflow_status_activity', 'attempt': 1, 'namespace': 'default', 'task_queue': 'comfyui-gpu-farm', 'workflow_id': 'chain-image-edit-to-video-pipeline-e3b7b017-7d80-4533-a4e7-631a308c0a76', 'workflow_run_id': '019bbe08-94e7-7b77-8867-d11761af2840', 'workflow_type': 'ChainExecutorWorkflow'})
2026-01-15 01:14:41,107 - temporalio.activity - INFO - ✓ Updated workflow status ({'activity_id': '38', 'activity_type': 'update_workflow_status_activity', 'attempt': 1, 'namespace': 'default', 'task_queue': 'comfyui-gpu-farm', 'workflow_id': 'chain-image-edit-to-video-pipeline-e3b7b017-7d80-4533-a4e7-631a308c0a76', 'workflow_run_id': '019bbe08-94e7-7b77-8867-d11761af2840', 'workflow_type': 'ChainExecutorWorkflow'})
2026-01-15 01:14:41,124 - temporalio.activity - INFO - Getting artifacts for workflow: eeeb7e79-3cac-41e8-9f6f-78c9251c2891 ({'activity_id': '39', 'activity_type': 'get_workflow_artifacts', 'attempt': 1, 'namespace': 'default', 'task_queue': 'comfyui-gpu-farm', 'workflow_id': 'chain-image-edit-to-video-pipeline-e3b7b017-7d80-4533-a4e7-631a308c0a76', 'workflow_run_id': '019bbe08-94e7-7b77-8867-d11761af2840', 'workflow_type': 'ChainExecutorWorkflow'})
2026-01-15 01:14:41,142 - temporalio.activity - INFO - Creating approval request for artifact: e7696414-b0c9-4c4e-adf8-f25e613600ac ({'activity_id': '40', 'activity_type': 'create_approval_request_activity', 'attempt': 1, 'namespace': 'default', 'task_queue': 'comfyui-gpu-farm', 'workflow_id': 'chain-image-edit-to-video-pipeline-e3b7b017-7d80-4533-a4e7-631a308c0a76', 'workflow_run_id': '019bbe08-94e7-7b77-8867-d11761af2840', 'workflow_type': 'ChainExecutorWorkflow'})
2026-01-15 01:14:41,146 - temporalio.activity - INFO - ✓ Created approval request: fa4d651b-648d-4d57-a8c6-3511ff62c4e7, token: s7zhbXQAVmitq_FC... ({'activity_id': '40', 'activity_type': 'create_approval_request_activity', 'attempt': 1, 'namespace': 'default', 'task_queue': 'comfyui-gpu-farm', 'workflow_id': 'chain-image-edit-to-video-pipeline-e3b7b017-7d80-4533-a4e7-631a308c0a76', 'workflow_run_id': '019bbe08-94e7-7b77-8867-d11761af2840', 'workflow_type': 'ChainExecutorWorkflow'})
2026-01-15 01:14:41,146 - temporal_gateway.services.broadcast - INFO - Published approval_requested to chain:363f0ff5-c2fc-42b6-b855-895e7bde5545
2026-01-15 01:14:41,146 - temporalio.activity - INFO - Published approval_requested event for chain 363f0ff5-c2fc-42b6-b855-895e7bde5545 ({'activity_id': '40', 'activity_type': 'create_approval_request_activity', 'attempt': 1, 'namespace': 'default', 'task_queue': 'comfyui-gpu-farm', 'workflow_id': 'chain-image-edit-to-video-pipeline-e3b7b017-7d80-4533-a4e7-631a308c0a76', 'workflow_run_id': '019bbe08-94e7-7b77-8867-d11761af2840', 'workflow_type': 'ChainExecutorWorkflow'})
2026-01-15 01:14:41,158 - temporalio.workflow - INFO - Step edit_frame2: Approval request created, token: s7zhbXQAVmitq_FC... ({'attempt': 1, 'namespace': 'default', 'run_id': '019bbe08-94e7-7b77-8867-d11761af2840', 'task_queue': 'comfyui-gpu-farm', 'workflow_id': 'chain-image-edit-to-video-pipeline-e3b7b017-7d80-4533-a4e7-631a308c0a76', 'workflow_type': 'ChainExecutorWorkflow'})
2026-01-15 01:14:47,220 - temporalio.workflow - INFO - Received approval decision for step edit_frame2: approved by cli-user ({'attempt': 1, 'namespace': 'default', 'run_id': '019bbe08-94e7-7b77-8867-d11761af2840', 'task_queue': 'comfyui-gpu-farm', 'workflow_id': 'chain-image-edit-to-video-pipeline-e3b7b017-7d80-4533-a4e7-631a308c0a76', 'workflow_type': 'ChainExecutorWorkflow'})
2026-01-15 01:14:47,221 - temporalio.workflow - INFO - Step edit_frame2: Approved by cli-user ({'attempt': 1, 'namespace': 'default', 'run_id': '019bbe08-94e7-7b77-8867-d11761af2840', 'task_queue': 'comfyui-gpu-farm', 'workflow_id': 'chain-image-edit-to-video-pipeline-e3b7b017-7d80-4533-a4e7-631a308c0a76', 'workflow_type': 'ChainExecutorWorkflow'})
2026-01-15 01:14:47,221 - temporalio.workflow - INFO - Step edit_frame2: Approved ({'attempt': 1, 'namespace': 'default', 'run_id': '019bbe08-94e7-7b77-8867-d11761af2840', 'task_queue': 'comfyui-gpu-farm', 'workflow_id': 'chain-image-edit-to-video-pipeline-e3b7b017-7d80-4533-a4e7-631a308c0a76', 'workflow_type': 'ChainExecutorWorkflow'})
2026-01-15 01:14:47,230 - temporalio.activity - INFO - Getting artifacts for workflow: eeeb7e79-3cac-41e8-9f6f-78c9251c2891 ({'activity_id': '41', 'activity_type': 'get_workflow_artifacts', 'attempt': 1, 'namespace': 'default', 'task_queue': 'comfyui-gpu-farm', 'workflow_id': 'chain-image-edit-to-video-pipeline-e3b7b017-7d80-4533-a4e7-631a308c0a76', 'workflow_run_id': '019bbe08-94e7-7b77-8867-d11761af2840', 'workflow_type': 'ChainExecutorWorkflow'})
2026-01-15 01:14:47,253 - temporal_gateway.services.broadcast - INFO - Published step_completed to chain:363f0ff5-c2fc-42b6-b855-895e7bde5545
2026-01-15 01:14:47,254 - temporalio.activity - INFO - Published step_completed event for edit_frame2 in chain 363f0ff5-c2fc-42b6-b855-895e7bde5545 ({'activity_id': '42', 'activity_type': 'publish_step_completed_activity', 'attempt': 1, 'namespace': 'default', 'task_queue': 'comfyui-gpu-farm', 'workflow_id': 'chain-image-edit-to-video-pipeline-e3b7b017-7d80-4533-a4e7-631a308c0a76', 'workflow_run_id': '019bbe08-94e7-7b77-8867-d11761af2840', 'workflow_type': 'ChainExecutorWorkflow'})
2026-01-15 01:14:47,265 - temporalio.workflow - INFO - Step edit_frame1: completed ({'attempt': 1, 'namespace': 'default', 'run_id': '019bbe08-94e7-7b77-8867-d11761af2840', 'task_queue': 'comfyui-gpu-farm', 'workflow_id': 'chain-image-edit-to-video-pipeline-e3b7b017-7d80-4533-a4e7-631a308c0a76', 'workflow_type': 'ChainExecutorWorkflow'})
2026-01-15 01:14:47,265 - temporalio.workflow - INFO - Step edit_frame2: completed ({'attempt': 1, 'namespace': 'default', 'run_id': '019bbe08-94e7-7b77-8867-d11761af2840', 'task_queue': 'comfyui-gpu-farm', 'workflow_id': 'chain-image-edit-to-video-pipeline-e3b7b017-7d80-4533-a4e7-631a308c0a76', 'workflow_type': 'ChainExecutorWorkflow'})
2026-01-15 01:14:47,274 - temporalio.activity - INFO - Updating chain 363f0ff5-c2fc-42b6-b855-895e7bde5545 status to: executing_level_2 ({'activity_id': '43', 'activity_type': 'update_chain_status_activity', 'attempt': 1, 'namespace': 'default', 'task_queue': 'comfyui-gpu-farm', 'workflow_id': 'chain-image-edit-to-video-pipeline-e3b7b017-7d80-4533-a4e7-631a308c0a76', 'workflow_run_id': '019bbe08-94e7-7b77-8867-d11761af2840', 'workflow_type': 'ChainExecutorWorkflow'})
2026-01-15 01:14:47,277 - temporalio.activity - INFO - ✓ Updated chain status ({'activity_id': '43', 'activity_type': 'update_chain_status_activity', 'attempt': 1, 'namespace': 'default', 'task_queue': 'comfyui-gpu-farm', 'workflow_id': 'chain-image-edit-to-video-pipeline-e3b7b017-7d80-4533-a4e7-631a308c0a76', 'workflow_run_id': '019bbe08-94e7-7b77-8867-d11761af2840', 'workflow_type': 'ChainExecutorWorkflow'})
2026-01-15 01:14:47,289 - temporalio.workflow - INFO - Level 2: Executing 1 step(s) ({'attempt': 1, 'namespace': 'default', 'run_id': '019bbe08-94e7-7b77-8867-d11761af2840', 'task_queue': 'comfyui-gpu-farm', 'workflow_id': 'chain-image-edit-to-video-pipeline-e3b7b017-7d80-4533-a4e7-631a308c0a76', 'workflow_type': 'ChainExecutorWorkflow'})
2026-01-15 01:14:47,290 - temporalio.workflow - INFO - Executing step: create_video ({'attempt': 1, 'namespace': 'default', 'run_id': '019bbe08-94e7-7b77-8867-d11761af2840', 'task_queue': 'comfyui-gpu-farm', 'workflow_id': 'chain-image-edit-to-video-pipeline-e3b7b017-7d80-4533-a4e7-631a308c0a76', 'workflow_type': 'ChainExecutorWorkflow'})
2026-01-15 01:14:47,302 - temporalio.activity - INFO - Resolving templates in parameters ({'activity_id': '44', 'activity_type': 'resolve_chain_templates', 'attempt': 1, 'namespace': 'default', 'task_queue': 'comfyui-gpu-farm', 'workflow_id': 'chain-image-edit-to-video-pipeline-e3b7b017-7d80-4533-a4e7-631a308c0a76', 'workflow_run_id': '019bbe08-94e7-7b77-8867-d11761af2840', 'workflow_type': 'ChainExecutorWorkflow'})
2026-01-15 01:14:47,304 - temporalio.activity - INFO - Templates resolved successfully ({'activity_id': '44', 'activity_type': 'resolve_chain_templates', 'attempt': 1, 'namespace': 'default', 'task_queue': 'comfyui-gpu-farm', 'workflow_id': 'chain-image-edit-to-video-pipeline-e3b7b017-7d80-4533-a4e7-631a308c0a76', 'workflow_run_id': '019bbe08-94e7-7b77-8867-d11761af2840', 'workflow_type': 'ChainExecutorWorkflow'})
2026-01-15 01:14:47,323 - temporalio.activity - INFO - Applying parameters to workflow: firstEndTovideo ({'activity_id': '45', 'activity_type': 'apply_workflow_parameters', 'attempt': 1, 'namespace': 'default', 'task_queue': 'comfyui-gpu-farm', 'workflow_id': 'chain-image-edit-to-video-pipeline-e3b7b017-7d80-4533-a4e7-631a308c0a76', 'workflow_run_id': '019bbe08-94e7-7b77-8867-d11761af2840', 'workflow_type': 'ChainExecutorWorkflow'})
2026-01-15 01:14:47,323 - temporal_gateway.registry - INFO - Applied override: 6.text = Smooth cinematic transition between vibrant colorful scenes
2026-01-15 01:14:47,323 - temporal_gateway.registry - INFO - Applied override: 60.fps = 16
2026-01-15 01:14:47,323 - temporal_gateway.registry - INFO - Applied override: 62.image = ComfyUI_00292_.png
2026-01-15 01:14:47,323 - temporal_gateway.registry - INFO - Applied override: 67.height = 1024
2026-01-15 01:14:47,323 - temporal_gateway.registry - INFO - Applied override: 67.length = 81
2026-01-15 01:14:47,323 - temporal_gateway.registry - INFO - Applied override: 67.width = 592
2026-01-15 01:14:47,323 - temporal_gateway.registry - INFO - Applied override: 68.image = ComfyUI_00293_.png
2026-01-15 01:14:47,323 - temporalio.activity - INFO - Parameters applied successfully ({'activity_id': '45', 'activity_type': 'apply_workflow_parameters', 'attempt': 1, 'namespace': 'default', 'task_queue': 'comfyui-gpu-farm', 'workflow_id': 'chain-image-edit-to-video-pipeline-e3b7b017-7d80-4533-a4e7-631a308c0a76', 'workflow_run_id': '019bbe08-94e7-7b77-8867-d11761af2840', 'workflow_type': 'ChainExecutorWorkflow'})
2026-01-15 01:14:47,340 - temporalio.activity - INFO - Selecting server with strategy: least_loaded ({'activity_id': '46', 'activity_type': 'select_best_server', 'attempt': 1, 'namespace': 'default', 'task_queue': 'comfyui-gpu-farm', 'workflow_id': 'chain-image-edit-to-video-pipeline-e3b7b017-7d80-4533-a4e7-631a308c0a76', 'workflow_run_id': '019bbe08-94e7-7b77-8867-d11761af2840', 'workflow_type': 'ChainExecutorWorkflow'})
2026-01-15 01:14:47,430 - httpx - INFO - HTTP Request: GET http://procure-x.testmcp.org/system_stats "HTTP/1.1 200 OK"
2026-01-15 01:14:47,446 - httpx - INFO - HTTP Request: GET http://procure-x.testmcp.org/queue "HTTP/1.1 200 OK"
2026-01-15 01:14:47,447 - temporal_gateway.servers.load_balancer - INFO - Selected server procure-x (queue_depth=0, gpu_mem=0.0%)
2026-01-15 01:14:47,447 - temporalio.activity - INFO - Selected server: procure-x (http://procure-x.testmcp.org) ({'activity_id': '46', 'activity_type': 'select_best_server', 'attempt': 1, 'namespace': 'default', 'task_queue': 'comfyui-gpu-farm', 'workflow_id': 'chain-image-edit-to-video-pipeline-e3b7b017-7d80-4533-a4e7-631a308c0a76', 'workflow_run_id': '019bbe08-94e7-7b77-8867-d11761af2840', 'workflow_type': 'ChainExecutorWorkflow'})
2026-01-15 01:14:47,456 - temporalio.workflow - INFO - Step create_video: Server http://procure-x.testmcp.org ({'attempt': 1, 'namespace': 'default', 'run_id': '019bbe08-94e7-7b77-8867-d11761af2840', 'task_queue': 'comfyui-gpu-farm', 'workflow_id': 'chain-image-edit-to-video-pipeline-e3b7b017-7d80-4533-a4e7-631a308c0a76', 'workflow_type': 'ChainExecutorWorkflow'})
2026-01-15 01:14:47,465 - temporalio.activity - INFO - Getting artifacts for workflow: 81a31961-41e4-4dab-9869-8fa1fefa98d9 ({'activity_id': '47', 'activity_type': 'get_workflow_artifacts', 'attempt': 1, 'namespace': 'default', 'task_queue': 'comfyui-gpu-farm', 'workflow_id': 'chain-image-edit-to-video-pipeline-e3b7b017-7d80-4533-a4e7-631a308c0a76', 'workflow_run_id': '019bbe08-94e7-7b77-8867-d11761af2840', 'workflow_type': 'ChainExecutorWorkflow'})
2026-01-15 01:14:47,475 - temporalio.workflow - INFO - Transferring 1 artifact(s) from edit_frame1 ({'attempt': 1, 'namespace': 'default', 'run_id': '019bbe08-94e7-7b77-8867-d11761af2840', 'task_queue': 'comfyui-gpu-farm', 'workflow_id': 'chain-image-edit-to-video-pipeline-e3b7b017-7d80-4533-a4e7-631a308c0a76', 'workflow_type': 'ChainExecutorWorkflow'})
2026-01-15 01:14:47,487 - temporalio.activity - INFO - Transferring 1 artifact(s) from workflow 81a31961-41e4-4dab-9869-8fa1fefa98d9 to http://procure-x.testmcp.org ({'activity_id': '48', 'activity_type': 'transfer_artifacts_from_storage', 'attempt': 1, 'namespace': 'default', 'task_queue': 'comfyui-gpu-farm', 'workflow_id': 'chain-image-edit-to-video-pipeline-e3b7b017-7d80-4533-a4e7-631a308c0a76', 'workflow_run_id': '019bbe08-94e7-7b77-8867-d11761af2840', 'workflow_type': 'ChainExecutorWorkflow'})
2026-01-15 01:14:47,534 - temporal_gateway.clients.comfy.client - INFO - ComfyUI client initialized for http://procure-x.testmcp.org
2026-01-15 01:14:47,542 - temporalio.activity - INFO - Uploading: ComfyUI_00292_.png from local storage to http://procure-x.testmcp.org/input/ ({'activity_id': '48', 'activity_type': 'transfer_artifacts_from_storage', 'attempt': 1, 'namespace': 'default', 'task_queue': 'comfyui-gpu-farm', 'workflow_id': 'chain-image-edit-to-video-pipeline-e3b7b017-7d80-4533-a4e7-631a308c0a76', 'workflow_run_id': '019bbe08-94e7-7b77-8867-d11761af2840', 'workflow_type': 'ChainExecutorWorkflow'})
2026-01-15 01:14:47,654 - httpx - INFO - HTTP Request: POST http://procure-x.testmcp.org/upload/image "HTTP/1.1 200 OK"
2026-01-15 01:14:47,655 - temporalio.activity - INFO - ✓ Uploaded: ComfyUI_00292_.png (757519 bytes) ({'activity_id': '48', 'activity_type': 'transfer_artifacts_from_storage', 'attempt': 1, 'namespace': 'default', 'task_queue': 'comfyui-gpu-farm', 'workflow_id': 'chain-image-edit-to-video-pipeline-e3b7b017-7d80-4533-a4e7-631a308c0a76', 'workflow_run_id': '019bbe08-94e7-7b77-8867-d11761af2840', 'workflow_type': 'ChainExecutorWorkflow'})
2026-01-15 01:14:47,659 - temporalio.activity - INFO - Successfully transferred 1 file(s) ({'activity_id': '48', 'activity_type': 'transfer_artifacts_from_storage', 'attempt': 1, 'namespace': 'default', 'task_queue': 'comfyui-gpu-farm', 'workflow_id': 'chain-image-edit-to-video-pipeline-e3b7b017-7d80-4533-a4e7-631a308c0a76', 'workflow_run_id': '019bbe08-94e7-7b77-8867-d11761af2840', 'workflow_type': 'ChainExecutorWorkflow'})
2026-01-15 01:14:47,677 - temporalio.activity - INFO - Getting artifacts for workflow: eeeb7e79-3cac-41e8-9f6f-78c9251c2891 ({'activity_id': '49', 'activity_type': 'get_workflow_artifacts', 'attempt': 1, 'namespace': 'default', 'task_queue': 'comfyui-gpu-farm', 'workflow_id': 'chain-image-edit-to-video-pipeline-e3b7b017-7d80-4533-a4e7-631a308c0a76', 'workflow_run_id': '019bbe08-94e7-7b77-8867-d11761af2840', 'workflow_type': 'ChainExecutorWorkflow'})
2026-01-15 01:14:47,688 - temporalio.workflow - INFO - Transferring 1 artifact(s) from edit_frame2 ({'attempt': 1, 'namespace': 'default', 'run_id': '019bbe08-94e7-7b77-8867-d11761af2840', 'task_queue': 'comfyui-gpu-farm', 'workflow_id': 'chain-image-edit-to-video-pipeline-e3b7b017-7d80-4533-a4e7-631a308c0a76', 'workflow_type': 'ChainExecutorWorkflow'})
2026-01-15 01:14:47,697 - temporalio.activity - INFO - Transferring 1 artifact(s) from workflow eeeb7e79-3cac-41e8-9f6f-78c9251c2891 to http://procure-x.testmcp.org ({'activity_id': '50', 'activity_type': 'transfer_artifacts_from_storage', 'attempt': 1, 'namespace': 'default', 'task_queue': 'comfyui-gpu-farm', 'workflow_id': 'chain-image-edit-to-video-pipeline-e3b7b017-7d80-4533-a4e7-631a308c0a76', 'workflow_run_id': '019bbe08-94e7-7b77-8867-d11761af2840', 'workflow_type': 'ChainExecutorWorkflow'})
2026-01-15 01:14:47,745 - temporal_gateway.clients.comfy.client - INFO - ComfyUI client initialized for http://procure-x.testmcp.org
2026-01-15 01:14:47,751 - temporalio.activity - INFO - Uploading: ComfyUI_00293_.png from local storage to http://procure-x.testmcp.org/input/ ({'activity_id': '50', 'activity_type': 'transfer_artifacts_from_storage', 'attempt': 1, 'namespace': 'default', 'task_queue': 'comfyui-gpu-farm', 'workflow_id': 'chain-image-edit-to-video-pipeline-e3b7b017-7d80-4533-a4e7-631a308c0a76', 'workflow_run_id': '019bbe08-94e7-7b77-8867-d11761af2840', 'workflow_type': 'ChainExecutorWorkflow'})
2026-01-15 01:14:47,897 - httpx - INFO - HTTP Request: POST http://procure-x.testmcp.org/upload/image "HTTP/1.1 200 OK"
2026-01-15 01:14:47,900 - temporalio.activity - INFO - ✓ Uploaded: ComfyUI_00293_.png (800815 bytes) ({'activity_id': '50', 'activity_type': 'transfer_artifacts_from_storage', 'attempt': 1, 'namespace': 'default', 'task_queue': 'comfyui-gpu-farm', 'workflow_id': 'chain-image-edit-to-video-pipeline-e3b7b017-7d80-4533-a4e7-631a308c0a76', 'workflow_run_id': '019bbe08-94e7-7b77-8867-d11761af2840', 'workflow_type': 'ChainExecutorWorkflow'})
2026-01-15 01:14:47,910 - temporalio.activity - INFO - Successfully transferred 1 file(s) ({'activity_id': '50', 'activity_type': 'transfer_artifacts_from_storage', 'attempt': 1, 'namespace': 'default', 'task_queue': 'comfyui-gpu-farm', 'workflow_id': 'chain-image-edit-to-video-pipeline-e3b7b017-7d80-4533-a4e7-631a308c0a76', 'workflow_run_id': '019bbe08-94e7-7b77-8867-d11761af2840', 'workflow_type': 'ChainExecutorWorkflow'})
2026-01-15 01:14:47,939 - temporalio.activity - INFO - Creating workflow record: firstEndTovideo (prompt: pending) ({'activity_id': '51', 'activity_type': 'create_workflow_record', 'attempt': 1, 'namespace': 'default', 'task_queue': 'comfyui-gpu-farm', 'workflow_id': 'chain-image-edit-to-video-pipeline-e3b7b017-7d80-4533-a4e7-631a308c0a76', 'workflow_run_id': '019bbe08-94e7-7b77-8867-d11761af2840', 'workflow_type': 'ChainExecutorWorkflow'})
2026-01-15 01:14:47,943 - temporalio.activity - INFO - ✓ Created workflow record: 86bd0637-a277-4c40-b980-450e1c9060e1 ({'activity_id': '51', 'activity_type': 'create_workflow_record', 'attempt': 1, 'namespace': 'default', 'task_queue': 'comfyui-gpu-farm', 'workflow_id': 'chain-image-edit-to-video-pipeline-e3b7b017-7d80-4533-a4e7-631a308c0a76', 'workflow_run_id': '019bbe08-94e7-7b77-8867-d11761af2840', 'workflow_type': 'ChainExecutorWorkflow'})
2026-01-15 01:14:47,980 - temporalio.workflow - INFO - Starting ComfyUI workflow execution ({'attempt': 1, 'namespace': 'default', 'run_id': '019bbe0a-0b57-7ed0-968b-34a4fe062a57', 'task_queue': 'comfyui-gpu-farm', 'workflow_id': 'chain-image-edit-to-video-pipeline-e3b7b017-7d80-4533-a4e7-631a308c0a76-create_video', 'workflow_type': 'ComfyUIWorkflow'})
2026-01-15 01:14:47,981 - temporalio.workflow - INFO - Generated client_id: 2c30c61f-ab6c-422e-85af-d4b719290210 ({'attempt': 1, 'namespace': 'default', 'run_id': '019bbe0a-0b57-7ed0-968b-34a4fe062a57', 'task_queue': 'comfyui-gpu-farm', 'workflow_id': 'chain-image-edit-to-video-pipeline-e3b7b017-7d80-4533-a4e7-631a308c0a76-create_video', 'workflow_type': 'ComfyUIWorkflow'})
2026-01-15 01:14:47,981 - temporalio.workflow - INFO - Using pre-selected server: http://procure-x.testmcp.org ({'attempt': 1, 'namespace': 'default', 'run_id': '019bbe0a-0b57-7ed0-968b-34a4fe062a57', 'task_queue': 'comfyui-gpu-farm', 'workflow_id': 'chain-image-edit-to-video-pipeline-e3b7b017-7d80-4533-a4e7-631a308c0a76-create_video', 'workflow_type': 'ComfyUIWorkflow'})
2026-01-15 01:14:48,000 - temporalio.activity - INFO - [V3] Executing workflow on http://procure-x.testmcp.org ({'activity_id': '1', 'activity_type': 'execute_and_track_workflow', 'attempt': 1, 'namespace': 'default', 'task_queue': 'comfyui-gpu-farm', 'workflow_id': 'chain-image-edit-to-video-pipeline-e3b7b017-7d80-4533-a4e7-631a308c0a76-create_video', 'workflow_run_id': '019bbe0a-0b57-7ed0-968b-34a4fe062a57', 'workflow_type': 'ComfyUIWorkflow'})
2026-01-15 01:14:48,000 - temporalio.activity - INFO - [V3] Workflow name: firstEndTovideo ({'activity_id': '1', 'activity_type': 'execute_and_track_workflow', 'attempt': 1, 'namespace': 'default', 'task_queue': 'comfyui-gpu-farm', 'workflow_id': 'chain-image-edit-to-video-pipeline-e3b7b017-7d80-4533-a4e7-631a308c0a76-create_video', 'workflow_run_id': '019bbe0a-0b57-7ed0-968b-34a4fe062a57', 'workflow_type': 'ComfyUIWorkflow'})
2026-01-15 01:14:48,052 - temporal_gateway.clients.comfy.client - INFO - ComfyUI client initialized for http://procure-x.testmcp.org
2026-01-15 01:14:48,053 - temporal_gateway.clients.comfy.client - INFO - Submitting workflow to ComfyUI
2026-01-15 01:14:48,126 - httpx - INFO - HTTP Request: POST http://procure-x.testmcp.org/prompt "HTTP/1.1 200 OK"
2026-01-15 01:14:48,129 - temporal_gateway.clients.comfy.client - INFO - Workflow queued with prompt_id: 8e323d49-8b18-4891-9e9d-d788e8990705
2026-01-15 01:14:48,130 - temporal_gateway.clients.comfy.tracker - INFO - Starting execution tracking for prompt 8e323d49-8b18-4891-9e9d-d788e8990705
2026-01-15 01:14:48,130 - temporal_gateway.clients.comfy.tracker - INFO - Starting history polling
2026-01-15 01:14:48,132 - temporal_gateway.clients.comfy.tracker - INFO - Starting WebSocket listener
2026-01-15 01:14:48,133 - temporal_gateway.clients.comfy.websocket - INFO - Connecting to WebSocket: ws://procure-x.testmcp.org/ws?clientId=b8ff2393-f98e-430e-bc64-855695e1662f
2026-01-15 01:14:48,146 - httpx - INFO - HTTP Request: GET http://procure-x.testmcp.org/history/8e323d49-8b18-4891-9e9d-d788e8990705 "HTTP/1.1 200 OK"
2026-01-15 01:14:48,168 - temporal_gateway.clients.comfy.websocket - INFO - WebSocket connected successfully
2026-01-15 01:14:49,165 - httpx - INFO - HTTP Request: GET http://procure-x.testmcp.org/history/8e323d49-8b18-4891-9e9d-d788e8990705 "HTTP/1.1 200 OK"
2026-01-15 01:14:50,246 - httpx - INFO - HTTP Request: GET http://procure-x.testmcp.org/history/8e323d49-8b18-4891-9e9d-d788e8990705 "HTTP/1.1 200 OK"
2026-01-15 01:14:51,268 - httpx - INFO - HTTP Request: GET http://procure-x.testmcp.org/history/8e323d49-8b18-4891-9e9d-d788e8990705 "HTTP/1.1 200 OK"
2026-01-15 01:14:52,288 - httpx - INFO - HTTP Request: GET http://procure-x.testmcp.org/history/8e323d49-8b18-4891-9e9d-d788e8990705 "HTTP/1.1 200 OK"
2026-01-15 01:14:53,304 - httpx - INFO - HTTP Request: GET http://procure-x.testmcp.org/history/8e323d49-8b18-4891-9e9d-d788e8990705 "HTTP/1.1 200 OK"
2026-01-15 01:14:54,321 - httpx - INFO - HTTP Request: GET http://procure-x.testmcp.org/history/8e323d49-8b18-4891-9e9d-d788e8990705 "HTTP/1.1 200 OK"
2026-01-15 01:14:55,338 - httpx - INFO - HTTP Request: GET http://procure-x.testmcp.org/history/8e323d49-8b18-4891-9e9d-d788e8990705 "HTTP/1.1 200 OK"
2026-01-15 01:14:56,371 - httpx - INFO - HTTP Request: GET http://procure-x.testmcp.org/history/8e323d49-8b18-4891-9e9d-d788e8990705 "HTTP/1.1 200 OK"
2026-01-15 01:14:57,390 - httpx - INFO - HTTP Request: GET http://procure-x.testmcp.org/history/8e323d49-8b18-4891-9e9d-d788e8990705 "HTTP/1.1 200 OK"
2026-01-15 01:14:58,410 - httpx - INFO - HTTP Request: GET http://procure-x.testmcp.org/history/8e323d49-8b18-4891-9e9d-d788e8990705 "HTTP/1.1 200 OK"
2026-01-15 01:14:59,428 - httpx - INFO - HTTP Request: GET http://procure-x.testmcp.org/history/8e323d49-8b18-4891-9e9d-d788e8990705 "HTTP/1.1 200 OK"
2026-01-15 01:15:00,445 - httpx - INFO - HTTP Request: GET http://procure-x.testmcp.org/history/8e323d49-8b18-4891-9e9d-d788e8990705 "HTTP/1.1 200 OK"
2026-01-15 01:15:01,463 - httpx - INFO - HTTP Request: GET http://procure-x.testmcp.org/history/8e323d49-8b18-4891-9e9d-d788e8990705 "HTTP/1.1 200 OK"
2026-01-15 01:15:02,483 - httpx - INFO - HTTP Request: GET http://procure-x.testmcp.org/history/8e323d49-8b18-4891-9e9d-d788e8990705 "HTTP/1.1 200 OK"
2026-01-15 01:15:03,505 - httpx - INFO - HTTP Request: GET http://procure-x.testmcp.org/history/8e323d49-8b18-4891-9e9d-d788e8990705 "HTTP/1.1 200 OK"
2026-01-15 01:15:04,529 - httpx - INFO - HTTP Request: GET http://procure-x.testmcp.org/history/8e323d49-8b18-4891-9e9d-d788e8990705 "HTTP/1.1 200 OK"
2026-01-15 01:15:05,547 - httpx - INFO - HTTP Request: GET http://procure-x.testmcp.org/history/8e323d49-8b18-4891-9e9d-d788e8990705 "HTTP/1.1 200 OK"
2026-01-15 01:15:06,567 - httpx - INFO - HTTP Request: GET http://procure-x.testmcp.org/history/8e323d49-8b18-4891-9e9d-d788e8990705 "HTTP/1.1 200 OK"
2026-01-15 01:15:07,586 - httpx - INFO - HTTP Request: GET http://procure-x.testmcp.org/history/8e323d49-8b18-4891-9e9d-d788e8990705 "HTTP/1.1 200 OK"
2026-01-15 01:15:08,604 - httpx - INFO - HTTP Request: GET http://procure-x.testmcp.org/history/8e323d49-8b18-4891-9e9d-d788e8990705 "HTTP/1.1 200 OK"
2026-01-15 01:15:09,631 - httpx - INFO - HTTP Request: GET http://procure-x.testmcp.org/history/8e323d49-8b18-4891-9e9d-d788e8990705 "HTTP/1.1 200 OK"
2026-01-15 01:15:10,668 - httpx - INFO - HTTP Request: GET http://procure-x.testmcp.org/history/8e323d49-8b18-4891-9e9d-d788e8990705 "HTTP/1.1 200 OK"
2026-01-15 01:15:11,686 - httpx - INFO - HTTP Request: GET http://procure-x.testmcp.org/history/8e323d49-8b18-4891-9e9d-d788e8990705 "HTTP/1.1 200 OK"
2026-01-15 01:15:12,706 - httpx - INFO - HTTP Request: GET http://procure-x.testmcp.org/history/8e323d49-8b18-4891-9e9d-d788e8990705 "HTTP/1.1 200 OK"
2026-01-15 01:15:13,727 - httpx - INFO - HTTP Request: GET http://procure-x.testmcp.org/history/8e323d49-8b18-4891-9e9d-d788e8990705 "HTTP/1.1 200 OK"
2026-01-15 01:15:14,764 - httpx - INFO - HTTP Request: GET http://procure-x.testmcp.org/history/8e323d49-8b18-4891-9e9d-d788e8990705 "HTTP/1.1 200 OK"
2026-01-15 01:15:15,783 - httpx - INFO - HTTP Request: GET http://procure-x.testmcp.org/history/8e323d49-8b18-4891-9e9d-d788e8990705 "HTTP/1.1 200 OK"
2026-01-15 01:15:16,802 - httpx - INFO - HTTP Request: GET http://procure-x.testmcp.org/history/8e323d49-8b18-4891-9e9d-d788e8990705 "HTTP/1.1 200 OK"
2026-01-15 01:15:17,822 - httpx - INFO - HTTP Request: GET http://procure-x.testmcp.org/history/8e323d49-8b18-4891-9e9d-d788e8990705 "HTTP/1.1 200 OK"
2026-01-15 01:15:18,841 - httpx - INFO - HTTP Request: GET http://procure-x.testmcp.org/history/8e323d49-8b18-4891-9e9d-d788e8990705 "HTTP/1.1 200 OK"
2026-01-15 01:15:19,861 - httpx - INFO - HTTP Request: GET http://procure-x.testmcp.org/history/8e323d49-8b18-4891-9e9d-d788e8990705 "HTTP/1.1 200 OK"
2026-01-15 01:15:20,880 - httpx - INFO - HTTP Request: GET http://procure-x.testmcp.org/history/8e323d49-8b18-4891-9e9d-d788e8990705 "HTTP/1.1 200 OK"
2026-01-15 01:15:21,900 - httpx - INFO - HTTP Request: GET http://procure-x.testmcp.org/history/8e323d49-8b18-4891-9e9d-d788e8990705 "HTTP/1.1 200 OK"
2026-01-15 01:15:22,940 - httpx - INFO - HTTP Request: GET http://procure-x.testmcp.org/history/8e323d49-8b18-4891-9e9d-d788e8990705 "HTTP/1.1 200 OK"
2026-01-15 01:15:23,959 - httpx - INFO - HTTP Request: GET http://procure-x.testmcp.org/history/8e323d49-8b18-4891-9e9d-d788e8990705 "HTTP/1.1 200 OK"
2026-01-15 01:15:24,981 - httpx - INFO - HTTP Request: GET http://procure-x.testmcp.org/history/8e323d49-8b18-4891-9e9d-d788e8990705 "HTTP/1.1 200 OK"
2026-01-15 01:15:26,002 - httpx - INFO - HTTP Request: GET http://procure-x.testmcp.org/history/8e323d49-8b18-4891-9e9d-d788e8990705 "HTTP/1.1 200 OK"
2026-01-15 01:15:27,023 - httpx - INFO - HTTP Request: GET http://procure-x.testmcp.org/history/8e323d49-8b18-4891-9e9d-d788e8990705 "HTTP/1.1 200 OK"
2026-01-15 01:15:28,044 - httpx - INFO - HTTP Request: GET http://procure-x.testmcp.org/history/8e323d49-8b18-4891-9e9d-d788e8990705 "HTTP/1.1 200 OK"
2026-01-15 01:15:29,065 - httpx - INFO - HTTP Request: GET http://procure-x.testmcp.org/history/8e323d49-8b18-4891-9e9d-d788e8990705 "HTTP/1.1 200 OK"
2026-01-15 01:15:30,088 - httpx - INFO - HTTP Request: GET http://procure-x.testmcp.org/history/8e323d49-8b18-4891-9e9d-d788e8990705 "HTTP/1.1 200 OK"
2026-01-15 01:15:31,108 - httpx - INFO - HTTP Request: GET http://procure-x.testmcp.org/history/8e323d49-8b18-4891-9e9d-d788e8990705 "HTTP/1.1 200 OK"
2026-01-15 01:15:32,129 - httpx - INFO - HTTP Request: GET http://procure-x.testmcp.org/history/8e323d49-8b18-4891-9e9d-d788e8990705 "HTTP/1.1 200 OK"
2026-01-15 01:15:33,150 - httpx - INFO - HTTP Request: GET http://procure-x.testmcp.org/history/8e323d49-8b18-4891-9e9d-d788e8990705 "HTTP/1.1 200 OK"
2026-01-15 01:15:34,174 - httpx - INFO - HTTP Request: GET http://procure-x.testmcp.org/history/8e323d49-8b18-4891-9e9d-d788e8990705 "HTTP/1.1 200 OK"
2026-01-15 01:15:35,197 - httpx - INFO - HTTP Request: GET http://procure-x.testmcp.org/history/8e323d49-8b18-4891-9e9d-d788e8990705 "HTTP/1.1 200 OK"
2026-01-15 01:15:36,217 - httpx - INFO - HTTP Request: GET http://procure-x.testmcp.org/history/8e323d49-8b18-4891-9e9d-d788e8990705 "HTTP/1.1 200 OK"
2026-01-15 01:15:37,234 - httpx - INFO - HTTP Request: GET http://procure-x.testmcp.org/history/8e323d49-8b18-4891-9e9d-d788e8990705 "HTTP/1.1 200 OK"
2026-01-15 01:15:38,257 - httpx - INFO - HTTP Request: GET http://procure-x.testmcp.org/history/8e323d49-8b18-4891-9e9d-d788e8990705 "HTTP/1.1 200 OK"
2026-01-15 01:15:39,280 - httpx - INFO - HTTP Request: GET http://procure-x.testmcp.org/history/8e323d49-8b18-4891-9e9d-d788e8990705 "HTTP/1.1 200 OK"
2026-01-15 01:15:40,299 - httpx - INFO - HTTP Request: GET http://procure-x.testmcp.org/history/8e323d49-8b18-4891-9e9d-d788e8990705 "HTTP/1.1 200 OK"
2026-01-15 01:15:41,324 - httpx - INFO - HTTP Request: GET http://procure-x.testmcp.org/history/8e323d49-8b18-4891-9e9d-d788e8990705 "HTTP/1.1 200 OK"
2026-01-15 01:15:42,348 - httpx - INFO - HTTP Request: GET http://procure-x.testmcp.org/history/8e323d49-8b18-4891-9e9d-d788e8990705 "HTTP/1.1 200 OK"
2026-01-15 01:15:43,367 - httpx - INFO - HTTP Request: GET http://procure-x.testmcp.org/history/8e323d49-8b18-4891-9e9d-d788e8990705 "HTTP/1.1 200 OK"
2026-01-15 01:15:44,385 - httpx - INFO - HTTP Request: GET http://procure-x.testmcp.org/history/8e323d49-8b18-4891-9e9d-d788e8990705 "HTTP/1.1 200 OK"
2026-01-15 01:15:45,403 - httpx - INFO - HTTP Request: GET http://procure-x.testmcp.org/history/8e323d49-8b18-4891-9e9d-d788e8990705 "HTTP/1.1 200 OK"
2026-01-15 01:15:46,422 - httpx - INFO - HTTP Request: GET http://procure-x.testmcp.org/history/8e323d49-8b18-4891-9e9d-d788e8990705 "HTTP/1.1 200 OK"
2026-01-15 01:15:47,440 - httpx - INFO - HTTP Request: GET http://procure-x.testmcp.org/history/8e323d49-8b18-4891-9e9d-d788e8990705 "HTTP/1.1 200 OK"
2026-01-15 01:15:48,460 - httpx - INFO - HTTP Request: GET http://procure-x.testmcp.org/history/8e323d49-8b18-4891-9e9d-d788e8990705 "HTTP/1.1 200 OK"
2026-01-15 01:15:49,482 - httpx - INFO - HTTP Request: GET http://procure-x.testmcp.org/history/8e323d49-8b18-4891-9e9d-d788e8990705 "HTTP/1.1 200 OK"
2026-01-15 01:15:50,507 - httpx - INFO - HTTP Request: GET http://procure-x.testmcp.org/history/8e323d49-8b18-4891-9e9d-d788e8990705 "HTTP/1.1 200 OK"
2026-01-15 01:15:51,526 - httpx - INFO - HTTP Request: GET http://procure-x.testmcp.org/history/8e323d49-8b18-4891-9e9d-d788e8990705 "HTTP/1.1 200 OK"
2026-01-15 01:15:52,546 - httpx - INFO - HTTP Request: GET http://procure-x.testmcp.org/history/8e323d49-8b18-4891-9e9d-d788e8990705 "HTTP/1.1 200 OK"
2026-01-15 01:15:53,564 - httpx - INFO - HTTP Request: GET http://procure-x.testmcp.org/history/8e323d49-8b18-4891-9e9d-d788e8990705 "HTTP/1.1 200 OK"
2026-01-15 01:15:54,585 - httpx - INFO - HTTP Request: GET http://procure-x.testmcp.org/history/8e323d49-8b18-4891-9e9d-d788e8990705 "HTTP/1.1 200 OK"
2026-01-15 01:15:55,610 - httpx - INFO - HTTP Request: GET http://procure-x.testmcp.org/history/8e323d49-8b18-4891-9e9d-d788e8990705 "HTTP/1.1 200 OK"
2026-01-15 01:15:56,630 - httpx - INFO - HTTP Request: GET http://procure-x.testmcp.org/history/8e323d49-8b18-4891-9e9d-d788e8990705 "HTTP/1.1 200 OK"
2026-01-15 01:15:57,652 - httpx - INFO - HTTP Request: GET http://procure-x.testmcp.org/history/8e323d49-8b18-4891-9e9d-d788e8990705 "HTTP/1.1 200 OK"
2026-01-15 01:15:58,671 - httpx - INFO - HTTP Request: GET http://procure-x.testmcp.org/history/8e323d49-8b18-4891-9e9d-d788e8990705 "HTTP/1.1 200 OK"
2026-01-15 01:15:59,691 - httpx - INFO - HTTP Request: GET http://procure-x.testmcp.org/history/8e323d49-8b18-4891-9e9d-d788e8990705 "HTTP/1.1 200 OK"
2026-01-15 01:16:00,709 - httpx - INFO - HTTP Request: GET http://procure-x.testmcp.org/history/8e323d49-8b18-4891-9e9d-d788e8990705 "HTTP/1.1 200 OK"
2026-01-15 01:16:01,745 - httpx - INFO - HTTP Request: GET http://procure-x.testmcp.org/history/8e323d49-8b18-4891-9e9d-d788e8990705 "HTTP/1.1 200 OK"
2026-01-15 01:16:02,773 - httpx - INFO - HTTP Request: GET http://procure-x.testmcp.org/history/8e323d49-8b18-4891-9e9d-d788e8990705 "HTTP/1.1 200 OK"
2026-01-15 01:16:03,792 - httpx - INFO - HTTP Request: GET http://procure-x.testmcp.org/history/8e323d49-8b18-4891-9e9d-d788e8990705 "HTTP/1.1 200 OK"
2026-01-15 01:16:04,809 - httpx - INFO - HTTP Request: GET http://procure-x.testmcp.org/history/8e323d49-8b18-4891-9e9d-d788e8990705 "HTTP/1.1 200 OK"
2026-01-15 01:16:05,827 - httpx - INFO - HTTP Request: GET http://procure-x.testmcp.org/history/8e323d49-8b18-4891-9e9d-d788e8990705 "HTTP/1.1 200 OK"
2026-01-15 01:16:06,849 - httpx - INFO - HTTP Request: GET http://procure-x.testmcp.org/history/8e323d49-8b18-4891-9e9d-d788e8990705 "HTTP/1.1 200 OK"
2026-01-15 01:16:07,871 - httpx - INFO - HTTP Request: GET http://procure-x.testmcp.org/history/8e323d49-8b18-4891-9e9d-d788e8990705 "HTTP/1.1 200 OK"
2026-01-15 01:16:08,892 - httpx - INFO - HTTP Request: GET http://procure-x.testmcp.org/history/8e323d49-8b18-4891-9e9d-d788e8990705 "HTTP/1.1 200 OK"
2026-01-15 01:16:09,917 - httpx - INFO - HTTP Request: GET http://procure-x.testmcp.org/history/8e323d49-8b18-4891-9e9d-d788e8990705 "HTTP/1.1 200 OK"
2026-01-15 01:16:10,942 - httpx - INFO - HTTP Request: GET http://procure-x.testmcp.org/history/8e323d49-8b18-4891-9e9d-d788e8990705 "HTTP/1.1 200 OK"
2026-01-15 01:16:11,967 - httpx - INFO - HTTP Request: GET http://procure-x.testmcp.org/history/8e323d49-8b18-4891-9e9d-d788e8990705 "HTTP/1.1 200 OK"
2026-01-15 01:16:12,987 - httpx - INFO - HTTP Request: GET http://procure-x.testmcp.org/history/8e323d49-8b18-4891-9e9d-d788e8990705 "HTTP/1.1 200 OK"
2026-01-15 01:16:14,017 - httpx - INFO - HTTP Request: GET http://procure-x.testmcp.org/history/8e323d49-8b18-4891-9e9d-d788e8990705 "HTTP/1.1 200 OK"
2026-01-15 01:16:15,034 - httpx - INFO - HTTP Request: GET http://procure-x.testmcp.org/history/8e323d49-8b18-4891-9e9d-d788e8990705 "HTTP/1.1 200 OK"
2026-01-15 01:16:16,055 - httpx - INFO - HTTP Request: GET http://procure-x.testmcp.org/history/8e323d49-8b18-4891-9e9d-d788e8990705 "HTTP/1.1 200 OK"
2026-01-15 01:16:17,075 - httpx - INFO - HTTP Request: GET http://procure-x.testmcp.org/history/8e323d49-8b18-4891-9e9d-d788e8990705 "HTTP/1.1 200 OK"
2026-01-15 01:16:18,099 - httpx - INFO - HTTP Request: GET http://procure-x.testmcp.org/history/8e323d49-8b18-4891-9e9d-d788e8990705 "HTTP/1.1 200 OK"
2026-01-15 01:16:19,120 - httpx - INFO - HTTP Request: GET http://procure-x.testmcp.org/history/8e323d49-8b18-4891-9e9d-d788e8990705 "HTTP/1.1 200 OK"
2026-01-15 01:16:20,142 - httpx - INFO - HTTP Request: GET http://procure-x.testmcp.org/history/8e323d49-8b18-4891-9e9d-d788e8990705 "HTTP/1.1 200 OK"
2026-01-15 01:16:21,161 - httpx - INFO - HTTP Request: GET http://procure-x.testmcp.org/history/8e323d49-8b18-4891-9e9d-d788e8990705 "HTTP/1.1 200 OK"
2026-01-15 01:16:22,182 - httpx - INFO - HTTP Request: GET http://procure-x.testmcp.org/history/8e323d49-8b18-4891-9e9d-d788e8990705 "HTTP/1.1 200 OK"
2026-01-15 01:16:23,202 - httpx - INFO - HTTP Request: GET http://procure-x.testmcp.org/history/8e323d49-8b18-4891-9e9d-d788e8990705 "HTTP/1.1 200 OK"
2026-01-15 01:16:24,224 - httpx - INFO - HTTP Request: GET http://procure-x.testmcp.org/history/8e323d49-8b18-4891-9e9d-d788e8990705 "HTTP/1.1 200 OK"
2026-01-15 01:16:25,248 - httpx - INFO - HTTP Request: GET http://procure-x.testmcp.org/history/8e323d49-8b18-4891-9e9d-d788e8990705 "HTTP/1.1 200 OK"
2026-01-15 01:16:26,273 - httpx - INFO - HTTP Request: GET http://procure-x.testmcp.org/history/8e323d49-8b18-4891-9e9d-d788e8990705 "HTTP/1.1 200 OK"
2026-01-15 01:16:27,294 - httpx - INFO - HTTP Request: GET http://procure-x.testmcp.org/history/8e323d49-8b18-4891-9e9d-d788e8990705 "HTTP/1.1 200 OK"
2026-01-15 01:16:28,312 - httpx - INFO - HTTP Request: GET http://procure-x.testmcp.org/history/8e323d49-8b18-4891-9e9d-d788e8990705 "HTTP/1.1 200 OK"
2026-01-15 01:16:29,337 - httpx - INFO - HTTP Request: GET http://procure-x.testmcp.org/history/8e323d49-8b18-4891-9e9d-d788e8990705 "HTTP/1.1 200 OK"
2026-01-15 01:16:30,360 - httpx - INFO - HTTP Request: GET http://procure-x.testmcp.org/history/8e323d49-8b18-4891-9e9d-d788e8990705 "HTTP/1.1 200 OK"
2026-01-15 01:16:31,380 - httpx - INFO - HTTP Request: GET http://procure-x.testmcp.org/history/8e323d49-8b18-4891-9e9d-d788e8990705 "HTTP/1.1 200 OK"
2026-01-15 01:16:32,400 - httpx - INFO - HTTP Request: GET http://procure-x.testmcp.org/history/8e323d49-8b18-4891-9e9d-d788e8990705 "HTTP/1.1 200 OK"
2026-01-15 01:16:33,422 - httpx - INFO - HTTP Request: GET http://procure-x.testmcp.org/history/8e323d49-8b18-4891-9e9d-d788e8990705 "HTTP/1.1 200 OK"
2026-01-15 01:16:34,445 - httpx - INFO - HTTP Request: GET http://procure-x.testmcp.org/history/8e323d49-8b18-4891-9e9d-d788e8990705 "HTTP/1.1 200 OK"
2026-01-15 01:16:35,465 - httpx - INFO - HTTP Request: GET http://procure-x.testmcp.org/history/8e323d49-8b18-4891-9e9d-d788e8990705 "HTTP/1.1 200 OK"
2026-01-15 01:16:36,480 - httpx - INFO - HTTP Request: GET http://procure-x.testmcp.org/history/8e323d49-8b18-4891-9e9d-d788e8990705 "HTTP/1.1 200 OK"
2026-01-15 01:16:37,498 - httpx - INFO - HTTP Request: GET http://procure-x.testmcp.org/history/8e323d49-8b18-4891-9e9d-d788e8990705 "HTTP/1.1 200 OK"
2026-01-15 01:16:38,516 - httpx - INFO - HTTP Request: GET http://procure-x.testmcp.org/history/8e323d49-8b18-4891-9e9d-d788e8990705 "HTTP/1.1 200 OK"
2026-01-15 01:16:39,537 - httpx - INFO - HTTP Request: GET http://procure-x.testmcp.org/history/8e323d49-8b18-4891-9e9d-d788e8990705 "HTTP/1.1 200 OK"
2026-01-15 01:16:40,560 - httpx - INFO - HTTP Request: GET http://procure-x.testmcp.org/history/8e323d49-8b18-4891-9e9d-d788e8990705 "HTTP/1.1 200 OK"
2026-01-15 01:16:41,586 - httpx - INFO - HTTP Request: GET http://procure-x.testmcp.org/history/8e323d49-8b18-4891-9e9d-d788e8990705 "HTTP/1.1 200 OK"
2026-01-15 01:16:42,610 - httpx - INFO - HTTP Request: GET http://procure-x.testmcp.org/history/8e323d49-8b18-4891-9e9d-d788e8990705 "HTTP/1.1 200 OK"
2026-01-15 01:16:43,634 - httpx - INFO - HTTP Request: GET http://procure-x.testmcp.org/history/8e323d49-8b18-4891-9e9d-d788e8990705 "HTTP/1.1 200 OK"
2026-01-15 01:16:44,667 - httpx - INFO - HTTP Request: GET http://procure-x.testmcp.org/history/8e323d49-8b18-4891-9e9d-d788e8990705 "HTTP/1.1 200 OK"
2026-01-15 01:16:45,687 - httpx - INFO - HTTP Request: GET http://procure-x.testmcp.org/history/8e323d49-8b18-4891-9e9d-d788e8990705 "HTTP/1.1 200 OK"
2026-01-15 01:16:46,707 - httpx - INFO - HTTP Request: GET http://procure-x.testmcp.org/history/8e323d49-8b18-4891-9e9d-d788e8990705 "HTTP/1.1 200 OK"
2026-01-15 01:16:47,728 - httpx - INFO - HTTP Request: GET http://procure-x.testmcp.org/history/8e323d49-8b18-4891-9e9d-d788e8990705 "HTTP/1.1 200 OK"
2026-01-15 01:16:48,751 - httpx - INFO - HTTP Request: GET http://procure-x.testmcp.org/history/8e323d49-8b18-4891-9e9d-d788e8990705 "HTTP/1.1 200 OK"
2026-01-15 01:16:49,769 - httpx - INFO - HTTP Request: GET http://procure-x.testmcp.org/history/8e323d49-8b18-4891-9e9d-d788e8990705 "HTTP/1.1 200 OK"
2026-01-15 01:16:50,789 - httpx - INFO - HTTP Request: GET http://procure-x.testmcp.org/history/8e323d49-8b18-4891-9e9d-d788e8990705 "HTTP/1.1 200 OK"
2026-01-15 01:16:51,807 - httpx - INFO - HTTP Request: GET http://procure-x.testmcp.org/history/8e323d49-8b18-4891-9e9d-d788e8990705 "HTTP/1.1 200 OK"
2026-01-15 01:16:52,826 - httpx - INFO - HTTP Request: GET http://procure-x.testmcp.org/history/8e323d49-8b18-4891-9e9d-d788e8990705 "HTTP/1.1 200 OK"
2026-01-15 01:16:53,843 - httpx - INFO - HTTP Request: GET http://procure-x.testmcp.org/history/8e323d49-8b18-4891-9e9d-d788e8990705 "HTTP/1.1 200 OK"
2026-01-15 01:16:54,859 - httpx - INFO - HTTP Request: GET http://procure-x.testmcp.org/history/8e323d49-8b18-4891-9e9d-d788e8990705 "HTTP/1.1 200 OK"
2026-01-15 01:16:55,879 - httpx - INFO - HTTP Request: GET http://procure-x.testmcp.org/history/8e323d49-8b18-4891-9e9d-d788e8990705 "HTTP/1.1 200 OK"
2026-01-15 01:16:56,896 - httpx - INFO - HTTP Request: GET http://procure-x.testmcp.org/history/8e323d49-8b18-4891-9e9d-d788e8990705 "HTTP/1.1 200 OK"
2026-01-15 01:16:57,913 - httpx - INFO - HTTP Request: GET http://procure-x.testmcp.org/history/8e323d49-8b18-4891-9e9d-d788e8990705 "HTTP/1.1 200 OK"
2026-01-15 01:16:58,932 - httpx - INFO - HTTP Request: GET http://procure-x.testmcp.org/history/8e323d49-8b18-4891-9e9d-d788e8990705 "HTTP/1.1 200 OK"
2026-01-15 01:16:59,951 - httpx - INFO - HTTP Request: GET http://procure-x.testmcp.org/history/8e323d49-8b18-4891-9e9d-d788e8990705 "HTTP/1.1 200 OK"
2026-01-15 01:17:00,974 - httpx - INFO - HTTP Request: GET http://procure-x.testmcp.org/history/8e323d49-8b18-4891-9e9d-d788e8990705 "HTTP/1.1 200 OK"
2026-01-15 01:17:01,993 - httpx - INFO - HTTP Request: GET http://procure-x.testmcp.org/history/8e323d49-8b18-4891-9e9d-d788e8990705 "HTTP/1.1 200 OK"
2026-01-15 01:17:03,011 - httpx - INFO - HTTP Request: GET http://procure-x.testmcp.org/history/8e323d49-8b18-4891-9e9d-d788e8990705 "HTTP/1.1 200 OK"
2026-01-15 01:17:04,027 - httpx - INFO - HTTP Request: GET http://procure-x.testmcp.org/history/8e323d49-8b18-4891-9e9d-d788e8990705 "HTTP/1.1 200 OK"
2026-01-15 01:17:05,047 - httpx - INFO - HTTP Request: GET http://procure-x.testmcp.org/history/8e323d49-8b18-4891-9e9d-d788e8990705 "HTTP/1.1 200 OK"
2026-01-15 01:17:06,065 - httpx - INFO - HTTP Request: GET http://procure-x.testmcp.org/history/8e323d49-8b18-4891-9e9d-d788e8990705 "HTTP/1.1 200 OK"
2026-01-15 01:17:07,083 - httpx - INFO - HTTP Request: GET http://procure-x.testmcp.org/history/8e323d49-8b18-4891-9e9d-d788e8990705 "HTTP/1.1 200 OK"
2026-01-15 01:17:08,101 - httpx - INFO - HTTP Request: GET http://procure-x.testmcp.org/history/8e323d49-8b18-4891-9e9d-d788e8990705 "HTTP/1.1 200 OK"
2026-01-15 01:17:09,119 - httpx - INFO - HTTP Request: GET http://procure-x.testmcp.org/history/8e323d49-8b18-4891-9e9d-d788e8990705 "HTTP/1.1 200 OK"
2026-01-15 01:17:10,141 - httpx - INFO - HTTP Request: GET http://procure-x.testmcp.org/history/8e323d49-8b18-4891-9e9d-d788e8990705 "HTTP/1.1 200 OK"
2026-01-15 01:17:11,168 - httpx - INFO - HTTP Request: GET http://procure-x.testmcp.org/history/8e323d49-8b18-4891-9e9d-d788e8990705 "HTTP/1.1 200 OK"
2026-01-15 01:17:12,186 - httpx - INFO - HTTP Request: GET http://procure-x.testmcp.org/history/8e323d49-8b18-4891-9e9d-d788e8990705 "HTTP/1.1 200 OK"
2026-01-15 01:17:13,204 - httpx - INFO - HTTP Request: GET http://procure-x.testmcp.org/history/8e323d49-8b18-4891-9e9d-d788e8990705 "HTTP/1.1 200 OK"
2026-01-15 01:17:14,220 - httpx - INFO - HTTP Request: GET http://procure-x.testmcp.org/history/8e323d49-8b18-4891-9e9d-d788e8990705 "HTTP/1.1 200 OK"
2026-01-15 01:17:15,235 - httpx - INFO - HTTP Request: GET http://procure-x.testmcp.org/history/8e323d49-8b18-4891-9e9d-d788e8990705 "HTTP/1.1 200 OK"
2026-01-15 01:17:16,253 - httpx - INFO - HTTP Request: GET http://procure-x.testmcp.org/history/8e323d49-8b18-4891-9e9d-d788e8990705 "HTTP/1.1 200 OK"
2026-01-15 01:17:17,274 - httpx - INFO - HTTP Request: GET http://procure-x.testmcp.org/history/8e323d49-8b18-4891-9e9d-d788e8990705 "HTTP/1.1 200 OK"
2026-01-15 01:17:18,293 - httpx - INFO - HTTP Request: GET http://procure-x.testmcp.org/history/8e323d49-8b18-4891-9e9d-d788e8990705 "HTTP/1.1 200 OK"
2026-01-15 01:17:19,311 - httpx - INFO - HTTP Request: GET http://procure-x.testmcp.org/history/8e323d49-8b18-4891-9e9d-d788e8990705 "HTTP/1.1 200 OK"
2026-01-15 01:17:20,330 - httpx - INFO - HTTP Request: GET http://procure-x.testmcp.org/history/8e323d49-8b18-4891-9e9d-d788e8990705 "HTTP/1.1 200 OK"
2026-01-15 01:17:21,348 - httpx - INFO - HTTP Request: GET http://procure-x.testmcp.org/history/8e323d49-8b18-4891-9e9d-d788e8990705 "HTTP/1.1 200 OK"
2026-01-15 01:17:22,367 - httpx - INFO - HTTP Request: GET http://procure-x.testmcp.org/history/8e323d49-8b18-4891-9e9d-d788e8990705 "HTTP/1.1 200 OK"
2026-01-15 01:17:23,385 - httpx - INFO - HTTP Request: GET http://procure-x.testmcp.org/history/8e323d49-8b18-4891-9e9d-d788e8990705 "HTTP/1.1 200 OK"
2026-01-15 01:17:24,404 - httpx - INFO - HTTP Request: GET http://procure-x.testmcp.org/history/8e323d49-8b18-4891-9e9d-d788e8990705 "HTTP/1.1 200 OK"
2026-01-15 01:17:25,424 - httpx - INFO - HTTP Request: GET http://procure-x.testmcp.org/history/8e323d49-8b18-4891-9e9d-d788e8990705 "HTTP/1.1 200 OK"
2026-01-15 01:17:26,447 - httpx - INFO - HTTP Request: GET http://procure-x.testmcp.org/history/8e323d49-8b18-4891-9e9d-d788e8990705 "HTTP/1.1 200 OK"
2026-01-15 01:17:27,467 - httpx - INFO - HTTP Request: GET http://procure-x.testmcp.org/history/8e323d49-8b18-4891-9e9d-d788e8990705 "HTTP/1.1 200 OK"
2026-01-15 01:17:28,487 - httpx - INFO - HTTP Request: GET http://procure-x.testmcp.org/history/8e323d49-8b18-4891-9e9d-d788e8990705 "HTTP/1.1 200 OK"
2026-01-15 01:17:29,504 - httpx - INFO - HTTP Request: GET http://procure-x.testmcp.org/history/8e323d49-8b18-4891-9e9d-d788e8990705 "HTTP/1.1 200 OK"
2026-01-15 01:17:30,522 - httpx - INFO - HTTP Request: GET http://procure-x.testmcp.org/history/8e323d49-8b18-4891-9e9d-d788e8990705 "HTTP/1.1 200 OK"
2026-01-15 01:17:31,538 - httpx - INFO - HTTP Request: GET http://procure-x.testmcp.org/history/8e323d49-8b18-4891-9e9d-d788e8990705 "HTTP/1.1 200 OK"
2026-01-15 01:17:32,563 - httpx - INFO - HTTP Request: GET http://procure-x.testmcp.org/history/8e323d49-8b18-4891-9e9d-d788e8990705 "HTTP/1.1 200 OK"
2026-01-15 01:17:33,580 - httpx - INFO - HTTP Request: GET http://procure-x.testmcp.org/history/8e323d49-8b18-4891-9e9d-d788e8990705 "HTTP/1.1 200 OK"
2026-01-15 01:17:34,596 - httpx - INFO - HTTP Request: GET http://procure-x.testmcp.org/history/8e323d49-8b18-4891-9e9d-d788e8990705 "HTTP/1.1 200 OK"
2026-01-15 01:17:35,615 - httpx - INFO - HTTP Request: GET http://procure-x.testmcp.org/history/8e323d49-8b18-4891-9e9d-d788e8990705 "HTTP/1.1 200 OK"
2026-01-15 01:17:36,633 - httpx - INFO - HTTP Request: GET http://procure-x.testmcp.org/history/8e323d49-8b18-4891-9e9d-d788e8990705 "HTTP/1.1 200 OK"
2026-01-15 01:17:37,654 - httpx - INFO - HTTP Request: GET http://procure-x.testmcp.org/history/8e323d49-8b18-4891-9e9d-d788e8990705 "HTTP/1.1 200 OK"
2026-01-15 01:17:38,674 - httpx - INFO - HTTP Request: GET http://procure-x.testmcp.org/history/8e323d49-8b18-4891-9e9d-d788e8990705 "HTTP/1.1 200 OK"
2026-01-15 01:17:39,695 - httpx - INFO - HTTP Request: GET http://procure-x.testmcp.org/history/8e323d49-8b18-4891-9e9d-d788e8990705 "HTTP/1.1 200 OK"
2026-01-15 01:17:40,714 - httpx - INFO - HTTP Request: GET http://procure-x.testmcp.org/history/8e323d49-8b18-4891-9e9d-d788e8990705 "HTTP/1.1 200 OK"
2026-01-15 01:17:41,733 - httpx - INFO - HTTP Request: GET http://procure-x.testmcp.org/history/8e323d49-8b18-4891-9e9d-d788e8990705 "HTTP/1.1 200 OK"
2026-01-15 01:17:42,757 - httpx - INFO - HTTP Request: GET http://procure-x.testmcp.org/history/8e323d49-8b18-4891-9e9d-d788e8990705 "HTTP/1.1 200 OK"
2026-01-15 01:17:43,777 - httpx - INFO - HTTP Request: GET http://procure-x.testmcp.org/history/8e323d49-8b18-4891-9e9d-d788e8990705 "HTTP/1.1 200 OK"
2026-01-15 01:17:44,795 - httpx - INFO - HTTP Request: GET http://procure-x.testmcp.org/history/8e323d49-8b18-4891-9e9d-d788e8990705 "HTTP/1.1 200 OK"
2026-01-15 01:17:45,814 - httpx - INFO - HTTP Request: GET http://procure-x.testmcp.org/history/8e323d49-8b18-4891-9e9d-d788e8990705 "HTTP/1.1 200 OK"
2026-01-15 01:17:46,837 - httpx - INFO - HTTP Request: GET http://procure-x.testmcp.org/history/8e323d49-8b18-4891-9e9d-d788e8990705 "HTTP/1.1 200 OK"
2026-01-15 01:17:47,858 - httpx - INFO - HTTP Request: GET http://procure-x.testmcp.org/history/8e323d49-8b18-4891-9e9d-d788e8990705 "HTTP/1.1 200 OK"
2026-01-15 01:17:48,885 - httpx - INFO - HTTP Request: GET http://procure-x.testmcp.org/history/8e323d49-8b18-4891-9e9d-d788e8990705 "HTTP/1.1 200 OK"
2026-01-15 01:17:49,918 - httpx - INFO - HTTP Request: GET http://procure-x.testmcp.org/history/8e323d49-8b18-4891-9e9d-d788e8990705 "HTTP/1.1 200 OK"
2026-01-15 01:17:50,943 - httpx - INFO - HTTP Request: GET http://procure-x.testmcp.org/history/8e323d49-8b18-4891-9e9d-d788e8990705 "HTTP/1.1 200 OK"
2026-01-15 01:17:51,963 - httpx - INFO - HTTP Request: GET http://procure-x.testmcp.org/history/8e323d49-8b18-4891-9e9d-d788e8990705 "HTTP/1.1 200 OK"
2026-01-15 01:17:52,980 - httpx - INFO - HTTP Request: GET http://procure-x.testmcp.org/history/8e323d49-8b18-4891-9e9d-d788e8990705 "HTTP/1.1 200 OK"
2026-01-15 01:17:54,012 - httpx - INFO - HTTP Request: GET http://procure-x.testmcp.org/history/8e323d49-8b18-4891-9e9d-d788e8990705 "HTTP/1.1 200 OK"
2026-01-15 01:17:55,031 - httpx - INFO - HTTP Request: GET http://procure-x.testmcp.org/history/8e323d49-8b18-4891-9e9d-d788e8990705 "HTTP/1.1 200 OK"
2026-01-15 01:17:56,051 - httpx - INFO - HTTP Request: GET http://procure-x.testmcp.org/history/8e323d49-8b18-4891-9e9d-d788e8990705 "HTTP/1.1 200 OK"
2026-01-15 01:17:57,074 - httpx - INFO - HTTP Request: GET http://procure-x.testmcp.org/history/8e323d49-8b18-4891-9e9d-d788e8990705 "HTTP/1.1 200 OK"
2026-01-15 01:17:58,092 - httpx - INFO - HTTP Request: GET http://procure-x.testmcp.org/history/8e323d49-8b18-4891-9e9d-d788e8990705 "HTTP/1.1 200 OK"
2026-01-15 01:17:59,112 - httpx - INFO - HTTP Request: GET http://procure-x.testmcp.org/history/8e323d49-8b18-4891-9e9d-d788e8990705 "HTTP/1.1 200 OK"
2026-01-15 01:18:00,131 - httpx - INFO - HTTP Request: GET http://procure-x.testmcp.org/history/8e323d49-8b18-4891-9e9d-d788e8990705 "HTTP/1.1 200 OK"
2026-01-15 01:18:01,150 - httpx - INFO - HTTP Request: GET http://procure-x.testmcp.org/history/8e323d49-8b18-4891-9e9d-d788e8990705 "HTTP/1.1 200 OK"
2026-01-15 01:18:02,169 - httpx - INFO - HTTP Request: GET http://procure-x.testmcp.org/history/8e323d49-8b18-4891-9e9d-d788e8990705 "HTTP/1.1 200 OK"
2026-01-15 01:18:03,190 - httpx - INFO - HTTP Request: GET http://procure-x.testmcp.org/history/8e323d49-8b18-4891-9e9d-d788e8990705 "HTTP/1.1 200 OK"
2026-01-15 01:18:04,208 - httpx - INFO - HTTP Request: GET http://procure-x.testmcp.org/history/8e323d49-8b18-4891-9e9d-d788e8990705 "HTTP/1.1 200 OK"
2026-01-15 01:18:05,231 - httpx - INFO - HTTP Request: GET http://procure-x.testmcp.org/history/8e323d49-8b18-4891-9e9d-d788e8990705 "HTTP/1.1 200 OK"
2026-01-15 01:18:06,247 - httpx - INFO - HTTP Request: GET http://procure-x.testmcp.org/history/8e323d49-8b18-4891-9e9d-d788e8990705 "HTTP/1.1 200 OK"
2026-01-15 01:18:07,269 - httpx - INFO - HTTP Request: GET http://procure-x.testmcp.org/history/8e323d49-8b18-4891-9e9d-d788e8990705 "HTTP/1.1 200 OK"
2026-01-15 01:18:08,285 - httpx - INFO - HTTP Request: GET http://procure-x.testmcp.org/history/8e323d49-8b18-4891-9e9d-d788e8990705 "HTTP/1.1 200 OK"
2026-01-15 01:18:09,302 - httpx - INFO - HTTP Request: GET http://procure-x.testmcp.org/history/8e323d49-8b18-4891-9e9d-d788e8990705 "HTTP/1.1 200 OK"
2026-01-15 01:18:10,321 - httpx - INFO - HTTP Request: GET http://procure-x.testmcp.org/history/8e323d49-8b18-4891-9e9d-d788e8990705 "HTTP/1.1 200 OK"
2026-01-15 01:18:11,341 - httpx - INFO - HTTP Request: GET http://procure-x.testmcp.org/history/8e323d49-8b18-4891-9e9d-d788e8990705 "HTTP/1.1 200 OK"
2026-01-15 01:18:12,360 - httpx - INFO - HTTP Request: GET http://procure-x.testmcp.org/history/8e323d49-8b18-4891-9e9d-d788e8990705 "HTTP/1.1 200 OK"
2026-01-15 01:18:13,379 - httpx - INFO - HTTP Request: GET http://procure-x.testmcp.org/history/8e323d49-8b18-4891-9e9d-d788e8990705 "HTTP/1.1 200 OK"
2026-01-15 01:18:14,399 - httpx - INFO - HTTP Request: GET http://procure-x.testmcp.org/history/8e323d49-8b18-4891-9e9d-d788e8990705 "HTTP/1.1 200 OK"
2026-01-15 01:18:15,420 - httpx - INFO - HTTP Request: GET http://procure-x.testmcp.org/history/8e323d49-8b18-4891-9e9d-d788e8990705 "HTTP/1.1 200 OK"
2026-01-15 01:18:16,438 - httpx - INFO - HTTP Request: GET http://procure-x.testmcp.org/history/8e323d49-8b18-4891-9e9d-d788e8990705 "HTTP/1.1 200 OK"
2026-01-15 01:18:17,456 - httpx - INFO - HTTP Request: GET http://procure-x.testmcp.org/history/8e323d49-8b18-4891-9e9d-d788e8990705 "HTTP/1.1 200 OK"
2026-01-15 01:18:18,474 - httpx - INFO - HTTP Request: GET http://procure-x.testmcp.org/history/8e323d49-8b18-4891-9e9d-d788e8990705 "HTTP/1.1 200 OK"
2026-01-15 01:18:19,493 - httpx - INFO - HTTP Request: GET http://procure-x.testmcp.org/history/8e323d49-8b18-4891-9e9d-d788e8990705 "HTTP/1.1 200 OK"
2026-01-15 01:18:20,512 - httpx - INFO - HTTP Request: GET http://procure-x.testmcp.org/history/8e323d49-8b18-4891-9e9d-d788e8990705 "HTTP/1.1 200 OK"
2026-01-15 01:18:21,531 - httpx - INFO - HTTP Request: GET http://procure-x.testmcp.org/history/8e323d49-8b18-4891-9e9d-d788e8990705 "HTTP/1.1 200 OK"
2026-01-15 01:18:22,550 - httpx - INFO - HTTP Request: GET http://procure-x.testmcp.org/history/8e323d49-8b18-4891-9e9d-d788e8990705 "HTTP/1.1 200 OK"
2026-01-15 01:18:23,567 - httpx - INFO - HTTP Request: GET http://procure-x.testmcp.org/history/8e323d49-8b18-4891-9e9d-d788e8990705 "HTTP/1.1 200 OK"
2026-01-15 01:18:24,589 - httpx - INFO - HTTP Request: GET http://procure-x.testmcp.org/history/8e323d49-8b18-4891-9e9d-d788e8990705 "HTTP/1.1 200 OK"
2026-01-15 01:18:25,611 - httpx - INFO - HTTP Request: GET http://procure-x.testmcp.org/history/8e323d49-8b18-4891-9e9d-d788e8990705 "HTTP/1.1 200 OK"
2026-01-15 01:18:26,629 - httpx - INFO - HTTP Request: GET http://procure-x.testmcp.org/history/8e323d49-8b18-4891-9e9d-d788e8990705 "HTTP/1.1 200 OK"
2026-01-15 01:18:27,646 - httpx - INFO - HTTP Request: GET http://procure-x.testmcp.org/history/8e323d49-8b18-4891-9e9d-d788e8990705 "HTTP/1.1 200 OK"
2026-01-15 01:18:28,666 - httpx - INFO - HTTP Request: GET http://procure-x.testmcp.org/history/8e323d49-8b18-4891-9e9d-d788e8990705 "HTTP/1.1 200 OK"
2026-01-15 01:18:29,682 - httpx - INFO - HTTP Request: GET http://procure-x.testmcp.org/history/8e323d49-8b18-4891-9e9d-d788e8990705 "HTTP/1.1 200 OK"
2026-01-15 01:18:30,698 - httpx - INFO - HTTP Request: GET http://procure-x.testmcp.org/history/8e323d49-8b18-4891-9e9d-d788e8990705 "HTTP/1.1 200 OK"
2026-01-15 01:18:31,717 - httpx - INFO - HTTP Request: GET http://procure-x.testmcp.org/history/8e323d49-8b18-4891-9e9d-d788e8990705 "HTTP/1.1 200 OK"
2026-01-15 01:18:32,738 - httpx - INFO - HTTP Request: GET http://procure-x.testmcp.org/history/8e323d49-8b18-4891-9e9d-d788e8990705 "HTTP/1.1 200 OK"
2026-01-15 01:18:33,778 - httpx - INFO - HTTP Request: GET http://procure-x.testmcp.org/history/8e323d49-8b18-4891-9e9d-d788e8990705 "HTTP/1.1 200 OK"
2026-01-15 01:18:34,796 - httpx - INFO - HTTP Request: GET http://procure-x.testmcp.org/history/8e323d49-8b18-4891-9e9d-d788e8990705 "HTTP/1.1 200 OK"
2026-01-15 01:18:35,814 - httpx - INFO - HTTP Request: GET http://procure-x.testmcp.org/history/8e323d49-8b18-4891-9e9d-d788e8990705 "HTTP/1.1 200 OK"
2026-01-15 01:18:36,831 - httpx - INFO - HTTP Request: GET http://procure-x.testmcp.org/history/8e323d49-8b18-4891-9e9d-d788e8990705 "HTTP/1.1 200 OK"
2026-01-15 01:18:37,852 - httpx - INFO - HTTP Request: GET http://procure-x.testmcp.org/history/8e323d49-8b18-4891-9e9d-d788e8990705 "HTTP/1.1 200 OK"
2026-01-15 01:18:38,869 - httpx - INFO - HTTP Request: GET http://procure-x.testmcp.org/history/8e323d49-8b18-4891-9e9d-d788e8990705 "HTTP/1.1 200 OK"
2026-01-15 01:18:39,888 - httpx - INFO - HTTP Request: GET http://procure-x.testmcp.org/history/8e323d49-8b18-4891-9e9d-d788e8990705 "HTTP/1.1 200 OK"
2026-01-15 01:18:40,908 - httpx - INFO - HTTP Request: GET http://procure-x.testmcp.org/history/8e323d49-8b18-4891-9e9d-d788e8990705 "HTTP/1.1 200 OK"
2026-01-15 01:18:41,924 - httpx - INFO - HTTP Request: GET http://procure-x.testmcp.org/history/8e323d49-8b18-4891-9e9d-d788e8990705 "HTTP/1.1 200 OK"
2026-01-15 01:18:42,937 - httpx - INFO - HTTP Request: GET http://procure-x.testmcp.org/history/8e323d49-8b18-4891-9e9d-d788e8990705 "HTTP/1.1 200 OK"
2026-01-15 01:18:43,957 - httpx - INFO - HTTP Request: GET http://procure-x.testmcp.org/history/8e323d49-8b18-4891-9e9d-d788e8990705 "HTTP/1.1 200 OK"
2026-01-15 01:18:44,974 - httpx - INFO - HTTP Request: GET http://procure-x.testmcp.org/history/8e323d49-8b18-4891-9e9d-d788e8990705 "HTTP/1.1 200 OK"
2026-01-15 01:18:45,991 - httpx - INFO - HTTP Request: GET http://procure-x.testmcp.org/history/8e323d49-8b18-4891-9e9d-d788e8990705 "HTTP/1.1 200 OK"
2026-01-15 01:18:47,028 - httpx - INFO - HTTP Request: GET http://procure-x.testmcp.org/history/8e323d49-8b18-4891-9e9d-d788e8990705 "HTTP/1.1 200 OK"
2026-01-15 01:18:48,044 - httpx - INFO - HTTP Request: GET http://procure-x.testmcp.org/history/8e323d49-8b18-4891-9e9d-d788e8990705 "HTTP/1.1 200 OK"
2026-01-15 01:18:49,059 - httpx - INFO - HTTP Request: GET http://procure-x.testmcp.org/history/8e323d49-8b18-4891-9e9d-d788e8990705 "HTTP/1.1 200 OK"
2026-01-15 01:18:50,075 - httpx - INFO - HTTP Request: GET http://procure-x.testmcp.org/history/8e323d49-8b18-4891-9e9d-d788e8990705 "HTTP/1.1 200 OK"
2026-01-15 01:18:51,093 - httpx - INFO - HTTP Request: GET http://procure-x.testmcp.org/history/8e323d49-8b18-4891-9e9d-d788e8990705 "HTTP/1.1 200 OK"
2026-01-15 01:18:52,109 - httpx - INFO - HTTP Request: GET http://procure-x.testmcp.org/history/8e323d49-8b18-4891-9e9d-d788e8990705 "HTTP/1.1 200 OK"
2026-01-15 01:18:53,125 - httpx - INFO - HTTP Request: GET http://procure-x.testmcp.org/history/8e323d49-8b18-4891-9e9d-d788e8990705 "HTTP/1.1 200 OK"
2026-01-15 01:18:54,143 - httpx - INFO - HTTP Request: GET http://procure-x.testmcp.org/history/8e323d49-8b18-4891-9e9d-d788e8990705 "HTTP/1.1 200 OK"
2026-01-15 01:18:55,164 - httpx - INFO - HTTP Request: GET http://procure-x.testmcp.org/history/8e323d49-8b18-4891-9e9d-d788e8990705 "HTTP/1.1 200 OK"
2026-01-15 01:18:56,189 - httpx - INFO - HTTP Request: GET http://procure-x.testmcp.org/history/8e323d49-8b18-4891-9e9d-d788e8990705 "HTTP/1.1 200 OK"
2026-01-15 01:18:57,211 - httpx - INFO - HTTP Request: GET http://procure-x.testmcp.org/history/8e323d49-8b18-4891-9e9d-d788e8990705 "HTTP/1.1 200 OK"
2026-01-15 01:18:58,230 - httpx - INFO - HTTP Request: GET http://procure-x.testmcp.org/history/8e323d49-8b18-4891-9e9d-d788e8990705 "HTTP/1.1 200 OK"
2026-01-15 01:18:59,248 - httpx - INFO - HTTP Request: GET http://procure-x.testmcp.org/history/8e323d49-8b18-4891-9e9d-d788e8990705 "HTTP/1.1 200 OK"
2026-01-15 01:19:00,267 - httpx - INFO - HTTP Request: GET http://procure-x.testmcp.org/history/8e323d49-8b18-4891-9e9d-d788e8990705 "HTTP/1.1 200 OK"
2026-01-15 01:19:01,284 - httpx - INFO - HTTP Request: GET http://procure-x.testmcp.org/history/8e323d49-8b18-4891-9e9d-d788e8990705 "HTTP/1.1 200 OK"
2026-01-15 01:19:02,298 - httpx - INFO - HTTP Request: GET http://procure-x.testmcp.org/history/8e323d49-8b18-4891-9e9d-d788e8990705 "HTTP/1.1 200 OK"
2026-01-15 01:19:03,312 - httpx - INFO - HTTP Request: GET http://procure-x.testmcp.org/history/8e323d49-8b18-4891-9e9d-d788e8990705 "HTTP/1.1 200 OK"
2026-01-15 01:19:04,327 - httpx - INFO - HTTP Request: GET http://procure-x.testmcp.org/history/8e323d49-8b18-4891-9e9d-d788e8990705 "HTTP/1.1 200 OK"
2026-01-15 01:19:05,344 - httpx - INFO - HTTP Request: GET http://procure-x.testmcp.org/history/8e323d49-8b18-4891-9e9d-d788e8990705 "HTTP/1.1 200 OK"
2026-01-15 01:19:06,361 - httpx - INFO - HTTP Request: GET http://procure-x.testmcp.org/history/8e323d49-8b18-4891-9e9d-d788e8990705 "HTTP/1.1 200 OK"
2026-01-15 01:19:07,377 - httpx - INFO - HTTP Request: GET http://procure-x.testmcp.org/history/8e323d49-8b18-4891-9e9d-d788e8990705 "HTTP/1.1 200 OK"
2026-01-15 01:19:08,398 - httpx - INFO - HTTP Request: GET http://procure-x.testmcp.org/history/8e323d49-8b18-4891-9e9d-d788e8990705 "HTTP/1.1 200 OK"
2026-01-15 01:19:09,415 - httpx - INFO - HTTP Request: GET http://procure-x.testmcp.org/history/8e323d49-8b18-4891-9e9d-d788e8990705 "HTTP/1.1 200 OK"
2026-01-15 01:19:10,431 - httpx - INFO - HTTP Request: GET http://procure-x.testmcp.org/history/8e323d49-8b18-4891-9e9d-d788e8990705 "HTTP/1.1 200 OK"
2026-01-15 01:19:11,450 - httpx - INFO - HTTP Request: GET http://procure-x.testmcp.org/history/8e323d49-8b18-4891-9e9d-d788e8990705 "HTTP/1.1 200 OK"
2026-01-15 01:19:12,471 - httpx - INFO - HTTP Request: GET http://procure-x.testmcp.org/history/8e323d49-8b18-4891-9e9d-d788e8990705 "HTTP/1.1 200 OK"
2026-01-15 01:19:13,491 - httpx - INFO - HTTP Request: GET http://procure-x.testmcp.org/history/8e323d49-8b18-4891-9e9d-d788e8990705 "HTTP/1.1 200 OK"
2026-01-15 01:19:14,508 - httpx - INFO - HTTP Request: GET http://procure-x.testmcp.org/history/8e323d49-8b18-4891-9e9d-d788e8990705 "HTTP/1.1 200 OK"
2026-01-15 01:19:15,527 - httpx - INFO - HTTP Request: GET http://procure-x.testmcp.org/history/8e323d49-8b18-4891-9e9d-d788e8990705 "HTTP/1.1 200 OK"
2026-01-15 01:19:16,548 - httpx - INFO - HTTP Request: GET http://procure-x.testmcp.org/history/8e323d49-8b18-4891-9e9d-d788e8990705 "HTTP/1.1 200 OK"
2026-01-15 01:19:17,564 - httpx - INFO - HTTP Request: GET http://procure-x.testmcp.org/history/8e323d49-8b18-4891-9e9d-d788e8990705 "HTTP/1.1 200 OK"
2026-01-15 01:19:18,578 - httpx - INFO - HTTP Request: GET http://procure-x.testmcp.org/history/8e323d49-8b18-4891-9e9d-d788e8990705 "HTTP/1.1 200 OK"
2026-01-15 01:19:19,594 - httpx - INFO - HTTP Request: GET http://procure-x.testmcp.org/history/8e323d49-8b18-4891-9e9d-d788e8990705 "HTTP/1.1 200 OK"
2026-01-15 01:19:20,610 - httpx - INFO - HTTP Request: GET http://procure-x.testmcp.org/history/8e323d49-8b18-4891-9e9d-d788e8990705 "HTTP/1.1 200 OK"
2026-01-15 01:19:21,626 - httpx - INFO - HTTP Request: GET http://procure-x.testmcp.org/history/8e323d49-8b18-4891-9e9d-d788e8990705 "HTTP/1.1 200 OK"
2026-01-15 01:19:22,644 - httpx - INFO - HTTP Request: GET http://procure-x.testmcp.org/history/8e323d49-8b18-4891-9e9d-d788e8990705 "HTTP/1.1 200 OK"
2026-01-15 01:19:23,664 - httpx - INFO - HTTP Request: GET http://procure-x.testmcp.org/history/8e323d49-8b18-4891-9e9d-d788e8990705 "HTTP/1.1 200 OK"
2026-01-15 01:19:24,684 - httpx - INFO - HTTP Request: GET http://procure-x.testmcp.org/history/8e323d49-8b18-4891-9e9d-d788e8990705 "HTTP/1.1 200 OK"
2026-01-15 01:19:25,716 - httpx - INFO - HTTP Request: GET http://procure-x.testmcp.org/history/8e323d49-8b18-4891-9e9d-d788e8990705 "HTTP/1.1 200 OK"
2026-01-15 01:19:26,733 - httpx - INFO - HTTP Request: GET http://procure-x.testmcp.org/history/8e323d49-8b18-4891-9e9d-d788e8990705 "HTTP/1.1 200 OK"
2026-01-15 01:19:27,749 - httpx - INFO - HTTP Request: GET http://procure-x.testmcp.org/history/8e323d49-8b18-4891-9e9d-d788e8990705 "HTTP/1.1 200 OK"
2026-01-15 01:19:28,764 - httpx - INFO - HTTP Request: GET http://procure-x.testmcp.org/history/8e323d49-8b18-4891-9e9d-d788e8990705 "HTTP/1.1 200 OK"
2026-01-15 01:19:29,783 - httpx - INFO - HTTP Request: GET http://procure-x.testmcp.org/history/8e323d49-8b18-4891-9e9d-d788e8990705 "HTTP/1.1 200 OK"
2026-01-15 01:19:30,803 - httpx - INFO - HTTP Request: GET http://procure-x.testmcp.org/history/8e323d49-8b18-4891-9e9d-d788e8990705 "HTTP/1.1 200 OK"
2026-01-15 01:19:31,823 - httpx - INFO - HTTP Request: GET http://procure-x.testmcp.org/history/8e323d49-8b18-4891-9e9d-d788e8990705 "HTTP/1.1 200 OK"
2026-01-15 01:19:32,844 - httpx - INFO - HTTP Request: GET http://procure-x.testmcp.org/history/8e323d49-8b18-4891-9e9d-d788e8990705 "HTTP/1.1 200 OK"
2026-01-15 01:19:33,866 - httpx - INFO - HTTP Request: GET http://procure-x.testmcp.org/history/8e323d49-8b18-4891-9e9d-d788e8990705 "HTTP/1.1 200 OK"
2026-01-15 01:19:34,883 - httpx - INFO - HTTP Request: GET http://procure-x.testmcp.org/history/8e323d49-8b18-4891-9e9d-d788e8990705 "HTTP/1.1 200 OK"
2026-01-15 01:19:35,902 - httpx - INFO - HTTP Request: GET http://procure-x.testmcp.org/history/8e323d49-8b18-4891-9e9d-d788e8990705 "HTTP/1.1 200 OK"
2026-01-15 01:19:36,920 - httpx - INFO - HTTP Request: GET http://procure-x.testmcp.org/history/8e323d49-8b18-4891-9e9d-d788e8990705 "HTTP/1.1 200 OK"
2026-01-15 01:19:37,936 - httpx - INFO - HTTP Request: GET http://procure-x.testmcp.org/history/8e323d49-8b18-4891-9e9d-d788e8990705 "HTTP/1.1 200 OK"
2026-01-15 01:19:38,952 - httpx - INFO - HTTP Request: GET http://procure-x.testmcp.org/history/8e323d49-8b18-4891-9e9d-d788e8990705 "HTTP/1.1 200 OK"
2026-01-15 01:19:39,967 - httpx - INFO - HTTP Request: GET http://procure-x.testmcp.org/history/8e323d49-8b18-4891-9e9d-d788e8990705 "HTTP/1.1 200 OK"
2026-01-15 01:19:40,983 - httpx - INFO - HTTP Request: GET http://procure-x.testmcp.org/history/8e323d49-8b18-4891-9e9d-d788e8990705 "HTTP/1.1 200 OK"
2026-01-15 01:19:42,000 - httpx - INFO - HTTP Request: GET http://procure-x.testmcp.org/history/8e323d49-8b18-4891-9e9d-d788e8990705 "HTTP/1.1 200 OK"
2026-01-15 01:19:43,018 - httpx - INFO - HTTP Request: GET http://procure-x.testmcp.org/history/8e323d49-8b18-4891-9e9d-d788e8990705 "HTTP/1.1 200 OK"
2026-01-15 01:19:44,033 - httpx - INFO - HTTP Request: GET http://procure-x.testmcp.org/history/8e323d49-8b18-4891-9e9d-d788e8990705 "HTTP/1.1 200 OK"
2026-01-15 01:19:45,050 - httpx - INFO - HTTP Request: GET http://procure-x.testmcp.org/history/8e323d49-8b18-4891-9e9d-d788e8990705 "HTTP/1.1 200 OK"
2026-01-15 01:19:46,069 - httpx - INFO - HTTP Request: GET http://procure-x.testmcp.org/history/8e323d49-8b18-4891-9e9d-d788e8990705 "HTTP/1.1 200 OK"
2026-01-15 01:19:47,088 - httpx - INFO - HTTP Request: GET http://procure-x.testmcp.org/history/8e323d49-8b18-4891-9e9d-d788e8990705 "HTTP/1.1 200 OK"
2026-01-15 01:19:48,109 - httpx - INFO - HTTP Request: GET http://procure-x.testmcp.org/history/8e323d49-8b18-4891-9e9d-d788e8990705 "HTTP/1.1 200 OK"
2026-01-15 01:19:49,131 - httpx - INFO - HTTP Request: GET http://procure-x.testmcp.org/history/8e323d49-8b18-4891-9e9d-d788e8990705 "HTTP/1.1 200 OK"
2026-01-15 01:19:50,153 - httpx - INFO - HTTP Request: GET http://procure-x.testmcp.org/history/8e323d49-8b18-4891-9e9d-d788e8990705 "HTTP/1.1 200 OK"
2026-01-15 01:19:51,172 - httpx - INFO - HTTP Request: GET http://procure-x.testmcp.org/history/8e323d49-8b18-4891-9e9d-d788e8990705 "HTTP/1.1 200 OK"
2026-01-15 01:19:52,192 - httpx - INFO - HTTP Request: GET http://procure-x.testmcp.org/history/8e323d49-8b18-4891-9e9d-d788e8990705 "HTTP/1.1 200 OK"
2026-01-15 01:19:53,213 - httpx - INFO - HTTP Request: GET http://procure-x.testmcp.org/history/8e323d49-8b18-4891-9e9d-d788e8990705 "HTTP/1.1 200 OK"
2026-01-15 01:19:54,232 - httpx - INFO - HTTP Request: GET http://procure-x.testmcp.org/history/8e323d49-8b18-4891-9e9d-d788e8990705 "HTTP/1.1 200 OK"
2026-01-15 01:19:55,246 - httpx - INFO - HTTP Request: GET http://procure-x.testmcp.org/history/8e323d49-8b18-4891-9e9d-d788e8990705 "HTTP/1.1 200 OK"
2026-01-15 01:19:56,263 - httpx - INFO - HTTP Request: GET http://procure-x.testmcp.org/history/8e323d49-8b18-4891-9e9d-d788e8990705 "HTTP/1.1 200 OK"
2026-01-15 01:19:57,280 - httpx - INFO - HTTP Request: GET http://procure-x.testmcp.org/history/8e323d49-8b18-4891-9e9d-d788e8990705 "HTTP/1.1 200 OK"
2026-01-15 01:19:58,348 - httpx - INFO - HTTP Request: GET http://procure-x.testmcp.org/history/8e323d49-8b18-4891-9e9d-d788e8990705 "HTTP/1.1 200 OK"
2026-01-15 01:19:59,365 - httpx - INFO - HTTP Request: GET http://procure-x.testmcp.org/history/8e323d49-8b18-4891-9e9d-d788e8990705 "HTTP/1.1 200 OK"
2026-01-15 01:20:00,385 - httpx - INFO - HTTP Request: GET http://procure-x.testmcp.org/history/8e323d49-8b18-4891-9e9d-d788e8990705 "HTTP/1.1 200 OK"
2026-01-15 01:20:01,406 - httpx - INFO - HTTP Request: GET http://procure-x.testmcp.org/history/8e323d49-8b18-4891-9e9d-d788e8990705 "HTTP/1.1 200 OK"
2026-01-15 01:20:02,429 - httpx - INFO - HTTP Request: GET http://procure-x.testmcp.org/history/8e323d49-8b18-4891-9e9d-d788e8990705 "HTTP/1.1 200 OK"
2026-01-15 01:20:03,452 - httpx - INFO - HTTP Request: GET http://procure-x.testmcp.org/history/8e323d49-8b18-4891-9e9d-d788e8990705 "HTTP/1.1 200 OK"
2026-01-15 01:20:04,470 - httpx - INFO - HTTP Request: GET http://procure-x.testmcp.org/history/8e323d49-8b18-4891-9e9d-d788e8990705 "HTTP/1.1 200 OK"
2026-01-15 01:20:05,491 - httpx - INFO - HTTP Request: GET http://procure-x.testmcp.org/history/8e323d49-8b18-4891-9e9d-d788e8990705 "HTTP/1.1 200 OK"
2026-01-15 01:20:06,513 - httpx - INFO - HTTP Request: GET http://procure-x.testmcp.org/history/8e323d49-8b18-4891-9e9d-d788e8990705 "HTTP/1.1 200 OK"
2026-01-15 01:20:07,536 - httpx - INFO - HTTP Request: GET http://procure-x.testmcp.org/history/8e323d49-8b18-4891-9e9d-d788e8990705 "HTTP/1.1 200 OK"
2026-01-15 01:20:08,556 - httpx - INFO - HTTP Request: GET http://procure-x.testmcp.org/history/8e323d49-8b18-4891-9e9d-d788e8990705 "HTTP/1.1 200 OK"
2026-01-15 01:20:09,578 - httpx - INFO - HTTP Request: GET http://procure-x.testmcp.org/history/8e323d49-8b18-4891-9e9d-d788e8990705 "HTTP/1.1 200 OK"
2026-01-15 01:20:10,602 - httpx - INFO - HTTP Request: GET http://procure-x.testmcp.org/history/8e323d49-8b18-4891-9e9d-d788e8990705 "HTTP/1.1 200 OK"
2026-01-15 01:20:11,624 - httpx - INFO - HTTP Request: GET http://procure-x.testmcp.org/history/8e323d49-8b18-4891-9e9d-d788e8990705 "HTTP/1.1 200 OK"
2026-01-15 01:20:12,649 - httpx - INFO - HTTP Request: GET http://procure-x.testmcp.org/history/8e323d49-8b18-4891-9e9d-d788e8990705 "HTTP/1.1 200 OK"
2026-01-15 01:20:13,672 - httpx - INFO - HTTP Request: GET http://procure-x.testmcp.org/history/8e323d49-8b18-4891-9e9d-d788e8990705 "HTTP/1.1 200 OK"
2026-01-15 01:20:14,696 - httpx - INFO - HTTP Request: GET http://procure-x.testmcp.org/history/8e323d49-8b18-4891-9e9d-d788e8990705 "HTTP/1.1 200 OK"
2026-01-15 01:20:15,721 - httpx - INFO - HTTP Request: GET http://procure-x.testmcp.org/history/8e323d49-8b18-4891-9e9d-d788e8990705 "HTTP/1.1 200 OK"
2026-01-15 01:20:16,745 - httpx - INFO - HTTP Request: GET http://procure-x.testmcp.org/history/8e323d49-8b18-4891-9e9d-d788e8990705 "HTTP/1.1 200 OK"
2026-01-15 01:20:17,768 - httpx - INFO - HTTP Request: GET http://procure-x.testmcp.org/history/8e323d49-8b18-4891-9e9d-d788e8990705 "HTTP/1.1 200 OK"
2026-01-15 01:20:18,791 - httpx - INFO - HTTP Request: GET http://procure-x.testmcp.org/history/8e323d49-8b18-4891-9e9d-d788e8990705 "HTTP/1.1 200 OK"
2026-01-15 01:20:19,815 - httpx - INFO - HTTP Request: GET http://procure-x.testmcp.org/history/8e323d49-8b18-4891-9e9d-d788e8990705 "HTTP/1.1 200 OK"
2026-01-15 01:20:20,839 - httpx - INFO - HTTP Request: GET http://procure-x.testmcp.org/history/8e323d49-8b18-4891-9e9d-d788e8990705 "HTTP/1.1 200 OK"
2026-01-15 01:20:21,865 - httpx - INFO - HTTP Request: GET http://procure-x.testmcp.org/history/8e323d49-8b18-4891-9e9d-d788e8990705 "HTTP/1.1 200 OK"
2026-01-15 01:20:22,887 - httpx - INFO - HTTP Request: GET http://procure-x.testmcp.org/history/8e323d49-8b18-4891-9e9d-d788e8990705 "HTTP/1.1 200 OK"
2026-01-15 01:20:23,914 - httpx - INFO - HTTP Request: GET http://procure-x.testmcp.org/history/8e323d49-8b18-4891-9e9d-d788e8990705 "HTTP/1.1 200 OK"
2026-01-15 01:20:23,916 - temporal_gateway.clients.comfy.tracker - INFO - [WS] Execution completed successfully
2026-01-15 01:20:24,931 - httpx - INFO - HTTP Request: GET http://procure-x.testmcp.org/history/8e323d49-8b18-4891-9e9d-d788e8990705 "HTTP/1.1 200 OK"
2026-01-15 01:20:24,935 - temporal_gateway.clients.comfy.tracker - INFO - Tracking completed: success (took 336.80s)
2026-01-15 01:20:24,936 - temporalio.activity - INFO - [V3] Workflow completed successfully ({'activity_id': '1', 'activity_type': 'execute_and_track_workflow', 'attempt': 1, 'namespace': 'default', 'task_queue': 'comfyui-gpu-farm', 'workflow_id': 'chain-image-edit-to-video-pipeline-e3b7b017-7d80-4533-a4e7-631a308c0a76-create_video', 'workflow_run_id': '019bbe0a-0b57-7ed0-968b-34a4fe062a57', 'workflow_type': 'ComfyUIWorkflow'})
2026-01-15 01:20:24,959 - temporalio.workflow - INFO - Execution completed successfully ({'attempt': 1, 'namespace': 'default', 'run_id': '019bbe0a-0b57-7ed0-968b-34a4fe062a57', 'task_queue': 'comfyui-gpu-farm', 'workflow_id': 'chain-image-edit-to-video-pipeline-e3b7b017-7d80-4533-a4e7-631a308c0a76-create_video', 'workflow_type': 'ComfyUIWorkflow'})
2026-01-15 01:20:24,968 - temporalio.activity - INFO - Extracting server output files ({'activity_id': '2', 'activity_type': 'get_server_output_files', 'attempt': 1, 'namespace': 'default', 'task_queue': 'comfyui-gpu-farm', 'workflow_id': 'chain-image-edit-to-video-pipeline-e3b7b017-7d80-4533-a4e7-631a308c0a76-create_video', 'workflow_run_id': '019bbe0a-0b57-7ed0-968b-34a4fe062a57', 'workflow_type': 'ComfyUIWorkflow'})
2026-01-15 01:20:24,968 - temporalio.activity - INFO - Found 1 output file(s) ({'activity_id': '2', 'activity_type': 'get_server_output_files', 'attempt': 1, 'namespace': 'default', 'task_queue': 'comfyui-gpu-farm', 'workflow_id': 'chain-image-edit-to-video-pipeline-e3b7b017-7d80-4533-a4e7-631a308c0a76-create_video', 'workflow_run_id': '019bbe0a-0b57-7ed0-968b-34a4fe062a57', 'workflow_type': 'ComfyUIWorkflow'})
2026-01-15 01:20:24,977 - temporalio.workflow - INFO - Found 1 server output file(s) ({'attempt': 1, 'namespace': 'default', 'run_id': '019bbe0a-0b57-7ed0-968b-34a4fe062a57', 'task_queue': 'comfyui-gpu-farm', 'workflow_id': 'chain-image-edit-to-video-pipeline-e3b7b017-7d80-4533-a4e7-631a308c0a76-create_video', 'workflow_type': 'ComfyUIWorkflow'})
2026-01-15 01:20:24,986 - temporalio.activity - INFO - Downloading and persisting 1 artifact(s) for workflow 86bd0637-a277-4c40-b980-450e1c9060e1 ({'activity_id': '3', 'activity_type': 'download_and_store_artifacts', 'attempt': 1, 'namespace': 'default', 'task_queue': 'comfyui-gpu-farm', 'workflow_id': 'chain-image-edit-to-video-pipeline-e3b7b017-7d80-4533-a4e7-631a308c0a76-create_video', 'workflow_run_id': '019bbe0a-0b57-7ed0-968b-34a4fe062a57', 'workflow_type': 'ComfyUIWorkflow'})
2026-01-15 01:20:25,031 - temporal_gateway.clients.comfy.client - INFO - ComfyUI client initialized for http://procure-x.testmcp.org
2026-01-15 01:20:25,080 - httpx - INFO - HTTP Request: GET http://procure-x.testmcp.org/view?filename=ComfyUI_00063_.mp4&type=output&subfolder=video "HTTP/1.1 200 OK"
2026-01-15 01:20:25,159 - temporalio.activity - INFO - ✓ Saved artifact to DB: 8f5b879c-cd34-4ac3-90c9-c79b7ef23e58 (ComfyUI_00063_.mp4) ({'activity_id': '3', 'activity_type': 'download_and_store_artifacts', 'attempt': 1, 'namespace': 'default', 'task_queue': 'comfyui-gpu-farm', 'workflow_id': 'chain-image-edit-to-video-pipeline-e3b7b017-7d80-4533-a4e7-631a308c0a76-create_video', 'workflow_run_id': '019bbe0a-0b57-7ed0-968b-34a4fe062a57', 'workflow_type': 'ComfyUIWorkflow'})
2026-01-15 01:20:25,160 - temporalio.activity - INFO - Downloaded and persisted 1 artifact(s) ({'activity_id': '3', 'activity_type': 'download_and_store_artifacts', 'attempt': 1, 'namespace': 'default', 'task_queue': 'comfyui-gpu-farm', 'workflow_id': 'chain-image-edit-to-video-pipeline-e3b7b017-7d80-4533-a4e7-631a308c0a76-create_video', 'workflow_run_id': '019bbe0a-0b57-7ed0-968b-34a4fe062a57', 'workflow_type': 'ComfyUIWorkflow'})
2026-01-15 01:20:25,173 - temporalio.workflow - INFO - Downloaded 1 file(s) locally ({'attempt': 1, 'namespace': 'default', 'run_id': '019bbe0a-0b57-7ed0-968b-34a4fe062a57', 'task_queue': 'comfyui-gpu-farm', 'workflow_id': 'chain-image-edit-to-video-pipeline-e3b7b017-7d80-4533-a4e7-631a308c0a76-create_video', 'workflow_type': 'ComfyUIWorkflow'})
2026-01-15 01:20:25,192 - temporalio.activity - INFO - Updating workflow 86bd0637-a277-4c40-b980-450e1c9060e1 status to: completed ({'activity_id': '52', 'activity_type': 'update_workflow_status_activity', 'attempt': 1, 'namespace': 'default', 'task_queue': 'comfyui-gpu-farm', 'workflow_id': 'chain-image-edit-to-video-pipeline-e3b7b017-7d80-4533-a4e7-631a308c0a76', 'workflow_run_id': '019bbe08-94e7-7b77-8867-d11761af2840', 'workflow_type': 'ChainExecutorWorkflow'})
2026-01-15 01:20:25,196 - temporalio.activity - INFO - ✓ Updated workflow status ({'activity_id': '52', 'activity_type': 'update_workflow_status_activity', 'attempt': 1, 'namespace': 'default', 'task_queue': 'comfyui-gpu-farm', 'workflow_id': 'chain-image-edit-to-video-pipeline-e3b7b017-7d80-4533-a4e7-631a308c0a76', 'workflow_run_id': '019bbe08-94e7-7b77-8867-d11761af2840', 'workflow_type': 'ChainExecutorWorkflow'})
2026-01-15 01:20:25,212 - temporalio.activity - INFO - Getting artifacts for workflow: 86bd0637-a277-4c40-b980-450e1c9060e1 ({'activity_id': '53', 'activity_type': 'get_workflow_artifacts', 'attempt': 1, 'namespace': 'default', 'task_queue': 'comfyui-gpu-farm', 'workflow_id': 'chain-image-edit-to-video-pipeline-e3b7b017-7d80-4533-a4e7-631a308c0a76', 'workflow_run_id': '019bbe08-94e7-7b77-8867-d11761af2840', 'workflow_type': 'ChainExecutorWorkflow'})
2026-01-15 01:20:25,229 - temporalio.activity - INFO - Creating approval request for artifact: 8f5b879c-cd34-4ac3-90c9-c79b7ef23e58 ({'activity_id': '54', 'activity_type': 'create_approval_request_activity', 'attempt': 1, 'namespace': 'default', 'task_queue': 'comfyui-gpu-farm', 'workflow_id': 'chain-image-edit-to-video-pipeline-e3b7b017-7d80-4533-a4e7-631a308c0a76', 'workflow_run_id': '019bbe08-94e7-7b77-8867-d11761af2840', 'workflow_type': 'ChainExecutorWorkflow'})
2026-01-15 01:20:25,233 - temporalio.activity - INFO - ✓ Created approval request: 3f07c591-eb57-466a-9615-9be5cbced436, token: jCHs07ThJUSUlUM3... ({'activity_id': '54', 'activity_type': 'create_approval_request_activity', 'attempt': 1, 'namespace': 'default', 'task_queue': 'comfyui-gpu-farm', 'workflow_id': 'chain-image-edit-to-video-pipeline-e3b7b017-7d80-4533-a4e7-631a308c0a76', 'workflow_run_id': '019bbe08-94e7-7b77-8867-d11761af2840', 'workflow_type': 'ChainExecutorWorkflow'})
2026-01-15 01:20:25,234 - temporal_gateway.services.broadcast - INFO - Published approval_requested to chain:363f0ff5-c2fc-42b6-b855-895e7bde5545
2026-01-15 01:20:25,234 - temporalio.activity - INFO - Published approval_requested event for chain 363f0ff5-c2fc-42b6-b855-895e7bde5545 ({'activity_id': '54', 'activity_type': 'create_approval_request_activity', 'attempt': 1, 'namespace': 'default', 'task_queue': 'comfyui-gpu-farm', 'workflow_id': 'chain-image-edit-to-video-pipeline-e3b7b017-7d80-4533-a4e7-631a308c0a76', 'workflow_run_id': '019bbe08-94e7-7b77-8867-d11761af2840', 'workflow_type': 'ChainExecutorWorkflow'})
2026-01-15 01:20:25,244 - temporalio.workflow - INFO - Step create_video: Approval request created, token: jCHs07ThJUSUlUM3... ({'attempt': 1, 'namespace': 'default', 'run_id': '019bbe08-94e7-7b77-8867-d11761af2840', 'task_queue': 'comfyui-gpu-farm', 'workflow_id': 'chain-image-edit-to-video-pipeline-e3b7b017-7d80-4533-a4e7-631a308c0a76', 'workflow_type': 'ChainExecutorWorkflow'})
2026-01-15 01:22:07,341 - temporalio.workflow - INFO - Received approval decision for step create_video: approved by cli-user ({'attempt': 1, 'namespace': 'default', 'run_id': '019bbe08-94e7-7b77-8867-d11761af2840', 'task_queue': 'comfyui-gpu-farm', 'workflow_id': 'chain-image-edit-to-video-pipeline-e3b7b017-7d80-4533-a4e7-631a308c0a76', 'workflow_type': 'ChainExecutorWorkflow'})
2026-01-15 01:22:07,341 - temporalio.workflow - INFO - Step create_video: Approved by cli-user ({'attempt': 1, 'namespace': 'default', 'run_id': '019bbe08-94e7-7b77-8867-d11761af2840', 'task_queue': 'comfyui-gpu-farm', 'workflow_id': 'chain-image-edit-to-video-pipeline-e3b7b017-7d80-4533-a4e7-631a308c0a76', 'workflow_type': 'ChainExecutorWorkflow'})
2026-01-15 01:22:07,342 - temporalio.workflow - INFO - Step create_video: Approved ({'attempt': 1, 'namespace': 'default', 'run_id': '019bbe08-94e7-7b77-8867-d11761af2840', 'task_queue': 'comfyui-gpu-farm', 'workflow_id': 'chain-image-edit-to-video-pipeline-e3b7b017-7d80-4533-a4e7-631a308c0a76', 'workflow_type': 'ChainExecutorWorkflow'})
2026-01-15 01:22:07,352 - temporalio.activity - INFO - Getting artifacts for workflow: 86bd0637-a277-4c40-b980-450e1c9060e1 ({'activity_id': '55', 'activity_type': 'get_workflow_artifacts', 'attempt': 1, 'namespace': 'default', 'task_queue': 'comfyui-gpu-farm', 'workflow_id': 'chain-image-edit-to-video-pipeline-e3b7b017-7d80-4533-a4e7-631a308c0a76', 'workflow_run_id': '019bbe08-94e7-7b77-8867-d11761af2840', 'workflow_type': 'ChainExecutorWorkflow'})
2026-01-15 01:22:07,372 - temporal_gateway.services.broadcast - INFO - Published step_completed to chain:363f0ff5-c2fc-42b6-b855-895e7bde5545
2026-01-15 01:22:07,372 - temporalio.activity - INFO - Published step_completed event for create_video in chain 363f0ff5-c2fc-42b6-b855-895e7bde5545 ({'activity_id': '56', 'activity_type': 'publish_step_completed_activity', 'attempt': 1, 'namespace': 'default', 'task_queue': 'comfyui-gpu-farm', 'workflow_id': 'chain-image-edit-to-video-pipeline-e3b7b017-7d80-4533-a4e7-631a308c0a76', 'workflow_run_id': '019bbe08-94e7-7b77-8867-d11761af2840', 'workflow_type': 'ChainExecutorWorkflow'})
2026-01-15 01:22:07,384 - temporalio.workflow - INFO - Step create_video: completed ({'attempt': 1, 'namespace': 'default', 'run_id': '019bbe08-94e7-7b77-8867-d11761af2840', 'task_queue': 'comfyui-gpu-farm', 'workflow_id': 'chain-image-edit-to-video-pipeline-e3b7b017-7d80-4533-a4e7-631a308c0a76', 'workflow_type': 'ChainExecutorWorkflow'})
2026-01-15 01:22:07,393 - temporalio.activity - INFO - Updating chain 363f0ff5-c2fc-42b6-b855-895e7bde5545 status to: completed ({'activity_id': '57', 'activity_type': 'update_chain_status_activity', 'attempt': 1, 'namespace': 'default', 'task_queue': 'comfyui-gpu-farm', 'workflow_id': 'chain-image-edit-to-video-pipeline-e3b7b017-7d80-4533-a4e7-631a308c0a76', 'workflow_run_id': '019bbe08-94e7-7b77-8867-d11761af2840', 'workflow_type': 'ChainExecutorWorkflow'})
2026-01-15 01:22:07,397 - temporalio.activity - INFO - ✓ Updated chain status ({'activity_id': '57', 'activity_type': 'update_chain_status_activity', 'attempt': 1, 'namespace': 'default', 'task_queue': 'comfyui-gpu-farm', 'workflow_id': 'chain-image-edit-to-video-pipeline-e3b7b017-7d80-4533-a4e7-631a308c0a76', 'workflow_run_id': '019bbe08-94e7-7b77-8867-d11761af2840', 'workflow_type': 'ChainExecutorWorkflow'})
2026-01-15 01:22:07,398 - temporal_gateway.services.broadcast - INFO - Published chain_completed to chain:363f0ff5-c2fc-42b6-b855-895e7bde5545
2026-01-15 01:22:07,398 - temporalio.activity - INFO - Published chain_completed event for chain 363f0ff5-c2fc-42b6-b855-895e7bde5545 ({'activity_id': '57', 'activity_type': 'update_chain_status_activity', 'attempt': 1, 'namespace': 'default', 'task_queue': 'comfyui-gpu-farm', 'workflow_id': 'chain-image-edit-to-video-pipeline-e3b7b017-7d80-4533-a4e7-631a308c0a76', 'workflow_run_id': '019bbe08-94e7-7b77-8867-d11761af2840', 'workflow_type': 'ChainExecutorWorkflow'})
2026-01-15 01:37:17,531 - temporalio.workflow - INFO - Starting chain execution: image-edit-to-video-pipeline ({'attempt': 1, 'namespace': 'default', 'run_id': '019bbe1e-a301-75d0-8364-487be49b0017', 'task_queue': 'comfyui-gpu-farm', 'workflow_id': 'chain-image-edit-to-video-pipeline-9669358b-bce0-4bcb-8ff3-5465d7891da9', 'workflow_type': 'ChainExecutorWorkflow'})
2026-01-15 01:37:17,531 - temporalio.workflow - INFO - Retry number: 0 ({'attempt': 1, 'namespace': 'default', 'run_id': '019bbe1e-a301-75d0-8364-487be49b0017', 'task_queue': 'comfyui-gpu-farm', 'workflow_id': 'chain-image-edit-to-video-pipeline-9669358b-bce0-4bcb-8ff3-5465d7891da9', 'workflow_type': 'ChainExecutorWorkflow'})
2026-01-15 01:37:17,531 - temporalio.workflow - INFO - Cached steps: [] ({'attempt': 1, 'namespace': 'default', 'run_id': '019bbe1e-a301-75d0-8364-487be49b0017', 'task_queue': 'comfyui-gpu-farm', 'workflow_id': 'chain-image-edit-to-video-pipeline-9669358b-bce0-4bcb-8ff3-5465d7891da9', 'workflow_type': 'ChainExecutorWorkflow'})
2026-01-15 01:37:17,531 - temporalio.workflow - INFO - Total levels: 3 ({'attempt': 1, 'namespace': 'default', 'run_id': '019bbe1e-a301-75d0-8364-487be49b0017', 'task_queue': 'comfyui-gpu-farm', 'workflow_id': 'chain-image-edit-to-video-pipeline-9669358b-bce0-4bcb-8ff3-5465d7891da9', 'workflow_type': 'ChainExecutorWorkflow'})
2026-01-15 01:37:17,532 - temporalio.workflow - INFO - Using chain ID: 74e4aa6e-b3e5-4317-8898-62dfc7a479e5 ({'attempt': 1, 'namespace': 'default', 'run_id': '019bbe1e-a301-75d0-8364-487be49b0017', 'task_queue': 'comfyui-gpu-farm', 'workflow_id': 'chain-image-edit-to-video-pipeline-9669358b-bce0-4bcb-8ff3-5465d7891da9', 'workflow_type': 'ChainExecutorWorkflow'})
2026-01-15 01:37:17,556 - temporalio.activity - INFO - Updating chain 74e4aa6e-b3e5-4317-8898-62dfc7a479e5 status to: executing_level_0 ({'activity_id': '1', 'activity_type': 'update_chain_status_activity', 'attempt': 1, 'namespace': 'default', 'task_queue': 'comfyui-gpu-farm', 'workflow_id': 'chain-image-edit-to-video-pipeline-9669358b-bce0-4bcb-8ff3-5465d7891da9', 'workflow_run_id': '019bbe1e-a301-75d0-8364-487be49b0017', 'workflow_type': 'ChainExecutorWorkflow'})
2026-01-15 01:37:17,570 - temporalio.activity - INFO - ✓ Updated chain status ({'activity_id': '1', 'activity_type': 'update_chain_status_activity', 'attempt': 1, 'namespace': 'default', 'task_queue': 'comfyui-gpu-farm', 'workflow_id': 'chain-image-edit-to-video-pipeline-9669358b-bce0-4bcb-8ff3-5465d7891da9', 'workflow_run_id': '019bbe1e-a301-75d0-8364-487be49b0017', 'workflow_type': 'ChainExecutorWorkflow'})
2026-01-15 01:37:17,600 - temporalio.workflow - INFO - Level 0: Executing 2 step(s) ({'attempt': 1, 'namespace': 'default', 'run_id': '019bbe1e-a301-75d0-8364-487be49b0017', 'task_queue': 'comfyui-gpu-farm', 'workflow_id': 'chain-image-edit-to-video-pipeline-9669358b-bce0-4bcb-8ff3-5465d7891da9', 'workflow_type': 'ChainExecutorWorkflow'})
2026-01-15 01:37:17,601 - temporalio.workflow - INFO - Executing step: extract_frame1 ({'attempt': 1, 'namespace': 'default', 'run_id': '019bbe1e-a301-75d0-8364-487be49b0017', 'task_queue': 'comfyui-gpu-farm', 'workflow_id': 'chain-image-edit-to-video-pipeline-9669358b-bce0-4bcb-8ff3-5465d7891da9', 'workflow_type': 'ChainExecutorWorkflow'})
2026-01-15 01:37:17,601 - temporalio.workflow - INFO - Executing step: extract_frame2 ({'attempt': 1, 'namespace': 'default', 'run_id': '019bbe1e-a301-75d0-8364-487be49b0017', 'task_queue': 'comfyui-gpu-farm', 'workflow_id': 'chain-image-edit-to-video-pipeline-9669358b-bce0-4bcb-8ff3-5465d7891da9', 'workflow_type': 'ChainExecutorWorkflow'})
2026-01-15 01:37:17,618 - temporalio.activity - INFO - Resolving templates in parameters ({'activity_id': '2', 'activity_type': 'resolve_chain_templates', 'attempt': 1, 'namespace': 'default', 'task_queue': 'comfyui-gpu-farm', 'workflow_id': 'chain-image-edit-to-video-pipeline-9669358b-bce0-4bcb-8ff3-5465d7891da9', 'workflow_run_id': '019bbe1e-a301-75d0-8364-487be49b0017', 'workflow_type': 'ChainExecutorWorkflow'})
2026-01-15 01:37:17,618 - temporalio.activity - INFO - Templates resolved successfully ({'activity_id': '2', 'activity_type': 'resolve_chain_templates', 'attempt': 1, 'namespace': 'default', 'task_queue': 'comfyui-gpu-farm', 'workflow_id': 'chain-image-edit-to-video-pipeline-9669358b-bce0-4bcb-8ff3-5465d7891da9', 'workflow_run_id': '019bbe1e-a301-75d0-8364-487be49b0017', 'workflow_type': 'ChainExecutorWorkflow'})
2026-01-15 01:37:17,621 - temporalio.activity - INFO - Resolving templates in parameters ({'activity_id': '3', 'activity_type': 'resolve_chain_templates', 'attempt': 1, 'namespace': 'default', 'task_queue': 'comfyui-gpu-farm', 'workflow_id': 'chain-image-edit-to-video-pipeline-9669358b-bce0-4bcb-8ff3-5465d7891da9', 'workflow_run_id': '019bbe1e-a301-75d0-8364-487be49b0017', 'workflow_type': 'ChainExecutorWorkflow'})
2026-01-15 01:37:17,621 - temporalio.activity - INFO - Templates resolved successfully ({'activity_id': '3', 'activity_type': 'resolve_chain_templates', 'attempt': 1, 'namespace': 'default', 'task_queue': 'comfyui-gpu-farm', 'workflow_id': 'chain-image-edit-to-video-pipeline-9669358b-bce0-4bcb-8ff3-5465d7891da9', 'workflow_run_id': '019bbe1e-a301-75d0-8364-487be49b0017', 'workflow_type': 'ChainExecutorWorkflow'})
2026-01-15 01:37:17,647 - temporalio.activity - INFO - Applying parameters to workflow: imageSave ({'activity_id': '5', 'activity_type': 'apply_workflow_parameters', 'attempt': 1, 'namespace': 'default', 'task_queue': 'comfyui-gpu-farm', 'workflow_id': 'chain-image-edit-to-video-pipeline-9669358b-bce0-4bcb-8ff3-5465d7891da9', 'workflow_run_id': '019bbe1e-a301-75d0-8364-487be49b0017', 'workflow_type': 'ChainExecutorWorkflow'})
2026-01-15 01:37:17,647 - temporal_gateway.registry - INFO - Applied override: 1.frame_load_cap = 1
2026-01-15 01:37:17,647 - temporal_gateway.registry - INFO - Applied override: 1.select_every_nth = 1
2026-01-15 01:37:17,647 - temporal_gateway.registry - INFO - Applied override: 1.skip_first_frames = 172
2026-01-15 01:37:17,647 - temporal_gateway.registry - INFO - Applied override: 1.video = ComfyUI_00012_.mp4
2026-01-15 01:37:17,647 - temporalio.activity - INFO - Parameters applied successfully ({'activity_id': '5', 'activity_type': 'apply_workflow_parameters', 'attempt': 1, 'namespace': 'default', 'task_queue': 'comfyui-gpu-farm', 'workflow_id': 'chain-image-edit-to-video-pipeline-9669358b-bce0-4bcb-8ff3-5465d7891da9', 'workflow_run_id': '019bbe1e-a301-75d0-8364-487be49b0017', 'workflow_type': 'ChainExecutorWorkflow'})
2026-01-15 01:37:17,649 - temporalio.activity - INFO - Applying parameters to workflow: imageSave ({'activity_id': '4', 'activity_type': 'apply_workflow_parameters', 'attempt': 1, 'namespace': 'default', 'task_queue': 'comfyui-gpu-farm', 'workflow_id': 'chain-image-edit-to-video-pipeline-9669358b-bce0-4bcb-8ff3-5465d7891da9', 'workflow_run_id': '019bbe1e-a301-75d0-8364-487be49b0017', 'workflow_type': 'ChainExecutorWorkflow'})
2026-01-15 01:37:17,649 - temporal_gateway.registry - INFO - Applied override: 1.frame_load_cap = 1
2026-01-15 01:37:17,649 - temporal_gateway.registry - INFO - Applied override: 1.select_every_nth = 1
2026-01-15 01:37:17,649 - temporal_gateway.registry - INFO - Applied override: 1.skip_first_frames = 0
2026-01-15 01:37:17,650 - temporal_gateway.registry - INFO - Applied override: 1.video = ComfyUI_00012_.mp4
2026-01-15 01:37:17,650 - temporalio.activity - INFO - Parameters applied successfully ({'activity_id': '4', 'activity_type': 'apply_workflow_parameters', 'attempt': 1, 'namespace': 'default', 'task_queue': 'comfyui-gpu-farm', 'workflow_id': 'chain-image-edit-to-video-pipeline-9669358b-bce0-4bcb-8ff3-5465d7891da9', 'workflow_run_id': '019bbe1e-a301-75d0-8364-487be49b0017', 'workflow_type': 'ChainExecutorWorkflow'})
2026-01-15 01:37:17,666 - temporalio.activity - INFO - Selecting server with strategy: least_loaded ({'activity_id': '6', 'activity_type': 'select_best_server', 'attempt': 1, 'namespace': 'default', 'task_queue': 'comfyui-gpu-farm', 'workflow_id': 'chain-image-edit-to-video-pipeline-9669358b-bce0-4bcb-8ff3-5465d7891da9', 'workflow_run_id': '019bbe1e-a301-75d0-8364-487be49b0017', 'workflow_type': 'ChainExecutorWorkflow'})
2026-01-15 01:37:17,711 - temporalio.activity - INFO - Selecting server with strategy: least_loaded ({'activity_id': '7', 'activity_type': 'select_best_server', 'attempt': 1, 'namespace': 'default', 'task_queue': 'comfyui-gpu-farm', 'workflow_id': 'chain-image-edit-to-video-pipeline-9669358b-bce0-4bcb-8ff3-5465d7891da9', 'workflow_run_id': '019bbe1e-a301-75d0-8364-487be49b0017', 'workflow_type': 'ChainExecutorWorkflow'})
2026-01-15 01:37:17,803 - httpx - INFO - HTTP Request: GET http://procure-x.testmcp.org/system_stats "HTTP/1.1 200 OK"
2026-01-15 01:37:17,816 - httpx - INFO - HTTP Request: GET http://procure-x.testmcp.org/system_stats "HTTP/1.1 200 OK"
2026-01-15 01:37:17,818 - httpx - INFO - HTTP Request: GET http://procure-x.testmcp.org/queue "HTTP/1.1 200 OK"
2026-01-15 01:37:17,820 - temporal_gateway.servers.load_balancer - INFO - Selected server procure-x (queue_depth=0, gpu_mem=0.0%)
2026-01-15 01:37:17,820 - temporalio.activity - INFO - Selected server: procure-x (http://procure-x.testmcp.org) ({'activity_id': '6', 'activity_type': 'select_best_server', 'attempt': 1, 'namespace': 'default', 'task_queue': 'comfyui-gpu-farm', 'workflow_id': 'chain-image-edit-to-video-pipeline-9669358b-bce0-4bcb-8ff3-5465d7891da9', 'workflow_run_id': '019bbe1e-a301-75d0-8364-487be49b0017', 'workflow_type': 'ChainExecutorWorkflow'})
2026-01-15 01:37:17,829 - temporalio.workflow - INFO - Step extract_frame2: Server http://procure-x.testmcp.org ({'attempt': 1, 'namespace': 'default', 'run_id': '019bbe1e-a301-75d0-8364-487be49b0017', 'task_queue': 'comfyui-gpu-farm', 'workflow_id': 'chain-image-edit-to-video-pipeline-9669358b-bce0-4bcb-8ff3-5465d7891da9', 'workflow_type': 'ChainExecutorWorkflow'})
2026-01-15 01:37:17,830 - httpx - INFO - HTTP Request: GET http://procure-x.testmcp.org/queue "HTTP/1.1 200 OK"
2026-01-15 01:37:17,831 - temporal_gateway.servers.load_balancer - INFO - Selected server procure-x (queue_depth=0, gpu_mem=0.0%)
2026-01-15 01:37:17,831 - temporalio.activity - INFO - Selected server: procure-x (http://procure-x.testmcp.org) ({'activity_id': '7', 'activity_type': 'select_best_server', 'attempt': 1, 'namespace': 'default', 'task_queue': 'comfyui-gpu-farm', 'workflow_id': 'chain-image-edit-to-video-pipeline-9669358b-bce0-4bcb-8ff3-5465d7891da9', 'workflow_run_id': '019bbe1e-a301-75d0-8364-487be49b0017', 'workflow_type': 'ChainExecutorWorkflow'})
2026-01-15 01:37:17,841 - temporalio.activity - INFO - Creating workflow record: imageSave (prompt: pending) ({'activity_id': '8', 'activity_type': 'create_workflow_record', 'attempt': 1, 'namespace': 'default', 'task_queue': 'comfyui-gpu-farm', 'workflow_id': 'chain-image-edit-to-video-pipeline-9669358b-bce0-4bcb-8ff3-5465d7891da9', 'workflow_run_id': '019bbe1e-a301-75d0-8364-487be49b0017', 'workflow_type': 'ChainExecutorWorkflow'})
2026-01-15 01:37:17,846 - temporalio.activity - INFO - ✓ Created workflow record: b70bb527-4c5f-46df-95fb-d09dc9e4bdcf ({'activity_id': '8', 'activity_type': 'create_workflow_record', 'attempt': 1, 'namespace': 'default', 'task_queue': 'comfyui-gpu-farm', 'workflow_id': 'chain-image-edit-to-video-pipeline-9669358b-bce0-4bcb-8ff3-5465d7891da9', 'workflow_run_id': '019bbe1e-a301-75d0-8364-487be49b0017', 'workflow_type': 'ChainExecutorWorkflow'})
2026-01-15 01:37:17,847 - temporalio.workflow - INFO - Step extract_frame1: Server http://procure-x.testmcp.org ({'attempt': 1, 'namespace': 'default', 'run_id': '019bbe1e-a301-75d0-8364-487be49b0017', 'task_queue': 'comfyui-gpu-farm', 'workflow_id': 'chain-image-edit-to-video-pipeline-9669358b-bce0-4bcb-8ff3-5465d7891da9', 'workflow_type': 'ChainExecutorWorkflow'})
2026-01-15 01:37:17,857 - temporalio.activity - INFO - Creating workflow record: imageSave (prompt: pending) ({'activity_id': '9', 'activity_type': 'create_workflow_record', 'attempt': 1, 'namespace': 'default', 'task_queue': 'comfyui-gpu-farm', 'workflow_id': 'chain-image-edit-to-video-pipeline-9669358b-bce0-4bcb-8ff3-5465d7891da9', 'workflow_run_id': '019bbe1e-a301-75d0-8364-487be49b0017', 'workflow_type': 'ChainExecutorWorkflow'})
2026-01-15 01:37:17,861 - temporalio.activity - INFO - ✓ Created workflow record: 4274fccb-ccdd-4bc2-842d-30735ff15da0 ({'activity_id': '9', 'activity_type': 'create_workflow_record', 'attempt': 1, 'namespace': 'default', 'task_queue': 'comfyui-gpu-farm', 'workflow_id': 'chain-image-edit-to-video-pipeline-9669358b-bce0-4bcb-8ff3-5465d7891da9', 'workflow_run_id': '019bbe1e-a301-75d0-8364-487be49b0017', 'workflow_type': 'ChainExecutorWorkflow'})
2026-01-15 01:37:17,882 - temporalio.workflow - INFO - Starting ComfyUI workflow execution ({'attempt': 1, 'namespace': 'default', 'run_id': '019bbe1e-a463-7ed6-b718-15e139969967', 'task_queue': 'comfyui-gpu-farm', 'workflow_id': 'chain-image-edit-to-video-pipeline-9669358b-bce0-4bcb-8ff3-5465d7891da9-extract_frame2', 'workflow_type': 'ComfyUIWorkflow'})
2026-01-15 01:37:17,882 - temporalio.workflow - INFO - Generated client_id: 7c1f3501-b1fd-47bf-b5f5-2dd2b487fc24 ({'attempt': 1, 'namespace': 'default', 'run_id': '019bbe1e-a463-7ed6-b718-15e139969967', 'task_queue': 'comfyui-gpu-farm', 'workflow_id': 'chain-image-edit-to-video-pipeline-9669358b-bce0-4bcb-8ff3-5465d7891da9-extract_frame2', 'workflow_type': 'ComfyUIWorkflow'})
2026-01-15 01:37:17,882 - temporalio.workflow - INFO - Using pre-selected server: http://procure-x.testmcp.org ({'attempt': 1, 'namespace': 'default', 'run_id': '019bbe1e-a463-7ed6-b718-15e139969967', 'task_queue': 'comfyui-gpu-farm', 'workflow_id': 'chain-image-edit-to-video-pipeline-9669358b-bce0-4bcb-8ff3-5465d7891da9-extract_frame2', 'workflow_type': 'ComfyUIWorkflow'})
2026-01-15 01:37:17,902 - temporalio.workflow - INFO - Starting ComfyUI workflow execution ({'attempt': 1, 'namespace': 'default', 'run_id': '019bbe1e-a476-715f-a84b-44e4f4f90dc7', 'task_queue': 'comfyui-gpu-farm', 'workflow_id': 'chain-image-edit-to-video-pipeline-9669358b-bce0-4bcb-8ff3-5465d7891da9-extract_frame1', 'workflow_type': 'ComfyUIWorkflow'})
2026-01-15 01:37:17,903 - temporalio.activity - INFO - [V3] Executing workflow on http://procure-x.testmcp.org ({'activity_id': '1', 'activity_type': 'execute_and_track_workflow', 'attempt': 1, 'namespace': 'default', 'task_queue': 'comfyui-gpu-farm', 'workflow_id': 'chain-image-edit-to-video-pipeline-9669358b-bce0-4bcb-8ff3-5465d7891da9-extract_frame2', 'workflow_run_id': '019bbe1e-a463-7ed6-b718-15e139969967', 'workflow_type': 'ComfyUIWorkflow'})
2026-01-15 01:37:17,903 - temporalio.workflow - INFO - Generated client_id: cec4dcf4-1849-4560-bbef-662fadfeba1c ({'attempt': 1, 'namespace': 'default', 'run_id': '019bbe1e-a476-715f-a84b-44e4f4f90dc7', 'task_queue': 'comfyui-gpu-farm', 'workflow_id': 'chain-image-edit-to-video-pipeline-9669358b-bce0-4bcb-8ff3-5465d7891da9-extract_frame1', 'workflow_type': 'ComfyUIWorkflow'})
2026-01-15 01:37:17,903 - temporalio.activity - INFO - [V3] Workflow name: imageSave ({'activity_id': '1', 'activity_type': 'execute_and_track_workflow', 'attempt': 1, 'namespace': 'default', 'task_queue': 'comfyui-gpu-farm', 'workflow_id': 'chain-image-edit-to-video-pipeline-9669358b-bce0-4bcb-8ff3-5465d7891da9-extract_frame2', 'workflow_run_id': '019bbe1e-a463-7ed6-b718-15e139969967', 'workflow_type': 'ComfyUIWorkflow'})
2026-01-15 01:37:17,904 - temporalio.workflow - INFO - Using pre-selected server: http://procure-x.testmcp.org ({'attempt': 1, 'namespace': 'default', 'run_id': '019bbe1e-a476-715f-a84b-44e4f4f90dc7', 'task_queue': 'comfyui-gpu-farm', 'workflow_id': 'chain-image-edit-to-video-pipeline-9669358b-bce0-4bcb-8ff3-5465d7891da9-extract_frame1', 'workflow_type': 'ComfyUIWorkflow'})
2026-01-15 01:37:17,947 - temporal_gateway.clients.comfy.client - INFO - ComfyUI client initialized for http://procure-x.testmcp.org
2026-01-15 01:37:17,948 - temporal_gateway.clients.comfy.client - INFO - Submitting workflow to ComfyUI
2026-01-15 01:37:17,957 - temporalio.activity - INFO - [V3] Executing workflow on http://procure-x.testmcp.org ({'activity_id': '1', 'activity_type': 'execute_and_track_workflow', 'attempt': 1, 'namespace': 'default', 'task_queue': 'comfyui-gpu-farm', 'workflow_id': 'chain-image-edit-to-video-pipeline-9669358b-bce0-4bcb-8ff3-5465d7891da9-extract_frame1', 'workflow_run_id': '019bbe1e-a476-715f-a84b-44e4f4f90dc7', 'workflow_type': 'ComfyUIWorkflow'})
2026-01-15 01:37:17,957 - temporalio.activity - INFO - [V3] Workflow name: imageSave ({'activity_id': '1', 'activity_type': 'execute_and_track_workflow', 'attempt': 1, 'namespace': 'default', 'task_queue': 'comfyui-gpu-farm', 'workflow_id': 'chain-image-edit-to-video-pipeline-9669358b-bce0-4bcb-8ff3-5465d7891da9-extract_frame1', 'workflow_run_id': '019bbe1e-a476-715f-a84b-44e4f4f90dc7', 'workflow_type': 'ComfyUIWorkflow'})
2026-01-15 01:37:18,000 - temporal_gateway.clients.comfy.client - INFO - ComfyUI client initialized for http://procure-x.testmcp.org
2026-01-15 01:37:18,000 - temporal_gateway.clients.comfy.client - INFO - Submitting workflow to ComfyUI
2026-01-15 01:37:18,041 - httpx - INFO - HTTP Request: POST http://procure-x.testmcp.org/prompt "HTTP/1.1 200 OK"
2026-01-15 01:37:18,042 - temporal_gateway.clients.comfy.client - INFO - Workflow queued with prompt_id: b5ccd66d-ad90-4c77-9b16-a35da5cf39b4
2026-01-15 01:37:18,042 - temporal_gateway.clients.comfy.tracker - INFO - Starting execution tracking for prompt b5ccd66d-ad90-4c77-9b16-a35da5cf39b4
2026-01-15 01:37:18,042 - temporal_gateway.clients.comfy.tracker - INFO - Starting history polling
2026-01-15 01:37:18,043 - temporal_gateway.clients.comfy.tracker - INFO - Starting WebSocket listener
2026-01-15 01:37:18,043 - temporal_gateway.clients.comfy.websocket - INFO - Connecting to WebSocket: ws://procure-x.testmcp.org/ws?clientId=7bc84ff4-cc46-4c3e-8e2f-ade5621345ab
2026-01-15 01:37:18,148 - httpx - INFO - HTTP Request: POST http://procure-x.testmcp.org/prompt "HTTP/1.1 200 OK"
2026-01-15 01:37:18,151 - temporal_gateway.clients.comfy.client - INFO - Workflow queued with prompt_id: a9880784-ecc6-48d6-8c52-e27525204110
2026-01-15 01:37:18,151 - temporal_gateway.clients.comfy.tracker - INFO - Starting execution tracking for prompt a9880784-ecc6-48d6-8c52-e27525204110
2026-01-15 01:37:18,153 - temporal_gateway.clients.comfy.tracker - INFO - Starting history polling
2026-01-15 01:37:18,156 - temporal_gateway.clients.comfy.tracker - INFO - Starting WebSocket listener
2026-01-15 01:37:18,157 - temporal_gateway.clients.comfy.websocket - INFO - Connecting to WebSocket: ws://procure-x.testmcp.org/ws?clientId=b300622a-1893-46f6-978e-b46da45de883
2026-01-15 01:37:18,160 - httpx - INFO - HTTP Request: GET http://procure-x.testmcp.org/history/b5ccd66d-ad90-4c77-9b16-a35da5cf39b4 "HTTP/1.1 200 OK"
2026-01-15 01:37:18,165 - temporal_gateway.clients.comfy.websocket - INFO - WebSocket connected successfully
2026-01-15 01:37:18,179 - httpx - INFO - HTTP Request: GET http://procure-x.testmcp.org/history/a9880784-ecc6-48d6-8c52-e27525204110 "HTTP/1.1 200 OK"
2026-01-15 01:37:18,200 - temporal_gateway.clients.comfy.websocket - INFO - WebSocket connected successfully
2026-01-15 01:37:19,182 - httpx - INFO - HTTP Request: GET http://procure-x.testmcp.org/history/b5ccd66d-ad90-4c77-9b16-a35da5cf39b4 "HTTP/1.1 200 OK"
2026-01-15 01:37:19,196 - httpx - INFO - HTTP Request: GET http://procure-x.testmcp.org/history/a9880784-ecc6-48d6-8c52-e27525204110 "HTTP/1.1 200 OK"
2026-01-15 01:37:20,205 - httpx - INFO - HTTP Request: GET http://procure-x.testmcp.org/history/b5ccd66d-ad90-4c77-9b16-a35da5cf39b4 "HTTP/1.1 200 OK"
2026-01-15 01:37:20,219 - httpx - INFO - HTTP Request: GET http://procure-x.testmcp.org/history/a9880784-ecc6-48d6-8c52-e27525204110 "HTTP/1.1 200 OK"
2026-01-15 01:37:20,534 - temporal_gateway.clients.comfy.tracker - INFO - [WS] Execution completed successfully
2026-01-15 01:37:20,962 - httpx - INFO - HTTP Request: GET http://procure-x.testmcp.org/history/b5ccd66d-ad90-4c77-9b16-a35da5cf39b4 "HTTP/1.1 200 OK"
2026-01-15 01:37:20,966 - temporal_gateway.clients.comfy.tracker - INFO - Tracking completed: success (took 2.92s)
2026-01-15 01:37:20,967 - temporalio.activity - INFO - [V3] Workflow completed successfully ({'activity_id': '1', 'activity_type': 'execute_and_track_workflow', 'attempt': 1, 'namespace': 'default', 'task_queue': 'comfyui-gpu-farm', 'workflow_id': 'chain-image-edit-to-video-pipeline-9669358b-bce0-4bcb-8ff3-5465d7891da9-extract_frame2', 'workflow_run_id': '019bbe1e-a463-7ed6-b718-15e139969967', 'workflow_type': 'ComfyUIWorkflow'})
2026-01-15 01:37:21,003 - temporalio.workflow - INFO - Execution completed successfully ({'attempt': 1, 'namespace': 'default', 'run_id': '019bbe1e-a463-7ed6-b718-15e139969967', 'task_queue': 'comfyui-gpu-farm', 'workflow_id': 'chain-image-edit-to-video-pipeline-9669358b-bce0-4bcb-8ff3-5465d7891da9-extract_frame2', 'workflow_type': 'ComfyUIWorkflow'})
2026-01-15 01:37:21,013 - temporalio.activity - INFO - Extracting server output files ({'activity_id': '2', 'activity_type': 'get_server_output_files', 'attempt': 1, 'namespace': 'default', 'task_queue': 'comfyui-gpu-farm', 'workflow_id': 'chain-image-edit-to-video-pipeline-9669358b-bce0-4bcb-8ff3-5465d7891da9-extract_frame2', 'workflow_run_id': '019bbe1e-a463-7ed6-b718-15e139969967', 'workflow_type': 'ComfyUIWorkflow'})
2026-01-15 01:37:21,013 - temporalio.activity - INFO - Found 1 output file(s) ({'activity_id': '2', 'activity_type': 'get_server_output_files', 'attempt': 1, 'namespace': 'default', 'task_queue': 'comfyui-gpu-farm', 'workflow_id': 'chain-image-edit-to-video-pipeline-9669358b-bce0-4bcb-8ff3-5465d7891da9-extract_frame2', 'workflow_run_id': '019bbe1e-a463-7ed6-b718-15e139969967', 'workflow_type': 'ComfyUIWorkflow'})
2026-01-15 01:37:21,022 - temporalio.workflow - INFO - Found 1 server output file(s) ({'attempt': 1, 'namespace': 'default', 'run_id': '019bbe1e-a463-7ed6-b718-15e139969967', 'task_queue': 'comfyui-gpu-farm', 'workflow_id': 'chain-image-edit-to-video-pipeline-9669358b-bce0-4bcb-8ff3-5465d7891da9-extract_frame2', 'workflow_type': 'ComfyUIWorkflow'})
2026-01-15 01:37:21,030 - temporalio.activity - INFO - Downloading and persisting 1 artifact(s) for workflow b70bb527-4c5f-46df-95fb-d09dc9e4bdcf ({'activity_id': '3', 'activity_type': 'download_and_store_artifacts', 'attempt': 1, 'namespace': 'default', 'task_queue': 'comfyui-gpu-farm', 'workflow_id': 'chain-image-edit-to-video-pipeline-9669358b-bce0-4bcb-8ff3-5465d7891da9-extract_frame2', 'workflow_run_id': '019bbe1e-a463-7ed6-b718-15e139969967', 'workflow_type': 'ComfyUIWorkflow'})
2026-01-15 01:37:21,077 - temporal_gateway.clients.comfy.client - INFO - ComfyUI client initialized for http://procure-x.testmcp.org
2026-01-15 01:37:21,081 - temporal_gateway.clients.comfy.tracker - INFO - [WS] Execution completed successfully
2026-01-15 01:37:21,094 - httpx - INFO - HTTP Request: GET http://procure-x.testmcp.org/history/a9880784-ecc6-48d6-8c52-e27525204110 "HTTP/1.1 200 OK"
2026-01-15 01:37:21,095 - temporal_gateway.clients.comfy.tracker - INFO - Tracking completed: success (took 2.94s)
2026-01-15 01:37:21,095 - temporalio.activity - INFO - [V3] Workflow completed successfully ({'activity_id': '1', 'activity_type': 'execute_and_track_workflow', 'attempt': 1, 'namespace': 'default', 'task_queue': 'comfyui-gpu-farm', 'workflow_id': 'chain-image-edit-to-video-pipeline-9669358b-bce0-4bcb-8ff3-5465d7891da9-extract_frame1', 'workflow_run_id': '019bbe1e-a476-715f-a84b-44e4f4f90dc7', 'workflow_type': 'ComfyUIWorkflow'})
2026-01-15 01:37:21,104 - temporalio.workflow - INFO - Execution completed successfully ({'attempt': 1, 'namespace': 'default', 'run_id': '019bbe1e-a476-715f-a84b-44e4f4f90dc7', 'task_queue': 'comfyui-gpu-farm', 'workflow_id': 'chain-image-edit-to-video-pipeline-9669358b-bce0-4bcb-8ff3-5465d7891da9-extract_frame1', 'workflow_type': 'ComfyUIWorkflow'})
2026-01-15 01:37:21,112 - temporalio.activity - INFO - Extracting server output files ({'activity_id': '2', 'activity_type': 'get_server_output_files', 'attempt': 1, 'namespace': 'default', 'task_queue': 'comfyui-gpu-farm', 'workflow_id': 'chain-image-edit-to-video-pipeline-9669358b-bce0-4bcb-8ff3-5465d7891da9-extract_frame1', 'workflow_run_id': '019bbe1e-a476-715f-a84b-44e4f4f90dc7', 'workflow_type': 'ComfyUIWorkflow'})
2026-01-15 01:37:21,112 - temporalio.activity - INFO - Found 1 output file(s) ({'activity_id': '2', 'activity_type': 'get_server_output_files', 'attempt': 1, 'namespace': 'default', 'task_queue': 'comfyui-gpu-farm', 'workflow_id': 'chain-image-edit-to-video-pipeline-9669358b-bce0-4bcb-8ff3-5465d7891da9-extract_frame1', 'workflow_run_id': '019bbe1e-a476-715f-a84b-44e4f4f90dc7', 'workflow_type': 'ComfyUIWorkflow'})
2026-01-15 01:37:21,121 - temporalio.workflow - INFO - Found 1 server output file(s) ({'attempt': 1, 'namespace': 'default', 'run_id': '019bbe1e-a476-715f-a84b-44e4f4f90dc7', 'task_queue': 'comfyui-gpu-farm', 'workflow_id': 'chain-image-edit-to-video-pipeline-9669358b-bce0-4bcb-8ff3-5465d7891da9-extract_frame1', 'workflow_type': 'ComfyUIWorkflow'})
2026-01-15 01:37:21,123 - httpx - INFO - HTTP Request: GET http://procure-x.testmcp.org/view?filename=ComfyUI_00294_.png&type=output "HTTP/1.1 200 OK"
2026-01-15 01:37:21,130 - temporalio.activity - INFO - Downloading and persisting 1 artifact(s) for workflow 4274fccb-ccdd-4bc2-842d-30735ff15da0 ({'activity_id': '3', 'activity_type': 'download_and_store_artifacts', 'attempt': 1, 'namespace': 'default', 'task_queue': 'comfyui-gpu-farm', 'workflow_id': 'chain-image-edit-to-video-pipeline-9669358b-bce0-4bcb-8ff3-5465d7891da9-extract_frame1', 'workflow_run_id': '019bbe1e-a476-715f-a84b-44e4f4f90dc7', 'workflow_type': 'ComfyUIWorkflow'})
2026-01-15 01:37:21,181 - temporal_gateway.clients.comfy.client - INFO - ComfyUI client initialized for http://procure-x.testmcp.org
2026-01-15 01:37:21,201 - temporalio.activity - INFO - ✓ Saved artifact to DB: 4661e9b5-413a-4aa7-b447-1b8b226403a0 (ComfyUI_00294_.png) ({'activity_id': '3', 'activity_type': 'download_and_store_artifacts', 'attempt': 1, 'namespace': 'default', 'task_queue': 'comfyui-gpu-farm', 'workflow_id': 'chain-image-edit-to-video-pipeline-9669358b-bce0-4bcb-8ff3-5465d7891da9-extract_frame2', 'workflow_run_id': '019bbe1e-a463-7ed6-b718-15e139969967', 'workflow_type': 'ComfyUIWorkflow'})
2026-01-15 01:37:21,202 - temporalio.activity - INFO - Downloaded and persisted 1 artifact(s) ({'activity_id': '3', 'activity_type': 'download_and_store_artifacts', 'attempt': 1, 'namespace': 'default', 'task_queue': 'comfyui-gpu-farm', 'workflow_id': 'chain-image-edit-to-video-pipeline-9669358b-bce0-4bcb-8ff3-5465d7891da9-extract_frame2', 'workflow_run_id': '019bbe1e-a463-7ed6-b718-15e139969967', 'workflow_type': 'ComfyUIWorkflow'})
2026-01-15 01:37:21,211 - httpx - INFO - HTTP Request: GET http://procure-x.testmcp.org/view?filename=ComfyUI_00295_.png&type=output "HTTP/1.1 200 OK"
2026-01-15 01:37:21,213 - temporalio.workflow - INFO - Downloaded 1 file(s) locally ({'attempt': 1, 'namespace': 'default', 'run_id': '019bbe1e-a463-7ed6-b718-15e139969967', 'task_queue': 'comfyui-gpu-farm', 'workflow_id': 'chain-image-edit-to-video-pipeline-9669358b-bce0-4bcb-8ff3-5465d7891da9-extract_frame2', 'workflow_type': 'ComfyUIWorkflow'})
2026-01-15 01:37:21,233 - temporalio.activity - INFO - ✓ Saved artifact to DB: 6d7c97f4-c226-4629-a227-2969ce308c28 (ComfyUI_00295_.png) ({'activity_id': '3', 'activity_type': 'download_and_store_artifacts', 'attempt': 1, 'namespace': 'default', 'task_queue': 'comfyui-gpu-farm', 'workflow_id': 'chain-image-edit-to-video-pipeline-9669358b-bce0-4bcb-8ff3-5465d7891da9-extract_frame1', 'workflow_run_id': '019bbe1e-a476-715f-a84b-44e4f4f90dc7', 'workflow_type': 'ComfyUIWorkflow'})
2026-01-15 01:37:21,234 - temporalio.activity - INFO - Downloaded and persisted 1 artifact(s) ({'activity_id': '3', 'activity_type': 'download_and_store_artifacts', 'attempt': 1, 'namespace': 'default', 'task_queue': 'comfyui-gpu-farm', 'workflow_id': 'chain-image-edit-to-video-pipeline-9669358b-bce0-4bcb-8ff3-5465d7891da9-extract_frame1', 'workflow_run_id': '019bbe1e-a476-715f-a84b-44e4f4f90dc7', 'workflow_type': 'ComfyUIWorkflow'})
2026-01-15 01:37:21,234 - temporalio.activity - INFO - Updating workflow b70bb527-4c5f-46df-95fb-d09dc9e4bdcf status to: completed ({'activity_id': '10', 'activity_type': 'update_workflow_status_activity', 'attempt': 1, 'namespace': 'default', 'task_queue': 'comfyui-gpu-farm', 'workflow_id': 'chain-image-edit-to-video-pipeline-9669358b-bce0-4bcb-8ff3-5465d7891da9', 'workflow_run_id': '019bbe1e-a301-75d0-8364-487be49b0017', 'workflow_type': 'ChainExecutorWorkflow'})
2026-01-15 01:37:21,238 - temporalio.activity - INFO - ✓ Updated workflow status ({'activity_id': '10', 'activity_type': 'update_workflow_status_activity', 'attempt': 1, 'namespace': 'default', 'task_queue': 'comfyui-gpu-farm', 'workflow_id': 'chain-image-edit-to-video-pipeline-9669358b-bce0-4bcb-8ff3-5465d7891da9', 'workflow_run_id': '019bbe1e-a301-75d0-8364-487be49b0017', 'workflow_type': 'ChainExecutorWorkflow'})
2026-01-15 01:37:21,244 - temporalio.workflow - INFO - Downloaded 1 file(s) locally ({'attempt': 1, 'namespace': 'default', 'run_id': '019bbe1e-a476-715f-a84b-44e4f4f90dc7', 'task_queue': 'comfyui-gpu-farm', 'workflow_id': 'chain-image-edit-to-video-pipeline-9669358b-bce0-4bcb-8ff3-5465d7891da9-extract_frame1', 'workflow_type': 'ComfyUIWorkflow'})
2026-01-15 01:37:21,257 - temporalio.activity - INFO - Getting artifacts for workflow: b70bb527-4c5f-46df-95fb-d09dc9e4bdcf ({'activity_id': '11', 'activity_type': 'get_workflow_artifacts', 'attempt': 1, 'namespace': 'default', 'task_queue': 'comfyui-gpu-farm', 'workflow_id': 'chain-image-edit-to-video-pipeline-9669358b-bce0-4bcb-8ff3-5465d7891da9', 'workflow_run_id': '019bbe1e-a301-75d0-8364-487be49b0017', 'workflow_type': 'ChainExecutorWorkflow'})
2026-01-15 01:37:21,269 - temporalio.activity - INFO - Updating workflow 4274fccb-ccdd-4bc2-842d-30735ff15da0 status to: completed ({'activity_id': '12', 'activity_type': 'update_workflow_status_activity', 'attempt': 1, 'namespace': 'default', 'task_queue': 'comfyui-gpu-farm', 'workflow_id': 'chain-image-edit-to-video-pipeline-9669358b-bce0-4bcb-8ff3-5465d7891da9', 'workflow_run_id': '019bbe1e-a301-75d0-8364-487be49b0017', 'workflow_type': 'ChainExecutorWorkflow'})
2026-01-15 01:37:21,273 - temporalio.activity - INFO - ✓ Updated workflow status ({'activity_id': '12', 'activity_type': 'update_workflow_status_activity', 'attempt': 1, 'namespace': 'default', 'task_queue': 'comfyui-gpu-farm', 'workflow_id': 'chain-image-edit-to-video-pipeline-9669358b-bce0-4bcb-8ff3-5465d7891da9', 'workflow_run_id': '019bbe1e-a301-75d0-8364-487be49b0017', 'workflow_type': 'ChainExecutorWorkflow'})
2026-01-15 01:37:21,275 - temporalio.activity - INFO - Creating approval request for artifact: 4661e9b5-413a-4aa7-b447-1b8b226403a0 ({'activity_id': '13', 'activity_type': 'create_approval_request_activity', 'attempt': 1, 'namespace': 'default', 'task_queue': 'comfyui-gpu-farm', 'workflow_id': 'chain-image-edit-to-video-pipeline-9669358b-bce0-4bcb-8ff3-5465d7891da9', 'workflow_run_id': '019bbe1e-a301-75d0-8364-487be49b0017', 'workflow_type': 'ChainExecutorWorkflow'})
2026-01-15 01:37:21,280 - temporalio.activity - INFO - ✓ Created approval request: dfcdef90-9c43-4f94-88cf-0f1df52aa889, token: GX52ONbjK_sfKAIe... ({'activity_id': '13', 'activity_type': 'create_approval_request_activity', 'attempt': 1, 'namespace': 'default', 'task_queue': 'comfyui-gpu-farm', 'workflow_id': 'chain-image-edit-to-video-pipeline-9669358b-bce0-4bcb-8ff3-5465d7891da9', 'workflow_run_id': '019bbe1e-a301-75d0-8364-487be49b0017', 'workflow_type': 'ChainExecutorWorkflow'})
2026-01-15 01:37:21,281 - temporal_gateway.services.broadcast - INFO - Published approval_requested to chain:74e4aa6e-b3e5-4317-8898-62dfc7a479e5
2026-01-15 01:37:21,281 - temporalio.activity - INFO - Published approval_requested event for chain 74e4aa6e-b3e5-4317-8898-62dfc7a479e5 ({'activity_id': '13', 'activity_type': 'create_approval_request_activity', 'attempt': 1, 'namespace': 'default', 'task_queue': 'comfyui-gpu-farm', 'workflow_id': 'chain-image-edit-to-video-pipeline-9669358b-bce0-4bcb-8ff3-5465d7891da9', 'workflow_run_id': '019bbe1e-a301-75d0-8364-487be49b0017', 'workflow_type': 'ChainExecutorWorkflow'})
2026-01-15 01:37:21,293 - temporalio.workflow - INFO - Step extract_frame2: Approval request created, token: GX52ONbjK_sfKAIe... ({'attempt': 1, 'namespace': 'default', 'run_id': '019bbe1e-a301-75d0-8364-487be49b0017', 'task_queue': 'comfyui-gpu-farm', 'workflow_id': 'chain-image-edit-to-video-pipeline-9669358b-bce0-4bcb-8ff3-5465d7891da9', 'workflow_type': 'ChainExecutorWorkflow'})
2026-01-15 01:37:21,296 - temporalio.activity - INFO - Getting artifacts for workflow: 4274fccb-ccdd-4bc2-842d-30735ff15da0 ({'activity_id': '14', 'activity_type': 'get_workflow_artifacts', 'attempt': 1, 'namespace': 'default', 'task_queue': 'comfyui-gpu-farm', 'workflow_id': 'chain-image-edit-to-video-pipeline-9669358b-bce0-4bcb-8ff3-5465d7891da9', 'workflow_run_id': '019bbe1e-a301-75d0-8364-487be49b0017', 'workflow_type': 'ChainExecutorWorkflow'})
2026-01-15 01:37:21,313 - temporalio.activity - INFO - Creating approval request for artifact: 6d7c97f4-c226-4629-a227-2969ce308c28 ({'activity_id': '15', 'activity_type': 'create_approval_request_activity', 'attempt': 1, 'namespace': 'default', 'task_queue': 'comfyui-gpu-farm', 'workflow_id': 'chain-image-edit-to-video-pipeline-9669358b-bce0-4bcb-8ff3-5465d7891da9', 'workflow_run_id': '019bbe1e-a301-75d0-8364-487be49b0017', 'workflow_type': 'ChainExecutorWorkflow'})
2026-01-15 01:37:21,318 - temporalio.activity - INFO - ✓ Created approval request: 44c6b09e-6ab0-4d76-83d6-1ab431c45610, token: 3rsD1jq2Rufe46Mm... ({'activity_id': '15', 'activity_type': 'create_approval_request_activity', 'attempt': 1, 'namespace': 'default', 'task_queue': 'comfyui-gpu-farm', 'workflow_id': 'chain-image-edit-to-video-pipeline-9669358b-bce0-4bcb-8ff3-5465d7891da9', 'workflow_run_id': '019bbe1e-a301-75d0-8364-487be49b0017', 'workflow_type': 'ChainExecutorWorkflow'})
2026-01-15 01:37:21,318 - temporal_gateway.services.broadcast - INFO - Published approval_requested to chain:74e4aa6e-b3e5-4317-8898-62dfc7a479e5
2026-01-15 01:37:21,319 - temporalio.activity - INFO - Published approval_requested event for chain 74e4aa6e-b3e5-4317-8898-62dfc7a479e5 ({'activity_id': '15', 'activity_type': 'create_approval_request_activity', 'attempt': 1, 'namespace': 'default', 'task_queue': 'comfyui-gpu-farm', 'workflow_id': 'chain-image-edit-to-video-pipeline-9669358b-bce0-4bcb-8ff3-5465d7891da9', 'workflow_run_id': '019bbe1e-a301-75d0-8364-487be49b0017', 'workflow_type': 'ChainExecutorWorkflow'})
2026-01-15 01:37:21,330 - temporalio.workflow - INFO - Step extract_frame1: Approval request created, token: 3rsD1jq2Rufe46Mm... ({'attempt': 1, 'namespace': 'default', 'run_id': '019bbe1e-a301-75d0-8364-487be49b0017', 'task_queue': 'comfyui-gpu-farm', 'workflow_id': 'chain-image-edit-to-video-pipeline-9669358b-bce0-4bcb-8ff3-5465d7891da9', 'workflow_type': 'ChainExecutorWorkflow'})
2026-01-15 10:01:20,309 - temporalio.worker._worker - INFO - Worker cancelled, shutting down
2026-01-15 10:01:20,309 - temporalio.worker._worker - INFO - Beginning worker shutdown, will wait 0:00:00 before cancelling activities
