2026-01-13 11:55:01,458 - worker - INFO - Initializing artifact database...
2026-01-13 11:55:01,460 - worker - INFO - Database initialized
2026-01-13 11:55:01,460 - worker - INFO - Connecting to Redis for event broadcasting...
2026-01-13 11:55:01,497 - temporal_gateway.services.broadcast - INFO - Created broadcast instance for redis://localhost:6379
2026-01-13 11:55:01,500 - temporal_gateway.services.broadcast - INFO - Broadcast connected to Redis
2026-01-13 11:55:01,500 - worker - INFO - Redis broadcast connected
2026-01-13 11:55:01,500 - worker - INFO - Loading server registry...
2026-01-13 11:55:01,500 - temporal_gateway.servers.registry - INFO - Registered server: procure-x (comfyui)
2026-01-13 11:55:01,500 - temporal_gateway.servers.registry - INFO - Loaded 1 servers from config
2026-01-13 11:55:01,500 - worker - INFO - Registered 1 servers
2026-01-13 11:55:01,500 - worker - INFO -   Server: procure-x (comfyui)
2026-01-13 11:55:01,629 - worker - INFO - ============================================================
2026-01-13 11:55:01,630 - worker - INFO - 🔧 Temporal Worker Started
2026-01-13 11:55:01,630 - worker - INFO - ============================================================
2026-01-13 11:55:01,630 - worker - INFO - Connected to Temporal: localhost:7233
2026-01-13 11:55:01,630 - worker - INFO - Task Queue: comfyui-gpu-farm
2026-01-13 11:55:01,630 - worker - INFO - Workflows: ['ComfyUIWorkflow', 'ChainExecutorWorkflow']
2026-01-13 11:55:01,630 - worker - INFO - Log file: /home/jaskirat/Documents/comfyautomate/temporal_gateway/logs/worker_20260113_062501.log
2026-01-13 11:55:01,630 - worker - INFO - ============================================================
2026-01-13 11:55:01,630 - worker - INFO - Worker is running. Press Ctrl+C to stop.
2026-01-13 11:55:07,281 - temporalio.workflow - INFO - Starting chain execution: image-edit-to-video-pipeline ({'attempt': 1, 'namespace': 'default', 'run_id': '019bb607-8ebe-7ca9-baae-12dc3fc0eda3', 'task_queue': 'comfyui-gpu-farm', 'workflow_id': 'chain-image-edit-to-video-pipeline-e57204d1-d6ff-4164-851c-0a2cb567fe2c', 'workflow_type': 'ChainExecutorWorkflow'})
2026-01-13 11:55:07,282 - temporalio.workflow - INFO - Retry number: 0 ({'attempt': 1, 'namespace': 'default', 'run_id': '019bb607-8ebe-7ca9-baae-12dc3fc0eda3', 'task_queue': 'comfyui-gpu-farm', 'workflow_id': 'chain-image-edit-to-video-pipeline-e57204d1-d6ff-4164-851c-0a2cb567fe2c', 'workflow_type': 'ChainExecutorWorkflow'})
2026-01-13 11:55:07,282 - temporalio.workflow - INFO - Cached steps: [] ({'attempt': 1, 'namespace': 'default', 'run_id': '019bb607-8ebe-7ca9-baae-12dc3fc0eda3', 'task_queue': 'comfyui-gpu-farm', 'workflow_id': 'chain-image-edit-to-video-pipeline-e57204d1-d6ff-4164-851c-0a2cb567fe2c', 'workflow_type': 'ChainExecutorWorkflow'})
2026-01-13 11:55:07,282 - temporalio.workflow - INFO - Total levels: 3 ({'attempt': 1, 'namespace': 'default', 'run_id': '019bb607-8ebe-7ca9-baae-12dc3fc0eda3', 'task_queue': 'comfyui-gpu-farm', 'workflow_id': 'chain-image-edit-to-video-pipeline-e57204d1-d6ff-4164-851c-0a2cb567fe2c', 'workflow_type': 'ChainExecutorWorkflow'})
2026-01-13 11:55:07,282 - temporalio.workflow - INFO - Using chain ID: 6b657434-477e-4bf5-a64a-91d5122be53b ({'attempt': 1, 'namespace': 'default', 'run_id': '019bb607-8ebe-7ca9-baae-12dc3fc0eda3', 'task_queue': 'comfyui-gpu-farm', 'workflow_id': 'chain-image-edit-to-video-pipeline-e57204d1-d6ff-4164-851c-0a2cb567fe2c', 'workflow_type': 'ChainExecutorWorkflow'})
2026-01-13 11:55:07,291 - temporalio.activity - INFO - Updating chain 6b657434-477e-4bf5-a64a-91d5122be53b status to: executing_level_0 ({'activity_id': '1', 'activity_type': 'update_chain_status_activity', 'attempt': 1, 'namespace': 'default', 'task_queue': 'comfyui-gpu-farm', 'workflow_id': 'chain-image-edit-to-video-pipeline-e57204d1-d6ff-4164-851c-0a2cb567fe2c', 'workflow_run_id': '019bb607-8ebe-7ca9-baae-12dc3fc0eda3', 'workflow_type': 'ChainExecutorWorkflow'})
2026-01-13 11:55:07,322 - temporalio.activity - INFO - ✓ Updated chain status ({'activity_id': '1', 'activity_type': 'update_chain_status_activity', 'attempt': 1, 'namespace': 'default', 'task_queue': 'comfyui-gpu-farm', 'workflow_id': 'chain-image-edit-to-video-pipeline-e57204d1-d6ff-4164-851c-0a2cb567fe2c', 'workflow_run_id': '019bb607-8ebe-7ca9-baae-12dc3fc0eda3', 'workflow_type': 'ChainExecutorWorkflow'})
2026-01-13 11:55:07,331 - temporalio.workflow - INFO - Level 0: Executing 2 step(s) ({'attempt': 1, 'namespace': 'default', 'run_id': '019bb607-8ebe-7ca9-baae-12dc3fc0eda3', 'task_queue': 'comfyui-gpu-farm', 'workflow_id': 'chain-image-edit-to-video-pipeline-e57204d1-d6ff-4164-851c-0a2cb567fe2c', 'workflow_type': 'ChainExecutorWorkflow'})
2026-01-13 11:55:07,332 - temporalio.workflow - INFO - Executing step: extract_frame1 ({'attempt': 1, 'namespace': 'default', 'run_id': '019bb607-8ebe-7ca9-baae-12dc3fc0eda3', 'task_queue': 'comfyui-gpu-farm', 'workflow_id': 'chain-image-edit-to-video-pipeline-e57204d1-d6ff-4164-851c-0a2cb567fe2c', 'workflow_type': 'ChainExecutorWorkflow'})
2026-01-13 11:55:07,332 - temporalio.workflow - INFO - Executing step: extract_frame2 ({'attempt': 1, 'namespace': 'default', 'run_id': '019bb607-8ebe-7ca9-baae-12dc3fc0eda3', 'task_queue': 'comfyui-gpu-farm', 'workflow_id': 'chain-image-edit-to-video-pipeline-e57204d1-d6ff-4164-851c-0a2cb567fe2c', 'workflow_type': 'ChainExecutorWorkflow'})
2026-01-13 11:55:07,341 - temporalio.activity - INFO - Resolving templates in parameters ({'activity_id': '2', 'activity_type': 'resolve_chain_templates', 'attempt': 1, 'namespace': 'default', 'task_queue': 'comfyui-gpu-farm', 'workflow_id': 'chain-image-edit-to-video-pipeline-e57204d1-d6ff-4164-851c-0a2cb567fe2c', 'workflow_run_id': '019bb607-8ebe-7ca9-baae-12dc3fc0eda3', 'workflow_type': 'ChainExecutorWorkflow'})
2026-01-13 11:55:07,341 - temporalio.activity - INFO - Templates resolved successfully ({'activity_id': '2', 'activity_type': 'resolve_chain_templates', 'attempt': 1, 'namespace': 'default', 'task_queue': 'comfyui-gpu-farm', 'workflow_id': 'chain-image-edit-to-video-pipeline-e57204d1-d6ff-4164-851c-0a2cb567fe2c', 'workflow_run_id': '019bb607-8ebe-7ca9-baae-12dc3fc0eda3', 'workflow_type': 'ChainExecutorWorkflow'})
2026-01-13 11:55:07,343 - temporalio.activity - INFO - Resolving templates in parameters ({'activity_id': '3', 'activity_type': 'resolve_chain_templates', 'attempt': 1, 'namespace': 'default', 'task_queue': 'comfyui-gpu-farm', 'workflow_id': 'chain-image-edit-to-video-pipeline-e57204d1-d6ff-4164-851c-0a2cb567fe2c', 'workflow_run_id': '019bb607-8ebe-7ca9-baae-12dc3fc0eda3', 'workflow_type': 'ChainExecutorWorkflow'})
2026-01-13 11:55:07,343 - temporalio.activity - INFO - Templates resolved successfully ({'activity_id': '3', 'activity_type': 'resolve_chain_templates', 'attempt': 1, 'namespace': 'default', 'task_queue': 'comfyui-gpu-farm', 'workflow_id': 'chain-image-edit-to-video-pipeline-e57204d1-d6ff-4164-851c-0a2cb567fe2c', 'workflow_run_id': '019bb607-8ebe-7ca9-baae-12dc3fc0eda3', 'workflow_type': 'ChainExecutorWorkflow'})
2026-01-13 11:55:07,352 - temporalio.workflow - INFO - Step extract_frame1: Resolved parameters ({'attempt': 1, 'namespace': 'default', 'run_id': '019bb607-8ebe-7ca9-baae-12dc3fc0eda3', 'task_queue': 'comfyui-gpu-farm', 'workflow_id': 'chain-image-edit-to-video-pipeline-e57204d1-d6ff-4164-851c-0a2cb567fe2c', 'workflow_type': 'ChainExecutorWorkflow'})
2026-01-13 11:55:07,353 - temporalio.workflow - INFO - Step extract_frame2: Resolved parameters ({'attempt': 1, 'namespace': 'default', 'run_id': '019bb607-8ebe-7ca9-baae-12dc3fc0eda3', 'task_queue': 'comfyui-gpu-farm', 'workflow_id': 'chain-image-edit-to-video-pipeline-e57204d1-d6ff-4164-851c-0a2cb567fe2c', 'workflow_type': 'ChainExecutorWorkflow'})
2026-01-13 11:55:07,361 - temporalio.activity - INFO - Applying parameters to workflow: imageSave ({'activity_id': '4', 'activity_type': 'apply_workflow_parameters', 'attempt': 1, 'namespace': 'default', 'task_queue': 'comfyui-gpu-farm', 'workflow_id': 'chain-image-edit-to-video-pipeline-e57204d1-d6ff-4164-851c-0a2cb567fe2c', 'workflow_run_id': '019bb607-8ebe-7ca9-baae-12dc3fc0eda3', 'workflow_type': 'ChainExecutorWorkflow'})
2026-01-13 11:55:07,361 - temporal_gateway.registry - INFO - WorkflowRegistry initialized: /home/jaskirat/Documents/comfyautomate/templates
2026-01-13 11:55:07,362 - temporal_gateway.registry - INFO - ✓ fluxdev: Loading from override file
2026-01-13 11:55:07,362 - temporal_gateway.registry - INFO -   Loaded 13 parameters from override file
2026-01-13 11:55:07,363 - temporal_gateway.registry - INFO - ✓ firstEndTovideo: Loading from override file
2026-01-13 11:55:07,363 - temporal_gateway.registry - INFO -   Loaded 44 parameters from override file
2026-01-13 11:55:07,364 - temporal_gateway.registry - INFO - ✓ image_qwen_edit: Loading from override file
2026-01-13 11:55:07,364 - temporal_gateway.registry - INFO -   Loaded 27 parameters from override file
2026-01-13 11:55:07,365 - temporal_gateway.registry - INFO - ✓ video_wan2_2_14B_fun_camera_test: Loading from override file
2026-01-13 11:55:07,365 - temporal_gateway.registry - INFO -   Loaded 49 parameters from override file
2026-01-13 11:55:07,366 - temporal_gateway.registry - INFO - ✓ qwen_image_edit: Loading from override file
2026-01-13 11:55:07,366 - temporal_gateway.registry - INFO -   Loaded 25 parameters from override file
2026-01-13 11:55:07,366 - temporal_gateway.registry - INFO - ✓ video_wan2_2_14B_i2v: Loading from override file
2026-01-13 11:55:07,367 - temporal_gateway.registry - INFO -   Loaded 43 parameters from override file
2026-01-13 11:55:07,367 - temporal_gateway.registry - INFO - ✓ imageSave: Loading from override file
2026-01-13 11:55:07,367 - temporal_gateway.registry - INFO -   Loaded 9 parameters from override file
2026-01-13 11:55:07,367 - temporal_gateway.registry - INFO - Discovery complete: 7 workflows, 0 generated, 7 loaded, 0 regenerated
2026-01-13 11:55:07,368 - temporal_gateway.registry - INFO - Applied override: 1.frame_load_cap = 1
2026-01-13 11:55:07,368 - temporal_gateway.registry - INFO - Applied override: 1.select_every_nth = 1
2026-01-13 11:55:07,368 - temporal_gateway.registry - INFO - Applied override: 1.skip_first_frames = 0
2026-01-13 11:55:07,368 - temporal_gateway.registry - INFO - Applied override: 1.video = ComfyUI_00012_.mp4
2026-01-13 11:55:07,368 - temporalio.activity - INFO - Parameters applied successfully ({'activity_id': '4', 'activity_type': 'apply_workflow_parameters', 'attempt': 1, 'namespace': 'default', 'task_queue': 'comfyui-gpu-farm', 'workflow_id': 'chain-image-edit-to-video-pipeline-e57204d1-d6ff-4164-851c-0a2cb567fe2c', 'workflow_run_id': '019bb607-8ebe-7ca9-baae-12dc3fc0eda3', 'workflow_type': 'ChainExecutorWorkflow'})
2026-01-13 11:55:07,369 - temporalio.activity - INFO - Applying parameters to workflow: imageSave ({'activity_id': '5', 'activity_type': 'apply_workflow_parameters', 'attempt': 1, 'namespace': 'default', 'task_queue': 'comfyui-gpu-farm', 'workflow_id': 'chain-image-edit-to-video-pipeline-e57204d1-d6ff-4164-851c-0a2cb567fe2c', 'workflow_run_id': '019bb607-8ebe-7ca9-baae-12dc3fc0eda3', 'workflow_type': 'ChainExecutorWorkflow'})
2026-01-13 11:55:07,369 - temporal_gateway.registry - INFO - Applied override: 1.frame_load_cap = 1
2026-01-13 11:55:07,369 - temporal_gateway.registry - INFO - Applied override: 1.select_every_nth = 1
2026-01-13 11:55:07,369 - temporal_gateway.registry - INFO - Applied override: 1.skip_first_frames = 172
2026-01-13 11:55:07,369 - temporal_gateway.registry - INFO - Applied override: 1.video = ComfyUI_00012_.mp4
2026-01-13 11:55:07,369 - temporalio.activity - INFO - Parameters applied successfully ({'activity_id': '5', 'activity_type': 'apply_workflow_parameters', 'attempt': 1, 'namespace': 'default', 'task_queue': 'comfyui-gpu-farm', 'workflow_id': 'chain-image-edit-to-video-pipeline-e57204d1-d6ff-4164-851c-0a2cb567fe2c', 'workflow_run_id': '019bb607-8ebe-7ca9-baae-12dc3fc0eda3', 'workflow_type': 'ChainExecutorWorkflow'})
2026-01-13 11:55:07,387 - temporalio.activity - INFO - Selecting server with strategy: least_loaded ({'activity_id': '7', 'activity_type': 'select_best_server', 'attempt': 1, 'namespace': 'default', 'task_queue': 'comfyui-gpu-farm', 'workflow_id': 'chain-image-edit-to-video-pipeline-e57204d1-d6ff-4164-851c-0a2cb567fe2c', 'workflow_run_id': '019bb607-8ebe-7ca9-baae-12dc3fc0eda3', 'workflow_type': 'ChainExecutorWorkflow'})
2026-01-13 11:55:07,477 - temporalio.activity - INFO - Selecting server with strategy: least_loaded ({'activity_id': '6', 'activity_type': 'select_best_server', 'attempt': 1, 'namespace': 'default', 'task_queue': 'comfyui-gpu-farm', 'workflow_id': 'chain-image-edit-to-video-pipeline-e57204d1-d6ff-4164-851c-0a2cb567fe2c', 'workflow_run_id': '019bb607-8ebe-7ca9-baae-12dc3fc0eda3', 'workflow_type': 'ChainExecutorWorkflow'})
2026-01-13 11:55:07,619 - httpx - INFO - HTTP Request: GET http://procure-x.testmcp.org/system_stats "HTTP/1.1 200 OK"
2026-01-13 11:55:07,638 - httpx - INFO - HTTP Request: GET http://procure-x.testmcp.org/queue "HTTP/1.1 200 OK"
2026-01-13 11:55:07,639 - temporal_gateway.servers.load_balancer - INFO - Selected server procure-x (queue_depth=0, gpu_mem=0.0%)
2026-01-13 11:55:07,639 - temporalio.activity - INFO - Selected server: procure-x (http://procure-x.testmcp.org) ({'activity_id': '6', 'activity_type': 'select_best_server', 'attempt': 1, 'namespace': 'default', 'task_queue': 'comfyui-gpu-farm', 'workflow_id': 'chain-image-edit-to-video-pipeline-e57204d1-d6ff-4164-851c-0a2cb567fe2c', 'workflow_run_id': '019bb607-8ebe-7ca9-baae-12dc3fc0eda3', 'workflow_type': 'ChainExecutorWorkflow'})
2026-01-13 11:55:07,648 - temporalio.workflow - INFO - Step extract_frame1: Selected target server: http://procure-x.testmcp.org ({'attempt': 1, 'namespace': 'default', 'run_id': '019bb607-8ebe-7ca9-baae-12dc3fc0eda3', 'task_queue': 'comfyui-gpu-farm', 'workflow_id': 'chain-image-edit-to-video-pipeline-e57204d1-d6ff-4164-851c-0a2cb567fe2c', 'workflow_type': 'ChainExecutorWorkflow'})
2026-01-13 11:55:07,656 - temporalio.activity - INFO - Creating workflow record: imageSave (prompt: pending) ({'activity_id': '8', 'activity_type': 'create_workflow_record', 'attempt': 1, 'namespace': 'default', 'task_queue': 'comfyui-gpu-farm', 'workflow_id': 'chain-image-edit-to-video-pipeline-e57204d1-d6ff-4164-851c-0a2cb567fe2c', 'workflow_run_id': '019bb607-8ebe-7ca9-baae-12dc3fc0eda3', 'workflow_type': 'ChainExecutorWorkflow'})
2026-01-13 11:55:07,665 - temporalio.activity - INFO - ✓ Created workflow record: fc3a4fbe-1eb9-4a5a-8027-0f49aeeaaf2b ({'activity_id': '8', 'activity_type': 'create_workflow_record', 'attempt': 1, 'namespace': 'default', 'task_queue': 'comfyui-gpu-farm', 'workflow_id': 'chain-image-edit-to-video-pipeline-e57204d1-d6ff-4164-851c-0a2cb567fe2c', 'workflow_run_id': '019bb607-8ebe-7ca9-baae-12dc3fc0eda3', 'workflow_type': 'ChainExecutorWorkflow'})
2026-01-13 11:55:07,673 - temporalio.workflow - INFO - Step extract_frame1: Created workflow record fc3a4fbe-1eb9-4a5a-8027-0f49aeeaaf2b ({'attempt': 1, 'namespace': 'default', 'run_id': '019bb607-8ebe-7ca9-baae-12dc3fc0eda3', 'task_queue': 'comfyui-gpu-farm', 'workflow_id': 'chain-image-edit-to-video-pipeline-e57204d1-d6ff-4164-851c-0a2cb567fe2c', 'workflow_type': 'ChainExecutorWorkflow'})
2026-01-13 11:55:07,702 - temporalio.workflow - INFO - Starting ComfyUI workflow execution ({'attempt': 1, 'namespace': 'default', 'run_id': '019bb607-905e-7467-9666-f529806e5744', 'task_queue': 'comfyui-gpu-farm', 'workflow_id': 'chain-image-edit-to-video-pipeline-e57204d1-d6ff-4164-851c-0a2cb567fe2c-extract_frame1', 'workflow_type': 'ComfyUIWorkflow'})
2026-01-13 11:55:07,702 - temporalio.workflow - INFO - Generated client_id: 525178b2-2183-4176-a757-6f7a5bfc5e43 ({'attempt': 1, 'namespace': 'default', 'run_id': '019bb607-905e-7467-9666-f529806e5744', 'task_queue': 'comfyui-gpu-farm', 'workflow_id': 'chain-image-edit-to-video-pipeline-e57204d1-d6ff-4164-851c-0a2cb567fe2c-extract_frame1', 'workflow_type': 'ComfyUIWorkflow'})
2026-01-13 11:55:07,702 - temporalio.workflow - INFO - Using pre-selected server: http://procure-x.testmcp.org ({'attempt': 1, 'namespace': 'default', 'run_id': '019bb607-905e-7467-9666-f529806e5744', 'task_queue': 'comfyui-gpu-farm', 'workflow_id': 'chain-image-edit-to-video-pipeline-e57204d1-d6ff-4164-851c-0a2cb567fe2c-extract_frame1', 'workflow_type': 'ComfyUIWorkflow'})
2026-01-13 11:55:07,711 - temporalio.activity - INFO - [V3] Executing workflow on http://procure-x.testmcp.org ({'activity_id': '1', 'activity_type': 'execute_and_track_workflow', 'attempt': 1, 'namespace': 'default', 'task_queue': 'comfyui-gpu-farm', 'workflow_id': 'chain-image-edit-to-video-pipeline-e57204d1-d6ff-4164-851c-0a2cb567fe2c-extract_frame1', 'workflow_run_id': '019bb607-905e-7467-9666-f529806e5744', 'workflow_type': 'ComfyUIWorkflow'})
2026-01-13 11:55:07,712 - temporalio.activity - INFO - [V3] Workflow name: imageSave ({'activity_id': '1', 'activity_type': 'execute_and_track_workflow', 'attempt': 1, 'namespace': 'default', 'task_queue': 'comfyui-gpu-farm', 'workflow_id': 'chain-image-edit-to-video-pipeline-e57204d1-d6ff-4164-851c-0a2cb567fe2c-extract_frame1', 'workflow_run_id': '019bb607-905e-7467-9666-f529806e5744', 'workflow_type': 'ComfyUIWorkflow'})
2026-01-13 11:55:07,757 - temporal_gateway.clients.comfy.client - INFO - ComfyUI client initialized for http://procure-x.testmcp.org
2026-01-13 11:55:07,757 - temporal_gateway.clients.comfy.client - INFO - Submitting workflow to ComfyUI
2026-01-13 11:55:07,783 - httpx - INFO - HTTP Request: GET http://procure-x.testmcp.org/system_stats "HTTP/1.1 200 OK"
2026-01-13 11:55:07,813 - httpx - INFO - HTTP Request: POST http://procure-x.testmcp.org/prompt "HTTP/1.1 200 OK"
2026-01-13 11:55:07,814 - temporal_gateway.clients.comfy.client - INFO - Workflow queued with prompt_id: d5af852a-e365-4bd8-9b87-4885f505ffdc
2026-01-13 11:55:07,814 - temporal_gateway.clients.comfy.tracker - INFO - Starting execution tracking for prompt d5af852a-e365-4bd8-9b87-4885f505ffdc
2026-01-13 11:55:07,814 - temporal_gateway.clients.comfy.tracker - INFO - Starting history polling
2026-01-13 11:55:07,815 - temporal_gateway.clients.comfy.tracker - INFO - Starting WebSocket listener
2026-01-13 11:55:07,815 - temporal_gateway.clients.comfy.websocket - INFO - Connecting to WebSocket: ws://procure-x.testmcp.org/ws?clientId=1963fd02-0cdd-4c4a-9e0a-c2a716c074ae
2026-01-13 11:55:07,844 - httpx - INFO - HTTP Request: GET http://procure-x.testmcp.org/history/d5af852a-e365-4bd8-9b87-4885f505ffdc "HTTP/1.1 200 OK"
2026-01-13 11:55:07,874 - temporal_gateway.clients.comfy.websocket - INFO - WebSocket connected successfully
2026-01-13 11:55:07,955 - temporal_gateway.clients.comfy.tracker - INFO - [WS] Execution completed successfully
2026-01-13 11:55:08,264 - httpx - INFO - HTTP Request: GET http://procure-x.testmcp.org/history/d5af852a-e365-4bd8-9b87-4885f505ffdc "HTTP/1.1 200 OK"
2026-01-13 11:55:08,268 - httpx - INFO - HTTP Request: GET http://procure-x.testmcp.org/queue "HTTP/1.1 200 OK"
2026-01-13 11:55:08,273 - temporal_gateway.clients.comfy.tracker - INFO - Tracking completed: success (took 0.46s)
2026-01-13 11:55:08,277 - temporalio.activity - INFO - [V3] Workflow completed successfully ({'activity_id': '1', 'activity_type': 'execute_and_track_workflow', 'attempt': 1, 'namespace': 'default', 'task_queue': 'comfyui-gpu-farm', 'workflow_id': 'chain-image-edit-to-video-pipeline-e57204d1-d6ff-4164-851c-0a2cb567fe2c-extract_frame1', 'workflow_run_id': '019bb607-905e-7467-9666-f529806e5744', 'workflow_type': 'ComfyUIWorkflow'})
2026-01-13 11:55:08,279 - temporal_gateway.servers.load_balancer - INFO - Selected server procure-x (queue_depth=0, gpu_mem=0.0%)
2026-01-13 11:55:08,279 - temporalio.activity - INFO - Selected server: procure-x (http://procure-x.testmcp.org) ({'activity_id': '7', 'activity_type': 'select_best_server', 'attempt': 1, 'namespace': 'default', 'task_queue': 'comfyui-gpu-farm', 'workflow_id': 'chain-image-edit-to-video-pipeline-e57204d1-d6ff-4164-851c-0a2cb567fe2c', 'workflow_run_id': '019bb607-8ebe-7ca9-baae-12dc3fc0eda3', 'workflow_type': 'ChainExecutorWorkflow'})
2026-01-13 11:55:08,297 - temporalio.workflow - INFO - Execution completed successfully ({'attempt': 1, 'namespace': 'default', 'run_id': '019bb607-905e-7467-9666-f529806e5744', 'task_queue': 'comfyui-gpu-farm', 'workflow_id': 'chain-image-edit-to-video-pipeline-e57204d1-d6ff-4164-851c-0a2cb567fe2c-extract_frame1', 'workflow_type': 'ComfyUIWorkflow'})
2026-01-13 11:55:08,298 - temporalio.workflow - INFO - Step extract_frame2: Selected target server: http://procure-x.testmcp.org ({'attempt': 1, 'namespace': 'default', 'run_id': '019bb607-8ebe-7ca9-baae-12dc3fc0eda3', 'task_queue': 'comfyui-gpu-farm', 'workflow_id': 'chain-image-edit-to-video-pipeline-e57204d1-d6ff-4164-851c-0a2cb567fe2c', 'workflow_type': 'ChainExecutorWorkflow'})
2026-01-13 11:55:08,306 - temporalio.activity - INFO - Extracting server output files ({'activity_id': '2', 'activity_type': 'get_server_output_files', 'attempt': 1, 'namespace': 'default', 'task_queue': 'comfyui-gpu-farm', 'workflow_id': 'chain-image-edit-to-video-pipeline-e57204d1-d6ff-4164-851c-0a2cb567fe2c-extract_frame1', 'workflow_run_id': '019bb607-905e-7467-9666-f529806e5744', 'workflow_type': 'ComfyUIWorkflow'})
2026-01-13 11:55:08,307 - temporalio.activity - INFO - Found 1 output file(s) ({'activity_id': '2', 'activity_type': 'get_server_output_files', 'attempt': 1, 'namespace': 'default', 'task_queue': 'comfyui-gpu-farm', 'workflow_id': 'chain-image-edit-to-video-pipeline-e57204d1-d6ff-4164-851c-0a2cb567fe2c-extract_frame1', 'workflow_run_id': '019bb607-905e-7467-9666-f529806e5744', 'workflow_type': 'ComfyUIWorkflow'})
2026-01-13 11:55:08,307 - temporalio.activity - INFO - Creating workflow record: imageSave (prompt: pending) ({'activity_id': '9', 'activity_type': 'create_workflow_record', 'attempt': 1, 'namespace': 'default', 'task_queue': 'comfyui-gpu-farm', 'workflow_id': 'chain-image-edit-to-video-pipeline-e57204d1-d6ff-4164-851c-0a2cb567fe2c', 'workflow_run_id': '019bb607-8ebe-7ca9-baae-12dc3fc0eda3', 'workflow_type': 'ChainExecutorWorkflow'})
2026-01-13 11:55:08,311 - temporalio.activity - INFO - ✓ Created workflow record: 180982cf-f863-4750-93f2-22d0da7778b5 ({'activity_id': '9', 'activity_type': 'create_workflow_record', 'attempt': 1, 'namespace': 'default', 'task_queue': 'comfyui-gpu-farm', 'workflow_id': 'chain-image-edit-to-video-pipeline-e57204d1-d6ff-4164-851c-0a2cb567fe2c', 'workflow_run_id': '019bb607-8ebe-7ca9-baae-12dc3fc0eda3', 'workflow_type': 'ChainExecutorWorkflow'})
2026-01-13 11:55:08,316 - temporalio.workflow - INFO - Found 1 server output file(s) ({'attempt': 1, 'namespace': 'default', 'run_id': '019bb607-905e-7467-9666-f529806e5744', 'task_queue': 'comfyui-gpu-farm', 'workflow_id': 'chain-image-edit-to-video-pipeline-e57204d1-d6ff-4164-851c-0a2cb567fe2c-extract_frame1', 'workflow_type': 'ComfyUIWorkflow'})
2026-01-13 11:55:08,321 - temporalio.workflow - INFO - Step extract_frame2: Created workflow record 180982cf-f863-4750-93f2-22d0da7778b5 ({'attempt': 1, 'namespace': 'default', 'run_id': '019bb607-8ebe-7ca9-baae-12dc3fc0eda3', 'task_queue': 'comfyui-gpu-farm', 'workflow_id': 'chain-image-edit-to-video-pipeline-e57204d1-d6ff-4164-851c-0a2cb567fe2c', 'workflow_type': 'ChainExecutorWorkflow'})
2026-01-13 11:55:08,324 - temporalio.activity - INFO - Downloading and persisting 1 artifact(s) for workflow fc3a4fbe-1eb9-4a5a-8027-0f49aeeaaf2b ({'activity_id': '3', 'activity_type': 'download_and_store_artifacts', 'attempt': 1, 'namespace': 'default', 'task_queue': 'comfyui-gpu-farm', 'workflow_id': 'chain-image-edit-to-video-pipeline-e57204d1-d6ff-4164-851c-0a2cb567fe2c-extract_frame1', 'workflow_run_id': '019bb607-905e-7467-9666-f529806e5744', 'workflow_type': 'ComfyUIWorkflow'})
2026-01-13 11:55:08,371 - temporal_gateway.clients.comfy.client - INFO - ComfyUI client initialized for http://procure-x.testmcp.org
2026-01-13 11:55:08,381 - temporalio.workflow - INFO - Starting ComfyUI workflow execution ({'attempt': 1, 'namespace': 'default', 'run_id': '019bb607-92e6-73a7-a736-2180b5416e52', 'task_queue': 'comfyui-gpu-farm', 'workflow_id': 'chain-image-edit-to-video-pipeline-e57204d1-d6ff-4164-851c-0a2cb567fe2c-extract_frame2', 'workflow_type': 'ComfyUIWorkflow'})
2026-01-13 11:55:08,381 - temporalio.workflow - INFO - Generated client_id: d39cb73f-1bb4-4d9a-92fb-5c1b84eb8635 ({'attempt': 1, 'namespace': 'default', 'run_id': '019bb607-92e6-73a7-a736-2180b5416e52', 'task_queue': 'comfyui-gpu-farm', 'workflow_id': 'chain-image-edit-to-video-pipeline-e57204d1-d6ff-4164-851c-0a2cb567fe2c-extract_frame2', 'workflow_type': 'ComfyUIWorkflow'})
2026-01-13 11:55:08,381 - temporalio.workflow - INFO - Using pre-selected server: http://procure-x.testmcp.org ({'attempt': 1, 'namespace': 'default', 'run_id': '019bb607-92e6-73a7-a736-2180b5416e52', 'task_queue': 'comfyui-gpu-farm', 'workflow_id': 'chain-image-edit-to-video-pipeline-e57204d1-d6ff-4164-851c-0a2cb567fe2c-extract_frame2', 'workflow_type': 'ComfyUIWorkflow'})
2026-01-13 11:55:08,390 - temporalio.activity - INFO - [V3] Executing workflow on http://procure-x.testmcp.org ({'activity_id': '1', 'activity_type': 'execute_and_track_workflow', 'attempt': 1, 'namespace': 'default', 'task_queue': 'comfyui-gpu-farm', 'workflow_id': 'chain-image-edit-to-video-pipeline-e57204d1-d6ff-4164-851c-0a2cb567fe2c-extract_frame2', 'workflow_run_id': '019bb607-92e6-73a7-a736-2180b5416e52', 'workflow_type': 'ComfyUIWorkflow'})
2026-01-13 11:55:08,390 - temporalio.activity - INFO - [V3] Workflow name: imageSave ({'activity_id': '1', 'activity_type': 'execute_and_track_workflow', 'attempt': 1, 'namespace': 'default', 'task_queue': 'comfyui-gpu-farm', 'workflow_id': 'chain-image-edit-to-video-pipeline-e57204d1-d6ff-4164-851c-0a2cb567fe2c-extract_frame2', 'workflow_run_id': '019bb607-92e6-73a7-a736-2180b5416e52', 'workflow_type': 'ComfyUIWorkflow'})
2026-01-13 11:55:08,431 - temporal_gateway.clients.comfy.client - INFO - ComfyUI client initialized for http://procure-x.testmcp.org
2026-01-13 11:55:08,431 - temporal_gateway.clients.comfy.client - INFO - Submitting workflow to ComfyUI
2026-01-13 11:55:08,433 - httpx - INFO - HTTP Request: GET http://procure-x.testmcp.org/view?filename=ComfyUI_00267_.png&type=output "HTTP/1.1 200 OK"
2026-01-13 11:55:08,565 - httpx - INFO - HTTP Request: POST http://procure-x.testmcp.org/prompt "HTTP/1.1 200 OK"
2026-01-13 11:55:08,568 - temporal_gateway.clients.comfy.client - INFO - Workflow queued with prompt_id: 32d6efb6-db19-44b4-b539-f0ca8eb87d68
2026-01-13 11:55:08,569 - temporal_gateway.clients.comfy.tracker - INFO - Starting execution tracking for prompt 32d6efb6-db19-44b4-b539-f0ca8eb87d68
2026-01-13 11:55:08,569 - temporal_gateway.clients.comfy.tracker - INFO - Starting history polling
2026-01-13 11:55:08,572 - temporal_gateway.clients.comfy.tracker - INFO - Starting WebSocket listener
2026-01-13 11:55:08,572 - temporal_gateway.clients.comfy.websocket - INFO - Connecting to WebSocket: ws://procure-x.testmcp.org/ws?clientId=cdaa1f12-acd8-4702-be17-98a4e52233b7
2026-01-13 11:55:08,602 - httpx - INFO - HTTP Request: GET http://procure-x.testmcp.org/history/32d6efb6-db19-44b4-b539-f0ca8eb87d68 "HTTP/1.1 200 OK"
2026-01-13 11:55:08,841 - temporal_gateway.clients.comfy.websocket - INFO - WebSocket connected successfully
2026-01-13 11:55:08,932 - temporalio.activity - INFO - ✓ Saved artifact to DB: 90a0b807-420d-4e01-b1b0-799ae7c40a49 (ComfyUI_00267_.png) ({'activity_id': '3', 'activity_type': 'download_and_store_artifacts', 'attempt': 1, 'namespace': 'default', 'task_queue': 'comfyui-gpu-farm', 'workflow_id': 'chain-image-edit-to-video-pipeline-e57204d1-d6ff-4164-851c-0a2cb567fe2c-extract_frame1', 'workflow_run_id': '019bb607-905e-7467-9666-f529806e5744', 'workflow_type': 'ComfyUIWorkflow'})
2026-01-13 11:55:08,933 - temporalio.activity - INFO - Downloaded and persisted 1 artifact(s) ({'activity_id': '3', 'activity_type': 'download_and_store_artifacts', 'attempt': 1, 'namespace': 'default', 'task_queue': 'comfyui-gpu-farm', 'workflow_id': 'chain-image-edit-to-video-pipeline-e57204d1-d6ff-4164-851c-0a2cb567fe2c-extract_frame1', 'workflow_run_id': '019bb607-905e-7467-9666-f529806e5744', 'workflow_type': 'ComfyUIWorkflow'})
2026-01-13 11:55:08,944 - temporalio.workflow - INFO - Downloaded 1 file(s) locally ({'attempt': 1, 'namespace': 'default', 'run_id': '019bb607-905e-7467-9666-f529806e5744', 'task_queue': 'comfyui-gpu-farm', 'workflow_id': 'chain-image-edit-to-video-pipeline-e57204d1-d6ff-4164-851c-0a2cb567fe2c-extract_frame1', 'workflow_type': 'ComfyUIWorkflow'})
2026-01-13 11:55:08,967 - temporalio.activity - INFO - Updating workflow fc3a4fbe-1eb9-4a5a-8027-0f49aeeaaf2b status to: completed ({'activity_id': '10', 'activity_type': 'update_workflow_status_activity', 'attempt': 1, 'namespace': 'default', 'task_queue': 'comfyui-gpu-farm', 'workflow_id': 'chain-image-edit-to-video-pipeline-e57204d1-d6ff-4164-851c-0a2cb567fe2c', 'workflow_run_id': '019bb607-8ebe-7ca9-baae-12dc3fc0eda3', 'workflow_type': 'ChainExecutorWorkflow'})
2026-01-13 11:55:08,972 - temporalio.activity - INFO - ✓ Updated workflow status ({'activity_id': '10', 'activity_type': 'update_workflow_status_activity', 'attempt': 1, 'namespace': 'default', 'task_queue': 'comfyui-gpu-farm', 'workflow_id': 'chain-image-edit-to-video-pipeline-e57204d1-d6ff-4164-851c-0a2cb567fe2c', 'workflow_run_id': '019bb607-8ebe-7ca9-baae-12dc3fc0eda3', 'workflow_type': 'ChainExecutorWorkflow'})
2026-01-13 11:55:08,980 - temporalio.workflow - INFO - Step extract_frame1: Approval required, fetching artifacts... ({'attempt': 1, 'namespace': 'default', 'run_id': '019bb607-8ebe-7ca9-baae-12dc3fc0eda3', 'task_queue': 'comfyui-gpu-farm', 'workflow_id': 'chain-image-edit-to-video-pipeline-e57204d1-d6ff-4164-851c-0a2cb567fe2c', 'workflow_type': 'ChainExecutorWorkflow'})
2026-01-13 11:55:08,987 - temporalio.activity - INFO - Getting artifacts for workflow: fc3a4fbe-1eb9-4a5a-8027-0f49aeeaaf2b ({'activity_id': '11', 'activity_type': 'get_workflow_artifacts', 'attempt': 1, 'namespace': 'default', 'task_queue': 'comfyui-gpu-farm', 'workflow_id': 'chain-image-edit-to-video-pipeline-e57204d1-d6ff-4164-851c-0a2cb567fe2c', 'workflow_run_id': '019bb607-8ebe-7ca9-baae-12dc3fc0eda3', 'workflow_type': 'ChainExecutorWorkflow'})
2026-01-13 11:55:09,004 - temporalio.activity - INFO - Creating approval request for artifact: 90a0b807-420d-4e01-b1b0-799ae7c40a49 ({'activity_id': '12', 'activity_type': 'create_approval_request_activity', 'attempt': 1, 'namespace': 'default', 'task_queue': 'comfyui-gpu-farm', 'workflow_id': 'chain-image-edit-to-video-pipeline-e57204d1-d6ff-4164-851c-0a2cb567fe2c', 'workflow_run_id': '019bb607-8ebe-7ca9-baae-12dc3fc0eda3', 'workflow_type': 'ChainExecutorWorkflow'})
2026-01-13 11:55:09,011 - temporalio.activity - INFO - ✓ Created approval request: 9e31a1b2-1ba3-458f-a14c-0e3ea471ee68, token: ynCZj_WtwXjBv2ST... ({'activity_id': '12', 'activity_type': 'create_approval_request_activity', 'attempt': 1, 'namespace': 'default', 'task_queue': 'comfyui-gpu-farm', 'workflow_id': 'chain-image-edit-to-video-pipeline-e57204d1-d6ff-4164-851c-0a2cb567fe2c', 'workflow_run_id': '019bb607-8ebe-7ca9-baae-12dc3fc0eda3', 'workflow_type': 'ChainExecutorWorkflow'})
2026-01-13 11:55:09,013 - temporal_gateway.services.broadcast - INFO - Published approval_requested to chain:6b657434-477e-4bf5-a64a-91d5122be53b
2026-01-13 11:55:09,013 - temporalio.activity - INFO - Published approval_requested event for chain 6b657434-477e-4bf5-a64a-91d5122be53b ({'activity_id': '12', 'activity_type': 'create_approval_request_activity', 'attempt': 1, 'namespace': 'default', 'task_queue': 'comfyui-gpu-farm', 'workflow_id': 'chain-image-edit-to-video-pipeline-e57204d1-d6ff-4164-851c-0a2cb567fe2c', 'workflow_run_id': '019bb607-8ebe-7ca9-baae-12dc3fc0eda3', 'workflow_type': 'ChainExecutorWorkflow'})
2026-01-13 11:55:09,022 - temporalio.workflow - INFO - Step extract_frame1: Approval request created, token: ynCZj_WtwXjBv2ST... ({'attempt': 1, 'namespace': 'default', 'run_id': '019bb607-8ebe-7ca9-baae-12dc3fc0eda3', 'task_queue': 'comfyui-gpu-farm', 'workflow_id': 'chain-image-edit-to-video-pipeline-e57204d1-d6ff-4164-851c-0a2cb567fe2c', 'workflow_type': 'ChainExecutorWorkflow'})
2026-01-13 11:55:09,680 - httpx - INFO - HTTP Request: GET http://procure-x.testmcp.org/history/32d6efb6-db19-44b4-b539-f0ca8eb87d68 "HTTP/1.1 200 OK"
2026-01-13 11:55:09,684 - temporal_gateway.clients.comfy.tracker - INFO - [POLL] Found in history: success
2026-01-13 11:55:09,684 - temporal_gateway.clients.comfy.tracker - INFO - Tracking completed: success (took 1.12s)
2026-01-13 11:55:09,685 - temporalio.activity - INFO - [V3] Workflow completed successfully ({'activity_id': '1', 'activity_type': 'execute_and_track_workflow', 'attempt': 1, 'namespace': 'default', 'task_queue': 'comfyui-gpu-farm', 'workflow_id': 'chain-image-edit-to-video-pipeline-e57204d1-d6ff-4164-851c-0a2cb567fe2c-extract_frame2', 'workflow_run_id': '019bb607-92e6-73a7-a736-2180b5416e52', 'workflow_type': 'ComfyUIWorkflow'})
2026-01-13 11:55:09,711 - temporalio.workflow - INFO - Execution completed successfully ({'attempt': 1, 'namespace': 'default', 'run_id': '019bb607-92e6-73a7-a736-2180b5416e52', 'task_queue': 'comfyui-gpu-farm', 'workflow_id': 'chain-image-edit-to-video-pipeline-e57204d1-d6ff-4164-851c-0a2cb567fe2c-extract_frame2', 'workflow_type': 'ComfyUIWorkflow'})
2026-01-13 11:55:09,730 - temporalio.activity - INFO - Extracting server output files ({'activity_id': '2', 'activity_type': 'get_server_output_files', 'attempt': 1, 'namespace': 'default', 'task_queue': 'comfyui-gpu-farm', 'workflow_id': 'chain-image-edit-to-video-pipeline-e57204d1-d6ff-4164-851c-0a2cb567fe2c-extract_frame2', 'workflow_run_id': '019bb607-92e6-73a7-a736-2180b5416e52', 'workflow_type': 'ComfyUIWorkflow'})
2026-01-13 11:55:09,730 - temporalio.activity - INFO - Found 1 output file(s) ({'activity_id': '2', 'activity_type': 'get_server_output_files', 'attempt': 1, 'namespace': 'default', 'task_queue': 'comfyui-gpu-farm', 'workflow_id': 'chain-image-edit-to-video-pipeline-e57204d1-d6ff-4164-851c-0a2cb567fe2c-extract_frame2', 'workflow_run_id': '019bb607-92e6-73a7-a736-2180b5416e52', 'workflow_type': 'ComfyUIWorkflow'})
2026-01-13 11:55:09,743 - temporalio.workflow - INFO - Found 1 server output file(s) ({'attempt': 1, 'namespace': 'default', 'run_id': '019bb607-92e6-73a7-a736-2180b5416e52', 'task_queue': 'comfyui-gpu-farm', 'workflow_id': 'chain-image-edit-to-video-pipeline-e57204d1-d6ff-4164-851c-0a2cb567fe2c-extract_frame2', 'workflow_type': 'ComfyUIWorkflow'})
2026-01-13 11:55:09,757 - temporalio.activity - INFO - Downloading and persisting 1 artifact(s) for workflow 180982cf-f863-4750-93f2-22d0da7778b5 ({'activity_id': '3', 'activity_type': 'download_and_store_artifacts', 'attempt': 1, 'namespace': 'default', 'task_queue': 'comfyui-gpu-farm', 'workflow_id': 'chain-image-edit-to-video-pipeline-e57204d1-d6ff-4164-851c-0a2cb567fe2c-extract_frame2', 'workflow_run_id': '019bb607-92e6-73a7-a736-2180b5416e52', 'workflow_type': 'ComfyUIWorkflow'})
2026-01-13 11:55:09,807 - temporal_gateway.clients.comfy.client - INFO - ComfyUI client initialized for http://procure-x.testmcp.org
2026-01-13 11:55:09,852 - httpx - INFO - HTTP Request: GET http://procure-x.testmcp.org/view?filename=ComfyUI_00268_.png&type=output "HTTP/1.1 200 OK"
2026-01-13 11:55:10,642 - temporalio.activity - INFO - ✓ Saved artifact to DB: d2fa21a7-cec0-4b8f-b4e7-5b1e363a2246 (ComfyUI_00268_.png) ({'activity_id': '3', 'activity_type': 'download_and_store_artifacts', 'attempt': 1, 'namespace': 'default', 'task_queue': 'comfyui-gpu-farm', 'workflow_id': 'chain-image-edit-to-video-pipeline-e57204d1-d6ff-4164-851c-0a2cb567fe2c-extract_frame2', 'workflow_run_id': '019bb607-92e6-73a7-a736-2180b5416e52', 'workflow_type': 'ComfyUIWorkflow'})
2026-01-13 11:55:10,644 - temporalio.activity - INFO - Downloaded and persisted 1 artifact(s) ({'activity_id': '3', 'activity_type': 'download_and_store_artifacts', 'attempt': 1, 'namespace': 'default', 'task_queue': 'comfyui-gpu-farm', 'workflow_id': 'chain-image-edit-to-video-pipeline-e57204d1-d6ff-4164-851c-0a2cb567fe2c-extract_frame2', 'workflow_run_id': '019bb607-92e6-73a7-a736-2180b5416e52', 'workflow_type': 'ComfyUIWorkflow'})
2026-01-13 11:55:10,656 - temporalio.workflow - INFO - Downloaded 1 file(s) locally ({'attempt': 1, 'namespace': 'default', 'run_id': '019bb607-92e6-73a7-a736-2180b5416e52', 'task_queue': 'comfyui-gpu-farm', 'workflow_id': 'chain-image-edit-to-video-pipeline-e57204d1-d6ff-4164-851c-0a2cb567fe2c-extract_frame2', 'workflow_type': 'ComfyUIWorkflow'})
2026-01-13 11:55:10,676 - temporalio.activity - INFO - Updating workflow 180982cf-f863-4750-93f2-22d0da7778b5 status to: completed ({'activity_id': '13', 'activity_type': 'update_workflow_status_activity', 'attempt': 1, 'namespace': 'default', 'task_queue': 'comfyui-gpu-farm', 'workflow_id': 'chain-image-edit-to-video-pipeline-e57204d1-d6ff-4164-851c-0a2cb567fe2c', 'workflow_run_id': '019bb607-8ebe-7ca9-baae-12dc3fc0eda3', 'workflow_type': 'ChainExecutorWorkflow'})
2026-01-13 11:55:10,679 - temporalio.activity - INFO - ✓ Updated workflow status ({'activity_id': '13', 'activity_type': 'update_workflow_status_activity', 'attempt': 1, 'namespace': 'default', 'task_queue': 'comfyui-gpu-farm', 'workflow_id': 'chain-image-edit-to-video-pipeline-e57204d1-d6ff-4164-851c-0a2cb567fe2c', 'workflow_run_id': '019bb607-8ebe-7ca9-baae-12dc3fc0eda3', 'workflow_type': 'ChainExecutorWorkflow'})
2026-01-13 11:55:10,687 - temporalio.workflow - INFO - Step extract_frame2: Approval required, fetching artifacts... ({'attempt': 1, 'namespace': 'default', 'run_id': '019bb607-8ebe-7ca9-baae-12dc3fc0eda3', 'task_queue': 'comfyui-gpu-farm', 'workflow_id': 'chain-image-edit-to-video-pipeline-e57204d1-d6ff-4164-851c-0a2cb567fe2c', 'workflow_type': 'ChainExecutorWorkflow'})
2026-01-13 11:55:10,695 - temporalio.activity - INFO - Getting artifacts for workflow: 180982cf-f863-4750-93f2-22d0da7778b5 ({'activity_id': '14', 'activity_type': 'get_workflow_artifacts', 'attempt': 1, 'namespace': 'default', 'task_queue': 'comfyui-gpu-farm', 'workflow_id': 'chain-image-edit-to-video-pipeline-e57204d1-d6ff-4164-851c-0a2cb567fe2c', 'workflow_run_id': '019bb607-8ebe-7ca9-baae-12dc3fc0eda3', 'workflow_type': 'ChainExecutorWorkflow'})
2026-01-13 11:55:10,712 - temporalio.activity - INFO - Creating approval request for artifact: d2fa21a7-cec0-4b8f-b4e7-5b1e363a2246 ({'activity_id': '15', 'activity_type': 'create_approval_request_activity', 'attempt': 1, 'namespace': 'default', 'task_queue': 'comfyui-gpu-farm', 'workflow_id': 'chain-image-edit-to-video-pipeline-e57204d1-d6ff-4164-851c-0a2cb567fe2c', 'workflow_run_id': '019bb607-8ebe-7ca9-baae-12dc3fc0eda3', 'workflow_type': 'ChainExecutorWorkflow'})
2026-01-13 11:55:10,716 - temporalio.activity - INFO - ✓ Created approval request: c955edb7-fba7-4747-ac30-12e1a3792a72, token: czKyyg_yMEaYjxeY... ({'activity_id': '15', 'activity_type': 'create_approval_request_activity', 'attempt': 1, 'namespace': 'default', 'task_queue': 'comfyui-gpu-farm', 'workflow_id': 'chain-image-edit-to-video-pipeline-e57204d1-d6ff-4164-851c-0a2cb567fe2c', 'workflow_run_id': '019bb607-8ebe-7ca9-baae-12dc3fc0eda3', 'workflow_type': 'ChainExecutorWorkflow'})
2026-01-13 11:55:10,717 - temporal_gateway.services.broadcast - INFO - Published approval_requested to chain:6b657434-477e-4bf5-a64a-91d5122be53b
2026-01-13 11:55:10,717 - temporalio.activity - INFO - Published approval_requested event for chain 6b657434-477e-4bf5-a64a-91d5122be53b ({'activity_id': '15', 'activity_type': 'create_approval_request_activity', 'attempt': 1, 'namespace': 'default', 'task_queue': 'comfyui-gpu-farm', 'workflow_id': 'chain-image-edit-to-video-pipeline-e57204d1-d6ff-4164-851c-0a2cb567fe2c', 'workflow_run_id': '019bb607-8ebe-7ca9-baae-12dc3fc0eda3', 'workflow_type': 'ChainExecutorWorkflow'})
2026-01-13 11:55:10,726 - temporalio.workflow - INFO - Step extract_frame2: Approval request created, token: czKyyg_yMEaYjxeY... ({'attempt': 1, 'namespace': 'default', 'run_id': '019bb607-8ebe-7ca9-baae-12dc3fc0eda3', 'task_queue': 'comfyui-gpu-farm', 'workflow_id': 'chain-image-edit-to-video-pipeline-e57204d1-d6ff-4164-851c-0a2cb567fe2c', 'workflow_type': 'ChainExecutorWorkflow'})
2026-01-13 11:55:23,086 - temporalio.workflow - INFO - Received approval decision for step extract_frame1: rejected by cli-user ({'attempt': 1, 'namespace': 'default', 'run_id': '019bb607-8ebe-7ca9-baae-12dc3fc0eda3', 'task_queue': 'comfyui-gpu-farm', 'workflow_id': 'chain-image-edit-to-video-pipeline-e57204d1-d6ff-4164-851c-0a2cb567fe2c', 'workflow_type': 'ChainExecutorWorkflow'})
2026-01-13 11:55:23,086 - temporalio.workflow - INFO - Step extract_frame1: Rejected by cli-user with comment: None ({'attempt': 1, 'namespace': 'default', 'run_id': '019bb607-8ebe-7ca9-baae-12dc3fc0eda3', 'task_queue': 'comfyui-gpu-farm', 'workflow_id': 'chain-image-edit-to-video-pipeline-e57204d1-d6ff-4164-851c-0a2cb567fe2c', 'workflow_type': 'ChainExecutorWorkflow'})
2026-01-13 11:55:23,086 - temporalio.workflow - INFO - Step extract_frame1: Rejected, regenerating with new parameters (attempt 2/3)... ({'attempt': 1, 'namespace': 'default', 'run_id': '019bb607-8ebe-7ca9-baae-12dc3fc0eda3', 'task_queue': 'comfyui-gpu-farm', 'workflow_id': 'chain-image-edit-to-video-pipeline-e57204d1-d6ff-4164-851c-0a2cb567fe2c', 'workflow_type': 'ChainExecutorWorkflow'})
2026-01-13 11:55:23,096 - temporalio.activity - INFO - Resolving templates in parameters ({'activity_id': '16', 'activity_type': 'resolve_chain_templates', 'attempt': 1, 'namespace': 'default', 'task_queue': 'comfyui-gpu-farm', 'workflow_id': 'chain-image-edit-to-video-pipeline-e57204d1-d6ff-4164-851c-0a2cb567fe2c', 'workflow_run_id': '019bb607-8ebe-7ca9-baae-12dc3fc0eda3', 'workflow_type': 'ChainExecutorWorkflow'})
2026-01-13 11:55:23,096 - temporalio.activity - INFO - Templates resolved successfully ({'activity_id': '16', 'activity_type': 'resolve_chain_templates', 'attempt': 1, 'namespace': 'default', 'task_queue': 'comfyui-gpu-farm', 'workflow_id': 'chain-image-edit-to-video-pipeline-e57204d1-d6ff-4164-851c-0a2cb567fe2c', 'workflow_run_id': '019bb607-8ebe-7ca9-baae-12dc3fc0eda3', 'workflow_type': 'ChainExecutorWorkflow'})
2026-01-13 11:55:23,105 - temporalio.workflow - INFO - Step extract_frame1: Resolved parameters ({'attempt': 1, 'namespace': 'default', 'run_id': '019bb607-8ebe-7ca9-baae-12dc3fc0eda3', 'task_queue': 'comfyui-gpu-farm', 'workflow_id': 'chain-image-edit-to-video-pipeline-e57204d1-d6ff-4164-851c-0a2cb567fe2c', 'workflow_type': 'ChainExecutorWorkflow'})
2026-01-13 11:55:23,114 - temporalio.activity - INFO - Applying parameters to workflow: imageSave ({'activity_id': '17', 'activity_type': 'apply_workflow_parameters', 'attempt': 1, 'namespace': 'default', 'task_queue': 'comfyui-gpu-farm', 'workflow_id': 'chain-image-edit-to-video-pipeline-e57204d1-d6ff-4164-851c-0a2cb567fe2c', 'workflow_run_id': '019bb607-8ebe-7ca9-baae-12dc3fc0eda3', 'workflow_type': 'ChainExecutorWorkflow'})
2026-01-13 11:55:23,115 - temporal_gateway.registry - INFO - Applied override: 1.frame_load_cap = 1
2026-01-13 11:55:23,115 - temporal_gateway.registry - INFO - Applied override: 1.select_every_nth = 1
2026-01-13 11:55:23,115 - temporal_gateway.registry - INFO - Applied override: 1.skip_first_frames = 0
2026-01-13 11:55:23,115 - temporal_gateway.registry - INFO - Applied override: 1.video = ComfyUI_00012_.mp4
2026-01-13 11:55:23,115 - temporalio.activity - INFO - Parameters applied successfully ({'activity_id': '17', 'activity_type': 'apply_workflow_parameters', 'attempt': 1, 'namespace': 'default', 'task_queue': 'comfyui-gpu-farm', 'workflow_id': 'chain-image-edit-to-video-pipeline-e57204d1-d6ff-4164-851c-0a2cb567fe2c', 'workflow_run_id': '019bb607-8ebe-7ca9-baae-12dc3fc0eda3', 'workflow_type': 'ChainExecutorWorkflow'})
2026-01-13 11:55:23,131 - temporalio.activity - INFO - Selecting server with strategy: least_loaded ({'activity_id': '18', 'activity_type': 'select_best_server', 'attempt': 1, 'namespace': 'default', 'task_queue': 'comfyui-gpu-farm', 'workflow_id': 'chain-image-edit-to-video-pipeline-e57204d1-d6ff-4164-851c-0a2cb567fe2c', 'workflow_run_id': '019bb607-8ebe-7ca9-baae-12dc3fc0eda3', 'workflow_type': 'ChainExecutorWorkflow'})
2026-01-13 11:55:23,239 - httpx - INFO - HTTP Request: GET http://procure-x.testmcp.org/system_stats "HTTP/1.1 200 OK"
2026-01-13 11:55:23,316 - httpx - INFO - HTTP Request: GET http://procure-x.testmcp.org/queue "HTTP/1.1 200 OK"
2026-01-13 11:55:23,321 - temporal_gateway.servers.load_balancer - INFO - Selected server procure-x (queue_depth=0, gpu_mem=0.0%)
2026-01-13 11:55:23,321 - temporalio.activity - INFO - Selected server: procure-x (http://procure-x.testmcp.org) ({'activity_id': '18', 'activity_type': 'select_best_server', 'attempt': 1, 'namespace': 'default', 'task_queue': 'comfyui-gpu-farm', 'workflow_id': 'chain-image-edit-to-video-pipeline-e57204d1-d6ff-4164-851c-0a2cb567fe2c', 'workflow_run_id': '019bb607-8ebe-7ca9-baae-12dc3fc0eda3', 'workflow_type': 'ChainExecutorWorkflow'})
2026-01-13 11:55:23,341 - temporalio.workflow - INFO - Step extract_frame1: Selected target server: http://procure-x.testmcp.org ({'attempt': 1, 'namespace': 'default', 'run_id': '019bb607-8ebe-7ca9-baae-12dc3fc0eda3', 'task_queue': 'comfyui-gpu-farm', 'workflow_id': 'chain-image-edit-to-video-pipeline-e57204d1-d6ff-4164-851c-0a2cb567fe2c', 'workflow_type': 'ChainExecutorWorkflow'})
2026-01-13 11:55:23,349 - temporalio.activity - INFO - Creating workflow record: imageSave (prompt: pending) ({'activity_id': '19', 'activity_type': 'create_workflow_record', 'attempt': 1, 'namespace': 'default', 'task_queue': 'comfyui-gpu-farm', 'workflow_id': 'chain-image-edit-to-video-pipeline-e57204d1-d6ff-4164-851c-0a2cb567fe2c', 'workflow_run_id': '019bb607-8ebe-7ca9-baae-12dc3fc0eda3', 'workflow_type': 'ChainExecutorWorkflow'})
2026-01-13 11:55:23,352 - temporalio.activity - INFO - ✓ Created workflow record: 5ccfaf1f-8963-4835-8f50-fc4a1f1bc785 ({'activity_id': '19', 'activity_type': 'create_workflow_record', 'attempt': 1, 'namespace': 'default', 'task_queue': 'comfyui-gpu-farm', 'workflow_id': 'chain-image-edit-to-video-pipeline-e57204d1-d6ff-4164-851c-0a2cb567fe2c', 'workflow_run_id': '019bb607-8ebe-7ca9-baae-12dc3fc0eda3', 'workflow_type': 'ChainExecutorWorkflow'})
2026-01-13 11:55:23,361 - temporalio.workflow - INFO - Step extract_frame1: Created workflow record 5ccfaf1f-8963-4835-8f50-fc4a1f1bc785 ({'attempt': 1, 'namespace': 'default', 'run_id': '019bb607-8ebe-7ca9-baae-12dc3fc0eda3', 'task_queue': 'comfyui-gpu-farm', 'workflow_id': 'chain-image-edit-to-video-pipeline-e57204d1-d6ff-4164-851c-0a2cb567fe2c', 'workflow_type': 'ChainExecutorWorkflow'})
2026-01-13 11:55:23,384 - temporalio.workflow - INFO - Starting ComfyUI workflow execution ({'attempt': 1, 'namespace': 'default', 'run_id': '019bb607-cda5-78cb-8d3b-f8eacd9c1464', 'task_queue': 'comfyui-gpu-farm', 'workflow_id': 'chain-image-edit-to-video-pipeline-e57204d1-d6ff-4164-851c-0a2cb567fe2c-extract_frame1', 'workflow_type': 'ComfyUIWorkflow'})
2026-01-13 11:55:23,385 - temporalio.workflow - INFO - Generated client_id: ee2b244c-9c8b-494c-96a4-0692a42b6faa ({'attempt': 1, 'namespace': 'default', 'run_id': '019bb607-cda5-78cb-8d3b-f8eacd9c1464', 'task_queue': 'comfyui-gpu-farm', 'workflow_id': 'chain-image-edit-to-video-pipeline-e57204d1-d6ff-4164-851c-0a2cb567fe2c-extract_frame1', 'workflow_type': 'ComfyUIWorkflow'})
2026-01-13 11:55:23,385 - temporalio.workflow - INFO - Using pre-selected server: http://procure-x.testmcp.org ({'attempt': 1, 'namespace': 'default', 'run_id': '019bb607-cda5-78cb-8d3b-f8eacd9c1464', 'task_queue': 'comfyui-gpu-farm', 'workflow_id': 'chain-image-edit-to-video-pipeline-e57204d1-d6ff-4164-851c-0a2cb567fe2c-extract_frame1', 'workflow_type': 'ComfyUIWorkflow'})
2026-01-13 11:55:23,394 - temporalio.activity - INFO - [V3] Executing workflow on http://procure-x.testmcp.org ({'activity_id': '1', 'activity_type': 'execute_and_track_workflow', 'attempt': 1, 'namespace': 'default', 'task_queue': 'comfyui-gpu-farm', 'workflow_id': 'chain-image-edit-to-video-pipeline-e57204d1-d6ff-4164-851c-0a2cb567fe2c-extract_frame1', 'workflow_run_id': '019bb607-cda5-78cb-8d3b-f8eacd9c1464', 'workflow_type': 'ComfyUIWorkflow'})
2026-01-13 11:55:23,394 - temporalio.activity - INFO - [V3] Workflow name: imageSave ({'activity_id': '1', 'activity_type': 'execute_and_track_workflow', 'attempt': 1, 'namespace': 'default', 'task_queue': 'comfyui-gpu-farm', 'workflow_id': 'chain-image-edit-to-video-pipeline-e57204d1-d6ff-4164-851c-0a2cb567fe2c-extract_frame1', 'workflow_run_id': '019bb607-cda5-78cb-8d3b-f8eacd9c1464', 'workflow_type': 'ComfyUIWorkflow'})
2026-01-13 11:55:23,435 - temporal_gateway.clients.comfy.client - INFO - ComfyUI client initialized for http://procure-x.testmcp.org
2026-01-13 11:55:23,435 - temporal_gateway.clients.comfy.client - INFO - Submitting workflow to ComfyUI
2026-01-13 11:55:23,509 - httpx - INFO - HTTP Request: POST http://procure-x.testmcp.org/prompt "HTTP/1.1 200 OK"
2026-01-13 11:55:23,512 - temporal_gateway.clients.comfy.client - INFO - Workflow queued with prompt_id: f64dba5e-a410-4fcb-a16c-f0ed63c4c00e
2026-01-13 11:55:23,512 - temporal_gateway.clients.comfy.tracker - INFO - Starting execution tracking for prompt f64dba5e-a410-4fcb-a16c-f0ed63c4c00e
2026-01-13 11:55:23,513 - temporal_gateway.clients.comfy.tracker - INFO - Starting history polling
2026-01-13 11:55:23,515 - temporal_gateway.clients.comfy.tracker - INFO - Starting WebSocket listener
2026-01-13 11:55:23,515 - temporal_gateway.clients.comfy.websocket - INFO - Connecting to WebSocket: ws://procure-x.testmcp.org/ws?clientId=f885a331-0cd7-45e7-83fc-bc05b64fa957
2026-01-13 11:55:23,541 - httpx - INFO - HTTP Request: GET http://procure-x.testmcp.org/history/f64dba5e-a410-4fcb-a16c-f0ed63c4c00e "HTTP/1.1 200 OK"
2026-01-13 11:55:23,565 - temporal_gateway.clients.comfy.websocket - INFO - WebSocket connected successfully
2026-01-13 11:55:23,597 - temporal_gateway.clients.comfy.tracker - INFO - [WS] Execution completed successfully
2026-01-13 11:55:23,626 - httpx - INFO - HTTP Request: GET http://procure-x.testmcp.org/history/f64dba5e-a410-4fcb-a16c-f0ed63c4c00e "HTTP/1.1 200 OK"
2026-01-13 11:55:23,627 - temporal_gateway.clients.comfy.tracker - INFO - Tracking completed: success (took 0.11s)
2026-01-13 11:55:23,627 - temporalio.activity - INFO - [V3] Workflow completed successfully ({'activity_id': '1', 'activity_type': 'execute_and_track_workflow', 'attempt': 1, 'namespace': 'default', 'task_queue': 'comfyui-gpu-farm', 'workflow_id': 'chain-image-edit-to-video-pipeline-e57204d1-d6ff-4164-851c-0a2cb567fe2c-extract_frame1', 'workflow_run_id': '019bb607-cda5-78cb-8d3b-f8eacd9c1464', 'workflow_type': 'ComfyUIWorkflow'})
2026-01-13 11:55:23,637 - temporalio.workflow - INFO - Execution completed successfully ({'attempt': 1, 'namespace': 'default', 'run_id': '019bb607-cda5-78cb-8d3b-f8eacd9c1464', 'task_queue': 'comfyui-gpu-farm', 'workflow_id': 'chain-image-edit-to-video-pipeline-e57204d1-d6ff-4164-851c-0a2cb567fe2c-extract_frame1', 'workflow_type': 'ComfyUIWorkflow'})
2026-01-13 11:55:23,647 - temporalio.activity - INFO - Extracting server output files ({'activity_id': '2', 'activity_type': 'get_server_output_files', 'attempt': 1, 'namespace': 'default', 'task_queue': 'comfyui-gpu-farm', 'workflow_id': 'chain-image-edit-to-video-pipeline-e57204d1-d6ff-4164-851c-0a2cb567fe2c-extract_frame1', 'workflow_run_id': '019bb607-cda5-78cb-8d3b-f8eacd9c1464', 'workflow_type': 'ComfyUIWorkflow'})
2026-01-13 11:55:23,647 - temporalio.activity - INFO - Found 1 output file(s) ({'activity_id': '2', 'activity_type': 'get_server_output_files', 'attempt': 1, 'namespace': 'default', 'task_queue': 'comfyui-gpu-farm', 'workflow_id': 'chain-image-edit-to-video-pipeline-e57204d1-d6ff-4164-851c-0a2cb567fe2c-extract_frame1', 'workflow_run_id': '019bb607-cda5-78cb-8d3b-f8eacd9c1464', 'workflow_type': 'ComfyUIWorkflow'})
2026-01-13 11:55:23,657 - temporalio.workflow - INFO - Found 1 server output file(s) ({'attempt': 1, 'namespace': 'default', 'run_id': '019bb607-cda5-78cb-8d3b-f8eacd9c1464', 'task_queue': 'comfyui-gpu-farm', 'workflow_id': 'chain-image-edit-to-video-pipeline-e57204d1-d6ff-4164-851c-0a2cb567fe2c-extract_frame1', 'workflow_type': 'ComfyUIWorkflow'})
2026-01-13 11:55:23,666 - temporalio.activity - INFO - Downloading and persisting 1 artifact(s) for workflow 5ccfaf1f-8963-4835-8f50-fc4a1f1bc785 ({'activity_id': '3', 'activity_type': 'download_and_store_artifacts', 'attempt': 1, 'namespace': 'default', 'task_queue': 'comfyui-gpu-farm', 'workflow_id': 'chain-image-edit-to-video-pipeline-e57204d1-d6ff-4164-851c-0a2cb567fe2c-extract_frame1', 'workflow_run_id': '019bb607-cda5-78cb-8d3b-f8eacd9c1464', 'workflow_type': 'ComfyUIWorkflow'})
2026-01-13 11:55:23,711 - temporal_gateway.clients.comfy.client - INFO - ComfyUI client initialized for http://procure-x.testmcp.org
2026-01-13 11:55:23,764 - httpx - INFO - HTTP Request: GET http://procure-x.testmcp.org/view?filename=ComfyUI_00269_.png&type=output "HTTP/1.1 200 OK"
2026-01-13 11:55:24,078 - temporalio.activity - INFO - ✓ Saved artifact to DB: b9c24d49-3b77-4240-8b9a-a4004d7389c1 (ComfyUI_00269_.png) ({'activity_id': '3', 'activity_type': 'download_and_store_artifacts', 'attempt': 1, 'namespace': 'default', 'task_queue': 'comfyui-gpu-farm', 'workflow_id': 'chain-image-edit-to-video-pipeline-e57204d1-d6ff-4164-851c-0a2cb567fe2c-extract_frame1', 'workflow_run_id': '019bb607-cda5-78cb-8d3b-f8eacd9c1464', 'workflow_type': 'ComfyUIWorkflow'})
2026-01-13 11:55:24,079 - temporalio.activity - INFO - Downloaded and persisted 1 artifact(s) ({'activity_id': '3', 'activity_type': 'download_and_store_artifacts', 'attempt': 1, 'namespace': 'default', 'task_queue': 'comfyui-gpu-farm', 'workflow_id': 'chain-image-edit-to-video-pipeline-e57204d1-d6ff-4164-851c-0a2cb567fe2c-extract_frame1', 'workflow_run_id': '019bb607-cda5-78cb-8d3b-f8eacd9c1464', 'workflow_type': 'ComfyUIWorkflow'})
2026-01-13 11:55:24,089 - temporalio.workflow - INFO - Downloaded 1 file(s) locally ({'attempt': 1, 'namespace': 'default', 'run_id': '019bb607-cda5-78cb-8d3b-f8eacd9c1464', 'task_queue': 'comfyui-gpu-farm', 'workflow_id': 'chain-image-edit-to-video-pipeline-e57204d1-d6ff-4164-851c-0a2cb567fe2c-extract_frame1', 'workflow_type': 'ComfyUIWorkflow'})
2026-01-13 11:55:24,112 - temporalio.activity - INFO - Updating workflow 5ccfaf1f-8963-4835-8f50-fc4a1f1bc785 status to: completed ({'activity_id': '20', 'activity_type': 'update_workflow_status_activity', 'attempt': 1, 'namespace': 'default', 'task_queue': 'comfyui-gpu-farm', 'workflow_id': 'chain-image-edit-to-video-pipeline-e57204d1-d6ff-4164-851c-0a2cb567fe2c', 'workflow_run_id': '019bb607-8ebe-7ca9-baae-12dc3fc0eda3', 'workflow_type': 'ChainExecutorWorkflow'})
2026-01-13 11:55:24,116 - temporalio.activity - INFO - ✓ Updated workflow status ({'activity_id': '20', 'activity_type': 'update_workflow_status_activity', 'attempt': 1, 'namespace': 'default', 'task_queue': 'comfyui-gpu-farm', 'workflow_id': 'chain-image-edit-to-video-pipeline-e57204d1-d6ff-4164-851c-0a2cb567fe2c', 'workflow_run_id': '019bb607-8ebe-7ca9-baae-12dc3fc0eda3', 'workflow_type': 'ChainExecutorWorkflow'})
2026-01-13 11:55:24,125 - temporalio.workflow - INFO - Step extract_frame1: Approval required, fetching artifacts... ({'attempt': 1, 'namespace': 'default', 'run_id': '019bb607-8ebe-7ca9-baae-12dc3fc0eda3', 'task_queue': 'comfyui-gpu-farm', 'workflow_id': 'chain-image-edit-to-video-pipeline-e57204d1-d6ff-4164-851c-0a2cb567fe2c', 'workflow_type': 'ChainExecutorWorkflow'})
2026-01-13 11:55:24,133 - temporalio.activity - INFO - Getting artifacts for workflow: 5ccfaf1f-8963-4835-8f50-fc4a1f1bc785 ({'activity_id': '21', 'activity_type': 'get_workflow_artifacts', 'attempt': 1, 'namespace': 'default', 'task_queue': 'comfyui-gpu-farm', 'workflow_id': 'chain-image-edit-to-video-pipeline-e57204d1-d6ff-4164-851c-0a2cb567fe2c', 'workflow_run_id': '019bb607-8ebe-7ca9-baae-12dc3fc0eda3', 'workflow_type': 'ChainExecutorWorkflow'})
2026-01-13 11:55:24,150 - temporalio.activity - INFO - Creating approval request for artifact: b9c24d49-3b77-4240-8b9a-a4004d7389c1 ({'activity_id': '22', 'activity_type': 'create_approval_request_activity', 'attempt': 1, 'namespace': 'default', 'task_queue': 'comfyui-gpu-farm', 'workflow_id': 'chain-image-edit-to-video-pipeline-e57204d1-d6ff-4164-851c-0a2cb567fe2c', 'workflow_run_id': '019bb607-8ebe-7ca9-baae-12dc3fc0eda3', 'workflow_type': 'ChainExecutorWorkflow'})
2026-01-13 11:55:24,153 - temporalio.activity - INFO - ✓ Created approval request: 15f89186-6c19-4abb-a5d7-2297d31b67c3, token: ggmFSgPUWvpi0tfM... ({'activity_id': '22', 'activity_type': 'create_approval_request_activity', 'attempt': 1, 'namespace': 'default', 'task_queue': 'comfyui-gpu-farm', 'workflow_id': 'chain-image-edit-to-video-pipeline-e57204d1-d6ff-4164-851c-0a2cb567fe2c', 'workflow_run_id': '019bb607-8ebe-7ca9-baae-12dc3fc0eda3', 'workflow_type': 'ChainExecutorWorkflow'})
2026-01-13 11:55:24,154 - temporal_gateway.services.broadcast - INFO - Published approval_requested to chain:6b657434-477e-4bf5-a64a-91d5122be53b
2026-01-13 11:55:24,154 - temporalio.activity - INFO - Published approval_requested event for chain 6b657434-477e-4bf5-a64a-91d5122be53b ({'activity_id': '22', 'activity_type': 'create_approval_request_activity', 'attempt': 1, 'namespace': 'default', 'task_queue': 'comfyui-gpu-farm', 'workflow_id': 'chain-image-edit-to-video-pipeline-e57204d1-d6ff-4164-851c-0a2cb567fe2c', 'workflow_run_id': '019bb607-8ebe-7ca9-baae-12dc3fc0eda3', 'workflow_type': 'ChainExecutorWorkflow'})
2026-01-13 11:55:24,163 - temporalio.workflow - INFO - Step extract_frame1: Approval request created, token: ggmFSgPUWvpi0tfM... ({'attempt': 1, 'namespace': 'default', 'run_id': '019bb607-8ebe-7ca9-baae-12dc3fc0eda3', 'task_queue': 'comfyui-gpu-farm', 'workflow_id': 'chain-image-edit-to-video-pipeline-e57204d1-d6ff-4164-851c-0a2cb567fe2c', 'workflow_type': 'ChainExecutorWorkflow'})
2026-01-13 11:55:28,674 - temporalio.workflow - INFO - Received approval decision for step extract_frame2: approved by cli-user ({'attempt': 1, 'namespace': 'default', 'run_id': '019bb607-8ebe-7ca9-baae-12dc3fc0eda3', 'task_queue': 'comfyui-gpu-farm', 'workflow_id': 'chain-image-edit-to-video-pipeline-e57204d1-d6ff-4164-851c-0a2cb567fe2c', 'workflow_type': 'ChainExecutorWorkflow'})
2026-01-13 11:55:28,675 - temporalio.workflow - INFO - Step extract_frame2: Approved by cli-user ({'attempt': 1, 'namespace': 'default', 'run_id': '019bb607-8ebe-7ca9-baae-12dc3fc0eda3', 'task_queue': 'comfyui-gpu-farm', 'workflow_id': 'chain-image-edit-to-video-pipeline-e57204d1-d6ff-4164-851c-0a2cb567fe2c', 'workflow_type': 'ChainExecutorWorkflow'})
2026-01-13 11:55:28,675 - temporalio.workflow - INFO - Step extract_frame2: Approved, continuing... ({'attempt': 1, 'namespace': 'default', 'run_id': '019bb607-8ebe-7ca9-baae-12dc3fc0eda3', 'task_queue': 'comfyui-gpu-farm', 'workflow_id': 'chain-image-edit-to-video-pipeline-e57204d1-d6ff-4164-851c-0a2cb567fe2c', 'workflow_type': 'ChainExecutorWorkflow'})
2026-01-13 11:55:28,685 - temporalio.activity - INFO - Getting artifacts for workflow: 180982cf-f863-4750-93f2-22d0da7778b5 ({'activity_id': '23', 'activity_type': 'get_workflow_artifacts', 'attempt': 1, 'namespace': 'default', 'task_queue': 'comfyui-gpu-farm', 'workflow_id': 'chain-image-edit-to-video-pipeline-e57204d1-d6ff-4164-851c-0a2cb567fe2c', 'workflow_run_id': '019bb607-8ebe-7ca9-baae-12dc3fc0eda3', 'workflow_type': 'ChainExecutorWorkflow'})
2026-01-13 11:55:28,703 - temporal_gateway.services.broadcast - INFO - Published step_completed to chain:6b657434-477e-4bf5-a64a-91d5122be53b
2026-01-13 11:55:28,703 - temporalio.activity - INFO - Published step_completed event for extract_frame2 in chain 6b657434-477e-4bf5-a64a-91d5122be53b ({'activity_id': '24', 'activity_type': 'publish_step_completed_activity', 'attempt': 1, 'namespace': 'default', 'task_queue': 'comfyui-gpu-farm', 'workflow_id': 'chain-image-edit-to-video-pipeline-e57204d1-d6ff-4164-851c-0a2cb567fe2c', 'workflow_run_id': '019bb607-8ebe-7ca9-baae-12dc3fc0eda3', 'workflow_type': 'ChainExecutorWorkflow'})
2026-01-13 11:55:30,616 - temporalio.workflow - INFO - Received approval decision for step extract_frame1: approved by cli-user ({'attempt': 1, 'namespace': 'default', 'run_id': '019bb607-8ebe-7ca9-baae-12dc3fc0eda3', 'task_queue': 'comfyui-gpu-farm', 'workflow_id': 'chain-image-edit-to-video-pipeline-e57204d1-d6ff-4164-851c-0a2cb567fe2c', 'workflow_type': 'ChainExecutorWorkflow'})
2026-01-13 11:55:30,616 - temporalio.workflow - INFO - Step extract_frame1: Approved by cli-user ({'attempt': 1, 'namespace': 'default', 'run_id': '019bb607-8ebe-7ca9-baae-12dc3fc0eda3', 'task_queue': 'comfyui-gpu-farm', 'workflow_id': 'chain-image-edit-to-video-pipeline-e57204d1-d6ff-4164-851c-0a2cb567fe2c', 'workflow_type': 'ChainExecutorWorkflow'})
2026-01-13 11:55:30,616 - temporalio.workflow - INFO - Step extract_frame1: Approved, continuing... ({'attempt': 1, 'namespace': 'default', 'run_id': '019bb607-8ebe-7ca9-baae-12dc3fc0eda3', 'task_queue': 'comfyui-gpu-farm', 'workflow_id': 'chain-image-edit-to-video-pipeline-e57204d1-d6ff-4164-851c-0a2cb567fe2c', 'workflow_type': 'ChainExecutorWorkflow'})
2026-01-13 11:55:30,626 - temporalio.activity - INFO - Getting artifacts for workflow: 5ccfaf1f-8963-4835-8f50-fc4a1f1bc785 ({'activity_id': '25', 'activity_type': 'get_workflow_artifacts', 'attempt': 1, 'namespace': 'default', 'task_queue': 'comfyui-gpu-farm', 'workflow_id': 'chain-image-edit-to-video-pipeline-e57204d1-d6ff-4164-851c-0a2cb567fe2c', 'workflow_run_id': '019bb607-8ebe-7ca9-baae-12dc3fc0eda3', 'workflow_type': 'ChainExecutorWorkflow'})
2026-01-13 11:55:30,646 - temporal_gateway.services.broadcast - INFO - Published step_completed to chain:6b657434-477e-4bf5-a64a-91d5122be53b
2026-01-13 11:55:30,646 - temporalio.activity - INFO - Published step_completed event for extract_frame1 in chain 6b657434-477e-4bf5-a64a-91d5122be53b ({'activity_id': '26', 'activity_type': 'publish_step_completed_activity', 'attempt': 1, 'namespace': 'default', 'task_queue': 'comfyui-gpu-farm', 'workflow_id': 'chain-image-edit-to-video-pipeline-e57204d1-d6ff-4164-851c-0a2cb567fe2c', 'workflow_run_id': '019bb607-8ebe-7ca9-baae-12dc3fc0eda3', 'workflow_type': 'ChainExecutorWorkflow'})
2026-01-13 11:55:30,658 - temporalio.workflow - INFO - Step extract_frame1: completed ({'attempt': 1, 'namespace': 'default', 'run_id': '019bb607-8ebe-7ca9-baae-12dc3fc0eda3', 'task_queue': 'comfyui-gpu-farm', 'workflow_id': 'chain-image-edit-to-video-pipeline-e57204d1-d6ff-4164-851c-0a2cb567fe2c', 'workflow_type': 'ChainExecutorWorkflow'})
2026-01-13 11:55:30,658 - temporalio.workflow - INFO - Step extract_frame2: completed ({'attempt': 1, 'namespace': 'default', 'run_id': '019bb607-8ebe-7ca9-baae-12dc3fc0eda3', 'task_queue': 'comfyui-gpu-farm', 'workflow_id': 'chain-image-edit-to-video-pipeline-e57204d1-d6ff-4164-851c-0a2cb567fe2c', 'workflow_type': 'ChainExecutorWorkflow'})
2026-01-13 11:55:30,667 - temporalio.activity - INFO - Updating chain 6b657434-477e-4bf5-a64a-91d5122be53b status to: executing_level_1 ({'activity_id': '27', 'activity_type': 'update_chain_status_activity', 'attempt': 1, 'namespace': 'default', 'task_queue': 'comfyui-gpu-farm', 'workflow_id': 'chain-image-edit-to-video-pipeline-e57204d1-d6ff-4164-851c-0a2cb567fe2c', 'workflow_run_id': '019bb607-8ebe-7ca9-baae-12dc3fc0eda3', 'workflow_type': 'ChainExecutorWorkflow'})
2026-01-13 11:55:30,671 - temporalio.activity - INFO - ✓ Updated chain status ({'activity_id': '27', 'activity_type': 'update_chain_status_activity', 'attempt': 1, 'namespace': 'default', 'task_queue': 'comfyui-gpu-farm', 'workflow_id': 'chain-image-edit-to-video-pipeline-e57204d1-d6ff-4164-851c-0a2cb567fe2c', 'workflow_run_id': '019bb607-8ebe-7ca9-baae-12dc3fc0eda3', 'workflow_type': 'ChainExecutorWorkflow'})
2026-01-13 11:55:30,681 - temporalio.workflow - INFO - Level 1: Executing 2 step(s) ({'attempt': 1, 'namespace': 'default', 'run_id': '019bb607-8ebe-7ca9-baae-12dc3fc0eda3', 'task_queue': 'comfyui-gpu-farm', 'workflow_id': 'chain-image-edit-to-video-pipeline-e57204d1-d6ff-4164-851c-0a2cb567fe2c', 'workflow_type': 'ChainExecutorWorkflow'})
2026-01-13 11:55:30,681 - temporalio.workflow - INFO - Executing step: edit_frame1 ({'attempt': 1, 'namespace': 'default', 'run_id': '019bb607-8ebe-7ca9-baae-12dc3fc0eda3', 'task_queue': 'comfyui-gpu-farm', 'workflow_id': 'chain-image-edit-to-video-pipeline-e57204d1-d6ff-4164-851c-0a2cb567fe2c', 'workflow_type': 'ChainExecutorWorkflow'})
2026-01-13 11:55:30,682 - temporalio.workflow - INFO - Executing step: edit_frame2 ({'attempt': 1, 'namespace': 'default', 'run_id': '019bb607-8ebe-7ca9-baae-12dc3fc0eda3', 'task_queue': 'comfyui-gpu-farm', 'workflow_id': 'chain-image-edit-to-video-pipeline-e57204d1-d6ff-4164-851c-0a2cb567fe2c', 'workflow_type': 'ChainExecutorWorkflow'})
2026-01-13 11:55:30,691 - temporalio.activity - INFO - Resolving templates in parameters ({'activity_id': '29', 'activity_type': 'resolve_chain_templates', 'attempt': 1, 'namespace': 'default', 'task_queue': 'comfyui-gpu-farm', 'workflow_id': 'chain-image-edit-to-video-pipeline-e57204d1-d6ff-4164-851c-0a2cb567fe2c', 'workflow_run_id': '019bb607-8ebe-7ca9-baae-12dc3fc0eda3', 'workflow_type': 'ChainExecutorWorkflow'})
2026-01-13 11:55:30,694 - temporalio.activity - INFO - Templates resolved successfully ({'activity_id': '29', 'activity_type': 'resolve_chain_templates', 'attempt': 1, 'namespace': 'default', 'task_queue': 'comfyui-gpu-farm', 'workflow_id': 'chain-image-edit-to-video-pipeline-e57204d1-d6ff-4164-851c-0a2cb567fe2c', 'workflow_run_id': '019bb607-8ebe-7ca9-baae-12dc3fc0eda3', 'workflow_type': 'ChainExecutorWorkflow'})
2026-01-13 11:55:30,697 - temporalio.activity - INFO - Resolving templates in parameters ({'activity_id': '28', 'activity_type': 'resolve_chain_templates', 'attempt': 1, 'namespace': 'default', 'task_queue': 'comfyui-gpu-farm', 'workflow_id': 'chain-image-edit-to-video-pipeline-e57204d1-d6ff-4164-851c-0a2cb567fe2c', 'workflow_run_id': '019bb607-8ebe-7ca9-baae-12dc3fc0eda3', 'workflow_type': 'ChainExecutorWorkflow'})
2026-01-13 11:55:30,698 - temporalio.activity - INFO - Templates resolved successfully ({'activity_id': '28', 'activity_type': 'resolve_chain_templates', 'attempt': 1, 'namespace': 'default', 'task_queue': 'comfyui-gpu-farm', 'workflow_id': 'chain-image-edit-to-video-pipeline-e57204d1-d6ff-4164-851c-0a2cb567fe2c', 'workflow_run_id': '019bb607-8ebe-7ca9-baae-12dc3fc0eda3', 'workflow_type': 'ChainExecutorWorkflow'})
2026-01-13 11:55:30,706 - temporalio.workflow - INFO - Step edit_frame2: Resolved parameters ({'attempt': 1, 'namespace': 'default', 'run_id': '019bb607-8ebe-7ca9-baae-12dc3fc0eda3', 'task_queue': 'comfyui-gpu-farm', 'workflow_id': 'chain-image-edit-to-video-pipeline-e57204d1-d6ff-4164-851c-0a2cb567fe2c', 'workflow_type': 'ChainExecutorWorkflow'})
2026-01-13 11:55:30,706 - temporalio.workflow - INFO - Step edit_frame1: Resolved parameters ({'attempt': 1, 'namespace': 'default', 'run_id': '019bb607-8ebe-7ca9-baae-12dc3fc0eda3', 'task_queue': 'comfyui-gpu-farm', 'workflow_id': 'chain-image-edit-to-video-pipeline-e57204d1-d6ff-4164-851c-0a2cb567fe2c', 'workflow_type': 'ChainExecutorWorkflow'})
2026-01-13 11:55:30,715 - temporalio.activity - INFO - Applying parameters to workflow: qwen_image_edit ({'activity_id': '31', 'activity_type': 'apply_workflow_parameters', 'attempt': 1, 'namespace': 'default', 'task_queue': 'comfyui-gpu-farm', 'workflow_id': 'chain-image-edit-to-video-pipeline-e57204d1-d6ff-4164-851c-0a2cb567fe2c', 'workflow_run_id': '019bb607-8ebe-7ca9-baae-12dc3fc0eda3', 'workflow_type': 'ChainExecutorWorkflow'})
2026-01-13 11:55:30,716 - temporal_gateway.registry - INFO - Applied override: 111.prompt = Make the scene more vibrant and colorful with enhanced details
2026-01-13 11:55:30,716 - temporal_gateway.registry - INFO - Applied override: 78.image = ComfyUI_00269_.png
2026-01-13 11:55:30,716 - temporalio.activity - INFO - Parameters applied successfully ({'activity_id': '31', 'activity_type': 'apply_workflow_parameters', 'attempt': 1, 'namespace': 'default', 'task_queue': 'comfyui-gpu-farm', 'workflow_id': 'chain-image-edit-to-video-pipeline-e57204d1-d6ff-4164-851c-0a2cb567fe2c', 'workflow_run_id': '019bb607-8ebe-7ca9-baae-12dc3fc0eda3', 'workflow_type': 'ChainExecutorWorkflow'})
2026-01-13 11:55:30,718 - temporalio.activity - INFO - Applying parameters to workflow: qwen_image_edit ({'activity_id': '30', 'activity_type': 'apply_workflow_parameters', 'attempt': 1, 'namespace': 'default', 'task_queue': 'comfyui-gpu-farm', 'workflow_id': 'chain-image-edit-to-video-pipeline-e57204d1-d6ff-4164-851c-0a2cb567fe2c', 'workflow_run_id': '019bb607-8ebe-7ca9-baae-12dc3fc0eda3', 'workflow_type': 'ChainExecutorWorkflow'})
2026-01-13 11:55:30,718 - temporal_gateway.registry - INFO - Applied override: 111.prompt = Make the scene more vibrant and colorful with enhanced details
2026-01-13 11:55:30,718 - temporal_gateway.registry - INFO - Applied override: 78.image = ComfyUI_00268_.png
2026-01-13 11:55:30,719 - temporalio.activity - INFO - Parameters applied successfully ({'activity_id': '30', 'activity_type': 'apply_workflow_parameters', 'attempt': 1, 'namespace': 'default', 'task_queue': 'comfyui-gpu-farm', 'workflow_id': 'chain-image-edit-to-video-pipeline-e57204d1-d6ff-4164-851c-0a2cb567fe2c', 'workflow_run_id': '019bb607-8ebe-7ca9-baae-12dc3fc0eda3', 'workflow_type': 'ChainExecutorWorkflow'})
2026-01-13 11:55:30,735 - temporalio.activity - INFO - Selecting server with strategy: least_loaded ({'activity_id': '33', 'activity_type': 'select_best_server', 'attempt': 1, 'namespace': 'default', 'task_queue': 'comfyui-gpu-farm', 'workflow_id': 'chain-image-edit-to-video-pipeline-e57204d1-d6ff-4164-851c-0a2cb567fe2c', 'workflow_run_id': '019bb607-8ebe-7ca9-baae-12dc3fc0eda3', 'workflow_type': 'ChainExecutorWorkflow'})
2026-01-13 11:55:30,781 - temporalio.activity - INFO - Selecting server with strategy: least_loaded ({'activity_id': '32', 'activity_type': 'select_best_server', 'attempt': 1, 'namespace': 'default', 'task_queue': 'comfyui-gpu-farm', 'workflow_id': 'chain-image-edit-to-video-pipeline-e57204d1-d6ff-4164-851c-0a2cb567fe2c', 'workflow_run_id': '019bb607-8ebe-7ca9-baae-12dc3fc0eda3', 'workflow_type': 'ChainExecutorWorkflow'})
2026-01-13 11:55:30,913 - httpx - INFO - HTTP Request: GET http://procure-x.testmcp.org/system_stats "HTTP/1.1 200 OK"
2026-01-13 11:55:30,932 - httpx - INFO - HTTP Request: GET http://procure-x.testmcp.org/system_stats "HTTP/1.1 200 OK"
2026-01-13 11:55:30,948 - httpx - INFO - HTTP Request: GET http://procure-x.testmcp.org/queue "HTTP/1.1 200 OK"
2026-01-13 11:55:30,949 - temporal_gateway.servers.load_balancer - INFO - Selected server procure-x (queue_depth=0, gpu_mem=0.0%)
2026-01-13 11:55:30,949 - temporalio.activity - INFO - Selected server: procure-x (http://procure-x.testmcp.org) ({'activity_id': '32', 'activity_type': 'select_best_server', 'attempt': 1, 'namespace': 'default', 'task_queue': 'comfyui-gpu-farm', 'workflow_id': 'chain-image-edit-to-video-pipeline-e57204d1-d6ff-4164-851c-0a2cb567fe2c', 'workflow_run_id': '019bb607-8ebe-7ca9-baae-12dc3fc0eda3', 'workflow_type': 'ChainExecutorWorkflow'})
2026-01-13 11:55:30,957 - temporalio.workflow - INFO - Step edit_frame1: Selected target server: http://procure-x.testmcp.org ({'attempt': 1, 'namespace': 'default', 'run_id': '019bb607-8ebe-7ca9-baae-12dc3fc0eda3', 'task_queue': 'comfyui-gpu-farm', 'workflow_id': 'chain-image-edit-to-video-pipeline-e57204d1-d6ff-4164-851c-0a2cb567fe2c', 'workflow_type': 'ChainExecutorWorkflow'})
2026-01-13 11:55:30,958 - temporalio.workflow - INFO - Step edit_frame1: Processing 1 dependency step(s) ({'attempt': 1, 'namespace': 'default', 'run_id': '019bb607-8ebe-7ca9-baae-12dc3fc0eda3', 'task_queue': 'comfyui-gpu-farm', 'workflow_id': 'chain-image-edit-to-video-pipeline-e57204d1-d6ff-4164-851c-0a2cb567fe2c', 'workflow_type': 'ChainExecutorWorkflow'})
2026-01-13 11:55:30,963 - httpx - INFO - HTTP Request: GET http://procure-x.testmcp.org/queue "HTTP/1.1 200 OK"
2026-01-13 11:55:30,964 - temporal_gateway.servers.load_balancer - INFO - Selected server procure-x (queue_depth=0, gpu_mem=0.0%)
2026-01-13 11:55:30,965 - temporalio.activity - INFO - Selected server: procure-x (http://procure-x.testmcp.org) ({'activity_id': '33', 'activity_type': 'select_best_server', 'attempt': 1, 'namespace': 'default', 'task_queue': 'comfyui-gpu-farm', 'workflow_id': 'chain-image-edit-to-video-pipeline-e57204d1-d6ff-4164-851c-0a2cb567fe2c', 'workflow_run_id': '019bb607-8ebe-7ca9-baae-12dc3fc0eda3', 'workflow_type': 'ChainExecutorWorkflow'})
2026-01-13 11:55:30,965 - temporalio.activity - INFO - Getting artifacts for workflow: 5ccfaf1f-8963-4835-8f50-fc4a1f1bc785 ({'activity_id': '34', 'activity_type': 'get_workflow_artifacts', 'attempt': 1, 'namespace': 'default', 'task_queue': 'comfyui-gpu-farm', 'workflow_id': 'chain-image-edit-to-video-pipeline-e57204d1-d6ff-4164-851c-0a2cb567fe2c', 'workflow_run_id': '019bb607-8ebe-7ca9-baae-12dc3fc0eda3', 'workflow_type': 'ChainExecutorWorkflow'})
2026-01-13 11:55:30,975 - temporalio.workflow - INFO - Step edit_frame2: Selected target server: http://procure-x.testmcp.org ({'attempt': 1, 'namespace': 'default', 'run_id': '019bb607-8ebe-7ca9-baae-12dc3fc0eda3', 'task_queue': 'comfyui-gpu-farm', 'workflow_id': 'chain-image-edit-to-video-pipeline-e57204d1-d6ff-4164-851c-0a2cb567fe2c', 'workflow_type': 'ChainExecutorWorkflow'})
2026-01-13 11:55:30,975 - temporalio.workflow - INFO - Step edit_frame2: Processing 1 dependency step(s) ({'attempt': 1, 'namespace': 'default', 'run_id': '019bb607-8ebe-7ca9-baae-12dc3fc0eda3', 'task_queue': 'comfyui-gpu-farm', 'workflow_id': 'chain-image-edit-to-video-pipeline-e57204d1-d6ff-4164-851c-0a2cb567fe2c', 'workflow_type': 'ChainExecutorWorkflow'})
2026-01-13 11:55:30,975 - temporalio.workflow - INFO - Transferring 1 artifact(s) from extract_frame1 to http://procure-x.testmcp.org ({'attempt': 1, 'namespace': 'default', 'run_id': '019bb607-8ebe-7ca9-baae-12dc3fc0eda3', 'task_queue': 'comfyui-gpu-farm', 'workflow_id': 'chain-image-edit-to-video-pipeline-e57204d1-d6ff-4164-851c-0a2cb567fe2c', 'workflow_type': 'ChainExecutorWorkflow'})
2026-01-13 11:55:30,983 - temporalio.activity - INFO - Transferring 1 artifact(s) from workflow 5ccfaf1f-8963-4835-8f50-fc4a1f1bc785 to http://procure-x.testmcp.org ({'activity_id': '36', 'activity_type': 'transfer_artifacts_from_storage', 'attempt': 1, 'namespace': 'default', 'task_queue': 'comfyui-gpu-farm', 'workflow_id': 'chain-image-edit-to-video-pipeline-e57204d1-d6ff-4164-851c-0a2cb567fe2c', 'workflow_run_id': '019bb607-8ebe-7ca9-baae-12dc3fc0eda3', 'workflow_type': 'ChainExecutorWorkflow'})
2026-01-13 11:55:31,033 - temporal_gateway.clients.comfy.client - INFO - ComfyUI client initialized for http://procure-x.testmcp.org
2026-01-13 11:55:31,049 - temporalio.activity - INFO - Uploading: ComfyUI_00269_.png from local storage to http://procure-x.testmcp.org/input/ ({'activity_id': '36', 'activity_type': 'transfer_artifacts_from_storage', 'attempt': 1, 'namespace': 'default', 'task_queue': 'comfyui-gpu-farm', 'workflow_id': 'chain-image-edit-to-video-pipeline-e57204d1-d6ff-4164-851c-0a2cb567fe2c', 'workflow_run_id': '019bb607-8ebe-7ca9-baae-12dc3fc0eda3', 'workflow_type': 'ChainExecutorWorkflow'})
2026-01-13 11:55:31,056 - temporalio.activity - INFO - Getting artifacts for workflow: 180982cf-f863-4750-93f2-22d0da7778b5 ({'activity_id': '35', 'activity_type': 'get_workflow_artifacts', 'attempt': 1, 'namespace': 'default', 'task_queue': 'comfyui-gpu-farm', 'workflow_id': 'chain-image-edit-to-video-pipeline-e57204d1-d6ff-4164-851c-0a2cb567fe2c', 'workflow_run_id': '019bb607-8ebe-7ca9-baae-12dc3fc0eda3', 'workflow_type': 'ChainExecutorWorkflow'})
2026-01-13 11:55:31,076 - temporalio.workflow - INFO - Transferring 1 artifact(s) from extract_frame2 to http://procure-x.testmcp.org ({'attempt': 1, 'namespace': 'default', 'run_id': '019bb607-8ebe-7ca9-baae-12dc3fc0eda3', 'task_queue': 'comfyui-gpu-farm', 'workflow_id': 'chain-image-edit-to-video-pipeline-e57204d1-d6ff-4164-851c-0a2cb567fe2c', 'workflow_type': 'ChainExecutorWorkflow'})
2026-01-13 11:55:31,089 - temporalio.activity - INFO - Transferring 1 artifact(s) from workflow 180982cf-f863-4750-93f2-22d0da7778b5 to http://procure-x.testmcp.org ({'activity_id': '37', 'activity_type': 'transfer_artifacts_from_storage', 'attempt': 1, 'namespace': 'default', 'task_queue': 'comfyui-gpu-farm', 'workflow_id': 'chain-image-edit-to-video-pipeline-e57204d1-d6ff-4164-851c-0a2cb567fe2c', 'workflow_run_id': '019bb607-8ebe-7ca9-baae-12dc3fc0eda3', 'workflow_type': 'ChainExecutorWorkflow'})
2026-01-13 11:55:31,138 - temporal_gateway.clients.comfy.client - INFO - ComfyUI client initialized for http://procure-x.testmcp.org
2026-01-13 11:55:31,143 - temporalio.activity - INFO - Uploading: ComfyUI_00268_.png from local storage to http://procure-x.testmcp.org/input/ ({'activity_id': '37', 'activity_type': 'transfer_artifacts_from_storage', 'attempt': 1, 'namespace': 'default', 'task_queue': 'comfyui-gpu-farm', 'workflow_id': 'chain-image-edit-to-video-pipeline-e57204d1-d6ff-4164-851c-0a2cb567fe2c', 'workflow_run_id': '019bb607-8ebe-7ca9-baae-12dc3fc0eda3', 'workflow_type': 'ChainExecutorWorkflow'})
2026-01-13 11:55:31,339 - httpx - INFO - HTTP Request: POST http://procure-x.testmcp.org/upload/image "HTTP/1.1 200 OK"
2026-01-13 11:55:31,342 - temporalio.activity - INFO - ✓ Uploaded: ComfyUI_00269_.png (105368 bytes) ({'activity_id': '36', 'activity_type': 'transfer_artifacts_from_storage', 'attempt': 1, 'namespace': 'default', 'task_queue': 'comfyui-gpu-farm', 'workflow_id': 'chain-image-edit-to-video-pipeline-e57204d1-d6ff-4164-851c-0a2cb567fe2c', 'workflow_run_id': '019bb607-8ebe-7ca9-baae-12dc3fc0eda3', 'workflow_type': 'ChainExecutorWorkflow'})
2026-01-13 11:55:31,361 - temporalio.activity - INFO - Successfully transferred 1 file(s) ({'activity_id': '36', 'activity_type': 'transfer_artifacts_from_storage', 'attempt': 1, 'namespace': 'default', 'task_queue': 'comfyui-gpu-farm', 'workflow_id': 'chain-image-edit-to-video-pipeline-e57204d1-d6ff-4164-851c-0a2cb567fe2c', 'workflow_run_id': '019bb607-8ebe-7ca9-baae-12dc3fc0eda3', 'workflow_type': 'ChainExecutorWorkflow'})
2026-01-13 11:55:31,366 - httpx - INFO - HTTP Request: POST http://procure-x.testmcp.org/upload/image "HTTP/1.1 200 OK"
2026-01-13 11:55:31,371 - temporalio.activity - INFO - ✓ Uploaded: ComfyUI_00268_.png (119859 bytes) ({'activity_id': '37', 'activity_type': 'transfer_artifacts_from_storage', 'attempt': 1, 'namespace': 'default', 'task_queue': 'comfyui-gpu-farm', 'workflow_id': 'chain-image-edit-to-video-pipeline-e57204d1-d6ff-4164-851c-0a2cb567fe2c', 'workflow_run_id': '019bb607-8ebe-7ca9-baae-12dc3fc0eda3', 'workflow_type': 'ChainExecutorWorkflow'})
2026-01-13 11:55:31,384 - temporalio.activity - INFO - Successfully transferred 1 file(s) ({'activity_id': '37', 'activity_type': 'transfer_artifacts_from_storage', 'attempt': 1, 'namespace': 'default', 'task_queue': 'comfyui-gpu-farm', 'workflow_id': 'chain-image-edit-to-video-pipeline-e57204d1-d6ff-4164-851c-0a2cb567fe2c', 'workflow_run_id': '019bb607-8ebe-7ca9-baae-12dc3fc0eda3', 'workflow_type': 'ChainExecutorWorkflow'})
2026-01-13 11:55:31,411 - temporalio.activity - INFO - Creating workflow record: qwen_image_edit (prompt: pending) ({'activity_id': '38', 'activity_type': 'create_workflow_record', 'attempt': 1, 'namespace': 'default', 'task_queue': 'comfyui-gpu-farm', 'workflow_id': 'chain-image-edit-to-video-pipeline-e57204d1-d6ff-4164-851c-0a2cb567fe2c', 'workflow_run_id': '019bb607-8ebe-7ca9-baae-12dc3fc0eda3', 'workflow_type': 'ChainExecutorWorkflow'})
2026-01-13 11:55:31,414 - temporalio.activity - INFO - ✓ Created workflow record: 0e9669b6-fde6-42bc-a07f-69bf69c74ed5 ({'activity_id': '38', 'activity_type': 'create_workflow_record', 'attempt': 1, 'namespace': 'default', 'task_queue': 'comfyui-gpu-farm', 'workflow_id': 'chain-image-edit-to-video-pipeline-e57204d1-d6ff-4164-851c-0a2cb567fe2c', 'workflow_run_id': '019bb607-8ebe-7ca9-baae-12dc3fc0eda3', 'workflow_type': 'ChainExecutorWorkflow'})
2026-01-13 11:55:31,415 - temporalio.activity - INFO - Creating workflow record: qwen_image_edit (prompt: pending) ({'activity_id': '39', 'activity_type': 'create_workflow_record', 'attempt': 1, 'namespace': 'default', 'task_queue': 'comfyui-gpu-farm', 'workflow_id': 'chain-image-edit-to-video-pipeline-e57204d1-d6ff-4164-851c-0a2cb567fe2c', 'workflow_run_id': '019bb607-8ebe-7ca9-baae-12dc3fc0eda3', 'workflow_type': 'ChainExecutorWorkflow'})
2026-01-13 11:55:31,419 - temporalio.activity - INFO - ✓ Created workflow record: 8772697e-4d0d-40c8-b4ec-e5c3a3e12206 ({'activity_id': '39', 'activity_type': 'create_workflow_record', 'attempt': 1, 'namespace': 'default', 'task_queue': 'comfyui-gpu-farm', 'workflow_id': 'chain-image-edit-to-video-pipeline-e57204d1-d6ff-4164-851c-0a2cb567fe2c', 'workflow_run_id': '019bb607-8ebe-7ca9-baae-12dc3fc0eda3', 'workflow_type': 'ChainExecutorWorkflow'})
2026-01-13 11:55:31,430 - temporalio.workflow - INFO - Step edit_frame1: Created workflow record 0e9669b6-fde6-42bc-a07f-69bf69c74ed5 ({'attempt': 1, 'namespace': 'default', 'run_id': '019bb607-8ebe-7ca9-baae-12dc3fc0eda3', 'task_queue': 'comfyui-gpu-farm', 'workflow_id': 'chain-image-edit-to-video-pipeline-e57204d1-d6ff-4164-851c-0a2cb567fe2c', 'workflow_type': 'ChainExecutorWorkflow'})
2026-01-13 11:55:31,439 - temporalio.workflow - INFO - Step edit_frame2: Created workflow record 8772697e-4d0d-40c8-b4ec-e5c3a3e12206 ({'attempt': 1, 'namespace': 'default', 'run_id': '019bb607-8ebe-7ca9-baae-12dc3fc0eda3', 'task_queue': 'comfyui-gpu-farm', 'workflow_id': 'chain-image-edit-to-video-pipeline-e57204d1-d6ff-4164-851c-0a2cb567fe2c', 'workflow_type': 'ChainExecutorWorkflow'})
2026-01-13 11:55:31,458 - temporalio.workflow - INFO - Starting ComfyUI workflow execution ({'attempt': 1, 'namespace': 'default', 'run_id': '019bb607-ed2e-73f6-be55-e0b0c4447622', 'task_queue': 'comfyui-gpu-farm', 'workflow_id': 'chain-image-edit-to-video-pipeline-e57204d1-d6ff-4164-851c-0a2cb567fe2c-edit_frame1', 'workflow_type': 'ComfyUIWorkflow'})
2026-01-13 11:55:31,459 - temporalio.workflow - INFO - Generated client_id: 89f4c2d8-3a7a-4c41-bf5e-a1514ee0a8e5 ({'attempt': 1, 'namespace': 'default', 'run_id': '019bb607-ed2e-73f6-be55-e0b0c4447622', 'task_queue': 'comfyui-gpu-farm', 'workflow_id': 'chain-image-edit-to-video-pipeline-e57204d1-d6ff-4164-851c-0a2cb567fe2c-edit_frame1', 'workflow_type': 'ComfyUIWorkflow'})
2026-01-13 11:55:31,461 - temporalio.workflow - INFO - Using pre-selected server: http://procure-x.testmcp.org ({'attempt': 1, 'namespace': 'default', 'run_id': '019bb607-ed2e-73f6-be55-e0b0c4447622', 'task_queue': 'comfyui-gpu-farm', 'workflow_id': 'chain-image-edit-to-video-pipeline-e57204d1-d6ff-4164-851c-0a2cb567fe2c-edit_frame1', 'workflow_type': 'ComfyUIWorkflow'})
2026-01-13 11:55:31,470 - temporalio.workflow - INFO - Starting ComfyUI workflow execution ({'attempt': 1, 'namespace': 'default', 'run_id': '019bb607-ed37-7d56-b05d-1a52aaee82f4', 'task_queue': 'comfyui-gpu-farm', 'workflow_id': 'chain-image-edit-to-video-pipeline-e57204d1-d6ff-4164-851c-0a2cb567fe2c-edit_frame2', 'workflow_type': 'ComfyUIWorkflow'})
2026-01-13 11:55:31,470 - temporalio.workflow - INFO - Generated client_id: 9de84af3-16bd-476c-9409-43f7529838b4 ({'attempt': 1, 'namespace': 'default', 'run_id': '019bb607-ed37-7d56-b05d-1a52aaee82f4', 'task_queue': 'comfyui-gpu-farm', 'workflow_id': 'chain-image-edit-to-video-pipeline-e57204d1-d6ff-4164-851c-0a2cb567fe2c-edit_frame2', 'workflow_type': 'ComfyUIWorkflow'})
2026-01-13 11:55:31,471 - temporalio.activity - INFO - [V3] Executing workflow on http://procure-x.testmcp.org ({'activity_id': '1', 'activity_type': 'execute_and_track_workflow', 'attempt': 1, 'namespace': 'default', 'task_queue': 'comfyui-gpu-farm', 'workflow_id': 'chain-image-edit-to-video-pipeline-e57204d1-d6ff-4164-851c-0a2cb567fe2c-edit_frame1', 'workflow_run_id': '019bb607-ed2e-73f6-be55-e0b0c4447622', 'workflow_type': 'ComfyUIWorkflow'})
2026-01-13 11:55:31,471 - temporalio.workflow - INFO - Using pre-selected server: http://procure-x.testmcp.org ({'attempt': 1, 'namespace': 'default', 'run_id': '019bb607-ed37-7d56-b05d-1a52aaee82f4', 'task_queue': 'comfyui-gpu-farm', 'workflow_id': 'chain-image-edit-to-video-pipeline-e57204d1-d6ff-4164-851c-0a2cb567fe2c-edit_frame2', 'workflow_type': 'ComfyUIWorkflow'})
2026-01-13 11:55:31,471 - temporalio.activity - INFO - [V3] Workflow name: qwen_image_edit ({'activity_id': '1', 'activity_type': 'execute_and_track_workflow', 'attempt': 1, 'namespace': 'default', 'task_queue': 'comfyui-gpu-farm', 'workflow_id': 'chain-image-edit-to-video-pipeline-e57204d1-d6ff-4164-851c-0a2cb567fe2c-edit_frame1', 'workflow_run_id': '019bb607-ed2e-73f6-be55-e0b0c4447622', 'workflow_type': 'ComfyUIWorkflow'})
2026-01-13 11:55:31,513 - temporal_gateway.clients.comfy.client - INFO - ComfyUI client initialized for http://procure-x.testmcp.org
2026-01-13 11:55:31,514 - temporal_gateway.clients.comfy.client - INFO - Submitting workflow to ComfyUI
2026-01-13 11:55:31,523 - temporalio.activity - INFO - [V3] Executing workflow on http://procure-x.testmcp.org ({'activity_id': '1', 'activity_type': 'execute_and_track_workflow', 'attempt': 1, 'namespace': 'default', 'task_queue': 'comfyui-gpu-farm', 'workflow_id': 'chain-image-edit-to-video-pipeline-e57204d1-d6ff-4164-851c-0a2cb567fe2c-edit_frame2', 'workflow_run_id': '019bb607-ed37-7d56-b05d-1a52aaee82f4', 'workflow_type': 'ComfyUIWorkflow'})
2026-01-13 11:55:31,523 - temporalio.activity - INFO - [V3] Workflow name: qwen_image_edit ({'activity_id': '1', 'activity_type': 'execute_and_track_workflow', 'attempt': 1, 'namespace': 'default', 'task_queue': 'comfyui-gpu-farm', 'workflow_id': 'chain-image-edit-to-video-pipeline-e57204d1-d6ff-4164-851c-0a2cb567fe2c-edit_frame2', 'workflow_run_id': '019bb607-ed37-7d56-b05d-1a52aaee82f4', 'workflow_type': 'ComfyUIWorkflow'})
2026-01-13 11:55:31,563 - temporal_gateway.clients.comfy.client - INFO - ComfyUI client initialized for http://procure-x.testmcp.org
2026-01-13 11:55:31,563 - temporal_gateway.clients.comfy.client - INFO - Submitting workflow to ComfyUI
2026-01-13 11:55:31,659 - httpx - INFO - HTTP Request: POST http://procure-x.testmcp.org/prompt "HTTP/1.1 200 OK"
2026-01-13 11:55:31,660 - temporal_gateway.clients.comfy.client - INFO - Workflow queued with prompt_id: 7b9cd290-e41e-409c-8d22-09eb9e07629a
2026-01-13 11:55:31,660 - temporal_gateway.clients.comfy.tracker - INFO - Starting execution tracking for prompt 7b9cd290-e41e-409c-8d22-09eb9e07629a
2026-01-13 11:55:31,660 - temporal_gateway.clients.comfy.tracker - INFO - Starting history polling
2026-01-13 11:55:31,661 - temporal_gateway.clients.comfy.tracker - INFO - Starting WebSocket listener
2026-01-13 11:55:31,661 - temporal_gateway.clients.comfy.websocket - INFO - Connecting to WebSocket: ws://procure-x.testmcp.org/ws?clientId=cc830cc0-2978-465d-b757-5cbcd8ca0857
2026-01-13 11:55:31,706 - httpx - INFO - HTTP Request: POST http://procure-x.testmcp.org/prompt "HTTP/1.1 200 OK"
2026-01-13 11:55:31,707 - temporal_gateway.clients.comfy.client - INFO - Workflow queued with prompt_id: b5b54404-c8b3-4a85-bac9-aa56e919bc10
2026-01-13 11:55:31,707 - temporal_gateway.clients.comfy.tracker - INFO - Starting execution tracking for prompt b5b54404-c8b3-4a85-bac9-aa56e919bc10
2026-01-13 11:55:31,707 - temporal_gateway.clients.comfy.tracker - INFO - Starting history polling
2026-01-13 11:55:31,707 - temporal_gateway.clients.comfy.tracker - INFO - Starting WebSocket listener
2026-01-13 11:55:31,707 - temporal_gateway.clients.comfy.websocket - INFO - Connecting to WebSocket: ws://procure-x.testmcp.org/ws?clientId=6139ea39-b4e3-4464-b17d-0cb01bc086f4
2026-01-13 11:55:32,125 - httpx - INFO - HTTP Request: GET http://procure-x.testmcp.org/history/b5b54404-c8b3-4a85-bac9-aa56e919bc10 "HTTP/1.1 200 OK"
2026-01-13 11:55:32,127 - httpx - INFO - HTTP Request: GET http://procure-x.testmcp.org/history/7b9cd290-e41e-409c-8d22-09eb9e07629a "HTTP/1.1 200 OK"
2026-01-13 11:55:32,127 - temporal_gateway.clients.comfy.websocket - INFO - WebSocket connected successfully
2026-01-13 11:55:32,127 - temporal_gateway.clients.comfy.websocket - INFO - WebSocket connected successfully
2026-01-13 11:55:33,150 - httpx - INFO - HTTP Request: GET http://procure-x.testmcp.org/history/7b9cd290-e41e-409c-8d22-09eb9e07629a "HTTP/1.1 200 OK"
2026-01-13 11:55:33,155 - httpx - INFO - HTTP Request: GET http://procure-x.testmcp.org/history/b5b54404-c8b3-4a85-bac9-aa56e919bc10 "HTTP/1.1 200 OK"
2026-01-13 11:55:34,177 - httpx - INFO - HTTP Request: GET http://procure-x.testmcp.org/history/b5b54404-c8b3-4a85-bac9-aa56e919bc10 "HTTP/1.1 200 OK"
2026-01-13 11:55:34,185 - httpx - INFO - HTTP Request: GET http://procure-x.testmcp.org/history/7b9cd290-e41e-409c-8d22-09eb9e07629a "HTTP/1.1 200 OK"
2026-01-13 11:55:35,200 - httpx - INFO - HTTP Request: GET http://procure-x.testmcp.org/history/b5b54404-c8b3-4a85-bac9-aa56e919bc10 "HTTP/1.1 200 OK"
2026-01-13 11:55:35,205 - httpx - INFO - HTTP Request: GET http://procure-x.testmcp.org/history/7b9cd290-e41e-409c-8d22-09eb9e07629a "HTTP/1.1 200 OK"
2026-01-13 11:55:36,231 - httpx - INFO - HTTP Request: GET http://procure-x.testmcp.org/history/7b9cd290-e41e-409c-8d22-09eb9e07629a "HTTP/1.1 200 OK"
2026-01-13 11:55:36,306 - httpx - INFO - HTTP Request: GET http://procure-x.testmcp.org/history/b5b54404-c8b3-4a85-bac9-aa56e919bc10 "HTTP/1.1 200 OK"
2026-01-13 11:55:37,259 - httpx - INFO - HTTP Request: GET http://procure-x.testmcp.org/history/7b9cd290-e41e-409c-8d22-09eb9e07629a "HTTP/1.1 200 OK"
2026-01-13 11:55:37,354 - httpx - INFO - HTTP Request: GET http://procure-x.testmcp.org/history/b5b54404-c8b3-4a85-bac9-aa56e919bc10 "HTTP/1.1 200 OK"
2026-01-13 11:55:38,288 - httpx - INFO - HTTP Request: GET http://procure-x.testmcp.org/history/7b9cd290-e41e-409c-8d22-09eb9e07629a "HTTP/1.1 200 OK"
2026-01-13 11:55:38,383 - httpx - INFO - HTTP Request: GET http://procure-x.testmcp.org/history/b5b54404-c8b3-4a85-bac9-aa56e919bc10 "HTTP/1.1 200 OK"
2026-01-13 11:55:39,321 - httpx - INFO - HTTP Request: GET http://procure-x.testmcp.org/history/7b9cd290-e41e-409c-8d22-09eb9e07629a "HTTP/1.1 200 OK"
2026-01-13 11:55:39,455 - httpx - INFO - HTTP Request: GET http://procure-x.testmcp.org/history/b5b54404-c8b3-4a85-bac9-aa56e919bc10 "HTTP/1.1 200 OK"
2026-01-13 11:55:40,349 - httpx - INFO - HTTP Request: GET http://procure-x.testmcp.org/history/7b9cd290-e41e-409c-8d22-09eb9e07629a "HTTP/1.1 200 OK"
2026-01-13 11:55:40,493 - httpx - INFO - HTTP Request: GET http://procure-x.testmcp.org/history/b5b54404-c8b3-4a85-bac9-aa56e919bc10 "HTTP/1.1 200 OK"
2026-01-13 11:55:41,384 - httpx - INFO - HTTP Request: GET http://procure-x.testmcp.org/history/7b9cd290-e41e-409c-8d22-09eb9e07629a "HTTP/1.1 200 OK"
2026-01-13 11:55:41,528 - httpx - INFO - HTTP Request: GET http://procure-x.testmcp.org/history/b5b54404-c8b3-4a85-bac9-aa56e919bc10 "HTTP/1.1 200 OK"
2026-01-13 11:55:42,414 - httpx - INFO - HTTP Request: GET http://procure-x.testmcp.org/history/7b9cd290-e41e-409c-8d22-09eb9e07629a "HTTP/1.1 200 OK"
2026-01-13 11:55:42,567 - httpx - INFO - HTTP Request: GET http://procure-x.testmcp.org/history/b5b54404-c8b3-4a85-bac9-aa56e919bc10 "HTTP/1.1 200 OK"
2026-01-13 11:55:43,453 - httpx - INFO - HTTP Request: GET http://procure-x.testmcp.org/history/7b9cd290-e41e-409c-8d22-09eb9e07629a "HTTP/1.1 200 OK"
2026-01-13 11:55:43,650 - httpx - INFO - HTTP Request: GET http://procure-x.testmcp.org/history/b5b54404-c8b3-4a85-bac9-aa56e919bc10 "HTTP/1.1 200 OK"
2026-01-13 11:55:44,491 - httpx - INFO - HTTP Request: GET http://procure-x.testmcp.org/history/7b9cd290-e41e-409c-8d22-09eb9e07629a "HTTP/1.1 200 OK"
2026-01-13 11:55:44,682 - httpx - INFO - HTTP Request: GET http://procure-x.testmcp.org/history/b5b54404-c8b3-4a85-bac9-aa56e919bc10 "HTTP/1.1 200 OK"
2026-01-13 11:55:45,530 - httpx - INFO - HTTP Request: GET http://procure-x.testmcp.org/history/7b9cd290-e41e-409c-8d22-09eb9e07629a "HTTP/1.1 200 OK"
2026-01-13 11:55:45,754 - httpx - INFO - HTTP Request: GET http://procure-x.testmcp.org/history/b5b54404-c8b3-4a85-bac9-aa56e919bc10 "HTTP/1.1 200 OK"
2026-01-13 11:55:46,557 - httpx - INFO - HTTP Request: GET http://procure-x.testmcp.org/history/7b9cd290-e41e-409c-8d22-09eb9e07629a "HTTP/1.1 200 OK"
2026-01-13 11:55:46,779 - httpx - INFO - HTTP Request: GET http://procure-x.testmcp.org/history/b5b54404-c8b3-4a85-bac9-aa56e919bc10 "HTTP/1.1 200 OK"
2026-01-13 11:55:47,592 - httpx - INFO - HTTP Request: GET http://procure-x.testmcp.org/history/7b9cd290-e41e-409c-8d22-09eb9e07629a "HTTP/1.1 200 OK"
2026-01-13 11:55:47,808 - httpx - INFO - HTTP Request: GET http://procure-x.testmcp.org/history/b5b54404-c8b3-4a85-bac9-aa56e919bc10 "HTTP/1.1 200 OK"
2026-01-13 11:55:48,625 - httpx - INFO - HTTP Request: GET http://procure-x.testmcp.org/history/7b9cd290-e41e-409c-8d22-09eb9e07629a "HTTP/1.1 200 OK"
2026-01-13 11:55:48,833 - httpx - INFO - HTTP Request: GET http://procure-x.testmcp.org/history/b5b54404-c8b3-4a85-bac9-aa56e919bc10 "HTTP/1.1 200 OK"
2026-01-13 11:55:49,664 - httpx - INFO - HTTP Request: GET http://procure-x.testmcp.org/history/7b9cd290-e41e-409c-8d22-09eb9e07629a "HTTP/1.1 200 OK"
2026-01-13 11:55:49,866 - httpx - INFO - HTTP Request: GET http://procure-x.testmcp.org/history/b5b54404-c8b3-4a85-bac9-aa56e919bc10 "HTTP/1.1 200 OK"
2026-01-13 11:55:50,867 - httpx - INFO - HTTP Request: GET http://procure-x.testmcp.org/history/7b9cd290-e41e-409c-8d22-09eb9e07629a "HTTP/1.1 200 OK"
2026-01-13 11:55:50,895 - httpx - INFO - HTTP Request: GET http://procure-x.testmcp.org/history/b5b54404-c8b3-4a85-bac9-aa56e919bc10 "HTTP/1.1 200 OK"
2026-01-13 11:55:51,895 - httpx - INFO - HTTP Request: GET http://procure-x.testmcp.org/history/7b9cd290-e41e-409c-8d22-09eb9e07629a "HTTP/1.1 200 OK"
2026-01-13 11:55:52,134 - httpx - INFO - HTTP Request: GET http://procure-x.testmcp.org/history/b5b54404-c8b3-4a85-bac9-aa56e919bc10 "HTTP/1.1 200 OK"
2026-01-13 11:55:52,978 - httpx - INFO - HTTP Request: GET http://procure-x.testmcp.org/history/7b9cd290-e41e-409c-8d22-09eb9e07629a "HTTP/1.1 200 OK"
2026-01-13 11:55:53,179 - httpx - INFO - HTTP Request: GET http://procure-x.testmcp.org/history/b5b54404-c8b3-4a85-bac9-aa56e919bc10 "HTTP/1.1 200 OK"
2026-01-13 11:55:54,003 - httpx - INFO - HTTP Request: GET http://procure-x.testmcp.org/history/7b9cd290-e41e-409c-8d22-09eb9e07629a "HTTP/1.1 200 OK"
2026-01-13 11:55:54,205 - httpx - INFO - HTTP Request: GET http://procure-x.testmcp.org/history/b5b54404-c8b3-4a85-bac9-aa56e919bc10 "HTTP/1.1 200 OK"
2026-01-13 11:55:55,031 - httpx - INFO - HTTP Request: GET http://procure-x.testmcp.org/history/7b9cd290-e41e-409c-8d22-09eb9e07629a "HTTP/1.1 200 OK"
2026-01-13 11:55:55,285 - httpx - INFO - HTTP Request: GET http://procure-x.testmcp.org/history/b5b54404-c8b3-4a85-bac9-aa56e919bc10 "HTTP/1.1 200 OK"
2026-01-13 11:55:56,057 - httpx - INFO - HTTP Request: GET http://procure-x.testmcp.org/history/7b9cd290-e41e-409c-8d22-09eb9e07629a "HTTP/1.1 200 OK"
2026-01-13 11:55:56,318 - httpx - INFO - HTTP Request: GET http://procure-x.testmcp.org/history/b5b54404-c8b3-4a85-bac9-aa56e919bc10 "HTTP/1.1 200 OK"
2026-01-13 11:55:57,090 - httpx - INFO - HTTP Request: GET http://procure-x.testmcp.org/history/7b9cd290-e41e-409c-8d22-09eb9e07629a "HTTP/1.1 200 OK"
2026-01-13 11:55:57,344 - httpx - INFO - HTTP Request: GET http://procure-x.testmcp.org/history/b5b54404-c8b3-4a85-bac9-aa56e919bc10 "HTTP/1.1 200 OK"
2026-01-13 11:55:58,114 - httpx - INFO - HTTP Request: GET http://procure-x.testmcp.org/history/7b9cd290-e41e-409c-8d22-09eb9e07629a "HTTP/1.1 200 OK"
2026-01-13 11:55:58,364 - httpx - INFO - HTTP Request: GET http://procure-x.testmcp.org/history/b5b54404-c8b3-4a85-bac9-aa56e919bc10 "HTTP/1.1 200 OK"
2026-01-13 11:55:59,136 - httpx - INFO - HTTP Request: GET http://procure-x.testmcp.org/history/7b9cd290-e41e-409c-8d22-09eb9e07629a "HTTP/1.1 200 OK"
2026-01-13 11:55:59,445 - httpx - INFO - HTTP Request: GET http://procure-x.testmcp.org/history/b5b54404-c8b3-4a85-bac9-aa56e919bc10 "HTTP/1.1 200 OK"
2026-01-13 11:56:00,179 - httpx - INFO - HTTP Request: GET http://procure-x.testmcp.org/history/7b9cd290-e41e-409c-8d22-09eb9e07629a "HTTP/1.1 200 OK"
2026-01-13 11:56:00,480 - httpx - INFO - HTTP Request: GET http://procure-x.testmcp.org/history/b5b54404-c8b3-4a85-bac9-aa56e919bc10 "HTTP/1.1 200 OK"
2026-01-13 11:56:01,215 - httpx - INFO - HTTP Request: GET http://procure-x.testmcp.org/history/7b9cd290-e41e-409c-8d22-09eb9e07629a "HTTP/1.1 200 OK"
2026-01-13 11:56:01,522 - httpx - INFO - HTTP Request: GET http://procure-x.testmcp.org/history/b5b54404-c8b3-4a85-bac9-aa56e919bc10 "HTTP/1.1 200 OK"
2026-01-13 11:56:02,267 - httpx - INFO - HTTP Request: GET http://procure-x.testmcp.org/history/7b9cd290-e41e-409c-8d22-09eb9e07629a "HTTP/1.1 200 OK"
2026-01-13 11:56:02,565 - httpx - INFO - HTTP Request: GET http://procure-x.testmcp.org/history/b5b54404-c8b3-4a85-bac9-aa56e919bc10 "HTTP/1.1 200 OK"
2026-01-13 11:56:03,297 - httpx - INFO - HTTP Request: GET http://procure-x.testmcp.org/history/7b9cd290-e41e-409c-8d22-09eb9e07629a "HTTP/1.1 200 OK"
2026-01-13 11:56:03,599 - httpx - INFO - HTTP Request: GET http://procure-x.testmcp.org/history/b5b54404-c8b3-4a85-bac9-aa56e919bc10 "HTTP/1.1 200 OK"
2026-01-13 11:56:04,372 - httpx - INFO - HTTP Request: GET http://procure-x.testmcp.org/history/7b9cd290-e41e-409c-8d22-09eb9e07629a "HTTP/1.1 200 OK"
2026-01-13 11:56:04,631 - httpx - INFO - HTTP Request: GET http://procure-x.testmcp.org/history/b5b54404-c8b3-4a85-bac9-aa56e919bc10 "HTTP/1.1 200 OK"
2026-01-13 11:56:05,402 - httpx - INFO - HTTP Request: GET http://procure-x.testmcp.org/history/7b9cd290-e41e-409c-8d22-09eb9e07629a "HTTP/1.1 200 OK"
2026-01-13 11:56:05,661 - httpx - INFO - HTTP Request: GET http://procure-x.testmcp.org/history/b5b54404-c8b3-4a85-bac9-aa56e919bc10 "HTTP/1.1 200 OK"
2026-01-13 11:56:06,480 - httpx - INFO - HTTP Request: GET http://procure-x.testmcp.org/history/7b9cd290-e41e-409c-8d22-09eb9e07629a "HTTP/1.1 200 OK"
2026-01-13 11:56:06,684 - httpx - INFO - HTTP Request: GET http://procure-x.testmcp.org/history/b5b54404-c8b3-4a85-bac9-aa56e919bc10 "HTTP/1.1 200 OK"
2026-01-13 11:56:07,555 - httpx - INFO - HTTP Request: GET http://procure-x.testmcp.org/history/7b9cd290-e41e-409c-8d22-09eb9e07629a "HTTP/1.1 200 OK"
2026-01-13 11:56:07,751 - httpx - INFO - HTTP Request: GET http://procure-x.testmcp.org/history/b5b54404-c8b3-4a85-bac9-aa56e919bc10 "HTTP/1.1 200 OK"
2026-01-13 11:56:08,608 - httpx - INFO - HTTP Request: GET http://procure-x.testmcp.org/history/7b9cd290-e41e-409c-8d22-09eb9e07629a "HTTP/1.1 200 OK"
2026-01-13 11:56:08,847 - httpx - INFO - HTTP Request: GET http://procure-x.testmcp.org/history/b5b54404-c8b3-4a85-bac9-aa56e919bc10 "HTTP/1.1 200 OK"
2026-01-13 11:56:09,681 - httpx - INFO - HTTP Request: GET http://procure-x.testmcp.org/history/7b9cd290-e41e-409c-8d22-09eb9e07629a "HTTP/1.1 200 OK"
2026-01-13 11:56:09,873 - httpx - INFO - HTTP Request: GET http://procure-x.testmcp.org/history/b5b54404-c8b3-4a85-bac9-aa56e919bc10 "HTTP/1.1 200 OK"
2026-01-13 11:56:10,702 - httpx - INFO - HTTP Request: GET http://procure-x.testmcp.org/history/7b9cd290-e41e-409c-8d22-09eb9e07629a "HTTP/1.1 200 OK"
2026-01-13 11:56:10,895 - httpx - INFO - HTTP Request: GET http://procure-x.testmcp.org/history/b5b54404-c8b3-4a85-bac9-aa56e919bc10 "HTTP/1.1 200 OK"
2026-01-13 11:56:11,729 - httpx - INFO - HTTP Request: GET http://procure-x.testmcp.org/history/7b9cd290-e41e-409c-8d22-09eb9e07629a "HTTP/1.1 200 OK"
2026-01-13 11:56:11,921 - httpx - INFO - HTTP Request: GET http://procure-x.testmcp.org/history/b5b54404-c8b3-4a85-bac9-aa56e919bc10 "HTTP/1.1 200 OK"
2026-01-13 11:56:12,796 - httpx - INFO - HTTP Request: GET http://procure-x.testmcp.org/history/7b9cd290-e41e-409c-8d22-09eb9e07629a "HTTP/1.1 200 OK"
2026-01-13 11:56:12,941 - httpx - INFO - HTTP Request: GET http://procure-x.testmcp.org/history/b5b54404-c8b3-4a85-bac9-aa56e919bc10 "HTTP/1.1 200 OK"
2026-01-13 11:56:13,827 - httpx - INFO - HTTP Request: GET http://procure-x.testmcp.org/history/7b9cd290-e41e-409c-8d22-09eb9e07629a "HTTP/1.1 200 OK"
2026-01-13 11:56:13,967 - httpx - INFO - HTTP Request: GET http://procure-x.testmcp.org/history/b5b54404-c8b3-4a85-bac9-aa56e919bc10 "HTTP/1.1 200 OK"
2026-01-13 11:56:14,916 - httpx - INFO - HTTP Request: GET http://procure-x.testmcp.org/history/7b9cd290-e41e-409c-8d22-09eb9e07629a "HTTP/1.1 200 OK"
2026-01-13 11:56:15,000 - httpx - INFO - HTTP Request: GET http://procure-x.testmcp.org/history/b5b54404-c8b3-4a85-bac9-aa56e919bc10 "HTTP/1.1 200 OK"
2026-01-13 11:56:15,957 - httpx - INFO - HTTP Request: GET http://procure-x.testmcp.org/history/7b9cd290-e41e-409c-8d22-09eb9e07629a "HTTP/1.1 200 OK"
2026-01-13 11:56:16,079 - httpx - INFO - HTTP Request: GET http://procure-x.testmcp.org/history/b5b54404-c8b3-4a85-bac9-aa56e919bc10 "HTTP/1.1 200 OK"
2026-01-13 11:56:16,989 - httpx - INFO - HTTP Request: GET http://procure-x.testmcp.org/history/7b9cd290-e41e-409c-8d22-09eb9e07629a "HTTP/1.1 200 OK"
2026-01-13 11:56:17,111 - httpx - INFO - HTTP Request: GET http://procure-x.testmcp.org/history/b5b54404-c8b3-4a85-bac9-aa56e919bc10 "HTTP/1.1 200 OK"
2026-01-13 11:56:18,062 - httpx - INFO - HTTP Request: GET http://procure-x.testmcp.org/history/7b9cd290-e41e-409c-8d22-09eb9e07629a "HTTP/1.1 200 OK"
2026-01-13 11:56:18,138 - httpx - INFO - HTTP Request: GET http://procure-x.testmcp.org/history/b5b54404-c8b3-4a85-bac9-aa56e919bc10 "HTTP/1.1 200 OK"
2026-01-13 11:56:19,081 - httpx - INFO - HTTP Request: GET http://procure-x.testmcp.org/history/7b9cd290-e41e-409c-8d22-09eb9e07629a "HTTP/1.1 200 OK"
2026-01-13 11:56:19,161 - httpx - INFO - HTTP Request: GET http://procure-x.testmcp.org/history/b5b54404-c8b3-4a85-bac9-aa56e919bc10 "HTTP/1.1 200 OK"
2026-01-13 11:56:20,115 - httpx - INFO - HTTP Request: GET http://procure-x.testmcp.org/history/7b9cd290-e41e-409c-8d22-09eb9e07629a "HTTP/1.1 200 OK"
2026-01-13 11:56:20,212 - httpx - INFO - HTTP Request: GET http://procure-x.testmcp.org/history/b5b54404-c8b3-4a85-bac9-aa56e919bc10 "HTTP/1.1 200 OK"
2026-01-13 11:56:21,183 - httpx - INFO - HTTP Request: GET http://procure-x.testmcp.org/history/7b9cd290-e41e-409c-8d22-09eb9e07629a "HTTP/1.1 200 OK"
2026-01-13 11:56:21,240 - httpx - INFO - HTTP Request: GET http://procure-x.testmcp.org/history/b5b54404-c8b3-4a85-bac9-aa56e919bc10 "HTTP/1.1 200 OK"
2026-01-13 11:56:22,207 - httpx - INFO - HTTP Request: GET http://procure-x.testmcp.org/history/7b9cd290-e41e-409c-8d22-09eb9e07629a "HTTP/1.1 200 OK"
2026-01-13 11:56:22,318 - httpx - INFO - HTTP Request: GET http://procure-x.testmcp.org/history/b5b54404-c8b3-4a85-bac9-aa56e919bc10 "HTTP/1.1 200 OK"
2026-01-13 11:56:23,232 - httpx - INFO - HTTP Request: GET http://procure-x.testmcp.org/history/7b9cd290-e41e-409c-8d22-09eb9e07629a "HTTP/1.1 200 OK"
2026-01-13 11:56:23,341 - httpx - INFO - HTTP Request: GET http://procure-x.testmcp.org/history/b5b54404-c8b3-4a85-bac9-aa56e919bc10 "HTTP/1.1 200 OK"
2026-01-13 11:56:24,257 - httpx - INFO - HTTP Request: GET http://procure-x.testmcp.org/history/7b9cd290-e41e-409c-8d22-09eb9e07629a "HTTP/1.1 200 OK"
2026-01-13 11:56:24,373 - httpx - INFO - HTTP Request: GET http://procure-x.testmcp.org/history/b5b54404-c8b3-4a85-bac9-aa56e919bc10 "HTTP/1.1 200 OK"
2026-01-13 11:56:25,288 - httpx - INFO - HTTP Request: GET http://procure-x.testmcp.org/history/7b9cd290-e41e-409c-8d22-09eb9e07629a "HTTP/1.1 200 OK"
2026-01-13 11:56:25,396 - httpx - INFO - HTTP Request: GET http://procure-x.testmcp.org/history/b5b54404-c8b3-4a85-bac9-aa56e919bc10 "HTTP/1.1 200 OK"
2026-01-13 11:56:26,021 - temporal_gateway.clients.comfy.tracker - INFO - [WS] Execution completed successfully
2026-01-13 11:56:26,509 - httpx - INFO - HTTP Request: GET http://procure-x.testmcp.org/history/7b9cd290-e41e-409c-8d22-09eb9e07629a "HTTP/1.1 200 OK"
2026-01-13 11:56:26,513 - httpx - INFO - HTTP Request: GET http://procure-x.testmcp.org/history/b5b54404-c8b3-4a85-bac9-aa56e919bc10 "HTTP/1.1 200 OK"
2026-01-13 11:56:26,516 - temporal_gateway.clients.comfy.tracker - INFO - Tracking completed: success (took 54.81s)
2026-01-13 11:56:26,518 - httpx - INFO - HTTP Request: GET http://procure-x.testmcp.org/history/b5b54404-c8b3-4a85-bac9-aa56e919bc10 "HTTP/1.1 200 OK"
2026-01-13 11:56:26,522 - temporal_gateway.clients.comfy.tracker - INFO - [POLL] Found in history: success
2026-01-13 11:56:26,523 - temporalio.activity - INFO - [V3] Workflow completed successfully ({'activity_id': '1', 'activity_type': 'execute_and_track_workflow', 'attempt': 1, 'namespace': 'default', 'task_queue': 'comfyui-gpu-farm', 'workflow_id': 'chain-image-edit-to-video-pipeline-e57204d1-d6ff-4164-851c-0a2cb567fe2c-edit_frame1', 'workflow_run_id': '019bb607-ed2e-73f6-be55-e0b0c4447622', 'workflow_type': 'ComfyUIWorkflow'})
2026-01-13 11:56:26,549 - temporalio.workflow - INFO - Execution completed successfully ({'attempt': 1, 'namespace': 'default', 'run_id': '019bb607-ed2e-73f6-be55-e0b0c4447622', 'task_queue': 'comfyui-gpu-farm', 'workflow_id': 'chain-image-edit-to-video-pipeline-e57204d1-d6ff-4164-851c-0a2cb567fe2c-edit_frame1', 'workflow_type': 'ComfyUIWorkflow'})
2026-01-13 11:56:26,557 - temporalio.activity - INFO - Extracting server output files ({'activity_id': '2', 'activity_type': 'get_server_output_files', 'attempt': 1, 'namespace': 'default', 'task_queue': 'comfyui-gpu-farm', 'workflow_id': 'chain-image-edit-to-video-pipeline-e57204d1-d6ff-4164-851c-0a2cb567fe2c-edit_frame1', 'workflow_run_id': '019bb607-ed2e-73f6-be55-e0b0c4447622', 'workflow_type': 'ComfyUIWorkflow'})
2026-01-13 11:56:26,557 - temporalio.activity - INFO - Found 1 output file(s) ({'activity_id': '2', 'activity_type': 'get_server_output_files', 'attempt': 1, 'namespace': 'default', 'task_queue': 'comfyui-gpu-farm', 'workflow_id': 'chain-image-edit-to-video-pipeline-e57204d1-d6ff-4164-851c-0a2cb567fe2c-edit_frame1', 'workflow_run_id': '019bb607-ed2e-73f6-be55-e0b0c4447622', 'workflow_type': 'ComfyUIWorkflow'})
2026-01-13 11:56:26,565 - temporalio.workflow - INFO - Found 1 server output file(s) ({'attempt': 1, 'namespace': 'default', 'run_id': '019bb607-ed2e-73f6-be55-e0b0c4447622', 'task_queue': 'comfyui-gpu-farm', 'workflow_id': 'chain-image-edit-to-video-pipeline-e57204d1-d6ff-4164-851c-0a2cb567fe2c-edit_frame1', 'workflow_type': 'ComfyUIWorkflow'})
2026-01-13 11:56:26,573 - temporalio.activity - INFO - Downloading and persisting 1 artifact(s) for workflow 0e9669b6-fde6-42bc-a07f-69bf69c74ed5 ({'activity_id': '3', 'activity_type': 'download_and_store_artifacts', 'attempt': 1, 'namespace': 'default', 'task_queue': 'comfyui-gpu-farm', 'workflow_id': 'chain-image-edit-to-video-pipeline-e57204d1-d6ff-4164-851c-0a2cb567fe2c-edit_frame1', 'workflow_run_id': '019bb607-ed2e-73f6-be55-e0b0c4447622', 'workflow_type': 'ComfyUIWorkflow'})
2026-01-13 11:56:26,616 - temporal_gateway.clients.comfy.client - INFO - ComfyUI client initialized for http://procure-x.testmcp.org
2026-01-13 11:56:26,671 - httpx - INFO - HTTP Request: GET http://procure-x.testmcp.org/view?filename=ComfyUI_00270_.png&type=output "HTTP/1.1 200 OK"
2026-01-13 11:56:27,550 - httpx - INFO - HTTP Request: GET http://procure-x.testmcp.org/history/7b9cd290-e41e-409c-8d22-09eb9e07629a "HTTP/1.1 200 OK"
2026-01-13 11:56:28,634 - httpx - INFO - HTTP Request: GET http://procure-x.testmcp.org/history/7b9cd290-e41e-409c-8d22-09eb9e07629a "HTTP/1.1 200 OK"
2026-01-13 11:56:29,574 - temporalio.activity - INFO - ✓ Saved artifact to DB: 565feff2-dad9-4170-981c-78527bdd1ee7 (ComfyUI_00270_.png) ({'activity_id': '3', 'activity_type': 'download_and_store_artifacts', 'attempt': 1, 'namespace': 'default', 'task_queue': 'comfyui-gpu-farm', 'workflow_id': 'chain-image-edit-to-video-pipeline-e57204d1-d6ff-4164-851c-0a2cb567fe2c-edit_frame1', 'workflow_run_id': '019bb607-ed2e-73f6-be55-e0b0c4447622', 'workflow_type': 'ComfyUIWorkflow'})
2026-01-13 11:56:29,575 - temporalio.activity - INFO - Downloaded and persisted 1 artifact(s) ({'activity_id': '3', 'activity_type': 'download_and_store_artifacts', 'attempt': 1, 'namespace': 'default', 'task_queue': 'comfyui-gpu-farm', 'workflow_id': 'chain-image-edit-to-video-pipeline-e57204d1-d6ff-4164-851c-0a2cb567fe2c-edit_frame1', 'workflow_run_id': '019bb607-ed2e-73f6-be55-e0b0c4447622', 'workflow_type': 'ComfyUIWorkflow'})
2026-01-13 11:56:29,585 - temporalio.workflow - INFO - Downloaded 1 file(s) locally ({'attempt': 1, 'namespace': 'default', 'run_id': '019bb607-ed2e-73f6-be55-e0b0c4447622', 'task_queue': 'comfyui-gpu-farm', 'workflow_id': 'chain-image-edit-to-video-pipeline-e57204d1-d6ff-4164-851c-0a2cb567fe2c-edit_frame1', 'workflow_type': 'ComfyUIWorkflow'})
2026-01-13 11:56:29,606 - temporalio.activity - INFO - Updating workflow 0e9669b6-fde6-42bc-a07f-69bf69c74ed5 status to: completed ({'activity_id': '40', 'activity_type': 'update_workflow_status_activity', 'attempt': 1, 'namespace': 'default', 'task_queue': 'comfyui-gpu-farm', 'workflow_id': 'chain-image-edit-to-video-pipeline-e57204d1-d6ff-4164-851c-0a2cb567fe2c', 'workflow_run_id': '019bb607-8ebe-7ca9-baae-12dc3fc0eda3', 'workflow_type': 'ChainExecutorWorkflow'})
2026-01-13 11:56:29,609 - temporalio.activity - INFO - ✓ Updated workflow status ({'activity_id': '40', 'activity_type': 'update_workflow_status_activity', 'attempt': 1, 'namespace': 'default', 'task_queue': 'comfyui-gpu-farm', 'workflow_id': 'chain-image-edit-to-video-pipeline-e57204d1-d6ff-4164-851c-0a2cb567fe2c', 'workflow_run_id': '019bb607-8ebe-7ca9-baae-12dc3fc0eda3', 'workflow_type': 'ChainExecutorWorkflow'})
2026-01-13 11:56:29,617 - temporalio.workflow - INFO - Step edit_frame1: Approval required, fetching artifacts... ({'attempt': 1, 'namespace': 'default', 'run_id': '019bb607-8ebe-7ca9-baae-12dc3fc0eda3', 'task_queue': 'comfyui-gpu-farm', 'workflow_id': 'chain-image-edit-to-video-pipeline-e57204d1-d6ff-4164-851c-0a2cb567fe2c', 'workflow_type': 'ChainExecutorWorkflow'})
2026-01-13 11:56:29,625 - temporalio.activity - INFO - Getting artifacts for workflow: 0e9669b6-fde6-42bc-a07f-69bf69c74ed5 ({'activity_id': '41', 'activity_type': 'get_workflow_artifacts', 'attempt': 1, 'namespace': 'default', 'task_queue': 'comfyui-gpu-farm', 'workflow_id': 'chain-image-edit-to-video-pipeline-e57204d1-d6ff-4164-851c-0a2cb567fe2c', 'workflow_run_id': '019bb607-8ebe-7ca9-baae-12dc3fc0eda3', 'workflow_type': 'ChainExecutorWorkflow'})
2026-01-13 11:56:29,641 - temporalio.activity - INFO - Creating approval request for artifact: 565feff2-dad9-4170-981c-78527bdd1ee7 ({'activity_id': '42', 'activity_type': 'create_approval_request_activity', 'attempt': 1, 'namespace': 'default', 'task_queue': 'comfyui-gpu-farm', 'workflow_id': 'chain-image-edit-to-video-pipeline-e57204d1-d6ff-4164-851c-0a2cb567fe2c', 'workflow_run_id': '019bb607-8ebe-7ca9-baae-12dc3fc0eda3', 'workflow_type': 'ChainExecutorWorkflow'})
2026-01-13 11:56:29,645 - temporalio.activity - INFO - ✓ Created approval request: 5d740fe9-3461-4b8f-8769-ec77f6ebd3d0, token: XhDteCq_Wa_pM420... ({'activity_id': '42', 'activity_type': 'create_approval_request_activity', 'attempt': 1, 'namespace': 'default', 'task_queue': 'comfyui-gpu-farm', 'workflow_id': 'chain-image-edit-to-video-pipeline-e57204d1-d6ff-4164-851c-0a2cb567fe2c', 'workflow_run_id': '019bb607-8ebe-7ca9-baae-12dc3fc0eda3', 'workflow_type': 'ChainExecutorWorkflow'})
2026-01-13 11:56:29,645 - temporal_gateway.services.broadcast - INFO - Published approval_requested to chain:6b657434-477e-4bf5-a64a-91d5122be53b
2026-01-13 11:56:29,645 - temporalio.activity - INFO - Published approval_requested event for chain 6b657434-477e-4bf5-a64a-91d5122be53b ({'activity_id': '42', 'activity_type': 'create_approval_request_activity', 'attempt': 1, 'namespace': 'default', 'task_queue': 'comfyui-gpu-farm', 'workflow_id': 'chain-image-edit-to-video-pipeline-e57204d1-d6ff-4164-851c-0a2cb567fe2c', 'workflow_run_id': '019bb607-8ebe-7ca9-baae-12dc3fc0eda3', 'workflow_type': 'ChainExecutorWorkflow'})
2026-01-13 11:56:29,654 - temporalio.workflow - INFO - Step edit_frame1: Approval request created, token: XhDteCq_Wa_pM420... ({'attempt': 1, 'namespace': 'default', 'run_id': '019bb607-8ebe-7ca9-baae-12dc3fc0eda3', 'task_queue': 'comfyui-gpu-farm', 'workflow_id': 'chain-image-edit-to-video-pipeline-e57204d1-d6ff-4164-851c-0a2cb567fe2c', 'workflow_type': 'ChainExecutorWorkflow'})
2026-01-13 11:56:29,672 - httpx - INFO - HTTP Request: GET http://procure-x.testmcp.org/history/7b9cd290-e41e-409c-8d22-09eb9e07629a "HTTP/1.1 200 OK"
2026-01-13 11:56:30,700 - httpx - INFO - HTTP Request: GET http://procure-x.testmcp.org/history/7b9cd290-e41e-409c-8d22-09eb9e07629a "HTTP/1.1 200 OK"
2026-01-13 11:56:31,728 - httpx - INFO - HTTP Request: GET http://procure-x.testmcp.org/history/7b9cd290-e41e-409c-8d22-09eb9e07629a "HTTP/1.1 200 OK"
2026-01-13 11:56:32,755 - httpx - INFO - HTTP Request: GET http://procure-x.testmcp.org/history/7b9cd290-e41e-409c-8d22-09eb9e07629a "HTTP/1.1 200 OK"
2026-01-13 11:56:33,775 - httpx - INFO - HTTP Request: GET http://procure-x.testmcp.org/history/7b9cd290-e41e-409c-8d22-09eb9e07629a "HTTP/1.1 200 OK"
2026-01-13 11:56:34,803 - httpx - INFO - HTTP Request: GET http://procure-x.testmcp.org/history/7b9cd290-e41e-409c-8d22-09eb9e07629a "HTTP/1.1 200 OK"
2026-01-13 11:56:35,831 - httpx - INFO - HTTP Request: GET http://procure-x.testmcp.org/history/7b9cd290-e41e-409c-8d22-09eb9e07629a "HTTP/1.1 200 OK"
2026-01-13 11:56:36,918 - httpx - INFO - HTTP Request: GET http://procure-x.testmcp.org/history/7b9cd290-e41e-409c-8d22-09eb9e07629a "HTTP/1.1 200 OK"
2026-01-13 11:56:37,940 - httpx - INFO - HTTP Request: GET http://procure-x.testmcp.org/history/7b9cd290-e41e-409c-8d22-09eb9e07629a "HTTP/1.1 200 OK"
2026-01-13 11:56:39,093 - httpx - INFO - HTTP Request: GET http://procure-x.testmcp.org/history/7b9cd290-e41e-409c-8d22-09eb9e07629a "HTTP/1.1 200 OK"
2026-01-13 11:56:40,120 - httpx - INFO - HTTP Request: GET http://procure-x.testmcp.org/history/7b9cd290-e41e-409c-8d22-09eb9e07629a "HTTP/1.1 200 OK"
2026-01-13 11:56:41,140 - httpx - INFO - HTTP Request: GET http://procure-x.testmcp.org/history/7b9cd290-e41e-409c-8d22-09eb9e07629a "HTTP/1.1 200 OK"
2026-01-13 11:56:42,216 - httpx - INFO - HTTP Request: GET http://procure-x.testmcp.org/history/7b9cd290-e41e-409c-8d22-09eb9e07629a "HTTP/1.1 200 OK"
2026-01-13 11:56:43,239 - httpx - INFO - HTTP Request: GET http://procure-x.testmcp.org/history/7b9cd290-e41e-409c-8d22-09eb9e07629a "HTTP/1.1 200 OK"
2026-01-13 11:56:44,320 - httpx - INFO - HTTP Request: GET http://procure-x.testmcp.org/history/7b9cd290-e41e-409c-8d22-09eb9e07629a "HTTP/1.1 200 OK"
2026-01-13 11:56:45,352 - httpx - INFO - HTTP Request: GET http://procure-x.testmcp.org/history/7b9cd290-e41e-409c-8d22-09eb9e07629a "HTTP/1.1 200 OK"
2026-01-13 11:56:46,431 - httpx - INFO - HTTP Request: GET http://procure-x.testmcp.org/history/7b9cd290-e41e-409c-8d22-09eb9e07629a "HTTP/1.1 200 OK"
2026-01-13 11:56:47,472 - httpx - INFO - HTTP Request: GET http://procure-x.testmcp.org/history/7b9cd290-e41e-409c-8d22-09eb9e07629a "HTTP/1.1 200 OK"
2026-01-13 11:56:48,509 - httpx - INFO - HTTP Request: GET http://procure-x.testmcp.org/history/7b9cd290-e41e-409c-8d22-09eb9e07629a "HTTP/1.1 200 OK"
2026-01-13 11:56:49,528 - httpx - INFO - HTTP Request: GET http://procure-x.testmcp.org/history/7b9cd290-e41e-409c-8d22-09eb9e07629a "HTTP/1.1 200 OK"
2026-01-13 11:56:50,567 - httpx - INFO - HTTP Request: GET http://procure-x.testmcp.org/history/7b9cd290-e41e-409c-8d22-09eb9e07629a "HTTP/1.1 200 OK"
2026-01-13 11:56:51,653 - httpx - INFO - HTTP Request: GET http://procure-x.testmcp.org/history/7b9cd290-e41e-409c-8d22-09eb9e07629a "HTTP/1.1 200 OK"
2026-01-13 11:56:52,680 - httpx - INFO - HTTP Request: GET http://procure-x.testmcp.org/history/7b9cd290-e41e-409c-8d22-09eb9e07629a "HTTP/1.1 200 OK"
2026-01-13 11:56:52,798 - temporal_gateway.clients.comfy.tracker - INFO - [WS] Execution completed successfully
2026-01-13 11:56:53,122 - httpx - INFO - HTTP Request: GET http://procure-x.testmcp.org/history/7b9cd290-e41e-409c-8d22-09eb9e07629a "HTTP/1.1 200 OK"
2026-01-13 11:56:53,125 - temporal_gateway.clients.comfy.tracker - INFO - Tracking completed: success (took 81.47s)
2026-01-13 11:56:53,126 - temporalio.activity - INFO - [V3] Workflow completed successfully ({'activity_id': '1', 'activity_type': 'execute_and_track_workflow', 'attempt': 1, 'namespace': 'default', 'task_queue': 'comfyui-gpu-farm', 'workflow_id': 'chain-image-edit-to-video-pipeline-e57204d1-d6ff-4164-851c-0a2cb567fe2c-edit_frame2', 'workflow_run_id': '019bb607-ed37-7d56-b05d-1a52aaee82f4', 'workflow_type': 'ComfyUIWorkflow'})
2026-01-13 11:56:53,146 - temporalio.workflow - INFO - Execution completed successfully ({'attempt': 1, 'namespace': 'default', 'run_id': '019bb607-ed37-7d56-b05d-1a52aaee82f4', 'task_queue': 'comfyui-gpu-farm', 'workflow_id': 'chain-image-edit-to-video-pipeline-e57204d1-d6ff-4164-851c-0a2cb567fe2c-edit_frame2', 'workflow_type': 'ComfyUIWorkflow'})
2026-01-13 11:56:53,154 - temporalio.activity - INFO - Extracting server output files ({'activity_id': '2', 'activity_type': 'get_server_output_files', 'attempt': 1, 'namespace': 'default', 'task_queue': 'comfyui-gpu-farm', 'workflow_id': 'chain-image-edit-to-video-pipeline-e57204d1-d6ff-4164-851c-0a2cb567fe2c-edit_frame2', 'workflow_run_id': '019bb607-ed37-7d56-b05d-1a52aaee82f4', 'workflow_type': 'ComfyUIWorkflow'})
2026-01-13 11:56:53,154 - temporalio.activity - INFO - Found 1 output file(s) ({'activity_id': '2', 'activity_type': 'get_server_output_files', 'attempt': 1, 'namespace': 'default', 'task_queue': 'comfyui-gpu-farm', 'workflow_id': 'chain-image-edit-to-video-pipeline-e57204d1-d6ff-4164-851c-0a2cb567fe2c-edit_frame2', 'workflow_run_id': '019bb607-ed37-7d56-b05d-1a52aaee82f4', 'workflow_type': 'ComfyUIWorkflow'})
2026-01-13 11:56:53,162 - temporalio.workflow - INFO - Found 1 server output file(s) ({'attempt': 1, 'namespace': 'default', 'run_id': '019bb607-ed37-7d56-b05d-1a52aaee82f4', 'task_queue': 'comfyui-gpu-farm', 'workflow_id': 'chain-image-edit-to-video-pipeline-e57204d1-d6ff-4164-851c-0a2cb567fe2c-edit_frame2', 'workflow_type': 'ComfyUIWorkflow'})
2026-01-13 11:56:53,173 - temporalio.activity - INFO - Downloading and persisting 1 artifact(s) for workflow 8772697e-4d0d-40c8-b4ec-e5c3a3e12206 ({'activity_id': '3', 'activity_type': 'download_and_store_artifacts', 'attempt': 1, 'namespace': 'default', 'task_queue': 'comfyui-gpu-farm', 'workflow_id': 'chain-image-edit-to-video-pipeline-e57204d1-d6ff-4164-851c-0a2cb567fe2c-edit_frame2', 'workflow_run_id': '019bb607-ed37-7d56-b05d-1a52aaee82f4', 'workflow_type': 'ComfyUIWorkflow'})
2026-01-13 11:56:53,217 - temporal_gateway.clients.comfy.client - INFO - ComfyUI client initialized for http://procure-x.testmcp.org
2026-01-13 11:56:53,268 - httpx - INFO - HTTP Request: GET http://procure-x.testmcp.org/view?filename=ComfyUI_00271_.png&type=output "HTTP/1.1 200 OK"
2026-01-13 11:56:55,912 - temporalio.activity - INFO - ✓ Saved artifact to DB: 11306268-2105-4345-9914-65dbde7c06fb (ComfyUI_00271_.png) ({'activity_id': '3', 'activity_type': 'download_and_store_artifacts', 'attempt': 1, 'namespace': 'default', 'task_queue': 'comfyui-gpu-farm', 'workflow_id': 'chain-image-edit-to-video-pipeline-e57204d1-d6ff-4164-851c-0a2cb567fe2c-edit_frame2', 'workflow_run_id': '019bb607-ed37-7d56-b05d-1a52aaee82f4', 'workflow_type': 'ComfyUIWorkflow'})
2026-01-13 11:56:55,914 - temporalio.activity - INFO - Downloaded and persisted 1 artifact(s) ({'activity_id': '3', 'activity_type': 'download_and_store_artifacts', 'attempt': 1, 'namespace': 'default', 'task_queue': 'comfyui-gpu-farm', 'workflow_id': 'chain-image-edit-to-video-pipeline-e57204d1-d6ff-4164-851c-0a2cb567fe2c-edit_frame2', 'workflow_run_id': '019bb607-ed37-7d56-b05d-1a52aaee82f4', 'workflow_type': 'ComfyUIWorkflow'})
2026-01-13 11:56:55,931 - temporalio.workflow - INFO - Downloaded 1 file(s) locally ({'attempt': 1, 'namespace': 'default', 'run_id': '019bb607-ed37-7d56-b05d-1a52aaee82f4', 'task_queue': 'comfyui-gpu-farm', 'workflow_id': 'chain-image-edit-to-video-pipeline-e57204d1-d6ff-4164-851c-0a2cb567fe2c-edit_frame2', 'workflow_type': 'ComfyUIWorkflow'})
2026-01-13 11:56:55,951 - temporalio.activity - INFO - Updating workflow 8772697e-4d0d-40c8-b4ec-e5c3a3e12206 status to: completed ({'activity_id': '43', 'activity_type': 'update_workflow_status_activity', 'attempt': 1, 'namespace': 'default', 'task_queue': 'comfyui-gpu-farm', 'workflow_id': 'chain-image-edit-to-video-pipeline-e57204d1-d6ff-4164-851c-0a2cb567fe2c', 'workflow_run_id': '019bb607-8ebe-7ca9-baae-12dc3fc0eda3', 'workflow_type': 'ChainExecutorWorkflow'})
2026-01-13 11:56:55,955 - temporalio.activity - INFO - ✓ Updated workflow status ({'activity_id': '43', 'activity_type': 'update_workflow_status_activity', 'attempt': 1, 'namespace': 'default', 'task_queue': 'comfyui-gpu-farm', 'workflow_id': 'chain-image-edit-to-video-pipeline-e57204d1-d6ff-4164-851c-0a2cb567fe2c', 'workflow_run_id': '019bb607-8ebe-7ca9-baae-12dc3fc0eda3', 'workflow_type': 'ChainExecutorWorkflow'})
2026-01-13 11:56:55,963 - temporalio.workflow - INFO - Step edit_frame2: Approval required, fetching artifacts... ({'attempt': 1, 'namespace': 'default', 'run_id': '019bb607-8ebe-7ca9-baae-12dc3fc0eda3', 'task_queue': 'comfyui-gpu-farm', 'workflow_id': 'chain-image-edit-to-video-pipeline-e57204d1-d6ff-4164-851c-0a2cb567fe2c', 'workflow_type': 'ChainExecutorWorkflow'})
2026-01-13 11:56:55,971 - temporalio.activity - INFO - Getting artifacts for workflow: 8772697e-4d0d-40c8-b4ec-e5c3a3e12206 ({'activity_id': '44', 'activity_type': 'get_workflow_artifacts', 'attempt': 1, 'namespace': 'default', 'task_queue': 'comfyui-gpu-farm', 'workflow_id': 'chain-image-edit-to-video-pipeline-e57204d1-d6ff-4164-851c-0a2cb567fe2c', 'workflow_run_id': '019bb607-8ebe-7ca9-baae-12dc3fc0eda3', 'workflow_type': 'ChainExecutorWorkflow'})
2026-01-13 11:56:55,987 - temporalio.activity - INFO - Creating approval request for artifact: 11306268-2105-4345-9914-65dbde7c06fb ({'activity_id': '45', 'activity_type': 'create_approval_request_activity', 'attempt': 1, 'namespace': 'default', 'task_queue': 'comfyui-gpu-farm', 'workflow_id': 'chain-image-edit-to-video-pipeline-e57204d1-d6ff-4164-851c-0a2cb567fe2c', 'workflow_run_id': '019bb607-8ebe-7ca9-baae-12dc3fc0eda3', 'workflow_type': 'ChainExecutorWorkflow'})
2026-01-13 11:56:55,991 - temporalio.activity - INFO - ✓ Created approval request: 9b74c5a0-a9f5-4ae5-9c53-923f0df2c0f2, token: Ms_6wjV-_prQe3ke... ({'activity_id': '45', 'activity_type': 'create_approval_request_activity', 'attempt': 1, 'namespace': 'default', 'task_queue': 'comfyui-gpu-farm', 'workflow_id': 'chain-image-edit-to-video-pipeline-e57204d1-d6ff-4164-851c-0a2cb567fe2c', 'workflow_run_id': '019bb607-8ebe-7ca9-baae-12dc3fc0eda3', 'workflow_type': 'ChainExecutorWorkflow'})
2026-01-13 11:56:55,991 - temporal_gateway.services.broadcast - INFO - Published approval_requested to chain:6b657434-477e-4bf5-a64a-91d5122be53b
2026-01-13 11:56:55,991 - temporalio.activity - INFO - Published approval_requested event for chain 6b657434-477e-4bf5-a64a-91d5122be53b ({'activity_id': '45', 'activity_type': 'create_approval_request_activity', 'attempt': 1, 'namespace': 'default', 'task_queue': 'comfyui-gpu-farm', 'workflow_id': 'chain-image-edit-to-video-pipeline-e57204d1-d6ff-4164-851c-0a2cb567fe2c', 'workflow_run_id': '019bb607-8ebe-7ca9-baae-12dc3fc0eda3', 'workflow_type': 'ChainExecutorWorkflow'})
2026-01-13 11:56:56,000 - temporalio.workflow - INFO - Step edit_frame2: Approval request created, token: Ms_6wjV-_prQe3ke... ({'attempt': 1, 'namespace': 'default', 'run_id': '019bb607-8ebe-7ca9-baae-12dc3fc0eda3', 'task_queue': 'comfyui-gpu-farm', 'workflow_id': 'chain-image-edit-to-video-pipeline-e57204d1-d6ff-4164-851c-0a2cb567fe2c', 'workflow_type': 'ChainExecutorWorkflow'})
2026-01-13 11:57:58,106 - temporalio.workflow - INFO - Received approval decision for step edit_frame1: rejected by cli-user ({'attempt': 1, 'namespace': 'default', 'run_id': '019bb607-8ebe-7ca9-baae-12dc3fc0eda3', 'task_queue': 'comfyui-gpu-farm', 'workflow_id': 'chain-image-edit-to-video-pipeline-e57204d1-d6ff-4164-851c-0a2cb567fe2c', 'workflow_type': 'ChainExecutorWorkflow'})
2026-01-13 11:57:58,107 - temporalio.workflow - INFO - Step edit_frame1: Rejected by cli-user with comment: None ({'attempt': 1, 'namespace': 'default', 'run_id': '019bb607-8ebe-7ca9-baae-12dc3fc0eda3', 'task_queue': 'comfyui-gpu-farm', 'workflow_id': 'chain-image-edit-to-video-pipeline-e57204d1-d6ff-4164-851c-0a2cb567fe2c', 'workflow_type': 'ChainExecutorWorkflow'})
2026-01-13 11:57:58,107 - temporalio.workflow - INFO - Step edit_frame1: Rejected, regenerating with new parameters (attempt 2/3)... ({'attempt': 1, 'namespace': 'default', 'run_id': '019bb607-8ebe-7ca9-baae-12dc3fc0eda3', 'task_queue': 'comfyui-gpu-farm', 'workflow_id': 'chain-image-edit-to-video-pipeline-e57204d1-d6ff-4164-851c-0a2cb567fe2c', 'workflow_type': 'ChainExecutorWorkflow'})
2026-01-13 11:57:58,117 - temporalio.activity - INFO - Resolving templates in parameters ({'activity_id': '46', 'activity_type': 'resolve_chain_templates', 'attempt': 1, 'namespace': 'default', 'task_queue': 'comfyui-gpu-farm', 'workflow_id': 'chain-image-edit-to-video-pipeline-e57204d1-d6ff-4164-851c-0a2cb567fe2c', 'workflow_run_id': '019bb607-8ebe-7ca9-baae-12dc3fc0eda3', 'workflow_type': 'ChainExecutorWorkflow'})
2026-01-13 11:57:58,118 - temporalio.activity - INFO - Templates resolved successfully ({'activity_id': '46', 'activity_type': 'resolve_chain_templates', 'attempt': 1, 'namespace': 'default', 'task_queue': 'comfyui-gpu-farm', 'workflow_id': 'chain-image-edit-to-video-pipeline-e57204d1-d6ff-4164-851c-0a2cb567fe2c', 'workflow_run_id': '019bb607-8ebe-7ca9-baae-12dc3fc0eda3', 'workflow_type': 'ChainExecutorWorkflow'})
2026-01-13 11:57:58,128 - temporalio.workflow - INFO - Step edit_frame1: Resolved parameters ({'attempt': 1, 'namespace': 'default', 'run_id': '019bb607-8ebe-7ca9-baae-12dc3fc0eda3', 'task_queue': 'comfyui-gpu-farm', 'workflow_id': 'chain-image-edit-to-video-pipeline-e57204d1-d6ff-4164-851c-0a2cb567fe2c', 'workflow_type': 'ChainExecutorWorkflow'})
2026-01-13 11:57:58,136 - temporalio.activity - INFO - Applying parameters to workflow: qwen_image_edit ({'activity_id': '47', 'activity_type': 'apply_workflow_parameters', 'attempt': 1, 'namespace': 'default', 'task_queue': 'comfyui-gpu-farm', 'workflow_id': 'chain-image-edit-to-video-pipeline-e57204d1-d6ff-4164-851c-0a2cb567fe2c', 'workflow_run_id': '019bb607-8ebe-7ca9-baae-12dc3fc0eda3', 'workflow_type': 'ChainExecutorWorkflow'})
2026-01-13 11:57:58,137 - temporal_gateway.registry - INFO - Applied override: 111.prompt = Make the scene dark and bloddy
2026-01-13 11:57:58,137 - temporal_gateway.registry - INFO - Applied override: 3.seed = 5
2026-01-13 11:57:58,137 - temporal_gateway.registry - INFO - Applied override: 78.image = ComfyUI_00269_.png
2026-01-13 11:57:58,137 - temporalio.activity - INFO - Parameters applied successfully ({'activity_id': '47', 'activity_type': 'apply_workflow_parameters', 'attempt': 1, 'namespace': 'default', 'task_queue': 'comfyui-gpu-farm', 'workflow_id': 'chain-image-edit-to-video-pipeline-e57204d1-d6ff-4164-851c-0a2cb567fe2c', 'workflow_run_id': '019bb607-8ebe-7ca9-baae-12dc3fc0eda3', 'workflow_type': 'ChainExecutorWorkflow'})
2026-01-13 11:57:58,153 - temporalio.activity - INFO - Selecting server with strategy: least_loaded ({'activity_id': '48', 'activity_type': 'select_best_server', 'attempt': 1, 'namespace': 'default', 'task_queue': 'comfyui-gpu-farm', 'workflow_id': 'chain-image-edit-to-video-pipeline-e57204d1-d6ff-4164-851c-0a2cb567fe2c', 'workflow_run_id': '019bb607-8ebe-7ca9-baae-12dc3fc0eda3', 'workflow_type': 'ChainExecutorWorkflow'})
2026-01-13 11:57:58,264 - httpx - INFO - HTTP Request: GET http://procure-x.testmcp.org/system_stats "HTTP/1.1 200 OK"
2026-01-13 11:57:58,291 - httpx - INFO - HTTP Request: GET http://procure-x.testmcp.org/queue "HTTP/1.1 200 OK"
2026-01-13 11:57:58,293 - temporal_gateway.servers.load_balancer - INFO - Selected server procure-x (queue_depth=0, gpu_mem=0.0%)
2026-01-13 11:57:58,293 - temporalio.activity - INFO - Selected server: procure-x (http://procure-x.testmcp.org) ({'activity_id': '48', 'activity_type': 'select_best_server', 'attempt': 1, 'namespace': 'default', 'task_queue': 'comfyui-gpu-farm', 'workflow_id': 'chain-image-edit-to-video-pipeline-e57204d1-d6ff-4164-851c-0a2cb567fe2c', 'workflow_run_id': '019bb607-8ebe-7ca9-baae-12dc3fc0eda3', 'workflow_type': 'ChainExecutorWorkflow'})
2026-01-13 11:57:58,303 - temporalio.workflow - INFO - Step edit_frame1: Selected target server: http://procure-x.testmcp.org ({'attempt': 1, 'namespace': 'default', 'run_id': '019bb607-8ebe-7ca9-baae-12dc3fc0eda3', 'task_queue': 'comfyui-gpu-farm', 'workflow_id': 'chain-image-edit-to-video-pipeline-e57204d1-d6ff-4164-851c-0a2cb567fe2c', 'workflow_type': 'ChainExecutorWorkflow'})
2026-01-13 11:57:58,303 - temporalio.workflow - INFO - Step edit_frame1: Processing 1 dependency step(s) ({'attempt': 1, 'namespace': 'default', 'run_id': '019bb607-8ebe-7ca9-baae-12dc3fc0eda3', 'task_queue': 'comfyui-gpu-farm', 'workflow_id': 'chain-image-edit-to-video-pipeline-e57204d1-d6ff-4164-851c-0a2cb567fe2c', 'workflow_type': 'ChainExecutorWorkflow'})
2026-01-13 11:57:58,310 - temporalio.activity - INFO - Getting artifacts for workflow: 5ccfaf1f-8963-4835-8f50-fc4a1f1bc785 ({'activity_id': '49', 'activity_type': 'get_workflow_artifacts', 'attempt': 1, 'namespace': 'default', 'task_queue': 'comfyui-gpu-farm', 'workflow_id': 'chain-image-edit-to-video-pipeline-e57204d1-d6ff-4164-851c-0a2cb567fe2c', 'workflow_run_id': '019bb607-8ebe-7ca9-baae-12dc3fc0eda3', 'workflow_type': 'ChainExecutorWorkflow'})
2026-01-13 11:57:58,320 - temporalio.workflow - INFO - Transferring 1 artifact(s) from extract_frame1 to http://procure-x.testmcp.org ({'attempt': 1, 'namespace': 'default', 'run_id': '019bb607-8ebe-7ca9-baae-12dc3fc0eda3', 'task_queue': 'comfyui-gpu-farm', 'workflow_id': 'chain-image-edit-to-video-pipeline-e57204d1-d6ff-4164-851c-0a2cb567fe2c', 'workflow_type': 'ChainExecutorWorkflow'})
2026-01-13 11:57:58,327 - temporalio.activity - INFO - Transferring 1 artifact(s) from workflow 5ccfaf1f-8963-4835-8f50-fc4a1f1bc785 to http://procure-x.testmcp.org ({'activity_id': '50', 'activity_type': 'transfer_artifacts_from_storage', 'attempt': 1, 'namespace': 'default', 'task_queue': 'comfyui-gpu-farm', 'workflow_id': 'chain-image-edit-to-video-pipeline-e57204d1-d6ff-4164-851c-0a2cb567fe2c', 'workflow_run_id': '019bb607-8ebe-7ca9-baae-12dc3fc0eda3', 'workflow_type': 'ChainExecutorWorkflow'})
2026-01-13 11:57:58,369 - temporal_gateway.clients.comfy.client - INFO - ComfyUI client initialized for http://procure-x.testmcp.org
2026-01-13 11:57:58,373 - temporalio.activity - INFO - Uploading: ComfyUI_00269_.png from local storage to http://procure-x.testmcp.org/input/ ({'activity_id': '50', 'activity_type': 'transfer_artifacts_from_storage', 'attempt': 1, 'namespace': 'default', 'task_queue': 'comfyui-gpu-farm', 'workflow_id': 'chain-image-edit-to-video-pipeline-e57204d1-d6ff-4164-851c-0a2cb567fe2c', 'workflow_run_id': '019bb607-8ebe-7ca9-baae-12dc3fc0eda3', 'workflow_type': 'ChainExecutorWorkflow'})
2026-01-13 11:57:58,436 - httpx - INFO - HTTP Request: POST http://procure-x.testmcp.org/upload/image "HTTP/1.1 200 OK"
2026-01-13 11:57:58,439 - temporalio.activity - INFO - ✓ Uploaded: ComfyUI_00269_.png (105368 bytes) ({'activity_id': '50', 'activity_type': 'transfer_artifacts_from_storage', 'attempt': 1, 'namespace': 'default', 'task_queue': 'comfyui-gpu-farm', 'workflow_id': 'chain-image-edit-to-video-pipeline-e57204d1-d6ff-4164-851c-0a2cb567fe2c', 'workflow_run_id': '019bb607-8ebe-7ca9-baae-12dc3fc0eda3', 'workflow_type': 'ChainExecutorWorkflow'})
2026-01-13 11:57:58,446 - temporalio.activity - INFO - Successfully transferred 1 file(s) ({'activity_id': '50', 'activity_type': 'transfer_artifacts_from_storage', 'attempt': 1, 'namespace': 'default', 'task_queue': 'comfyui-gpu-farm', 'workflow_id': 'chain-image-edit-to-video-pipeline-e57204d1-d6ff-4164-851c-0a2cb567fe2c', 'workflow_run_id': '019bb607-8ebe-7ca9-baae-12dc3fc0eda3', 'workflow_type': 'ChainExecutorWorkflow'})
2026-01-13 11:57:58,470 - temporalio.activity - INFO - Creating workflow record: qwen_image_edit (prompt: pending) ({'activity_id': '51', 'activity_type': 'create_workflow_record', 'attempt': 1, 'namespace': 'default', 'task_queue': 'comfyui-gpu-farm', 'workflow_id': 'chain-image-edit-to-video-pipeline-e57204d1-d6ff-4164-851c-0a2cb567fe2c', 'workflow_run_id': '019bb607-8ebe-7ca9-baae-12dc3fc0eda3', 'workflow_type': 'ChainExecutorWorkflow'})
2026-01-13 11:57:58,474 - temporalio.activity - INFO - ✓ Created workflow record: a8bf9817-72c8-4c44-8a3c-8954ba79376f ({'activity_id': '51', 'activity_type': 'create_workflow_record', 'attempt': 1, 'namespace': 'default', 'task_queue': 'comfyui-gpu-farm', 'workflow_id': 'chain-image-edit-to-video-pipeline-e57204d1-d6ff-4164-851c-0a2cb567fe2c', 'workflow_run_id': '019bb607-8ebe-7ca9-baae-12dc3fc0eda3', 'workflow_type': 'ChainExecutorWorkflow'})
2026-01-13 11:57:58,482 - temporalio.workflow - INFO - Step edit_frame1: Created workflow record a8bf9817-72c8-4c44-8a3c-8954ba79376f ({'attempt': 1, 'namespace': 'default', 'run_id': '019bb607-8ebe-7ca9-baae-12dc3fc0eda3', 'task_queue': 'comfyui-gpu-farm', 'workflow_id': 'chain-image-edit-to-video-pipeline-e57204d1-d6ff-4164-851c-0a2cb567fe2c', 'workflow_type': 'ChainExecutorWorkflow'})
2026-01-13 11:57:58,511 - temporalio.workflow - INFO - Starting ComfyUI workflow execution ({'attempt': 1, 'namespace': 'default', 'run_id': '019bb60a-2b98-7310-b6bb-0b719e497fb5', 'task_queue': 'comfyui-gpu-farm', 'workflow_id': 'chain-image-edit-to-video-pipeline-e57204d1-d6ff-4164-851c-0a2cb567fe2c-edit_frame1', 'workflow_type': 'ComfyUIWorkflow'})
2026-01-13 11:57:58,511 - temporalio.workflow - INFO - Generated client_id: e233c09b-aa5a-45a0-9612-a2ae6209e668 ({'attempt': 1, 'namespace': 'default', 'run_id': '019bb60a-2b98-7310-b6bb-0b719e497fb5', 'task_queue': 'comfyui-gpu-farm', 'workflow_id': 'chain-image-edit-to-video-pipeline-e57204d1-d6ff-4164-851c-0a2cb567fe2c-edit_frame1', 'workflow_type': 'ComfyUIWorkflow'})
2026-01-13 11:57:58,511 - temporalio.workflow - INFO - Using pre-selected server: http://procure-x.testmcp.org ({'attempt': 1, 'namespace': 'default', 'run_id': '019bb60a-2b98-7310-b6bb-0b719e497fb5', 'task_queue': 'comfyui-gpu-farm', 'workflow_id': 'chain-image-edit-to-video-pipeline-e57204d1-d6ff-4164-851c-0a2cb567fe2c-edit_frame1', 'workflow_type': 'ComfyUIWorkflow'})
2026-01-13 11:57:58,519 - temporalio.activity - INFO - [V3] Executing workflow on http://procure-x.testmcp.org ({'activity_id': '1', 'activity_type': 'execute_and_track_workflow', 'attempt': 1, 'namespace': 'default', 'task_queue': 'comfyui-gpu-farm', 'workflow_id': 'chain-image-edit-to-video-pipeline-e57204d1-d6ff-4164-851c-0a2cb567fe2c-edit_frame1', 'workflow_run_id': '019bb60a-2b98-7310-b6bb-0b719e497fb5', 'workflow_type': 'ComfyUIWorkflow'})
2026-01-13 11:57:58,520 - temporalio.activity - INFO - [V3] Workflow name: qwen_image_edit ({'activity_id': '1', 'activity_type': 'execute_and_track_workflow', 'attempt': 1, 'namespace': 'default', 'task_queue': 'comfyui-gpu-farm', 'workflow_id': 'chain-image-edit-to-video-pipeline-e57204d1-d6ff-4164-851c-0a2cb567fe2c-edit_frame1', 'workflow_run_id': '019bb60a-2b98-7310-b6bb-0b719e497fb5', 'workflow_type': 'ComfyUIWorkflow'})
2026-01-13 11:57:58,562 - temporal_gateway.clients.comfy.client - INFO - ComfyUI client initialized for http://procure-x.testmcp.org
2026-01-13 11:57:58,562 - temporal_gateway.clients.comfy.client - INFO - Submitting workflow to ComfyUI
2026-01-13 11:57:58,671 - httpx - INFO - HTTP Request: POST http://procure-x.testmcp.org/prompt "HTTP/1.1 200 OK"
2026-01-13 11:57:58,675 - temporal_gateway.clients.comfy.client - INFO - Workflow queued with prompt_id: 41de0366-7e59-4cbf-9ad0-56ccf2ae19e8
2026-01-13 11:57:58,676 - temporal_gateway.clients.comfy.tracker - INFO - Starting execution tracking for prompt 41de0366-7e59-4cbf-9ad0-56ccf2ae19e8
2026-01-13 11:57:58,677 - temporal_gateway.clients.comfy.tracker - INFO - Starting history polling
2026-01-13 11:57:58,681 - temporal_gateway.clients.comfy.tracker - INFO - Starting WebSocket listener
2026-01-13 11:57:58,681 - temporal_gateway.clients.comfy.websocket - INFO - Connecting to WebSocket: ws://procure-x.testmcp.org/ws?clientId=cd271204-69c1-416f-9a7b-3e98d0cab447
2026-01-13 11:57:58,704 - httpx - INFO - HTTP Request: GET http://procure-x.testmcp.org/history/41de0366-7e59-4cbf-9ad0-56ccf2ae19e8 "HTTP/1.1 200 OK"
2026-01-13 11:57:58,729 - temporal_gateway.clients.comfy.websocket - INFO - WebSocket connected successfully
2026-01-13 11:57:59,768 - httpx - INFO - HTTP Request: GET http://procure-x.testmcp.org/history/41de0366-7e59-4cbf-9ad0-56ccf2ae19e8 "HTTP/1.1 200 OK"
2026-01-13 11:58:00,451 - temporalio.workflow - INFO - Received approval decision for step edit_frame2: approved by cli-user ({'attempt': 1, 'namespace': 'default', 'run_id': '019bb607-8ebe-7ca9-baae-12dc3fc0eda3', 'task_queue': 'comfyui-gpu-farm', 'workflow_id': 'chain-image-edit-to-video-pipeline-e57204d1-d6ff-4164-851c-0a2cb567fe2c', 'workflow_type': 'ChainExecutorWorkflow'})
2026-01-13 11:58:00,451 - temporalio.workflow - INFO - Step edit_frame2: Approved by cli-user ({'attempt': 1, 'namespace': 'default', 'run_id': '019bb607-8ebe-7ca9-baae-12dc3fc0eda3', 'task_queue': 'comfyui-gpu-farm', 'workflow_id': 'chain-image-edit-to-video-pipeline-e57204d1-d6ff-4164-851c-0a2cb567fe2c', 'workflow_type': 'ChainExecutorWorkflow'})
2026-01-13 11:58:00,451 - temporalio.workflow - INFO - Step edit_frame2: Approved, continuing... ({'attempt': 1, 'namespace': 'default', 'run_id': '019bb607-8ebe-7ca9-baae-12dc3fc0eda3', 'task_queue': 'comfyui-gpu-farm', 'workflow_id': 'chain-image-edit-to-video-pipeline-e57204d1-d6ff-4164-851c-0a2cb567fe2c', 'workflow_type': 'ChainExecutorWorkflow'})
2026-01-13 11:58:00,463 - temporalio.activity - INFO - Getting artifacts for workflow: 8772697e-4d0d-40c8-b4ec-e5c3a3e12206 ({'activity_id': '52', 'activity_type': 'get_workflow_artifacts', 'attempt': 1, 'namespace': 'default', 'task_queue': 'comfyui-gpu-farm', 'workflow_id': 'chain-image-edit-to-video-pipeline-e57204d1-d6ff-4164-851c-0a2cb567fe2c', 'workflow_run_id': '019bb607-8ebe-7ca9-baae-12dc3fc0eda3', 'workflow_type': 'ChainExecutorWorkflow'})
2026-01-13 11:58:00,490 - temporal_gateway.services.broadcast - INFO - Published step_completed to chain:6b657434-477e-4bf5-a64a-91d5122be53b
2026-01-13 11:58:00,490 - temporalio.activity - INFO - Published step_completed event for edit_frame2 in chain 6b657434-477e-4bf5-a64a-91d5122be53b ({'activity_id': '53', 'activity_type': 'publish_step_completed_activity', 'attempt': 1, 'namespace': 'default', 'task_queue': 'comfyui-gpu-farm', 'workflow_id': 'chain-image-edit-to-video-pipeline-e57204d1-d6ff-4164-851c-0a2cb567fe2c', 'workflow_run_id': '019bb607-8ebe-7ca9-baae-12dc3fc0eda3', 'workflow_type': 'ChainExecutorWorkflow'})
2026-01-13 11:58:00,804 - httpx - INFO - HTTP Request: GET http://procure-x.testmcp.org/history/41de0366-7e59-4cbf-9ad0-56ccf2ae19e8 "HTTP/1.1 200 OK"
2026-01-13 11:58:01,834 - httpx - INFO - HTTP Request: GET http://procure-x.testmcp.org/history/41de0366-7e59-4cbf-9ad0-56ccf2ae19e8 "HTTP/1.1 200 OK"
2026-01-13 11:58:02,866 - httpx - INFO - HTTP Request: GET http://procure-x.testmcp.org/history/41de0366-7e59-4cbf-9ad0-56ccf2ae19e8 "HTTP/1.1 200 OK"
2026-01-13 11:58:04,032 - httpx - INFO - HTTP Request: GET http://procure-x.testmcp.org/history/41de0366-7e59-4cbf-9ad0-56ccf2ae19e8 "HTTP/1.1 200 OK"
2026-01-13 11:58:05,070 - httpx - INFO - HTTP Request: GET http://procure-x.testmcp.org/history/41de0366-7e59-4cbf-9ad0-56ccf2ae19e8 "HTTP/1.1 200 OK"
2026-01-13 11:58:06,099 - httpx - INFO - HTTP Request: GET http://procure-x.testmcp.org/history/41de0366-7e59-4cbf-9ad0-56ccf2ae19e8 "HTTP/1.1 200 OK"
2026-01-13 11:58:07,146 - httpx - INFO - HTTP Request: GET http://procure-x.testmcp.org/history/41de0366-7e59-4cbf-9ad0-56ccf2ae19e8 "HTTP/1.1 200 OK"
2026-01-13 11:58:08,233 - httpx - INFO - HTTP Request: GET http://procure-x.testmcp.org/history/41de0366-7e59-4cbf-9ad0-56ccf2ae19e8 "HTTP/1.1 200 OK"
2026-01-13 11:58:09,262 - httpx - INFO - HTTP Request: GET http://procure-x.testmcp.org/history/41de0366-7e59-4cbf-9ad0-56ccf2ae19e8 "HTTP/1.1 200 OK"
2026-01-13 11:58:10,289 - httpx - INFO - HTTP Request: GET http://procure-x.testmcp.org/history/41de0366-7e59-4cbf-9ad0-56ccf2ae19e8 "HTTP/1.1 200 OK"
2026-01-13 11:58:11,326 - httpx - INFO - HTTP Request: GET http://procure-x.testmcp.org/history/41de0366-7e59-4cbf-9ad0-56ccf2ae19e8 "HTTP/1.1 200 OK"
2026-01-13 11:58:12,368 - httpx - INFO - HTTP Request: GET http://procure-x.testmcp.org/history/41de0366-7e59-4cbf-9ad0-56ccf2ae19e8 "HTTP/1.1 200 OK"
2026-01-13 11:58:13,392 - httpx - INFO - HTTP Request: GET http://procure-x.testmcp.org/history/41de0366-7e59-4cbf-9ad0-56ccf2ae19e8 "HTTP/1.1 200 OK"
2026-01-13 11:58:14,428 - httpx - INFO - HTTP Request: GET http://procure-x.testmcp.org/history/41de0366-7e59-4cbf-9ad0-56ccf2ae19e8 "HTTP/1.1 200 OK"
2026-01-13 11:58:15,469 - httpx - INFO - HTTP Request: GET http://procure-x.testmcp.org/history/41de0366-7e59-4cbf-9ad0-56ccf2ae19e8 "HTTP/1.1 200 OK"
2026-01-13 11:58:16,536 - httpx - INFO - HTTP Request: GET http://procure-x.testmcp.org/history/41de0366-7e59-4cbf-9ad0-56ccf2ae19e8 "HTTP/1.1 200 OK"
2026-01-13 11:58:17,572 - httpx - INFO - HTTP Request: GET http://procure-x.testmcp.org/history/41de0366-7e59-4cbf-9ad0-56ccf2ae19e8 "HTTP/1.1 200 OK"
2026-01-13 11:58:18,591 - httpx - INFO - HTTP Request: GET http://procure-x.testmcp.org/history/41de0366-7e59-4cbf-9ad0-56ccf2ae19e8 "HTTP/1.1 200 OK"
2026-01-13 11:58:19,620 - httpx - INFO - HTTP Request: GET http://procure-x.testmcp.org/history/41de0366-7e59-4cbf-9ad0-56ccf2ae19e8 "HTTP/1.1 200 OK"
2026-01-13 11:58:20,649 - httpx - INFO - HTTP Request: GET http://procure-x.testmcp.org/history/41de0366-7e59-4cbf-9ad0-56ccf2ae19e8 "HTTP/1.1 200 OK"
2026-01-13 11:58:21,680 - httpx - INFO - HTTP Request: GET http://procure-x.testmcp.org/history/41de0366-7e59-4cbf-9ad0-56ccf2ae19e8 "HTTP/1.1 200 OK"
2026-01-13 11:58:22,717 - httpx - INFO - HTTP Request: GET http://procure-x.testmcp.org/history/41de0366-7e59-4cbf-9ad0-56ccf2ae19e8 "HTTP/1.1 200 OK"
2026-01-13 11:58:23,753 - httpx - INFO - HTTP Request: GET http://procure-x.testmcp.org/history/41de0366-7e59-4cbf-9ad0-56ccf2ae19e8 "HTTP/1.1 200 OK"
2026-01-13 11:58:24,775 - httpx - INFO - HTTP Request: GET http://procure-x.testmcp.org/history/41de0366-7e59-4cbf-9ad0-56ccf2ae19e8 "HTTP/1.1 200 OK"
2026-01-13 11:58:25,171 - temporal_gateway.clients.comfy.tracker - INFO - [WS] Execution completed successfully
2026-01-13 11:58:25,591 - httpx - INFO - HTTP Request: GET http://procure-x.testmcp.org/history/41de0366-7e59-4cbf-9ad0-56ccf2ae19e8 "HTTP/1.1 200 OK"
2026-01-13 11:58:25,592 - temporal_gateway.clients.comfy.tracker - INFO - Tracking completed: success (took 26.92s)
2026-01-13 11:58:25,593 - temporalio.activity - INFO - [V3] Workflow completed successfully ({'activity_id': '1', 'activity_type': 'execute_and_track_workflow', 'attempt': 1, 'namespace': 'default', 'task_queue': 'comfyui-gpu-farm', 'workflow_id': 'chain-image-edit-to-video-pipeline-e57204d1-d6ff-4164-851c-0a2cb567fe2c-edit_frame1', 'workflow_run_id': '019bb60a-2b98-7310-b6bb-0b719e497fb5', 'workflow_type': 'ComfyUIWorkflow'})
2026-01-13 11:58:25,603 - temporalio.workflow - INFO - Execution completed successfully ({'attempt': 1, 'namespace': 'default', 'run_id': '019bb60a-2b98-7310-b6bb-0b719e497fb5', 'task_queue': 'comfyui-gpu-farm', 'workflow_id': 'chain-image-edit-to-video-pipeline-e57204d1-d6ff-4164-851c-0a2cb567fe2c-edit_frame1', 'workflow_type': 'ComfyUIWorkflow'})
2026-01-13 11:58:25,611 - temporalio.activity - INFO - Extracting server output files ({'activity_id': '2', 'activity_type': 'get_server_output_files', 'attempt': 1, 'namespace': 'default', 'task_queue': 'comfyui-gpu-farm', 'workflow_id': 'chain-image-edit-to-video-pipeline-e57204d1-d6ff-4164-851c-0a2cb567fe2c-edit_frame1', 'workflow_run_id': '019bb60a-2b98-7310-b6bb-0b719e497fb5', 'workflow_type': 'ComfyUIWorkflow'})
2026-01-13 11:58:25,611 - temporalio.activity - INFO - Found 1 output file(s) ({'activity_id': '2', 'activity_type': 'get_server_output_files', 'attempt': 1, 'namespace': 'default', 'task_queue': 'comfyui-gpu-farm', 'workflow_id': 'chain-image-edit-to-video-pipeline-e57204d1-d6ff-4164-851c-0a2cb567fe2c-edit_frame1', 'workflow_run_id': '019bb60a-2b98-7310-b6bb-0b719e497fb5', 'workflow_type': 'ComfyUIWorkflow'})
2026-01-13 11:58:25,619 - temporalio.workflow - INFO - Found 1 server output file(s) ({'attempt': 1, 'namespace': 'default', 'run_id': '019bb60a-2b98-7310-b6bb-0b719e497fb5', 'task_queue': 'comfyui-gpu-farm', 'workflow_id': 'chain-image-edit-to-video-pipeline-e57204d1-d6ff-4164-851c-0a2cb567fe2c-edit_frame1', 'workflow_type': 'ComfyUIWorkflow'})
2026-01-13 11:58:25,627 - temporalio.activity - INFO - Downloading and persisting 1 artifact(s) for workflow a8bf9817-72c8-4c44-8a3c-8954ba79376f ({'activity_id': '3', 'activity_type': 'download_and_store_artifacts', 'attempt': 1, 'namespace': 'default', 'task_queue': 'comfyui-gpu-farm', 'workflow_id': 'chain-image-edit-to-video-pipeline-e57204d1-d6ff-4164-851c-0a2cb567fe2c-edit_frame1', 'workflow_run_id': '019bb60a-2b98-7310-b6bb-0b719e497fb5', 'workflow_type': 'ComfyUIWorkflow'})
2026-01-13 11:58:25,668 - temporal_gateway.clients.comfy.client - INFO - ComfyUI client initialized for http://procure-x.testmcp.org
2026-01-13 11:58:25,735 - httpx - INFO - HTTP Request: GET http://procure-x.testmcp.org/view?filename=ComfyUI_00272_.png&type=output "HTTP/1.1 200 OK"
2026-01-13 11:58:30,279 - temporalio.activity - INFO - ✓ Saved artifact to DB: c176c83d-49fe-48d2-9267-092b478be6eb (ComfyUI_00272_.png) ({'activity_id': '3', 'activity_type': 'download_and_store_artifacts', 'attempt': 1, 'namespace': 'default', 'task_queue': 'comfyui-gpu-farm', 'workflow_id': 'chain-image-edit-to-video-pipeline-e57204d1-d6ff-4164-851c-0a2cb567fe2c-edit_frame1', 'workflow_run_id': '019bb60a-2b98-7310-b6bb-0b719e497fb5', 'workflow_type': 'ComfyUIWorkflow'})
2026-01-13 11:58:30,282 - temporalio.activity - INFO - Downloaded and persisted 1 artifact(s) ({'activity_id': '3', 'activity_type': 'download_and_store_artifacts', 'attempt': 1, 'namespace': 'default', 'task_queue': 'comfyui-gpu-farm', 'workflow_id': 'chain-image-edit-to-video-pipeline-e57204d1-d6ff-4164-851c-0a2cb567fe2c-edit_frame1', 'workflow_run_id': '019bb60a-2b98-7310-b6bb-0b719e497fb5', 'workflow_type': 'ComfyUIWorkflow'})
2026-01-13 11:58:30,299 - temporalio.workflow - INFO - Downloaded 1 file(s) locally ({'attempt': 1, 'namespace': 'default', 'run_id': '019bb60a-2b98-7310-b6bb-0b719e497fb5', 'task_queue': 'comfyui-gpu-farm', 'workflow_id': 'chain-image-edit-to-video-pipeline-e57204d1-d6ff-4164-851c-0a2cb567fe2c-edit_frame1', 'workflow_type': 'ComfyUIWorkflow'})
2026-01-13 11:58:30,320 - temporalio.activity - INFO - Updating workflow a8bf9817-72c8-4c44-8a3c-8954ba79376f status to: completed ({'activity_id': '54', 'activity_type': 'update_workflow_status_activity', 'attempt': 1, 'namespace': 'default', 'task_queue': 'comfyui-gpu-farm', 'workflow_id': 'chain-image-edit-to-video-pipeline-e57204d1-d6ff-4164-851c-0a2cb567fe2c', 'workflow_run_id': '019bb607-8ebe-7ca9-baae-12dc3fc0eda3', 'workflow_type': 'ChainExecutorWorkflow'})
2026-01-13 11:58:30,323 - temporalio.activity - INFO - ✓ Updated workflow status ({'activity_id': '54', 'activity_type': 'update_workflow_status_activity', 'attempt': 1, 'namespace': 'default', 'task_queue': 'comfyui-gpu-farm', 'workflow_id': 'chain-image-edit-to-video-pipeline-e57204d1-d6ff-4164-851c-0a2cb567fe2c', 'workflow_run_id': '019bb607-8ebe-7ca9-baae-12dc3fc0eda3', 'workflow_type': 'ChainExecutorWorkflow'})
2026-01-13 11:58:30,331 - temporalio.workflow - INFO - Step edit_frame1: Approval required, fetching artifacts... ({'attempt': 1, 'namespace': 'default', 'run_id': '019bb607-8ebe-7ca9-baae-12dc3fc0eda3', 'task_queue': 'comfyui-gpu-farm', 'workflow_id': 'chain-image-edit-to-video-pipeline-e57204d1-d6ff-4164-851c-0a2cb567fe2c', 'workflow_type': 'ChainExecutorWorkflow'})
2026-01-13 11:58:30,339 - temporalio.activity - INFO - Getting artifacts for workflow: a8bf9817-72c8-4c44-8a3c-8954ba79376f ({'activity_id': '55', 'activity_type': 'get_workflow_artifacts', 'attempt': 1, 'namespace': 'default', 'task_queue': 'comfyui-gpu-farm', 'workflow_id': 'chain-image-edit-to-video-pipeline-e57204d1-d6ff-4164-851c-0a2cb567fe2c', 'workflow_run_id': '019bb607-8ebe-7ca9-baae-12dc3fc0eda3', 'workflow_type': 'ChainExecutorWorkflow'})
2026-01-13 11:58:30,355 - temporalio.activity - INFO - Creating approval request for artifact: c176c83d-49fe-48d2-9267-092b478be6eb ({'activity_id': '56', 'activity_type': 'create_approval_request_activity', 'attempt': 1, 'namespace': 'default', 'task_queue': 'comfyui-gpu-farm', 'workflow_id': 'chain-image-edit-to-video-pipeline-e57204d1-d6ff-4164-851c-0a2cb567fe2c', 'workflow_run_id': '019bb607-8ebe-7ca9-baae-12dc3fc0eda3', 'workflow_type': 'ChainExecutorWorkflow'})
2026-01-13 11:58:30,359 - temporalio.activity - INFO - ✓ Created approval request: 098aa001-7426-4775-a748-95c771615739, token: HSQaIA6aPEHwcwOc... ({'activity_id': '56', 'activity_type': 'create_approval_request_activity', 'attempt': 1, 'namespace': 'default', 'task_queue': 'comfyui-gpu-farm', 'workflow_id': 'chain-image-edit-to-video-pipeline-e57204d1-d6ff-4164-851c-0a2cb567fe2c', 'workflow_run_id': '019bb607-8ebe-7ca9-baae-12dc3fc0eda3', 'workflow_type': 'ChainExecutorWorkflow'})
2026-01-13 11:58:30,359 - temporal_gateway.services.broadcast - INFO - Published approval_requested to chain:6b657434-477e-4bf5-a64a-91d5122be53b
2026-01-13 11:58:30,359 - temporalio.activity - INFO - Published approval_requested event for chain 6b657434-477e-4bf5-a64a-91d5122be53b ({'activity_id': '56', 'activity_type': 'create_approval_request_activity', 'attempt': 1, 'namespace': 'default', 'task_queue': 'comfyui-gpu-farm', 'workflow_id': 'chain-image-edit-to-video-pipeline-e57204d1-d6ff-4164-851c-0a2cb567fe2c', 'workflow_run_id': '019bb607-8ebe-7ca9-baae-12dc3fc0eda3', 'workflow_type': 'ChainExecutorWorkflow'})
2026-01-13 11:58:30,369 - temporalio.workflow - INFO - Step edit_frame1: Approval request created, token: HSQaIA6aPEHwcwOc... ({'attempt': 1, 'namespace': 'default', 'run_id': '019bb607-8ebe-7ca9-baae-12dc3fc0eda3', 'task_queue': 'comfyui-gpu-farm', 'workflow_id': 'chain-image-edit-to-video-pipeline-e57204d1-d6ff-4164-851c-0a2cb567fe2c', 'workflow_type': 'ChainExecutorWorkflow'})
2026-01-13 11:58:32,506 - temporalio.workflow - INFO - Received approval decision for step edit_frame1: approved by cli-user ({'attempt': 1, 'namespace': 'default', 'run_id': '019bb607-8ebe-7ca9-baae-12dc3fc0eda3', 'task_queue': 'comfyui-gpu-farm', 'workflow_id': 'chain-image-edit-to-video-pipeline-e57204d1-d6ff-4164-851c-0a2cb567fe2c', 'workflow_type': 'ChainExecutorWorkflow'})
2026-01-13 11:58:32,507 - temporalio.workflow - INFO - Step edit_frame1: Approved by cli-user ({'attempt': 1, 'namespace': 'default', 'run_id': '019bb607-8ebe-7ca9-baae-12dc3fc0eda3', 'task_queue': 'comfyui-gpu-farm', 'workflow_id': 'chain-image-edit-to-video-pipeline-e57204d1-d6ff-4164-851c-0a2cb567fe2c', 'workflow_type': 'ChainExecutorWorkflow'})
2026-01-13 11:58:32,507 - temporalio.workflow - INFO - Step edit_frame1: Approved, continuing... ({'attempt': 1, 'namespace': 'default', 'run_id': '019bb607-8ebe-7ca9-baae-12dc3fc0eda3', 'task_queue': 'comfyui-gpu-farm', 'workflow_id': 'chain-image-edit-to-video-pipeline-e57204d1-d6ff-4164-851c-0a2cb567fe2c', 'workflow_type': 'ChainExecutorWorkflow'})
2026-01-13 11:58:32,516 - temporalio.activity - INFO - Getting artifacts for workflow: a8bf9817-72c8-4c44-8a3c-8954ba79376f ({'activity_id': '57', 'activity_type': 'get_workflow_artifacts', 'attempt': 1, 'namespace': 'default', 'task_queue': 'comfyui-gpu-farm', 'workflow_id': 'chain-image-edit-to-video-pipeline-e57204d1-d6ff-4164-851c-0a2cb567fe2c', 'workflow_run_id': '019bb607-8ebe-7ca9-baae-12dc3fc0eda3', 'workflow_type': 'ChainExecutorWorkflow'})
2026-01-13 11:58:32,535 - temporal_gateway.services.broadcast - INFO - Published step_completed to chain:6b657434-477e-4bf5-a64a-91d5122be53b
2026-01-13 11:58:32,535 - temporalio.activity - INFO - Published step_completed event for edit_frame1 in chain 6b657434-477e-4bf5-a64a-91d5122be53b ({'activity_id': '58', 'activity_type': 'publish_step_completed_activity', 'attempt': 1, 'namespace': 'default', 'task_queue': 'comfyui-gpu-farm', 'workflow_id': 'chain-image-edit-to-video-pipeline-e57204d1-d6ff-4164-851c-0a2cb567fe2c', 'workflow_run_id': '019bb607-8ebe-7ca9-baae-12dc3fc0eda3', 'workflow_type': 'ChainExecutorWorkflow'})
2026-01-13 11:58:32,544 - temporalio.workflow - INFO - Step edit_frame1: completed ({'attempt': 1, 'namespace': 'default', 'run_id': '019bb607-8ebe-7ca9-baae-12dc3fc0eda3', 'task_queue': 'comfyui-gpu-farm', 'workflow_id': 'chain-image-edit-to-video-pipeline-e57204d1-d6ff-4164-851c-0a2cb567fe2c', 'workflow_type': 'ChainExecutorWorkflow'})
2026-01-13 11:58:32,544 - temporalio.workflow - INFO - Step edit_frame2: completed ({'attempt': 1, 'namespace': 'default', 'run_id': '019bb607-8ebe-7ca9-baae-12dc3fc0eda3', 'task_queue': 'comfyui-gpu-farm', 'workflow_id': 'chain-image-edit-to-video-pipeline-e57204d1-d6ff-4164-851c-0a2cb567fe2c', 'workflow_type': 'ChainExecutorWorkflow'})
2026-01-13 11:58:32,553 - temporalio.activity - INFO - Updating chain 6b657434-477e-4bf5-a64a-91d5122be53b status to: executing_level_2 ({'activity_id': '59', 'activity_type': 'update_chain_status_activity', 'attempt': 1, 'namespace': 'default', 'task_queue': 'comfyui-gpu-farm', 'workflow_id': 'chain-image-edit-to-video-pipeline-e57204d1-d6ff-4164-851c-0a2cb567fe2c', 'workflow_run_id': '019bb607-8ebe-7ca9-baae-12dc3fc0eda3', 'workflow_type': 'ChainExecutorWorkflow'})
2026-01-13 11:58:32,556 - temporalio.activity - INFO - ✓ Updated chain status ({'activity_id': '59', 'activity_type': 'update_chain_status_activity', 'attempt': 1, 'namespace': 'default', 'task_queue': 'comfyui-gpu-farm', 'workflow_id': 'chain-image-edit-to-video-pipeline-e57204d1-d6ff-4164-851c-0a2cb567fe2c', 'workflow_run_id': '019bb607-8ebe-7ca9-baae-12dc3fc0eda3', 'workflow_type': 'ChainExecutorWorkflow'})
2026-01-13 11:58:32,566 - temporalio.workflow - INFO - Level 2: Executing 1 step(s) ({'attempt': 1, 'namespace': 'default', 'run_id': '019bb607-8ebe-7ca9-baae-12dc3fc0eda3', 'task_queue': 'comfyui-gpu-farm', 'workflow_id': 'chain-image-edit-to-video-pipeline-e57204d1-d6ff-4164-851c-0a2cb567fe2c', 'workflow_type': 'ChainExecutorWorkflow'})
2026-01-13 11:58:32,566 - temporalio.workflow - INFO - Executing step: create_video ({'attempt': 1, 'namespace': 'default', 'run_id': '019bb607-8ebe-7ca9-baae-12dc3fc0eda3', 'task_queue': 'comfyui-gpu-farm', 'workflow_id': 'chain-image-edit-to-video-pipeline-e57204d1-d6ff-4164-851c-0a2cb567fe2c', 'workflow_type': 'ChainExecutorWorkflow'})
2026-01-13 11:58:32,575 - temporalio.activity - INFO - Resolving templates in parameters ({'activity_id': '60', 'activity_type': 'resolve_chain_templates', 'attempt': 1, 'namespace': 'default', 'task_queue': 'comfyui-gpu-farm', 'workflow_id': 'chain-image-edit-to-video-pipeline-e57204d1-d6ff-4164-851c-0a2cb567fe2c', 'workflow_run_id': '019bb607-8ebe-7ca9-baae-12dc3fc0eda3', 'workflow_type': 'ChainExecutorWorkflow'})
2026-01-13 11:58:32,577 - temporalio.activity - INFO - Templates resolved successfully ({'activity_id': '60', 'activity_type': 'resolve_chain_templates', 'attempt': 1, 'namespace': 'default', 'task_queue': 'comfyui-gpu-farm', 'workflow_id': 'chain-image-edit-to-video-pipeline-e57204d1-d6ff-4164-851c-0a2cb567fe2c', 'workflow_run_id': '019bb607-8ebe-7ca9-baae-12dc3fc0eda3', 'workflow_type': 'ChainExecutorWorkflow'})
2026-01-13 11:58:32,585 - temporalio.workflow - INFO - Step create_video: Resolved parameters ({'attempt': 1, 'namespace': 'default', 'run_id': '019bb607-8ebe-7ca9-baae-12dc3fc0eda3', 'task_queue': 'comfyui-gpu-farm', 'workflow_id': 'chain-image-edit-to-video-pipeline-e57204d1-d6ff-4164-851c-0a2cb567fe2c', 'workflow_type': 'ChainExecutorWorkflow'})
2026-01-13 11:58:32,593 - temporalio.activity - INFO - Applying parameters to workflow: firstEndTovideo ({'activity_id': '61', 'activity_type': 'apply_workflow_parameters', 'attempt': 1, 'namespace': 'default', 'task_queue': 'comfyui-gpu-farm', 'workflow_id': 'chain-image-edit-to-video-pipeline-e57204d1-d6ff-4164-851c-0a2cb567fe2c', 'workflow_run_id': '019bb607-8ebe-7ca9-baae-12dc3fc0eda3', 'workflow_type': 'ChainExecutorWorkflow'})
2026-01-13 11:58:32,594 - temporal_gateway.registry - INFO - Applied override: 6.text = Smooth cinematic transition between vibrant colorful scenes
2026-01-13 11:58:32,594 - temporal_gateway.registry - INFO - Applied override: 60.fps = 16
2026-01-13 11:58:32,594 - temporal_gateway.registry - INFO - Applied override: 62.image = ComfyUI_00272_.png
2026-01-13 11:58:32,594 - temporal_gateway.registry - INFO - Applied override: 67.height = 1024
2026-01-13 11:58:32,594 - temporal_gateway.registry - INFO - Applied override: 67.length = 81
2026-01-13 11:58:32,594 - temporal_gateway.registry - INFO - Applied override: 67.width = 592
2026-01-13 11:58:32,594 - temporal_gateway.registry - INFO - Applied override: 68.image = ComfyUI_00271_.png
2026-01-13 11:58:32,594 - temporalio.activity - INFO - Parameters applied successfully ({'activity_id': '61', 'activity_type': 'apply_workflow_parameters', 'attempt': 1, 'namespace': 'default', 'task_queue': 'comfyui-gpu-farm', 'workflow_id': 'chain-image-edit-to-video-pipeline-e57204d1-d6ff-4164-851c-0a2cb567fe2c', 'workflow_run_id': '019bb607-8ebe-7ca9-baae-12dc3fc0eda3', 'workflow_type': 'ChainExecutorWorkflow'})
2026-01-13 11:58:32,610 - temporalio.activity - INFO - Selecting server with strategy: least_loaded ({'activity_id': '62', 'activity_type': 'select_best_server', 'attempt': 1, 'namespace': 'default', 'task_queue': 'comfyui-gpu-farm', 'workflow_id': 'chain-image-edit-to-video-pipeline-e57204d1-d6ff-4164-851c-0a2cb567fe2c', 'workflow_run_id': '019bb607-8ebe-7ca9-baae-12dc3fc0eda3', 'workflow_type': 'ChainExecutorWorkflow'})
2026-01-13 11:58:32,788 - httpx - INFO - HTTP Request: GET http://procure-x.testmcp.org/system_stats "HTTP/1.1 200 OK"
2026-01-13 11:58:32,822 - httpx - INFO - HTTP Request: GET http://procure-x.testmcp.org/queue "HTTP/1.1 200 OK"
2026-01-13 11:58:32,823 - temporal_gateway.servers.load_balancer - INFO - Selected server procure-x (queue_depth=0, gpu_mem=0.0%)
2026-01-13 11:58:32,823 - temporalio.activity - INFO - Selected server: procure-x (http://procure-x.testmcp.org) ({'activity_id': '62', 'activity_type': 'select_best_server', 'attempt': 1, 'namespace': 'default', 'task_queue': 'comfyui-gpu-farm', 'workflow_id': 'chain-image-edit-to-video-pipeline-e57204d1-d6ff-4164-851c-0a2cb567fe2c', 'workflow_run_id': '019bb607-8ebe-7ca9-baae-12dc3fc0eda3', 'workflow_type': 'ChainExecutorWorkflow'})
2026-01-13 11:58:32,834 - temporalio.workflow - INFO - Step create_video: Selected target server: http://procure-x.testmcp.org ({'attempt': 1, 'namespace': 'default', 'run_id': '019bb607-8ebe-7ca9-baae-12dc3fc0eda3', 'task_queue': 'comfyui-gpu-farm', 'workflow_id': 'chain-image-edit-to-video-pipeline-e57204d1-d6ff-4164-851c-0a2cb567fe2c', 'workflow_type': 'ChainExecutorWorkflow'})
2026-01-13 11:58:32,834 - temporalio.workflow - INFO - Step create_video: Processing 2 dependency step(s) ({'attempt': 1, 'namespace': 'default', 'run_id': '019bb607-8ebe-7ca9-baae-12dc3fc0eda3', 'task_queue': 'comfyui-gpu-farm', 'workflow_id': 'chain-image-edit-to-video-pipeline-e57204d1-d6ff-4164-851c-0a2cb567fe2c', 'workflow_type': 'ChainExecutorWorkflow'})
2026-01-13 11:58:32,843 - temporalio.activity - INFO - Getting artifacts for workflow: a8bf9817-72c8-4c44-8a3c-8954ba79376f ({'activity_id': '63', 'activity_type': 'get_workflow_artifacts', 'attempt': 1, 'namespace': 'default', 'task_queue': 'comfyui-gpu-farm', 'workflow_id': 'chain-image-edit-to-video-pipeline-e57204d1-d6ff-4164-851c-0a2cb567fe2c', 'workflow_run_id': '019bb607-8ebe-7ca9-baae-12dc3fc0eda3', 'workflow_type': 'ChainExecutorWorkflow'})
2026-01-13 11:58:32,855 - temporalio.workflow - INFO - Transferring 1 artifact(s) from edit_frame1 to http://procure-x.testmcp.org ({'attempt': 1, 'namespace': 'default', 'run_id': '019bb607-8ebe-7ca9-baae-12dc3fc0eda3', 'task_queue': 'comfyui-gpu-farm', 'workflow_id': 'chain-image-edit-to-video-pipeline-e57204d1-d6ff-4164-851c-0a2cb567fe2c', 'workflow_type': 'ChainExecutorWorkflow'})
2026-01-13 11:58:32,863 - temporalio.activity - INFO - Transferring 1 artifact(s) from workflow a8bf9817-72c8-4c44-8a3c-8954ba79376f to http://procure-x.testmcp.org ({'activity_id': '64', 'activity_type': 'transfer_artifacts_from_storage', 'attempt': 1, 'namespace': 'default', 'task_queue': 'comfyui-gpu-farm', 'workflow_id': 'chain-image-edit-to-video-pipeline-e57204d1-d6ff-4164-851c-0a2cb567fe2c', 'workflow_run_id': '019bb607-8ebe-7ca9-baae-12dc3fc0eda3', 'workflow_type': 'ChainExecutorWorkflow'})
2026-01-13 11:58:32,906 - temporal_gateway.clients.comfy.client - INFO - ComfyUI client initialized for http://procure-x.testmcp.org
2026-01-13 11:58:32,911 - temporalio.activity - INFO - Uploading: ComfyUI_00272_.png from local storage to http://procure-x.testmcp.org/input/ ({'activity_id': '64', 'activity_type': 'transfer_artifacts_from_storage', 'attempt': 1, 'namespace': 'default', 'task_queue': 'comfyui-gpu-farm', 'workflow_id': 'chain-image-edit-to-video-pipeline-e57204d1-d6ff-4164-851c-0a2cb567fe2c', 'workflow_run_id': '019bb607-8ebe-7ca9-baae-12dc3fc0eda3', 'workflow_type': 'ChainExecutorWorkflow'})
2026-01-13 11:58:33,478 - httpx - INFO - HTTP Request: POST http://procure-x.testmcp.org/upload/image "HTTP/1.1 200 OK"
2026-01-13 11:58:33,481 - temporalio.activity - INFO - ✓ Uploaded: ComfyUI_00272_.png (1018071 bytes) ({'activity_id': '64', 'activity_type': 'transfer_artifacts_from_storage', 'attempt': 1, 'namespace': 'default', 'task_queue': 'comfyui-gpu-farm', 'workflow_id': 'chain-image-edit-to-video-pipeline-e57204d1-d6ff-4164-851c-0a2cb567fe2c', 'workflow_run_id': '019bb607-8ebe-7ca9-baae-12dc3fc0eda3', 'workflow_type': 'ChainExecutorWorkflow'})
2026-01-13 11:58:33,488 - temporalio.activity - INFO - Successfully transferred 1 file(s) ({'activity_id': '64', 'activity_type': 'transfer_artifacts_from_storage', 'attempt': 1, 'namespace': 'default', 'task_queue': 'comfyui-gpu-farm', 'workflow_id': 'chain-image-edit-to-video-pipeline-e57204d1-d6ff-4164-851c-0a2cb567fe2c', 'workflow_run_id': '019bb607-8ebe-7ca9-baae-12dc3fc0eda3', 'workflow_type': 'ChainExecutorWorkflow'})
2026-01-13 11:58:33,511 - temporalio.activity - INFO - Getting artifacts for workflow: 8772697e-4d0d-40c8-b4ec-e5c3a3e12206 ({'activity_id': '65', 'activity_type': 'get_workflow_artifacts', 'attempt': 1, 'namespace': 'default', 'task_queue': 'comfyui-gpu-farm', 'workflow_id': 'chain-image-edit-to-video-pipeline-e57204d1-d6ff-4164-851c-0a2cb567fe2c', 'workflow_run_id': '019bb607-8ebe-7ca9-baae-12dc3fc0eda3', 'workflow_type': 'ChainExecutorWorkflow'})
2026-01-13 11:58:33,521 - temporalio.workflow - INFO - Transferring 1 artifact(s) from edit_frame2 to http://procure-x.testmcp.org ({'attempt': 1, 'namespace': 'default', 'run_id': '019bb607-8ebe-7ca9-baae-12dc3fc0eda3', 'task_queue': 'comfyui-gpu-farm', 'workflow_id': 'chain-image-edit-to-video-pipeline-e57204d1-d6ff-4164-851c-0a2cb567fe2c', 'workflow_type': 'ChainExecutorWorkflow'})
2026-01-13 11:58:33,529 - temporalio.activity - INFO - Transferring 1 artifact(s) from workflow 8772697e-4d0d-40c8-b4ec-e5c3a3e12206 to http://procure-x.testmcp.org ({'activity_id': '66', 'activity_type': 'transfer_artifacts_from_storage', 'attempt': 1, 'namespace': 'default', 'task_queue': 'comfyui-gpu-farm', 'workflow_id': 'chain-image-edit-to-video-pipeline-e57204d1-d6ff-4164-851c-0a2cb567fe2c', 'workflow_run_id': '019bb607-8ebe-7ca9-baae-12dc3fc0eda3', 'workflow_type': 'ChainExecutorWorkflow'})
2026-01-13 11:58:33,577 - temporal_gateway.clients.comfy.client - INFO - ComfyUI client initialized for http://procure-x.testmcp.org
2026-01-13 11:58:33,582 - temporalio.activity - INFO - Uploading: ComfyUI_00271_.png from local storage to http://procure-x.testmcp.org/input/ ({'activity_id': '66', 'activity_type': 'transfer_artifacts_from_storage', 'attempt': 1, 'namespace': 'default', 'task_queue': 'comfyui-gpu-farm', 'workflow_id': 'chain-image-edit-to-video-pipeline-e57204d1-d6ff-4164-851c-0a2cb567fe2c', 'workflow_run_id': '019bb607-8ebe-7ca9-baae-12dc3fc0eda3', 'workflow_type': 'ChainExecutorWorkflow'})
2026-01-13 11:58:34,094 - httpx - INFO - HTTP Request: POST http://procure-x.testmcp.org/upload/image "HTTP/1.1 200 OK"
2026-01-13 11:58:34,097 - temporalio.activity - INFO - ✓ Uploaded: ComfyUI_00271_.png (800815 bytes) ({'activity_id': '66', 'activity_type': 'transfer_artifacts_from_storage', 'attempt': 1, 'namespace': 'default', 'task_queue': 'comfyui-gpu-farm', 'workflow_id': 'chain-image-edit-to-video-pipeline-e57204d1-d6ff-4164-851c-0a2cb567fe2c', 'workflow_run_id': '019bb607-8ebe-7ca9-baae-12dc3fc0eda3', 'workflow_type': 'ChainExecutorWorkflow'})
2026-01-13 11:58:34,109 - temporalio.activity - INFO - Successfully transferred 1 file(s) ({'activity_id': '66', 'activity_type': 'transfer_artifacts_from_storage', 'attempt': 1, 'namespace': 'default', 'task_queue': 'comfyui-gpu-farm', 'workflow_id': 'chain-image-edit-to-video-pipeline-e57204d1-d6ff-4164-851c-0a2cb567fe2c', 'workflow_run_id': '019bb607-8ebe-7ca9-baae-12dc3fc0eda3', 'workflow_type': 'ChainExecutorWorkflow'})
2026-01-13 11:58:34,147 - temporalio.activity - INFO - Creating workflow record: firstEndTovideo (prompt: pending) ({'activity_id': '67', 'activity_type': 'create_workflow_record', 'attempt': 1, 'namespace': 'default', 'task_queue': 'comfyui-gpu-farm', 'workflow_id': 'chain-image-edit-to-video-pipeline-e57204d1-d6ff-4164-851c-0a2cb567fe2c', 'workflow_run_id': '019bb607-8ebe-7ca9-baae-12dc3fc0eda3', 'workflow_type': 'ChainExecutorWorkflow'})
2026-01-13 11:58:34,151 - temporalio.activity - INFO - ✓ Created workflow record: fa2c4066-07d1-4ad7-a51f-e1a6b8ee9d0d ({'activity_id': '67', 'activity_type': 'create_workflow_record', 'attempt': 1, 'namespace': 'default', 'task_queue': 'comfyui-gpu-farm', 'workflow_id': 'chain-image-edit-to-video-pipeline-e57204d1-d6ff-4164-851c-0a2cb567fe2c', 'workflow_run_id': '019bb607-8ebe-7ca9-baae-12dc3fc0eda3', 'workflow_type': 'ChainExecutorWorkflow'})
2026-01-13 11:58:34,160 - temporalio.workflow - INFO - Step create_video: Created workflow record fa2c4066-07d1-4ad7-a51f-e1a6b8ee9d0d ({'attempt': 1, 'namespace': 'default', 'run_id': '019bb607-8ebe-7ca9-baae-12dc3fc0eda3', 'task_queue': 'comfyui-gpu-farm', 'workflow_id': 'chain-image-edit-to-video-pipeline-e57204d1-d6ff-4164-851c-0a2cb567fe2c', 'workflow_type': 'ChainExecutorWorkflow'})
2026-01-13 11:58:34,185 - temporalio.workflow - INFO - Starting ComfyUI workflow execution ({'attempt': 1, 'namespace': 'default', 'run_id': '019bb60a-b6f6-7af4-91d6-6554ae6dbbba', 'task_queue': 'comfyui-gpu-farm', 'workflow_id': 'chain-image-edit-to-video-pipeline-e57204d1-d6ff-4164-851c-0a2cb567fe2c-create_video', 'workflow_type': 'ComfyUIWorkflow'})
2026-01-13 11:58:34,185 - temporalio.workflow - INFO - Generated client_id: 2e75740b-bdf8-4b0f-bec3-97bb496492b3 ({'attempt': 1, 'namespace': 'default', 'run_id': '019bb60a-b6f6-7af4-91d6-6554ae6dbbba', 'task_queue': 'comfyui-gpu-farm', 'workflow_id': 'chain-image-edit-to-video-pipeline-e57204d1-d6ff-4164-851c-0a2cb567fe2c-create_video', 'workflow_type': 'ComfyUIWorkflow'})
2026-01-13 11:58:34,185 - temporalio.workflow - INFO - Using pre-selected server: http://procure-x.testmcp.org ({'attempt': 1, 'namespace': 'default', 'run_id': '019bb60a-b6f6-7af4-91d6-6554ae6dbbba', 'task_queue': 'comfyui-gpu-farm', 'workflow_id': 'chain-image-edit-to-video-pipeline-e57204d1-d6ff-4164-851c-0a2cb567fe2c-create_video', 'workflow_type': 'ComfyUIWorkflow'})
2026-01-13 11:58:34,196 - temporalio.activity - INFO - [V3] Executing workflow on http://procure-x.testmcp.org ({'activity_id': '1', 'activity_type': 'execute_and_track_workflow', 'attempt': 1, 'namespace': 'default', 'task_queue': 'comfyui-gpu-farm', 'workflow_id': 'chain-image-edit-to-video-pipeline-e57204d1-d6ff-4164-851c-0a2cb567fe2c-create_video', 'workflow_run_id': '019bb60a-b6f6-7af4-91d6-6554ae6dbbba', 'workflow_type': 'ComfyUIWorkflow'})
2026-01-13 11:58:34,196 - temporalio.activity - INFO - [V3] Workflow name: firstEndTovideo ({'activity_id': '1', 'activity_type': 'execute_and_track_workflow', 'attempt': 1, 'namespace': 'default', 'task_queue': 'comfyui-gpu-farm', 'workflow_id': 'chain-image-edit-to-video-pipeline-e57204d1-d6ff-4164-851c-0a2cb567fe2c-create_video', 'workflow_run_id': '019bb60a-b6f6-7af4-91d6-6554ae6dbbba', 'workflow_type': 'ComfyUIWorkflow'})
2026-01-13 11:58:34,239 - temporal_gateway.clients.comfy.client - INFO - ComfyUI client initialized for http://procure-x.testmcp.org
2026-01-13 11:58:34,239 - temporal_gateway.clients.comfy.client - INFO - Submitting workflow to ComfyUI
2026-01-13 11:58:34,323 - httpx - INFO - HTTP Request: POST http://procure-x.testmcp.org/prompt "HTTP/1.1 200 OK"
2026-01-13 11:58:34,326 - temporal_gateway.clients.comfy.client - INFO - Workflow queued with prompt_id: 89bcaae4-d67f-48a6-84f9-53ea6bd4ef57
2026-01-13 11:58:34,327 - temporal_gateway.clients.comfy.tracker - INFO - Starting execution tracking for prompt 89bcaae4-d67f-48a6-84f9-53ea6bd4ef57
2026-01-13 11:58:34,327 - temporal_gateway.clients.comfy.tracker - INFO - Starting history polling
2026-01-13 11:58:34,331 - temporal_gateway.clients.comfy.tracker - INFO - Starting WebSocket listener
2026-01-13 11:58:34,331 - temporal_gateway.clients.comfy.websocket - INFO - Connecting to WebSocket: ws://procure-x.testmcp.org/ws?clientId=2b00c8ed-2a1c-49a3-9589-92d96e2e85fb
2026-01-13 11:58:34,396 - httpx - INFO - HTTP Request: GET http://procure-x.testmcp.org/history/89bcaae4-d67f-48a6-84f9-53ea6bd4ef57 "HTTP/1.1 200 OK"
2026-01-13 11:58:34,443 - temporal_gateway.clients.comfy.websocket - INFO - WebSocket connected successfully
2026-01-13 11:58:35,427 - httpx - INFO - HTTP Request: GET http://procure-x.testmcp.org/history/89bcaae4-d67f-48a6-84f9-53ea6bd4ef57 "HTTP/1.1 200 OK"
2026-01-13 11:58:36,542 - httpx - INFO - HTTP Request: GET http://procure-x.testmcp.org/history/89bcaae4-d67f-48a6-84f9-53ea6bd4ef57 "HTTP/1.1 200 OK"
2026-01-13 11:58:37,585 - httpx - INFO - HTTP Request: GET http://procure-x.testmcp.org/history/89bcaae4-d67f-48a6-84f9-53ea6bd4ef57 "HTTP/1.1 200 OK"
2026-01-13 11:58:38,621 - httpx - INFO - HTTP Request: GET http://procure-x.testmcp.org/history/89bcaae4-d67f-48a6-84f9-53ea6bd4ef57 "HTTP/1.1 200 OK"
2026-01-13 11:58:39,726 - httpx - INFO - HTTP Request: GET http://procure-x.testmcp.org/history/89bcaae4-d67f-48a6-84f9-53ea6bd4ef57 "HTTP/1.1 200 OK"
2026-01-13 11:58:40,779 - httpx - INFO - HTTP Request: GET http://procure-x.testmcp.org/history/89bcaae4-d67f-48a6-84f9-53ea6bd4ef57 "HTTP/1.1 200 OK"
2026-01-13 11:58:41,863 - httpx - INFO - HTTP Request: GET http://procure-x.testmcp.org/history/89bcaae4-d67f-48a6-84f9-53ea6bd4ef57 "HTTP/1.1 200 OK"
2026-01-13 11:58:43,105 - httpx - INFO - HTTP Request: GET http://procure-x.testmcp.org/history/89bcaae4-d67f-48a6-84f9-53ea6bd4ef57 "HTTP/1.1 200 OK"
2026-01-13 11:58:44,194 - httpx - INFO - HTTP Request: GET http://procure-x.testmcp.org/history/89bcaae4-d67f-48a6-84f9-53ea6bd4ef57 "HTTP/1.1 200 OK"
2026-01-13 11:58:45,227 - httpx - INFO - HTTP Request: GET http://procure-x.testmcp.org/history/89bcaae4-d67f-48a6-84f9-53ea6bd4ef57 "HTTP/1.1 200 OK"
2026-01-13 11:58:46,487 - httpx - INFO - HTTP Request: GET http://procure-x.testmcp.org/history/89bcaae4-d67f-48a6-84f9-53ea6bd4ef57 "HTTP/1.1 200 OK"
2026-01-13 11:58:47,765 - httpx - INFO - HTTP Request: GET http://procure-x.testmcp.org/history/89bcaae4-d67f-48a6-84f9-53ea6bd4ef57 "HTTP/1.1 200 OK"
2026-01-13 11:58:48,789 - httpx - INFO - HTTP Request: GET http://procure-x.testmcp.org/history/89bcaae4-d67f-48a6-84f9-53ea6bd4ef57 "HTTP/1.1 200 OK"
2026-01-13 11:58:50,068 - httpx - INFO - HTTP Request: GET http://procure-x.testmcp.org/history/89bcaae4-d67f-48a6-84f9-53ea6bd4ef57 "HTTP/1.1 200 OK"
2026-01-13 11:58:51,573 - httpx - INFO - HTTP Request: GET http://procure-x.testmcp.org/history/89bcaae4-d67f-48a6-84f9-53ea6bd4ef57 "HTTP/1.1 200 OK"
2026-01-13 11:58:52,918 - httpx - INFO - HTTP Request: GET http://procure-x.testmcp.org/history/89bcaae4-d67f-48a6-84f9-53ea6bd4ef57 "HTTP/1.1 200 OK"
2026-01-13 11:58:54,272 - httpx - INFO - HTTP Request: GET http://procure-x.testmcp.org/history/89bcaae4-d67f-48a6-84f9-53ea6bd4ef57 "HTTP/1.1 200 OK"
2026-01-13 11:58:55,596 - httpx - INFO - HTTP Request: GET http://procure-x.testmcp.org/history/89bcaae4-d67f-48a6-84f9-53ea6bd4ef57 "HTTP/1.1 200 OK"
2026-01-13 11:58:56,626 - httpx - INFO - HTTP Request: GET http://procure-x.testmcp.org/history/89bcaae4-d67f-48a6-84f9-53ea6bd4ef57 "HTTP/1.1 200 OK"
2026-01-13 11:58:57,647 - httpx - INFO - HTTP Request: GET http://procure-x.testmcp.org/history/89bcaae4-d67f-48a6-84f9-53ea6bd4ef57 "HTTP/1.1 200 OK"
2026-01-13 11:58:58,706 - httpx - INFO - HTTP Request: GET http://procure-x.testmcp.org/history/89bcaae4-d67f-48a6-84f9-53ea6bd4ef57 "HTTP/1.1 200 OK"
2026-01-13 11:58:59,787 - httpx - INFO - HTTP Request: GET http://procure-x.testmcp.org/history/89bcaae4-d67f-48a6-84f9-53ea6bd4ef57 "HTTP/1.1 200 OK"
2026-01-13 11:59:00,996 - httpx - INFO - HTTP Request: GET http://procure-x.testmcp.org/history/89bcaae4-d67f-48a6-84f9-53ea6bd4ef57 "HTTP/1.1 200 OK"
2026-01-13 11:59:02,255 - httpx - INFO - HTTP Request: GET http://procure-x.testmcp.org/history/89bcaae4-d67f-48a6-84f9-53ea6bd4ef57 "HTTP/1.1 200 OK"
2026-01-13 11:59:03,559 - httpx - INFO - HTTP Request: GET http://procure-x.testmcp.org/history/89bcaae4-d67f-48a6-84f9-53ea6bd4ef57 "HTTP/1.1 200 OK"
2026-01-13 11:59:04,831 - httpx - INFO - HTTP Request: GET http://procure-x.testmcp.org/history/89bcaae4-d67f-48a6-84f9-53ea6bd4ef57 "HTTP/1.1 200 OK"
2026-01-13 11:59:05,896 - httpx - INFO - HTTP Request: GET http://procure-x.testmcp.org/history/89bcaae4-d67f-48a6-84f9-53ea6bd4ef57 "HTTP/1.1 200 OK"
2026-01-13 11:59:06,976 - httpx - INFO - HTTP Request: GET http://procure-x.testmcp.org/history/89bcaae4-d67f-48a6-84f9-53ea6bd4ef57 "HTTP/1.1 200 OK"
2026-01-13 11:59:08,231 - httpx - INFO - HTTP Request: GET http://procure-x.testmcp.org/history/89bcaae4-d67f-48a6-84f9-53ea6bd4ef57 "HTTP/1.1 200 OK"
2026-01-13 11:59:09,490 - httpx - INFO - HTTP Request: GET http://procure-x.testmcp.org/history/89bcaae4-d67f-48a6-84f9-53ea6bd4ef57 "HTTP/1.1 200 OK"
2026-01-13 11:59:10,519 - httpx - INFO - HTTP Request: GET http://procure-x.testmcp.org/history/89bcaae4-d67f-48a6-84f9-53ea6bd4ef57 "HTTP/1.1 200 OK"
2026-01-13 11:59:11,550 - httpx - INFO - HTTP Request: GET http://procure-x.testmcp.org/history/89bcaae4-d67f-48a6-84f9-53ea6bd4ef57 "HTTP/1.1 200 OK"
2026-01-13 11:59:12,640 - httpx - INFO - HTTP Request: GET http://procure-x.testmcp.org/history/89bcaae4-d67f-48a6-84f9-53ea6bd4ef57 "HTTP/1.1 200 OK"
2026-01-13 11:59:13,659 - httpx - INFO - HTTP Request: GET http://procure-x.testmcp.org/history/89bcaae4-d67f-48a6-84f9-53ea6bd4ef57 "HTTP/1.1 200 OK"
2026-01-13 11:59:14,687 - httpx - INFO - HTTP Request: GET http://procure-x.testmcp.org/history/89bcaae4-d67f-48a6-84f9-53ea6bd4ef57 "HTTP/1.1 200 OK"
2026-01-13 11:59:15,847 - httpx - INFO - HTTP Request: GET http://procure-x.testmcp.org/history/89bcaae4-d67f-48a6-84f9-53ea6bd4ef57 "HTTP/1.1 200 OK"
2026-01-13 11:59:16,990 - httpx - INFO - HTTP Request: GET http://procure-x.testmcp.org/history/89bcaae4-d67f-48a6-84f9-53ea6bd4ef57 "HTTP/1.1 200 OK"
2026-01-13 11:59:18,474 - httpx - INFO - HTTP Request: GET http://procure-x.testmcp.org/history/89bcaae4-d67f-48a6-84f9-53ea6bd4ef57 "HTTP/1.1 200 OK"
2026-01-13 11:59:19,496 - httpx - INFO - HTTP Request: GET http://procure-x.testmcp.org/history/89bcaae4-d67f-48a6-84f9-53ea6bd4ef57 "HTTP/1.1 200 OK"
2026-01-13 11:59:20,753 - httpx - INFO - HTTP Request: GET http://procure-x.testmcp.org/history/89bcaae4-d67f-48a6-84f9-53ea6bd4ef57 "HTTP/1.1 200 OK"
2026-01-13 11:59:22,471 - httpx - INFO - HTTP Request: GET http://procure-x.testmcp.org/history/89bcaae4-d67f-48a6-84f9-53ea6bd4ef57 "HTTP/1.1 200 OK"
2026-01-13 11:59:23,541 - httpx - INFO - HTTP Request: GET http://procure-x.testmcp.org/history/89bcaae4-d67f-48a6-84f9-53ea6bd4ef57 "HTTP/1.1 200 OK"
2026-01-13 11:59:24,567 - httpx - INFO - HTTP Request: GET http://procure-x.testmcp.org/history/89bcaae4-d67f-48a6-84f9-53ea6bd4ef57 "HTTP/1.1 200 OK"
2026-01-13 11:59:25,624 - httpx - INFO - HTTP Request: GET http://procure-x.testmcp.org/history/89bcaae4-d67f-48a6-84f9-53ea6bd4ef57 "HTTP/1.1 200 OK"
2026-01-13 11:59:26,699 - httpx - INFO - HTTP Request: GET http://procure-x.testmcp.org/history/89bcaae4-d67f-48a6-84f9-53ea6bd4ef57 "HTTP/1.1 200 OK"
2026-01-13 11:59:27,959 - httpx - INFO - HTTP Request: GET http://procure-x.testmcp.org/history/89bcaae4-d67f-48a6-84f9-53ea6bd4ef57 "HTTP/1.1 200 OK"
2026-01-13 11:59:29,082 - httpx - INFO - HTTP Request: GET http://procure-x.testmcp.org/history/89bcaae4-d67f-48a6-84f9-53ea6bd4ef57 "HTTP/1.1 200 OK"
2026-01-13 11:59:30,613 - httpx - INFO - HTTP Request: GET http://procure-x.testmcp.org/history/89bcaae4-d67f-48a6-84f9-53ea6bd4ef57 "HTTP/1.1 200 OK"
2026-01-13 11:59:31,641 - httpx - INFO - HTTP Request: GET http://procure-x.testmcp.org/history/89bcaae4-d67f-48a6-84f9-53ea6bd4ef57 "HTTP/1.1 200 OK"
2026-01-13 11:59:32,682 - httpx - INFO - HTTP Request: GET http://procure-x.testmcp.org/history/89bcaae4-d67f-48a6-84f9-53ea6bd4ef57 "HTTP/1.1 200 OK"
2026-01-13 11:59:34,002 - httpx - INFO - HTTP Request: GET http://procure-x.testmcp.org/history/89bcaae4-d67f-48a6-84f9-53ea6bd4ef57 "HTTP/1.1 200 OK"
2026-01-13 11:59:35,428 - httpx - INFO - HTTP Request: GET http://procure-x.testmcp.org/history/89bcaae4-d67f-48a6-84f9-53ea6bd4ef57 "HTTP/1.1 200 OK"
2026-01-13 11:59:36,504 - httpx - INFO - HTTP Request: GET http://procure-x.testmcp.org/history/89bcaae4-d67f-48a6-84f9-53ea6bd4ef57 "HTTP/1.1 200 OK"
2026-01-13 11:59:37,826 - httpx - INFO - HTTP Request: GET http://procure-x.testmcp.org/history/89bcaae4-d67f-48a6-84f9-53ea6bd4ef57 "HTTP/1.1 200 OK"
2026-01-13 11:59:38,861 - httpx - INFO - HTTP Request: GET http://procure-x.testmcp.org/history/89bcaae4-d67f-48a6-84f9-53ea6bd4ef57 "HTTP/1.1 200 OK"
2026-01-13 11:59:39,883 - httpx - INFO - HTTP Request: GET http://procure-x.testmcp.org/history/89bcaae4-d67f-48a6-84f9-53ea6bd4ef57 "HTTP/1.1 200 OK"
2026-01-13 11:59:40,951 - httpx - INFO - HTTP Request: GET http://procure-x.testmcp.org/history/89bcaae4-d67f-48a6-84f9-53ea6bd4ef57 "HTTP/1.1 200 OK"
2026-01-13 11:59:41,981 - httpx - INFO - HTTP Request: GET http://procure-x.testmcp.org/history/89bcaae4-d67f-48a6-84f9-53ea6bd4ef57 "HTTP/1.1 200 OK"
2026-01-13 11:59:43,010 - httpx - INFO - HTTP Request: GET http://procure-x.testmcp.org/history/89bcaae4-d67f-48a6-84f9-53ea6bd4ef57 "HTTP/1.1 200 OK"
2026-01-13 11:59:44,048 - httpx - INFO - HTTP Request: GET http://procure-x.testmcp.org/history/89bcaae4-d67f-48a6-84f9-53ea6bd4ef57 "HTTP/1.1 200 OK"
2026-01-13 11:59:45,076 - httpx - INFO - HTTP Request: GET http://procure-x.testmcp.org/history/89bcaae4-d67f-48a6-84f9-53ea6bd4ef57 "HTTP/1.1 200 OK"
2026-01-13 11:59:46,099 - httpx - INFO - HTTP Request: GET http://procure-x.testmcp.org/history/89bcaae4-d67f-48a6-84f9-53ea6bd4ef57 "HTTP/1.1 200 OK"
2026-01-13 11:59:47,125 - httpx - INFO - HTTP Request: GET http://procure-x.testmcp.org/history/89bcaae4-d67f-48a6-84f9-53ea6bd4ef57 "HTTP/1.1 200 OK"
2026-01-13 11:59:48,466 - httpx - INFO - HTTP Request: GET http://procure-x.testmcp.org/history/89bcaae4-d67f-48a6-84f9-53ea6bd4ef57 "HTTP/1.1 200 OK"
2026-01-13 11:59:50,185 - httpx - INFO - HTTP Request: GET http://procure-x.testmcp.org/history/89bcaae4-d67f-48a6-84f9-53ea6bd4ef57 "HTTP/1.1 200 OK"
2026-01-13 11:59:51,214 - httpx - INFO - HTTP Request: GET http://procure-x.testmcp.org/history/89bcaae4-d67f-48a6-84f9-53ea6bd4ef57 "HTTP/1.1 200 OK"
2026-01-13 11:59:52,280 - httpx - INFO - HTTP Request: GET http://procure-x.testmcp.org/history/89bcaae4-d67f-48a6-84f9-53ea6bd4ef57 "HTTP/1.1 200 OK"
2026-01-13 11:59:53,300 - httpx - INFO - HTTP Request: GET http://procure-x.testmcp.org/history/89bcaae4-d67f-48a6-84f9-53ea6bd4ef57 "HTTP/1.1 200 OK"
2026-01-13 11:59:54,561 - httpx - INFO - HTTP Request: GET http://procure-x.testmcp.org/history/89bcaae4-d67f-48a6-84f9-53ea6bd4ef57 "HTTP/1.1 200 OK"
2026-01-13 11:59:55,689 - httpx - INFO - HTTP Request: GET http://procure-x.testmcp.org/history/89bcaae4-d67f-48a6-84f9-53ea6bd4ef57 "HTTP/1.1 200 OK"
2026-01-13 11:59:56,945 - httpx - INFO - HTTP Request: GET http://procure-x.testmcp.org/history/89bcaae4-d67f-48a6-84f9-53ea6bd4ef57 "HTTP/1.1 200 OK"
2026-01-13 11:59:57,974 - httpx - INFO - HTTP Request: GET http://procure-x.testmcp.org/history/89bcaae4-d67f-48a6-84f9-53ea6bd4ef57 "HTTP/1.1 200 OK"
2026-01-13 11:59:59,232 - httpx - INFO - HTTP Request: GET http://procure-x.testmcp.org/history/89bcaae4-d67f-48a6-84f9-53ea6bd4ef57 "HTTP/1.1 200 OK"
2026-01-13 12:00:00,286 - httpx - INFO - HTTP Request: GET http://procure-x.testmcp.org/history/89bcaae4-d67f-48a6-84f9-53ea6bd4ef57 "HTTP/1.1 200 OK"
2026-01-13 12:00:01,387 - httpx - INFO - HTTP Request: GET http://procure-x.testmcp.org/history/89bcaae4-d67f-48a6-84f9-53ea6bd4ef57 "HTTP/1.1 200 OK"
2026-01-13 12:00:02,411 - httpx - INFO - HTTP Request: GET http://procure-x.testmcp.org/history/89bcaae4-d67f-48a6-84f9-53ea6bd4ef57 "HTTP/1.1 200 OK"
2026-01-13 12:00:03,482 - httpx - INFO - HTTP Request: GET http://procure-x.testmcp.org/history/89bcaae4-d67f-48a6-84f9-53ea6bd4ef57 "HTTP/1.1 200 OK"
2026-01-13 12:00:04,747 - httpx - INFO - HTTP Request: GET http://procure-x.testmcp.org/history/89bcaae4-d67f-48a6-84f9-53ea6bd4ef57 "HTTP/1.1 200 OK"
2026-01-13 12:00:05,771 - httpx - INFO - HTTP Request: GET http://procure-x.testmcp.org/history/89bcaae4-d67f-48a6-84f9-53ea6bd4ef57 "HTTP/1.1 200 OK"
2026-01-13 12:00:06,807 - httpx - INFO - HTTP Request: GET http://procure-x.testmcp.org/history/89bcaae4-d67f-48a6-84f9-53ea6bd4ef57 "HTTP/1.1 200 OK"
2026-01-13 12:00:08,069 - httpx - INFO - HTTP Request: GET http://procure-x.testmcp.org/history/89bcaae4-d67f-48a6-84f9-53ea6bd4ef57 "HTTP/1.1 200 OK"
2026-01-13 12:00:09,089 - httpx - INFO - HTTP Request: GET http://procure-x.testmcp.org/history/89bcaae4-d67f-48a6-84f9-53ea6bd4ef57 "HTTP/1.1 200 OK"
2026-01-13 12:00:10,115 - httpx - INFO - HTTP Request: GET http://procure-x.testmcp.org/history/89bcaae4-d67f-48a6-84f9-53ea6bd4ef57 "HTTP/1.1 200 OK"
2026-01-13 12:00:11,220 - httpx - INFO - HTTP Request: GET http://procure-x.testmcp.org/history/89bcaae4-d67f-48a6-84f9-53ea6bd4ef57 "HTTP/1.1 200 OK"
2026-01-13 12:00:12,306 - httpx - INFO - HTTP Request: GET http://procure-x.testmcp.org/history/89bcaae4-d67f-48a6-84f9-53ea6bd4ef57 "HTTP/1.1 200 OK"
2026-01-13 12:00:13,387 - httpx - INFO - HTTP Request: GET http://procure-x.testmcp.org/history/89bcaae4-d67f-48a6-84f9-53ea6bd4ef57 "HTTP/1.1 200 OK"
2026-01-13 12:00:14,417 - httpx - INFO - HTTP Request: GET http://procure-x.testmcp.org/history/89bcaae4-d67f-48a6-84f9-53ea6bd4ef57 "HTTP/1.1 200 OK"
2026-01-13 12:00:15,468 - httpx - INFO - HTTP Request: GET http://procure-x.testmcp.org/history/89bcaae4-d67f-48a6-84f9-53ea6bd4ef57 "HTTP/1.1 200 OK"
2026-01-13 12:00:16,544 - httpx - INFO - HTTP Request: GET http://procure-x.testmcp.org/history/89bcaae4-d67f-48a6-84f9-53ea6bd4ef57 "HTTP/1.1 200 OK"
2026-01-13 12:00:17,580 - httpx - INFO - HTTP Request: GET http://procure-x.testmcp.org/history/89bcaae4-d67f-48a6-84f9-53ea6bd4ef57 "HTTP/1.1 200 OK"
2026-01-13 12:00:18,851 - httpx - INFO - HTTP Request: GET http://procure-x.testmcp.org/history/89bcaae4-d67f-48a6-84f9-53ea6bd4ef57 "HTTP/1.1 200 OK"
2026-01-13 12:00:19,880 - httpx - INFO - HTTP Request: GET http://procure-x.testmcp.org/history/89bcaae4-d67f-48a6-84f9-53ea6bd4ef57 "HTTP/1.1 200 OK"
2026-01-13 12:00:20,920 - httpx - INFO - HTTP Request: GET http://procure-x.testmcp.org/history/89bcaae4-d67f-48a6-84f9-53ea6bd4ef57 "HTTP/1.1 200 OK"
2026-01-13 12:00:21,952 - httpx - INFO - HTTP Request: GET http://procure-x.testmcp.org/history/89bcaae4-d67f-48a6-84f9-53ea6bd4ef57 "HTTP/1.1 200 OK"
2026-01-13 12:00:23,448 - httpx - INFO - HTTP Request: GET http://procure-x.testmcp.org/history/89bcaae4-d67f-48a6-84f9-53ea6bd4ef57 "HTTP/1.1 200 OK"
2026-01-13 12:00:24,745 - httpx - INFO - HTTP Request: GET http://procure-x.testmcp.org/history/89bcaae4-d67f-48a6-84f9-53ea6bd4ef57 "HTTP/1.1 200 OK"
2026-01-13 12:00:25,769 - httpx - INFO - HTTP Request: GET http://procure-x.testmcp.org/history/89bcaae4-d67f-48a6-84f9-53ea6bd4ef57 "HTTP/1.1 200 OK"
2026-01-13 12:00:26,799 - httpx - INFO - HTTP Request: GET http://procure-x.testmcp.org/history/89bcaae4-d67f-48a6-84f9-53ea6bd4ef57 "HTTP/1.1 200 OK"
2026-01-13 12:00:27,833 - httpx - INFO - HTTP Request: GET http://procure-x.testmcp.org/history/89bcaae4-d67f-48a6-84f9-53ea6bd4ef57 "HTTP/1.1 200 OK"
2026-01-13 12:00:28,868 - httpx - INFO - HTTP Request: GET http://procure-x.testmcp.org/history/89bcaae4-d67f-48a6-84f9-53ea6bd4ef57 "HTTP/1.1 200 OK"
2026-01-13 12:00:30,422 - httpx - INFO - HTTP Request: GET http://procure-x.testmcp.org/history/89bcaae4-d67f-48a6-84f9-53ea6bd4ef57 "HTTP/1.1 200 OK"
2026-01-13 12:00:31,486 - httpx - INFO - HTTP Request: GET http://procure-x.testmcp.org/history/89bcaae4-d67f-48a6-84f9-53ea6bd4ef57 "HTTP/1.1 200 OK"
2026-01-13 12:00:32,579 - httpx - INFO - HTTP Request: GET http://procure-x.testmcp.org/history/89bcaae4-d67f-48a6-84f9-53ea6bd4ef57 "HTTP/1.1 200 OK"
2026-01-13 12:00:33,606 - httpx - INFO - HTTP Request: GET http://procure-x.testmcp.org/history/89bcaae4-d67f-48a6-84f9-53ea6bd4ef57 "HTTP/1.1 200 OK"
2026-01-13 12:00:34,702 - httpx - INFO - HTTP Request: GET http://procure-x.testmcp.org/history/89bcaae4-d67f-48a6-84f9-53ea6bd4ef57 "HTTP/1.1 200 OK"
2026-01-13 12:00:35,731 - httpx - INFO - HTTP Request: GET http://procure-x.testmcp.org/history/89bcaae4-d67f-48a6-84f9-53ea6bd4ef57 "HTTP/1.1 200 OK"
2026-01-13 12:00:36,753 - httpx - INFO - HTTP Request: GET http://procure-x.testmcp.org/history/89bcaae4-d67f-48a6-84f9-53ea6bd4ef57 "HTTP/1.1 200 OK"
2026-01-13 12:00:38,101 - httpx - INFO - HTTP Request: GET http://procure-x.testmcp.org/history/89bcaae4-d67f-48a6-84f9-53ea6bd4ef57 "HTTP/1.1 200 OK"
2026-01-13 12:00:39,131 - httpx - INFO - HTTP Request: GET http://procure-x.testmcp.org/history/89bcaae4-d67f-48a6-84f9-53ea6bd4ef57 "HTTP/1.1 200 OK"
2026-01-13 12:00:40,163 - httpx - INFO - HTTP Request: GET http://procure-x.testmcp.org/history/89bcaae4-d67f-48a6-84f9-53ea6bd4ef57 "HTTP/1.1 200 OK"
2026-01-13 12:00:41,191 - httpx - INFO - HTTP Request: GET http://procure-x.testmcp.org/history/89bcaae4-d67f-48a6-84f9-53ea6bd4ef57 "HTTP/1.1 200 OK"
2026-01-13 12:00:42,210 - httpx - INFO - HTTP Request: GET http://procure-x.testmcp.org/history/89bcaae4-d67f-48a6-84f9-53ea6bd4ef57 "HTTP/1.1 200 OK"
2026-01-13 12:00:43,256 - httpx - INFO - HTTP Request: GET http://procure-x.testmcp.org/history/89bcaae4-d67f-48a6-84f9-53ea6bd4ef57 "HTTP/1.1 200 OK"
2026-01-13 12:00:44,527 - httpx - INFO - HTTP Request: GET http://procure-x.testmcp.org/history/89bcaae4-d67f-48a6-84f9-53ea6bd4ef57 "HTTP/1.1 200 OK"
2026-01-13 12:00:47,246 - httpx - INFO - HTTP Request: GET http://procure-x.testmcp.org/history/89bcaae4-d67f-48a6-84f9-53ea6bd4ef57 "HTTP/1.1 200 OK"
2026-01-13 12:00:48,273 - httpx - INFO - HTTP Request: GET http://procure-x.testmcp.org/history/89bcaae4-d67f-48a6-84f9-53ea6bd4ef57 "HTTP/1.1 200 OK"
2026-01-13 12:00:49,465 - httpx - INFO - HTTP Request: GET http://procure-x.testmcp.org/history/89bcaae4-d67f-48a6-84f9-53ea6bd4ef57 "HTTP/1.1 200 OK"
2026-01-13 12:00:50,776 - httpx - INFO - HTTP Request: GET http://procure-x.testmcp.org/history/89bcaae4-d67f-48a6-84f9-53ea6bd4ef57 "HTTP/1.1 200 OK"
2026-01-13 12:00:51,844 - httpx - INFO - HTTP Request: GET http://procure-x.testmcp.org/history/89bcaae4-d67f-48a6-84f9-53ea6bd4ef57 "HTTP/1.1 200 OK"
2026-01-13 12:00:53,258 - httpx - INFO - HTTP Request: GET http://procure-x.testmcp.org/history/89bcaae4-d67f-48a6-84f9-53ea6bd4ef57 "HTTP/1.1 200 OK"
2026-01-13 12:00:54,371 - httpx - INFO - HTTP Request: GET http://procure-x.testmcp.org/history/89bcaae4-d67f-48a6-84f9-53ea6bd4ef57 "HTTP/1.1 200 OK"
2026-01-13 12:00:55,410 - httpx - INFO - HTTP Request: GET http://procure-x.testmcp.org/history/89bcaae4-d67f-48a6-84f9-53ea6bd4ef57 "HTTP/1.1 200 OK"
2026-01-13 12:00:56,437 - httpx - INFO - HTTP Request: GET http://procure-x.testmcp.org/history/89bcaae4-d67f-48a6-84f9-53ea6bd4ef57 "HTTP/1.1 200 OK"
2026-01-13 12:00:57,519 - httpx - INFO - HTTP Request: GET http://procure-x.testmcp.org/history/89bcaae4-d67f-48a6-84f9-53ea6bd4ef57 "HTTP/1.1 200 OK"
2026-01-13 12:00:58,777 - httpx - INFO - HTTP Request: GET http://procure-x.testmcp.org/history/89bcaae4-d67f-48a6-84f9-53ea6bd4ef57 "HTTP/1.1 200 OK"
2026-01-13 12:00:59,805 - httpx - INFO - HTTP Request: GET http://procure-x.testmcp.org/history/89bcaae4-d67f-48a6-84f9-53ea6bd4ef57 "HTTP/1.1 200 OK"
2026-01-13 12:01:01,036 - httpx - INFO - HTTP Request: GET http://procure-x.testmcp.org/history/89bcaae4-d67f-48a6-84f9-53ea6bd4ef57 "HTTP/1.1 200 OK"
2026-01-13 12:01:02,086 - httpx - INFO - HTTP Request: GET http://procure-x.testmcp.org/history/89bcaae4-d67f-48a6-84f9-53ea6bd4ef57 "HTTP/1.1 200 OK"
2026-01-13 12:01:03,167 - httpx - INFO - HTTP Request: GET http://procure-x.testmcp.org/history/89bcaae4-d67f-48a6-84f9-53ea6bd4ef57 "HTTP/1.1 200 OK"
2026-01-13 12:01:04,192 - httpx - INFO - HTTP Request: GET http://procure-x.testmcp.org/history/89bcaae4-d67f-48a6-84f9-53ea6bd4ef57 "HTTP/1.1 200 OK"
2026-01-13 12:01:05,217 - httpx - INFO - HTTP Request: GET http://procure-x.testmcp.org/history/89bcaae4-d67f-48a6-84f9-53ea6bd4ef57 "HTTP/1.1 200 OK"
2026-01-13 12:01:06,249 - httpx - INFO - HTTP Request: GET http://procure-x.testmcp.org/history/89bcaae4-d67f-48a6-84f9-53ea6bd4ef57 "HTTP/1.1 200 OK"
2026-01-13 12:01:09,140 - httpx - INFO - HTTP Request: GET http://procure-x.testmcp.org/history/89bcaae4-d67f-48a6-84f9-53ea6bd4ef57 "HTTP/1.1 200 OK"
2026-01-13 12:01:10,396 - httpx - INFO - HTTP Request: GET http://procure-x.testmcp.org/history/89bcaae4-d67f-48a6-84f9-53ea6bd4ef57 "HTTP/1.1 200 OK"
2026-01-13 12:01:11,427 - httpx - INFO - HTTP Request: GET http://procure-x.testmcp.org/history/89bcaae4-d67f-48a6-84f9-53ea6bd4ef57 "HTTP/1.1 200 OK"
2026-01-13 12:01:12,451 - httpx - INFO - HTTP Request: GET http://procure-x.testmcp.org/history/89bcaae4-d67f-48a6-84f9-53ea6bd4ef57 "HTTP/1.1 200 OK"
2026-01-13 12:01:13,486 - httpx - INFO - HTTP Request: GET http://procure-x.testmcp.org/history/89bcaae4-d67f-48a6-84f9-53ea6bd4ef57 "HTTP/1.1 200 OK"
2026-01-13 12:01:14,514 - httpx - INFO - HTTP Request: GET http://procure-x.testmcp.org/history/89bcaae4-d67f-48a6-84f9-53ea6bd4ef57 "HTTP/1.1 200 OK"
2026-01-13 12:01:15,542 - httpx - INFO - HTTP Request: GET http://procure-x.testmcp.org/history/89bcaae4-d67f-48a6-84f9-53ea6bd4ef57 "HTTP/1.1 200 OK"
2026-01-13 12:01:16,571 - httpx - INFO - HTTP Request: GET http://procure-x.testmcp.org/history/89bcaae4-d67f-48a6-84f9-53ea6bd4ef57 "HTTP/1.1 200 OK"
2026-01-13 12:01:17,602 - httpx - INFO - HTTP Request: GET http://procure-x.testmcp.org/history/89bcaae4-d67f-48a6-84f9-53ea6bd4ef57 "HTTP/1.1 200 OK"
2026-01-13 12:01:18,642 - httpx - INFO - HTTP Request: GET http://procure-x.testmcp.org/history/89bcaae4-d67f-48a6-84f9-53ea6bd4ef57 "HTTP/1.1 200 OK"
2026-01-13 12:01:19,708 - httpx - INFO - HTTP Request: GET http://procure-x.testmcp.org/history/89bcaae4-d67f-48a6-84f9-53ea6bd4ef57 "HTTP/1.1 200 OK"
2026-01-13 12:01:20,735 - httpx - INFO - HTTP Request: GET http://procure-x.testmcp.org/history/89bcaae4-d67f-48a6-84f9-53ea6bd4ef57 "HTTP/1.1 200 OK"
2026-01-13 12:01:21,763 - httpx - INFO - HTTP Request: GET http://procure-x.testmcp.org/history/89bcaae4-d67f-48a6-84f9-53ea6bd4ef57 "HTTP/1.1 200 OK"
2026-01-13 12:01:23,017 - httpx - INFO - HTTP Request: GET http://procure-x.testmcp.org/history/89bcaae4-d67f-48a6-84f9-53ea6bd4ef57 "HTTP/1.1 200 OK"
2026-01-13 12:01:24,282 - httpx - INFO - HTTP Request: GET http://procure-x.testmcp.org/history/89bcaae4-d67f-48a6-84f9-53ea6bd4ef57 "HTTP/1.1 200 OK"
2026-01-13 12:01:25,316 - httpx - INFO - HTTP Request: GET http://procure-x.testmcp.org/history/89bcaae4-d67f-48a6-84f9-53ea6bd4ef57 "HTTP/1.1 200 OK"
2026-01-13 12:01:26,804 - httpx - INFO - HTTP Request: GET http://procure-x.testmcp.org/history/89bcaae4-d67f-48a6-84f9-53ea6bd4ef57 "HTTP/1.1 200 OK"
2026-01-13 12:01:28,076 - httpx - INFO - HTTP Request: GET http://procure-x.testmcp.org/history/89bcaae4-d67f-48a6-84f9-53ea6bd4ef57 "HTTP/1.1 200 OK"
2026-01-13 12:01:29,107 - httpx - INFO - HTTP Request: GET http://procure-x.testmcp.org/history/89bcaae4-d67f-48a6-84f9-53ea6bd4ef57 "HTTP/1.1 200 OK"
2026-01-13 12:01:30,135 - httpx - INFO - HTTP Request: GET http://procure-x.testmcp.org/history/89bcaae4-d67f-48a6-84f9-53ea6bd4ef57 "HTTP/1.1 200 OK"
2026-01-13 12:01:31,214 - httpx - INFO - HTTP Request: GET http://procure-x.testmcp.org/history/89bcaae4-d67f-48a6-84f9-53ea6bd4ef57 "HTTP/1.1 200 OK"
2026-01-13 12:01:32,292 - httpx - INFO - HTTP Request: GET http://procure-x.testmcp.org/history/89bcaae4-d67f-48a6-84f9-53ea6bd4ef57 "HTTP/1.1 200 OK"
2026-01-13 12:01:33,547 - httpx - INFO - HTTP Request: GET http://procure-x.testmcp.org/history/89bcaae4-d67f-48a6-84f9-53ea6bd4ef57 "HTTP/1.1 200 OK"
2026-01-13 12:01:35,317 - httpx - INFO - HTTP Request: GET http://procure-x.testmcp.org/history/89bcaae4-d67f-48a6-84f9-53ea6bd4ef57 "HTTP/1.1 200 OK"
2026-01-13 12:01:36,346 - httpx - INFO - HTTP Request: GET http://procure-x.testmcp.org/history/89bcaae4-d67f-48a6-84f9-53ea6bd4ef57 "HTTP/1.1 200 OK"
2026-01-13 12:01:37,602 - httpx - INFO - HTTP Request: GET http://procure-x.testmcp.org/history/89bcaae4-d67f-48a6-84f9-53ea6bd4ef57 "HTTP/1.1 200 OK"
2026-01-13 12:01:38,635 - httpx - INFO - HTTP Request: GET http://procure-x.testmcp.org/history/89bcaae4-d67f-48a6-84f9-53ea6bd4ef57 "HTTP/1.1 200 OK"
2026-01-13 12:01:39,728 - httpx - INFO - HTTP Request: GET http://procure-x.testmcp.org/history/89bcaae4-d67f-48a6-84f9-53ea6bd4ef57 "HTTP/1.1 200 OK"
2026-01-13 12:01:40,752 - httpx - INFO - HTTP Request: GET http://procure-x.testmcp.org/history/89bcaae4-d67f-48a6-84f9-53ea6bd4ef57 "HTTP/1.1 200 OK"
2026-01-13 12:01:41,776 - httpx - INFO - HTTP Request: GET http://procure-x.testmcp.org/history/89bcaae4-d67f-48a6-84f9-53ea6bd4ef57 "HTTP/1.1 200 OK"
2026-01-13 12:01:42,794 - httpx - INFO - HTTP Request: GET http://procure-x.testmcp.org/history/89bcaae4-d67f-48a6-84f9-53ea6bd4ef57 "HTTP/1.1 200 OK"
2026-01-13 12:01:42,804 - temporalio.workflow - INFO - Starting chain execution: image-edit-to-video-pipeline ({'attempt': 1, 'namespace': 'default', 'run_id': '019bb60d-97bf-702f-9c9f-5f5fcfad70a6', 'task_queue': 'comfyui-gpu-farm', 'workflow_id': 'chain-image-edit-to-video-pipeline-252e108f-e2e2-494c-86c4-749927c8759b', 'workflow_type': 'ChainExecutorWorkflow'})
2026-01-13 12:01:42,804 - temporalio.workflow - INFO - Retry number: 0 ({'attempt': 1, 'namespace': 'default', 'run_id': '019bb60d-97bf-702f-9c9f-5f5fcfad70a6', 'task_queue': 'comfyui-gpu-farm', 'workflow_id': 'chain-image-edit-to-video-pipeline-252e108f-e2e2-494c-86c4-749927c8759b', 'workflow_type': 'ChainExecutorWorkflow'})
2026-01-13 12:01:42,804 - temporalio.workflow - INFO - Cached steps: [] ({'attempt': 1, 'namespace': 'default', 'run_id': '019bb60d-97bf-702f-9c9f-5f5fcfad70a6', 'task_queue': 'comfyui-gpu-farm', 'workflow_id': 'chain-image-edit-to-video-pipeline-252e108f-e2e2-494c-86c4-749927c8759b', 'workflow_type': 'ChainExecutorWorkflow'})
2026-01-13 12:01:42,805 - temporalio.workflow - INFO - Total levels: 3 ({'attempt': 1, 'namespace': 'default', 'run_id': '019bb60d-97bf-702f-9c9f-5f5fcfad70a6', 'task_queue': 'comfyui-gpu-farm', 'workflow_id': 'chain-image-edit-to-video-pipeline-252e108f-e2e2-494c-86c4-749927c8759b', 'workflow_type': 'ChainExecutorWorkflow'})
2026-01-13 12:01:42,805 - temporalio.workflow - INFO - Using chain ID: 015f4aba-9a7b-4181-8848-84759aeb30f5 ({'attempt': 1, 'namespace': 'default', 'run_id': '019bb60d-97bf-702f-9c9f-5f5fcfad70a6', 'task_queue': 'comfyui-gpu-farm', 'workflow_id': 'chain-image-edit-to-video-pipeline-252e108f-e2e2-494c-86c4-749927c8759b', 'workflow_type': 'ChainExecutorWorkflow'})
2026-01-13 12:01:42,824 - temporalio.activity - INFO - Updating chain 015f4aba-9a7b-4181-8848-84759aeb30f5 status to: executing_level_0 ({'activity_id': '1', 'activity_type': 'update_chain_status_activity', 'attempt': 1, 'namespace': 'default', 'task_queue': 'comfyui-gpu-farm', 'workflow_id': 'chain-image-edit-to-video-pipeline-252e108f-e2e2-494c-86c4-749927c8759b', 'workflow_run_id': '019bb60d-97bf-702f-9c9f-5f5fcfad70a6', 'workflow_type': 'ChainExecutorWorkflow'})
2026-01-13 12:01:42,828 - temporalio.activity - INFO - ✓ Updated chain status ({'activity_id': '1', 'activity_type': 'update_chain_status_activity', 'attempt': 1, 'namespace': 'default', 'task_queue': 'comfyui-gpu-farm', 'workflow_id': 'chain-image-edit-to-video-pipeline-252e108f-e2e2-494c-86c4-749927c8759b', 'workflow_run_id': '019bb60d-97bf-702f-9c9f-5f5fcfad70a6', 'workflow_type': 'ChainExecutorWorkflow'})
2026-01-13 12:01:42,838 - temporalio.workflow - INFO - Level 0: Executing 2 step(s) ({'attempt': 1, 'namespace': 'default', 'run_id': '019bb60d-97bf-702f-9c9f-5f5fcfad70a6', 'task_queue': 'comfyui-gpu-farm', 'workflow_id': 'chain-image-edit-to-video-pipeline-252e108f-e2e2-494c-86c4-749927c8759b', 'workflow_type': 'ChainExecutorWorkflow'})
2026-01-13 12:01:42,838 - temporalio.workflow - INFO - Executing step: extract_frame1 ({'attempt': 1, 'namespace': 'default', 'run_id': '019bb60d-97bf-702f-9c9f-5f5fcfad70a6', 'task_queue': 'comfyui-gpu-farm', 'workflow_id': 'chain-image-edit-to-video-pipeline-252e108f-e2e2-494c-86c4-749927c8759b', 'workflow_type': 'ChainExecutorWorkflow'})
2026-01-13 12:01:42,838 - temporalio.workflow - INFO - Executing step: extract_frame2 ({'attempt': 1, 'namespace': 'default', 'run_id': '019bb60d-97bf-702f-9c9f-5f5fcfad70a6', 'task_queue': 'comfyui-gpu-farm', 'workflow_id': 'chain-image-edit-to-video-pipeline-252e108f-e2e2-494c-86c4-749927c8759b', 'workflow_type': 'ChainExecutorWorkflow'})
2026-01-13 12:01:42,847 - temporalio.activity - INFO - Resolving templates in parameters ({'activity_id': '3', 'activity_type': 'resolve_chain_templates', 'attempt': 1, 'namespace': 'default', 'task_queue': 'comfyui-gpu-farm', 'workflow_id': 'chain-image-edit-to-video-pipeline-252e108f-e2e2-494c-86c4-749927c8759b', 'workflow_run_id': '019bb60d-97bf-702f-9c9f-5f5fcfad70a6', 'workflow_type': 'ChainExecutorWorkflow'})
2026-01-13 12:01:42,847 - temporalio.activity - INFO - Templates resolved successfully ({'activity_id': '3', 'activity_type': 'resolve_chain_templates', 'attempt': 1, 'namespace': 'default', 'task_queue': 'comfyui-gpu-farm', 'workflow_id': 'chain-image-edit-to-video-pipeline-252e108f-e2e2-494c-86c4-749927c8759b', 'workflow_run_id': '019bb60d-97bf-702f-9c9f-5f5fcfad70a6', 'workflow_type': 'ChainExecutorWorkflow'})
2026-01-13 12:01:42,849 - temporalio.activity - INFO - Resolving templates in parameters ({'activity_id': '2', 'activity_type': 'resolve_chain_templates', 'attempt': 1, 'namespace': 'default', 'task_queue': 'comfyui-gpu-farm', 'workflow_id': 'chain-image-edit-to-video-pipeline-252e108f-e2e2-494c-86c4-749927c8759b', 'workflow_run_id': '019bb60d-97bf-702f-9c9f-5f5fcfad70a6', 'workflow_type': 'ChainExecutorWorkflow'})
2026-01-13 12:01:42,850 - temporalio.activity - INFO - Templates resolved successfully ({'activity_id': '2', 'activity_type': 'resolve_chain_templates', 'attempt': 1, 'namespace': 'default', 'task_queue': 'comfyui-gpu-farm', 'workflow_id': 'chain-image-edit-to-video-pipeline-252e108f-e2e2-494c-86c4-749927c8759b', 'workflow_run_id': '019bb60d-97bf-702f-9c9f-5f5fcfad70a6', 'workflow_type': 'ChainExecutorWorkflow'})
2026-01-13 12:01:42,860 - temporalio.workflow - INFO - Step extract_frame2: Resolved parameters ({'attempt': 1, 'namespace': 'default', 'run_id': '019bb60d-97bf-702f-9c9f-5f5fcfad70a6', 'task_queue': 'comfyui-gpu-farm', 'workflow_id': 'chain-image-edit-to-video-pipeline-252e108f-e2e2-494c-86c4-749927c8759b', 'workflow_type': 'ChainExecutorWorkflow'})
2026-01-13 12:01:42,860 - temporalio.workflow - INFO - Step extract_frame1: Resolved parameters ({'attempt': 1, 'namespace': 'default', 'run_id': '019bb60d-97bf-702f-9c9f-5f5fcfad70a6', 'task_queue': 'comfyui-gpu-farm', 'workflow_id': 'chain-image-edit-to-video-pipeline-252e108f-e2e2-494c-86c4-749927c8759b', 'workflow_type': 'ChainExecutorWorkflow'})
2026-01-13 12:01:42,869 - temporalio.activity - INFO - Applying parameters to workflow: imageSave ({'activity_id': '4', 'activity_type': 'apply_workflow_parameters', 'attempt': 1, 'namespace': 'default', 'task_queue': 'comfyui-gpu-farm', 'workflow_id': 'chain-image-edit-to-video-pipeline-252e108f-e2e2-494c-86c4-749927c8759b', 'workflow_run_id': '019bb60d-97bf-702f-9c9f-5f5fcfad70a6', 'workflow_type': 'ChainExecutorWorkflow'})
2026-01-13 12:01:42,869 - temporal_gateway.registry - INFO - Applied override: 1.frame_load_cap = 1
2026-01-13 12:01:42,869 - temporal_gateway.registry - INFO - Applied override: 1.select_every_nth = 1
2026-01-13 12:01:42,869 - temporal_gateway.registry - INFO - Applied override: 1.skip_first_frames = 172
2026-01-13 12:01:42,869 - temporal_gateway.registry - INFO - Applied override: 1.video = ComfyUI_00012_.mp4
2026-01-13 12:01:42,869 - temporalio.activity - INFO - Parameters applied successfully ({'activity_id': '4', 'activity_type': 'apply_workflow_parameters', 'attempt': 1, 'namespace': 'default', 'task_queue': 'comfyui-gpu-farm', 'workflow_id': 'chain-image-edit-to-video-pipeline-252e108f-e2e2-494c-86c4-749927c8759b', 'workflow_run_id': '019bb60d-97bf-702f-9c9f-5f5fcfad70a6', 'workflow_type': 'ChainExecutorWorkflow'})
2026-01-13 12:01:42,871 - temporalio.activity - INFO - Applying parameters to workflow: imageSave ({'activity_id': '5', 'activity_type': 'apply_workflow_parameters', 'attempt': 1, 'namespace': 'default', 'task_queue': 'comfyui-gpu-farm', 'workflow_id': 'chain-image-edit-to-video-pipeline-252e108f-e2e2-494c-86c4-749927c8759b', 'workflow_run_id': '019bb60d-97bf-702f-9c9f-5f5fcfad70a6', 'workflow_type': 'ChainExecutorWorkflow'})
2026-01-13 12:01:42,871 - temporal_gateway.registry - INFO - Applied override: 1.frame_load_cap = 1
2026-01-13 12:01:42,871 - temporal_gateway.registry - INFO - Applied override: 1.select_every_nth = 1
2026-01-13 12:01:42,871 - temporal_gateway.registry - INFO - Applied override: 1.skip_first_frames = 0
2026-01-13 12:01:42,871 - temporal_gateway.registry - INFO - Applied override: 1.video = ComfyUI_00012_.mp4
2026-01-13 12:01:42,871 - temporalio.activity - INFO - Parameters applied successfully ({'activity_id': '5', 'activity_type': 'apply_workflow_parameters', 'attempt': 1, 'namespace': 'default', 'task_queue': 'comfyui-gpu-farm', 'workflow_id': 'chain-image-edit-to-video-pipeline-252e108f-e2e2-494c-86c4-749927c8759b', 'workflow_run_id': '019bb60d-97bf-702f-9c9f-5f5fcfad70a6', 'workflow_type': 'ChainExecutorWorkflow'})
2026-01-13 12:01:42,890 - temporalio.activity - INFO - Selecting server with strategy: least_loaded ({'activity_id': '6', 'activity_type': 'select_best_server', 'attempt': 1, 'namespace': 'default', 'task_queue': 'comfyui-gpu-farm', 'workflow_id': 'chain-image-edit-to-video-pipeline-252e108f-e2e2-494c-86c4-749927c8759b', 'workflow_run_id': '019bb60d-97bf-702f-9c9f-5f5fcfad70a6', 'workflow_type': 'ChainExecutorWorkflow'})
2026-01-13 12:01:42,937 - temporalio.activity - INFO - Selecting server with strategy: least_loaded ({'activity_id': '7', 'activity_type': 'select_best_server', 'attempt': 1, 'namespace': 'default', 'task_queue': 'comfyui-gpu-farm', 'workflow_id': 'chain-image-edit-to-video-pipeline-252e108f-e2e2-494c-86c4-749927c8759b', 'workflow_run_id': '019bb60d-97bf-702f-9c9f-5f5fcfad70a6', 'workflow_type': 'ChainExecutorWorkflow'})
2026-01-13 12:01:43,050 - httpx - INFO - HTTP Request: GET http://procure-x.testmcp.org/system_stats "HTTP/1.1 200 OK"
2026-01-13 12:01:43,069 - httpx - INFO - HTTP Request: GET http://procure-x.testmcp.org/system_stats "HTTP/1.1 200 OK"
2026-01-13 12:01:43,092 - httpx - INFO - HTTP Request: GET http://procure-x.testmcp.org/queue "HTTP/1.1 200 OK"
2026-01-13 12:01:43,097 - temporal_gateway.servers.load_balancer - INFO - Selected server procure-x (queue_depth=1, gpu_mem=0.0%)
2026-01-13 12:01:43,097 - temporalio.activity - INFO - Selected server: procure-x (http://procure-x.testmcp.org) ({'activity_id': '7', 'activity_type': 'select_best_server', 'attempt': 1, 'namespace': 'default', 'task_queue': 'comfyui-gpu-farm', 'workflow_id': 'chain-image-edit-to-video-pipeline-252e108f-e2e2-494c-86c4-749927c8759b', 'workflow_run_id': '019bb60d-97bf-702f-9c9f-5f5fcfad70a6', 'workflow_type': 'ChainExecutorWorkflow'})
2026-01-13 12:01:43,116 - temporalio.workflow - INFO - Step extract_frame1: Selected target server: http://procure-x.testmcp.org ({'attempt': 1, 'namespace': 'default', 'run_id': '019bb60d-97bf-702f-9c9f-5f5fcfad70a6', 'task_queue': 'comfyui-gpu-farm', 'workflow_id': 'chain-image-edit-to-video-pipeline-252e108f-e2e2-494c-86c4-749927c8759b', 'workflow_type': 'ChainExecutorWorkflow'})
2026-01-13 12:01:43,118 - httpx - INFO - HTTP Request: GET http://procure-x.testmcp.org/queue "HTTP/1.1 200 OK"
2026-01-13 12:01:43,119 - temporal_gateway.servers.load_balancer - INFO - Selected server procure-x (queue_depth=1, gpu_mem=0.0%)
2026-01-13 12:01:43,119 - temporalio.activity - INFO - Selected server: procure-x (http://procure-x.testmcp.org) ({'activity_id': '6', 'activity_type': 'select_best_server', 'attempt': 1, 'namespace': 'default', 'task_queue': 'comfyui-gpu-farm', 'workflow_id': 'chain-image-edit-to-video-pipeline-252e108f-e2e2-494c-86c4-749927c8759b', 'workflow_run_id': '019bb60d-97bf-702f-9c9f-5f5fcfad70a6', 'workflow_type': 'ChainExecutorWorkflow'})
2026-01-13 12:01:43,129 - temporalio.activity - INFO - Creating workflow record: imageSave (prompt: pending) ({'activity_id': '8', 'activity_type': 'create_workflow_record', 'attempt': 1, 'namespace': 'default', 'task_queue': 'comfyui-gpu-farm', 'workflow_id': 'chain-image-edit-to-video-pipeline-252e108f-e2e2-494c-86c4-749927c8759b', 'workflow_run_id': '019bb60d-97bf-702f-9c9f-5f5fcfad70a6', 'workflow_type': 'ChainExecutorWorkflow'})
2026-01-13 12:01:43,133 - temporalio.activity - INFO - ✓ Created workflow record: 966566f6-2a07-4394-aa0a-7127ac5552b2 ({'activity_id': '8', 'activity_type': 'create_workflow_record', 'attempt': 1, 'namespace': 'default', 'task_queue': 'comfyui-gpu-farm', 'workflow_id': 'chain-image-edit-to-video-pipeline-252e108f-e2e2-494c-86c4-749927c8759b', 'workflow_run_id': '019bb60d-97bf-702f-9c9f-5f5fcfad70a6', 'workflow_type': 'ChainExecutorWorkflow'})
2026-01-13 12:01:43,134 - temporalio.workflow - INFO - Step extract_frame2: Selected target server: http://procure-x.testmcp.org ({'attempt': 1, 'namespace': 'default', 'run_id': '019bb60d-97bf-702f-9c9f-5f5fcfad70a6', 'task_queue': 'comfyui-gpu-farm', 'workflow_id': 'chain-image-edit-to-video-pipeline-252e108f-e2e2-494c-86c4-749927c8759b', 'workflow_type': 'ChainExecutorWorkflow'})
2026-01-13 12:01:43,141 - temporalio.workflow - INFO - Step extract_frame1: Created workflow record 966566f6-2a07-4394-aa0a-7127ac5552b2 ({'attempt': 1, 'namespace': 'default', 'run_id': '019bb60d-97bf-702f-9c9f-5f5fcfad70a6', 'task_queue': 'comfyui-gpu-farm', 'workflow_id': 'chain-image-edit-to-video-pipeline-252e108f-e2e2-494c-86c4-749927c8759b', 'workflow_type': 'ChainExecutorWorkflow'})
2026-01-13 12:01:43,144 - temporalio.activity - INFO - Creating workflow record: imageSave (prompt: pending) ({'activity_id': '9', 'activity_type': 'create_workflow_record', 'attempt': 1, 'namespace': 'default', 'task_queue': 'comfyui-gpu-farm', 'workflow_id': 'chain-image-edit-to-video-pipeline-252e108f-e2e2-494c-86c4-749927c8759b', 'workflow_run_id': '019bb60d-97bf-702f-9c9f-5f5fcfad70a6', 'workflow_type': 'ChainExecutorWorkflow'})
2026-01-13 12:01:43,148 - temporalio.activity - INFO - ✓ Created workflow record: 47d051be-e678-4c33-9278-d5171c3b63f1 ({'activity_id': '9', 'activity_type': 'create_workflow_record', 'attempt': 1, 'namespace': 'default', 'task_queue': 'comfyui-gpu-farm', 'workflow_id': 'chain-image-edit-to-video-pipeline-252e108f-e2e2-494c-86c4-749927c8759b', 'workflow_run_id': '019bb60d-97bf-702f-9c9f-5f5fcfad70a6', 'workflow_type': 'ChainExecutorWorkflow'})
2026-01-13 12:01:43,160 - temporalio.workflow - INFO - Step extract_frame2: Created workflow record 47d051be-e678-4c33-9278-d5171c3b63f1 ({'attempt': 1, 'namespace': 'default', 'run_id': '019bb60d-97bf-702f-9c9f-5f5fcfad70a6', 'task_queue': 'comfyui-gpu-farm', 'workflow_id': 'chain-image-edit-to-video-pipeline-252e108f-e2e2-494c-86c4-749927c8759b', 'workflow_type': 'ChainExecutorWorkflow'})
2026-01-13 12:01:43,167 - temporalio.workflow - INFO - Starting ComfyUI workflow execution ({'attempt': 1, 'namespace': 'default', 'run_id': '019bb60d-992b-7076-bb41-2fb61193735b', 'task_queue': 'comfyui-gpu-farm', 'workflow_id': 'chain-image-edit-to-video-pipeline-252e108f-e2e2-494c-86c4-749927c8759b-extract_frame1', 'workflow_type': 'ComfyUIWorkflow'})
2026-01-13 12:01:43,167 - temporalio.workflow - INFO - Generated client_id: 885f7b39-7d6a-403b-9a89-b68625fc814c ({'attempt': 1, 'namespace': 'default', 'run_id': '019bb60d-992b-7076-bb41-2fb61193735b', 'task_queue': 'comfyui-gpu-farm', 'workflow_id': 'chain-image-edit-to-video-pipeline-252e108f-e2e2-494c-86c4-749927c8759b-extract_frame1', 'workflow_type': 'ComfyUIWorkflow'})
2026-01-13 12:01:43,167 - temporalio.workflow - INFO - Using pre-selected server: http://procure-x.testmcp.org ({'attempt': 1, 'namespace': 'default', 'run_id': '019bb60d-992b-7076-bb41-2fb61193735b', 'task_queue': 'comfyui-gpu-farm', 'workflow_id': 'chain-image-edit-to-video-pipeline-252e108f-e2e2-494c-86c4-749927c8759b-extract_frame1', 'workflow_type': 'ComfyUIWorkflow'})
2026-01-13 12:01:43,176 - temporalio.activity - INFO - [V3] Executing workflow on http://procure-x.testmcp.org ({'activity_id': '1', 'activity_type': 'execute_and_track_workflow', 'attempt': 1, 'namespace': 'default', 'task_queue': 'comfyui-gpu-farm', 'workflow_id': 'chain-image-edit-to-video-pipeline-252e108f-e2e2-494c-86c4-749927c8759b-extract_frame1', 'workflow_run_id': '019bb60d-992b-7076-bb41-2fb61193735b', 'workflow_type': 'ComfyUIWorkflow'})
2026-01-13 12:01:43,176 - temporalio.activity - INFO - [V3] Workflow name: imageSave ({'activity_id': '1', 'activity_type': 'execute_and_track_workflow', 'attempt': 1, 'namespace': 'default', 'task_queue': 'comfyui-gpu-farm', 'workflow_id': 'chain-image-edit-to-video-pipeline-252e108f-e2e2-494c-86c4-749927c8759b-extract_frame1', 'workflow_run_id': '019bb60d-992b-7076-bb41-2fb61193735b', 'workflow_type': 'ComfyUIWorkflow'})
2026-01-13 12:01:43,221 - temporal_gateway.clients.comfy.client - INFO - ComfyUI client initialized for http://procure-x.testmcp.org
2026-01-13 12:01:43,221 - temporal_gateway.clients.comfy.client - INFO - Submitting workflow to ComfyUI
2026-01-13 12:01:43,233 - temporalio.workflow - INFO - Starting ComfyUI workflow execution ({'attempt': 1, 'namespace': 'default', 'run_id': '019bb60d-9943-77ca-9430-8d4913706a99', 'task_queue': 'comfyui-gpu-farm', 'workflow_id': 'chain-image-edit-to-video-pipeline-252e108f-e2e2-494c-86c4-749927c8759b-extract_frame2', 'workflow_type': 'ComfyUIWorkflow'})
2026-01-13 12:01:43,234 - temporalio.workflow - INFO - Generated client_id: 21d17631-367c-4d9b-a3b5-aa3552093423 ({'attempt': 1, 'namespace': 'default', 'run_id': '019bb60d-9943-77ca-9430-8d4913706a99', 'task_queue': 'comfyui-gpu-farm', 'workflow_id': 'chain-image-edit-to-video-pipeline-252e108f-e2e2-494c-86c4-749927c8759b-extract_frame2', 'workflow_type': 'ComfyUIWorkflow'})
2026-01-13 12:01:43,234 - temporalio.workflow - INFO - Using pre-selected server: http://procure-x.testmcp.org ({'attempt': 1, 'namespace': 'default', 'run_id': '019bb60d-9943-77ca-9430-8d4913706a99', 'task_queue': 'comfyui-gpu-farm', 'workflow_id': 'chain-image-edit-to-video-pipeline-252e108f-e2e2-494c-86c4-749927c8759b-extract_frame2', 'workflow_type': 'ComfyUIWorkflow'})
2026-01-13 12:01:43,242 - temporalio.activity - INFO - [V3] Executing workflow on http://procure-x.testmcp.org ({'activity_id': '1', 'activity_type': 'execute_and_track_workflow', 'attempt': 1, 'namespace': 'default', 'task_queue': 'comfyui-gpu-farm', 'workflow_id': 'chain-image-edit-to-video-pipeline-252e108f-e2e2-494c-86c4-749927c8759b-extract_frame2', 'workflow_run_id': '019bb60d-9943-77ca-9430-8d4913706a99', 'workflow_type': 'ComfyUIWorkflow'})
2026-01-13 12:01:43,242 - temporalio.activity - INFO - [V3] Workflow name: imageSave ({'activity_id': '1', 'activity_type': 'execute_and_track_workflow', 'attempt': 1, 'namespace': 'default', 'task_queue': 'comfyui-gpu-farm', 'workflow_id': 'chain-image-edit-to-video-pipeline-252e108f-e2e2-494c-86c4-749927c8759b-extract_frame2', 'workflow_run_id': '019bb60d-9943-77ca-9430-8d4913706a99', 'workflow_type': 'ComfyUIWorkflow'})
2026-01-13 12:01:43,286 - temporal_gateway.clients.comfy.client - INFO - ComfyUI client initialized for http://procure-x.testmcp.org
2026-01-13 12:01:43,286 - temporal_gateway.clients.comfy.client - INFO - Submitting workflow to ComfyUI
2026-01-13 12:01:43,291 - httpx - INFO - HTTP Request: POST http://procure-x.testmcp.org/prompt "HTTP/1.1 200 OK"
2026-01-13 12:01:43,295 - temporal_gateway.clients.comfy.client - INFO - Workflow queued with prompt_id: 20ec8bee-32d2-4600-823b-b1f0fa3c7d11
2026-01-13 12:01:43,295 - temporal_gateway.clients.comfy.tracker - INFO - Starting execution tracking for prompt 20ec8bee-32d2-4600-823b-b1f0fa3c7d11
2026-01-13 12:01:43,296 - temporal_gateway.clients.comfy.tracker - INFO - Starting history polling
2026-01-13 12:01:43,298 - temporal_gateway.clients.comfy.tracker - INFO - Starting WebSocket listener
2026-01-13 12:01:43,299 - temporal_gateway.clients.comfy.websocket - INFO - Connecting to WebSocket: ws://procure-x.testmcp.org/ws?clientId=311f51e8-a19e-4253-aa2e-919f03a34da0
2026-01-13 12:01:43,315 - httpx - INFO - HTTP Request: GET http://procure-x.testmcp.org/history/20ec8bee-32d2-4600-823b-b1f0fa3c7d11 "HTTP/1.1 200 OK"
2026-01-13 12:01:43,351 - temporal_gateway.clients.comfy.websocket - INFO - WebSocket connected successfully
2026-01-13 12:01:43,359 - httpx - INFO - HTTP Request: POST http://procure-x.testmcp.org/prompt "HTTP/1.1 200 OK"
2026-01-13 12:01:43,361 - temporal_gateway.clients.comfy.client - INFO - Workflow queued with prompt_id: e0f7cfa8-084f-4963-a3d7-e2719486e53c
2026-01-13 12:01:43,361 - temporal_gateway.clients.comfy.tracker - INFO - Starting execution tracking for prompt e0f7cfa8-084f-4963-a3d7-e2719486e53c
2026-01-13 12:01:43,361 - temporal_gateway.clients.comfy.tracker - INFO - Starting history polling
2026-01-13 12:01:43,363 - temporal_gateway.clients.comfy.tracker - INFO - Starting WebSocket listener
2026-01-13 12:01:43,363 - temporal_gateway.clients.comfy.websocket - INFO - Connecting to WebSocket: ws://procure-x.testmcp.org/ws?clientId=674d18b8-e8c4-4893-897f-5eb2ee3bd7f9
2026-01-13 12:01:43,443 - httpx - INFO - HTTP Request: GET http://procure-x.testmcp.org/history/e0f7cfa8-084f-4963-a3d7-e2719486e53c "HTTP/1.1 200 OK"
2026-01-13 12:01:43,882 - httpx - INFO - HTTP Request: GET http://procure-x.testmcp.org/history/89bcaae4-d67f-48a6-84f9-53ea6bd4ef57 "HTTP/1.1 200 OK"
2026-01-13 12:01:44,335 - httpx - INFO - HTTP Request: GET http://procure-x.testmcp.org/history/20ec8bee-32d2-4600-823b-b1f0fa3c7d11 "HTTP/1.1 200 OK"
2026-01-13 12:01:44,465 - httpx - INFO - HTTP Request: GET http://procure-x.testmcp.org/history/e0f7cfa8-084f-4963-a3d7-e2719486e53c "HTTP/1.1 200 OK"
2026-01-13 12:01:44,467 - temporal_gateway.clients.comfy.websocket - INFO - WebSocket connected successfully
2026-01-13 12:01:44,905 - httpx - INFO - HTTP Request: GET http://procure-x.testmcp.org/history/89bcaae4-d67f-48a6-84f9-53ea6bd4ef57 "HTTP/1.1 200 OK"
2026-01-13 12:01:45,385 - httpx - INFO - HTTP Request: GET http://procure-x.testmcp.org/history/20ec8bee-32d2-4600-823b-b1f0fa3c7d11 "HTTP/1.1 200 OK"
2026-01-13 12:01:45,548 - httpx - INFO - HTTP Request: GET http://procure-x.testmcp.org/history/e0f7cfa8-084f-4963-a3d7-e2719486e53c "HTTP/1.1 200 OK"
2026-01-13 12:01:46,003 - httpx - INFO - HTTP Request: GET http://procure-x.testmcp.org/history/89bcaae4-d67f-48a6-84f9-53ea6bd4ef57 "HTTP/1.1 200 OK"
2026-01-13 12:01:46,421 - httpx - INFO - HTTP Request: GET http://procure-x.testmcp.org/history/20ec8bee-32d2-4600-823b-b1f0fa3c7d11 "HTTP/1.1 200 OK"
2026-01-13 12:01:46,656 - httpx - INFO - HTTP Request: GET http://procure-x.testmcp.org/history/e0f7cfa8-084f-4963-a3d7-e2719486e53c "HTTP/1.1 200 OK"
2026-01-13 12:01:47,085 - httpx - INFO - HTTP Request: GET http://procure-x.testmcp.org/history/89bcaae4-d67f-48a6-84f9-53ea6bd4ef57 "HTTP/1.1 200 OK"
2026-01-13 12:01:47,458 - httpx - INFO - HTTP Request: GET http://procure-x.testmcp.org/history/20ec8bee-32d2-4600-823b-b1f0fa3c7d11 "HTTP/1.1 200 OK"
2026-01-13 12:01:47,682 - httpx - INFO - HTTP Request: GET http://procure-x.testmcp.org/history/e0f7cfa8-084f-4963-a3d7-e2719486e53c "HTTP/1.1 200 OK"
2026-01-13 12:01:48,352 - httpx - INFO - HTTP Request: GET http://procure-x.testmcp.org/history/89bcaae4-d67f-48a6-84f9-53ea6bd4ef57 "HTTP/1.1 200 OK"
2026-01-13 12:01:48,545 - httpx - INFO - HTTP Request: GET http://procure-x.testmcp.org/history/20ec8bee-32d2-4600-823b-b1f0fa3c7d11 "HTTP/1.1 200 OK"
2026-01-13 12:01:48,709 - httpx - INFO - HTTP Request: GET http://procure-x.testmcp.org/history/e0f7cfa8-084f-4963-a3d7-e2719486e53c "HTTP/1.1 200 OK"
2026-01-13 12:01:49,390 - httpx - INFO - HTTP Request: GET http://procure-x.testmcp.org/history/89bcaae4-d67f-48a6-84f9-53ea6bd4ef57 "HTTP/1.1 200 OK"
2026-01-13 12:01:49,618 - httpx - INFO - HTTP Request: GET http://procure-x.testmcp.org/history/20ec8bee-32d2-4600-823b-b1f0fa3c7d11 "HTTP/1.1 200 OK"
2026-01-13 12:01:49,784 - httpx - INFO - HTTP Request: GET http://procure-x.testmcp.org/history/e0f7cfa8-084f-4963-a3d7-e2719486e53c "HTTP/1.1 200 OK"
2026-01-13 12:01:50,420 - httpx - INFO - HTTP Request: GET http://procure-x.testmcp.org/history/89bcaae4-d67f-48a6-84f9-53ea6bd4ef57 "HTTP/1.1 200 OK"
2026-01-13 12:01:50,640 - httpx - INFO - HTTP Request: GET http://procure-x.testmcp.org/history/20ec8bee-32d2-4600-823b-b1f0fa3c7d11 "HTTP/1.1 200 OK"
2026-01-13 12:01:50,829 - httpx - INFO - HTTP Request: GET http://procure-x.testmcp.org/history/e0f7cfa8-084f-4963-a3d7-e2719486e53c "HTTP/1.1 200 OK"
2026-01-13 12:01:51,451 - httpx - INFO - HTTP Request: GET http://procure-x.testmcp.org/history/89bcaae4-d67f-48a6-84f9-53ea6bd4ef57 "HTTP/1.1 200 OK"
2026-01-13 12:01:51,670 - httpx - INFO - HTTP Request: GET http://procure-x.testmcp.org/history/20ec8bee-32d2-4600-823b-b1f0fa3c7d11 "HTTP/1.1 200 OK"
2026-01-13 12:01:51,875 - httpx - INFO - HTTP Request: GET http://procure-x.testmcp.org/history/e0f7cfa8-084f-4963-a3d7-e2719486e53c "HTTP/1.1 200 OK"
2026-01-13 12:01:52,489 - httpx - INFO - HTTP Request: GET http://procure-x.testmcp.org/history/89bcaae4-d67f-48a6-84f9-53ea6bd4ef57 "HTTP/1.1 200 OK"
2026-01-13 12:01:52,893 - httpx - INFO - HTTP Request: GET http://procure-x.testmcp.org/history/20ec8bee-32d2-4600-823b-b1f0fa3c7d11 "HTTP/1.1 200 OK"
2026-01-13 12:01:52,904 - httpx - INFO - HTTP Request: GET http://procure-x.testmcp.org/history/e0f7cfa8-084f-4963-a3d7-e2719486e53c "HTTP/1.1 200 OK"
2026-01-13 12:01:53,510 - httpx - INFO - HTTP Request: GET http://procure-x.testmcp.org/history/89bcaae4-d67f-48a6-84f9-53ea6bd4ef57 "HTTP/1.1 200 OK"
2026-01-13 12:01:53,912 - httpx - INFO - HTTP Request: GET http://procure-x.testmcp.org/history/20ec8bee-32d2-4600-823b-b1f0fa3c7d11 "HTTP/1.1 200 OK"
2026-01-13 12:01:53,925 - httpx - INFO - HTTP Request: GET http://procure-x.testmcp.org/history/e0f7cfa8-084f-4963-a3d7-e2719486e53c "HTTP/1.1 200 OK"
2026-01-13 12:01:54,545 - httpx - INFO - HTTP Request: GET http://procure-x.testmcp.org/history/89bcaae4-d67f-48a6-84f9-53ea6bd4ef57 "HTTP/1.1 200 OK"
2026-01-13 12:01:54,936 - httpx - INFO - HTTP Request: GET http://procure-x.testmcp.org/history/20ec8bee-32d2-4600-823b-b1f0fa3c7d11 "HTTP/1.1 200 OK"
2026-01-13 12:01:54,988 - httpx - INFO - HTTP Request: GET http://procure-x.testmcp.org/history/e0f7cfa8-084f-4963-a3d7-e2719486e53c "HTTP/1.1 200 OK"
2026-01-13 12:01:55,582 - httpx - INFO - HTTP Request: GET http://procure-x.testmcp.org/history/89bcaae4-d67f-48a6-84f9-53ea6bd4ef57 "HTTP/1.1 200 OK"
2026-01-13 12:01:55,969 - httpx - INFO - HTTP Request: GET http://procure-x.testmcp.org/history/20ec8bee-32d2-4600-823b-b1f0fa3c7d11 "HTTP/1.1 200 OK"
2026-01-13 12:01:56,022 - httpx - INFO - HTTP Request: GET http://procure-x.testmcp.org/history/e0f7cfa8-084f-4963-a3d7-e2719486e53c "HTTP/1.1 200 OK"
2026-01-13 12:01:56,995 - httpx - INFO - HTTP Request: GET http://procure-x.testmcp.org/history/20ec8bee-32d2-4600-823b-b1f0fa3c7d11 "HTTP/1.1 200 OK"
2026-01-13 12:01:57,038 - httpx - INFO - HTTP Request: GET http://procure-x.testmcp.org/history/e0f7cfa8-084f-4963-a3d7-e2719486e53c "HTTP/1.1 200 OK"
2026-01-13 12:01:57,056 - httpx - INFO - HTTP Request: GET http://procure-x.testmcp.org/history/89bcaae4-d67f-48a6-84f9-53ea6bd4ef57 "HTTP/1.1 200 OK"
2026-01-13 12:01:58,045 - httpx - INFO - HTTP Request: GET http://procure-x.testmcp.org/history/20ec8bee-32d2-4600-823b-b1f0fa3c7d11 "HTTP/1.1 200 OK"
2026-01-13 12:01:58,074 - httpx - INFO - HTTP Request: GET http://procure-x.testmcp.org/history/e0f7cfa8-084f-4963-a3d7-e2719486e53c "HTTP/1.1 200 OK"
2026-01-13 12:01:58,341 - httpx - INFO - HTTP Request: GET http://procure-x.testmcp.org/history/89bcaae4-d67f-48a6-84f9-53ea6bd4ef57 "HTTP/1.1 200 OK"
2026-01-13 12:01:59,102 - httpx - INFO - HTTP Request: GET http://procure-x.testmcp.org/history/e0f7cfa8-084f-4963-a3d7-e2719486e53c "HTTP/1.1 200 OK"
2026-01-13 12:01:59,109 - httpx - INFO - HTTP Request: GET http://procure-x.testmcp.org/history/20ec8bee-32d2-4600-823b-b1f0fa3c7d11 "HTTP/1.1 200 OK"
2026-01-13 12:01:59,373 - httpx - INFO - HTTP Request: GET http://procure-x.testmcp.org/history/89bcaae4-d67f-48a6-84f9-53ea6bd4ef57 "HTTP/1.1 200 OK"
2026-01-13 12:02:00,132 - httpx - INFO - HTTP Request: GET http://procure-x.testmcp.org/history/e0f7cfa8-084f-4963-a3d7-e2719486e53c "HTTP/1.1 200 OK"
2026-01-13 12:02:00,137 - httpx - INFO - HTTP Request: GET http://procure-x.testmcp.org/history/20ec8bee-32d2-4600-823b-b1f0fa3c7d11 "HTTP/1.1 200 OK"
2026-01-13 12:02:00,452 - httpx - INFO - HTTP Request: GET http://procure-x.testmcp.org/history/89bcaae4-d67f-48a6-84f9-53ea6bd4ef57 "HTTP/1.1 200 OK"
2026-01-13 12:02:01,166 - httpx - INFO - HTTP Request: GET http://procure-x.testmcp.org/history/e0f7cfa8-084f-4963-a3d7-e2719486e53c "HTTP/1.1 200 OK"
2026-01-13 12:02:01,170 - httpx - INFO - HTTP Request: GET http://procure-x.testmcp.org/history/20ec8bee-32d2-4600-823b-b1f0fa3c7d11 "HTTP/1.1 200 OK"
2026-01-13 12:02:01,950 - httpx - INFO - HTTP Request: GET http://procure-x.testmcp.org/history/89bcaae4-d67f-48a6-84f9-53ea6bd4ef57 "HTTP/1.1 200 OK"
2026-01-13 12:02:02,210 - httpx - INFO - HTTP Request: GET http://procure-x.testmcp.org/history/e0f7cfa8-084f-4963-a3d7-e2719486e53c "HTTP/1.1 200 OK"
2026-01-13 12:02:02,261 - httpx - INFO - HTTP Request: GET http://procure-x.testmcp.org/history/20ec8bee-32d2-4600-823b-b1f0fa3c7d11 "HTTP/1.1 200 OK"
2026-01-13 12:02:02,978 - httpx - INFO - HTTP Request: GET http://procure-x.testmcp.org/history/89bcaae4-d67f-48a6-84f9-53ea6bd4ef57 "HTTP/1.1 200 OK"
2026-01-13 12:02:03,289 - httpx - INFO - HTTP Request: GET http://procure-x.testmcp.org/history/20ec8bee-32d2-4600-823b-b1f0fa3c7d11 "HTTP/1.1 200 OK"
2026-01-13 12:02:03,295 - httpx - INFO - HTTP Request: GET http://procure-x.testmcp.org/history/e0f7cfa8-084f-4963-a3d7-e2719486e53c "HTTP/1.1 200 OK"
2026-01-13 12:02:04,017 - httpx - INFO - HTTP Request: GET http://procure-x.testmcp.org/history/89bcaae4-d67f-48a6-84f9-53ea6bd4ef57 "HTTP/1.1 200 OK"
2026-01-13 12:02:04,330 - httpx - INFO - HTTP Request: GET http://procure-x.testmcp.org/history/e0f7cfa8-084f-4963-a3d7-e2719486e53c "HTTP/1.1 200 OK"
2026-01-13 12:02:04,343 - httpx - INFO - HTTP Request: GET http://procure-x.testmcp.org/history/20ec8bee-32d2-4600-823b-b1f0fa3c7d11 "HTTP/1.1 200 OK"
2026-01-13 12:02:05,298 - httpx - INFO - HTTP Request: GET http://procure-x.testmcp.org/history/89bcaae4-d67f-48a6-84f9-53ea6bd4ef57 "HTTP/1.1 200 OK"
2026-01-13 12:02:05,369 - httpx - INFO - HTTP Request: GET http://procure-x.testmcp.org/history/e0f7cfa8-084f-4963-a3d7-e2719486e53c "HTTP/1.1 200 OK"
2026-01-13 12:02:05,374 - httpx - INFO - HTTP Request: GET http://procure-x.testmcp.org/history/20ec8bee-32d2-4600-823b-b1f0fa3c7d11 "HTTP/1.1 200 OK"
2026-01-13 12:02:06,326 - httpx - INFO - HTTP Request: GET http://procure-x.testmcp.org/history/89bcaae4-d67f-48a6-84f9-53ea6bd4ef57 "HTTP/1.1 200 OK"
2026-01-13 12:02:06,402 - httpx - INFO - HTTP Request: GET http://procure-x.testmcp.org/history/e0f7cfa8-084f-4963-a3d7-e2719486e53c "HTTP/1.1 200 OK"
2026-01-13 12:02:06,408 - httpx - INFO - HTTP Request: GET http://procure-x.testmcp.org/history/20ec8bee-32d2-4600-823b-b1f0fa3c7d11 "HTTP/1.1 200 OK"
2026-01-13 12:02:07,433 - httpx - INFO - HTTP Request: GET http://procure-x.testmcp.org/history/20ec8bee-32d2-4600-823b-b1f0fa3c7d11 "HTTP/1.1 200 OK"
2026-01-13 12:02:07,438 - httpx - INFO - HTTP Request: GET http://procure-x.testmcp.org/history/e0f7cfa8-084f-4963-a3d7-e2719486e53c "HTTP/1.1 200 OK"
2026-01-13 12:02:07,833 - httpx - INFO - HTTP Request: GET http://procure-x.testmcp.org/history/89bcaae4-d67f-48a6-84f9-53ea6bd4ef57 "HTTP/1.1 200 OK"
2026-01-13 12:02:08,466 - httpx - INFO - HTTP Request: GET http://procure-x.testmcp.org/history/e0f7cfa8-084f-4963-a3d7-e2719486e53c "HTTP/1.1 200 OK"
2026-01-13 12:02:08,622 - httpx - INFO - HTTP Request: GET http://procure-x.testmcp.org/history/20ec8bee-32d2-4600-823b-b1f0fa3c7d11 "HTTP/1.1 200 OK"
2026-01-13 12:02:09,164 - httpx - INFO - HTTP Request: GET http://procure-x.testmcp.org/history/89bcaae4-d67f-48a6-84f9-53ea6bd4ef57 "HTTP/1.1 200 OK"
2026-01-13 12:02:09,502 - httpx - INFO - HTTP Request: GET http://procure-x.testmcp.org/history/e0f7cfa8-084f-4963-a3d7-e2719486e53c "HTTP/1.1 200 OK"
2026-01-13 12:02:09,708 - httpx - INFO - HTTP Request: GET http://procure-x.testmcp.org/history/20ec8bee-32d2-4600-823b-b1f0fa3c7d11 "HTTP/1.1 200 OK"
2026-01-13 12:02:10,206 - httpx - INFO - HTTP Request: GET http://procure-x.testmcp.org/history/89bcaae4-d67f-48a6-84f9-53ea6bd4ef57 "HTTP/1.1 200 OK"
2026-01-13 12:02:10,628 - httpx - INFO - HTTP Request: GET http://procure-x.testmcp.org/history/e0f7cfa8-084f-4963-a3d7-e2719486e53c "HTTP/1.1 200 OK"
2026-01-13 12:02:10,750 - httpx - INFO - HTTP Request: GET http://procure-x.testmcp.org/history/20ec8bee-32d2-4600-823b-b1f0fa3c7d11 "HTTP/1.1 200 OK"
2026-01-13 12:02:11,242 - httpx - INFO - HTTP Request: GET http://procure-x.testmcp.org/history/89bcaae4-d67f-48a6-84f9-53ea6bd4ef57 "HTTP/1.1 200 OK"
2026-01-13 12:02:11,677 - httpx - INFO - HTTP Request: GET http://procure-x.testmcp.org/history/e0f7cfa8-084f-4963-a3d7-e2719486e53c "HTTP/1.1 200 OK"
2026-01-13 12:02:11,775 - httpx - INFO - HTTP Request: GET http://procure-x.testmcp.org/history/20ec8bee-32d2-4600-823b-b1f0fa3c7d11 "HTTP/1.1 200 OK"
2026-01-13 12:02:12,270 - httpx - INFO - HTTP Request: GET http://procure-x.testmcp.org/history/89bcaae4-d67f-48a6-84f9-53ea6bd4ef57 "HTTP/1.1 200 OK"
2026-01-13 12:02:12,701 - httpx - INFO - HTTP Request: GET http://procure-x.testmcp.org/history/e0f7cfa8-084f-4963-a3d7-e2719486e53c "HTTP/1.1 200 OK"
2026-01-13 12:02:12,802 - httpx - INFO - HTTP Request: GET http://procure-x.testmcp.org/history/20ec8bee-32d2-4600-823b-b1f0fa3c7d11 "HTTP/1.1 200 OK"
2026-01-13 12:02:13,303 - httpx - INFO - HTTP Request: GET http://procure-x.testmcp.org/history/89bcaae4-d67f-48a6-84f9-53ea6bd4ef57 "HTTP/1.1 200 OK"
2026-01-13 12:02:13,743 - httpx - INFO - HTTP Request: GET http://procure-x.testmcp.org/history/e0f7cfa8-084f-4963-a3d7-e2719486e53c "HTTP/1.1 200 OK"
2026-01-13 12:02:13,828 - httpx - INFO - HTTP Request: GET http://procure-x.testmcp.org/history/20ec8bee-32d2-4600-823b-b1f0fa3c7d11 "HTTP/1.1 200 OK"
2026-01-13 12:02:14,334 - httpx - INFO - HTTP Request: GET http://procure-x.testmcp.org/history/89bcaae4-d67f-48a6-84f9-53ea6bd4ef57 "HTTP/1.1 200 OK"
2026-01-13 12:02:14,808 - httpx - INFO - HTTP Request: GET http://procure-x.testmcp.org/history/e0f7cfa8-084f-4963-a3d7-e2719486e53c "HTTP/1.1 200 OK"
2026-01-13 12:02:14,852 - httpx - INFO - HTTP Request: GET http://procure-x.testmcp.org/history/20ec8bee-32d2-4600-823b-b1f0fa3c7d11 "HTTP/1.1 200 OK"
2026-01-13 12:02:15,359 - httpx - INFO - HTTP Request: GET http://procure-x.testmcp.org/history/89bcaae4-d67f-48a6-84f9-53ea6bd4ef57 "HTTP/1.1 200 OK"
2026-01-13 12:02:15,837 - httpx - INFO - HTTP Request: GET http://procure-x.testmcp.org/history/e0f7cfa8-084f-4963-a3d7-e2719486e53c "HTTP/1.1 200 OK"
2026-01-13 12:02:15,881 - httpx - INFO - HTTP Request: GET http://procure-x.testmcp.org/history/20ec8bee-32d2-4600-823b-b1f0fa3c7d11 "HTTP/1.1 200 OK"
2026-01-13 12:02:16,381 - httpx - INFO - HTTP Request: GET http://procure-x.testmcp.org/history/89bcaae4-d67f-48a6-84f9-53ea6bd4ef57 "HTTP/1.1 200 OK"
2026-01-13 12:02:16,867 - httpx - INFO - HTTP Request: GET http://procure-x.testmcp.org/history/e0f7cfa8-084f-4963-a3d7-e2719486e53c "HTTP/1.1 200 OK"
2026-01-13 12:02:16,910 - httpx - INFO - HTTP Request: GET http://procure-x.testmcp.org/history/20ec8bee-32d2-4600-823b-b1f0fa3c7d11 "HTTP/1.1 200 OK"
2026-01-13 12:02:17,407 - httpx - INFO - HTTP Request: GET http://procure-x.testmcp.org/history/89bcaae4-d67f-48a6-84f9-53ea6bd4ef57 "HTTP/1.1 200 OK"
2026-01-13 12:02:17,899 - httpx - INFO - HTTP Request: GET http://procure-x.testmcp.org/history/e0f7cfa8-084f-4963-a3d7-e2719486e53c "HTTP/1.1 200 OK"
2026-01-13 12:02:17,943 - httpx - INFO - HTTP Request: GET http://procure-x.testmcp.org/history/20ec8bee-32d2-4600-823b-b1f0fa3c7d11 "HTTP/1.1 200 OK"
2026-01-13 12:02:18,433 - httpx - INFO - HTTP Request: GET http://procure-x.testmcp.org/history/89bcaae4-d67f-48a6-84f9-53ea6bd4ef57 "HTTP/1.1 200 OK"
2026-01-13 12:02:18,924 - httpx - INFO - HTTP Request: GET http://procure-x.testmcp.org/history/e0f7cfa8-084f-4963-a3d7-e2719486e53c "HTTP/1.1 200 OK"
2026-01-13 12:02:18,977 - httpx - INFO - HTTP Request: GET http://procure-x.testmcp.org/history/20ec8bee-32d2-4600-823b-b1f0fa3c7d11 "HTTP/1.1 200 OK"
2026-01-13 12:02:19,469 - httpx - INFO - HTTP Request: GET http://procure-x.testmcp.org/history/89bcaae4-d67f-48a6-84f9-53ea6bd4ef57 "HTTP/1.1 200 OK"
2026-01-13 12:02:19,964 - httpx - INFO - HTTP Request: GET http://procure-x.testmcp.org/history/e0f7cfa8-084f-4963-a3d7-e2719486e53c "HTTP/1.1 200 OK"
2026-01-13 12:02:20,005 - httpx - INFO - HTTP Request: GET http://procure-x.testmcp.org/history/20ec8bee-32d2-4600-823b-b1f0fa3c7d11 "HTTP/1.1 200 OK"
2026-01-13 12:02:20,961 - httpx - INFO - HTTP Request: GET http://procure-x.testmcp.org/history/89bcaae4-d67f-48a6-84f9-53ea6bd4ef57 "HTTP/1.1 200 OK"
2026-01-13 12:02:21,018 - httpx - INFO - HTTP Request: GET http://procure-x.testmcp.org/history/e0f7cfa8-084f-4963-a3d7-e2719486e53c "HTTP/1.1 200 OK"
2026-01-13 12:02:21,093 - httpx - INFO - HTTP Request: GET http://procure-x.testmcp.org/history/20ec8bee-32d2-4600-823b-b1f0fa3c7d11 "HTTP/1.1 200 OK"
2026-01-13 12:02:21,991 - httpx - INFO - HTTP Request: GET http://procure-x.testmcp.org/history/89bcaae4-d67f-48a6-84f9-53ea6bd4ef57 "HTTP/1.1 200 OK"
2026-01-13 12:02:22,040 - httpx - INFO - HTTP Request: GET http://procure-x.testmcp.org/history/e0f7cfa8-084f-4963-a3d7-e2719486e53c "HTTP/1.1 200 OK"
2026-01-13 12:02:22,124 - httpx - INFO - HTTP Request: GET http://procure-x.testmcp.org/history/20ec8bee-32d2-4600-823b-b1f0fa3c7d11 "HTTP/1.1 200 OK"
2026-01-13 12:02:23,057 - httpx - INFO - HTTP Request: GET http://procure-x.testmcp.org/history/e0f7cfa8-084f-4963-a3d7-e2719486e53c "HTTP/1.1 200 OK"
2026-01-13 12:02:23,193 - httpx - INFO - HTTP Request: GET http://procure-x.testmcp.org/history/20ec8bee-32d2-4600-823b-b1f0fa3c7d11 "HTTP/1.1 200 OK"
2026-01-13 12:02:23,251 - httpx - INFO - HTTP Request: GET http://procure-x.testmcp.org/history/89bcaae4-d67f-48a6-84f9-53ea6bd4ef57 "HTTP/1.1 200 OK"
2026-01-13 12:02:24,088 - httpx - INFO - HTTP Request: GET http://procure-x.testmcp.org/history/e0f7cfa8-084f-4963-a3d7-e2719486e53c "HTTP/1.1 200 OK"
2026-01-13 12:02:24,225 - httpx - INFO - HTTP Request: GET http://procure-x.testmcp.org/history/20ec8bee-32d2-4600-823b-b1f0fa3c7d11 "HTTP/1.1 200 OK"
2026-01-13 12:02:24,282 - httpx - INFO - HTTP Request: GET http://procure-x.testmcp.org/history/89bcaae4-d67f-48a6-84f9-53ea6bd4ef57 "HTTP/1.1 200 OK"
2026-01-13 12:02:25,125 - httpx - INFO - HTTP Request: GET http://procure-x.testmcp.org/history/e0f7cfa8-084f-4963-a3d7-e2719486e53c "HTTP/1.1 200 OK"
2026-01-13 12:02:25,258 - httpx - INFO - HTTP Request: GET http://procure-x.testmcp.org/history/20ec8bee-32d2-4600-823b-b1f0fa3c7d11 "HTTP/1.1 200 OK"
2026-01-13 12:02:25,317 - httpx - INFO - HTTP Request: GET http://procure-x.testmcp.org/history/89bcaae4-d67f-48a6-84f9-53ea6bd4ef57 "HTTP/1.1 200 OK"
2026-01-13 12:02:26,165 - httpx - INFO - HTTP Request: GET http://procure-x.testmcp.org/history/e0f7cfa8-084f-4963-a3d7-e2719486e53c "HTTP/1.1 200 OK"
2026-01-13 12:02:26,327 - httpx - INFO - HTTP Request: GET http://procure-x.testmcp.org/history/20ec8bee-32d2-4600-823b-b1f0fa3c7d11 "HTTP/1.1 200 OK"
2026-01-13 12:02:26,344 - httpx - INFO - HTTP Request: GET http://procure-x.testmcp.org/history/89bcaae4-d67f-48a6-84f9-53ea6bd4ef57 "HTTP/1.1 200 OK"
2026-01-13 12:02:27,194 - httpx - INFO - HTTP Request: GET http://procure-x.testmcp.org/history/e0f7cfa8-084f-4963-a3d7-e2719486e53c "HTTP/1.1 200 OK"
2026-01-13 12:02:27,372 - httpx - INFO - HTTP Request: GET http://procure-x.testmcp.org/history/20ec8bee-32d2-4600-823b-b1f0fa3c7d11 "HTTP/1.1 200 OK"
2026-01-13 12:02:27,434 - httpx - INFO - HTTP Request: GET http://procure-x.testmcp.org/history/89bcaae4-d67f-48a6-84f9-53ea6bd4ef57 "HTTP/1.1 200 OK"
2026-01-13 12:02:28,227 - httpx - INFO - HTTP Request: GET http://procure-x.testmcp.org/history/e0f7cfa8-084f-4963-a3d7-e2719486e53c "HTTP/1.1 200 OK"
2026-01-13 12:02:28,400 - httpx - INFO - HTTP Request: GET http://procure-x.testmcp.org/history/20ec8bee-32d2-4600-823b-b1f0fa3c7d11 "HTTP/1.1 200 OK"
2026-01-13 12:02:28,746 - httpx - INFO - HTTP Request: GET http://procure-x.testmcp.org/history/89bcaae4-d67f-48a6-84f9-53ea6bd4ef57 "HTTP/1.1 200 OK"
2026-01-13 12:02:29,253 - httpx - INFO - HTTP Request: GET http://procure-x.testmcp.org/history/e0f7cfa8-084f-4963-a3d7-e2719486e53c "HTTP/1.1 200 OK"
2026-01-13 12:02:29,438 - httpx - INFO - HTTP Request: GET http://procure-x.testmcp.org/history/20ec8bee-32d2-4600-823b-b1f0fa3c7d11 "HTTP/1.1 200 OK"
2026-01-13 12:02:29,783 - httpx - INFO - HTTP Request: GET http://procure-x.testmcp.org/history/89bcaae4-d67f-48a6-84f9-53ea6bd4ef57 "HTTP/1.1 200 OK"
2026-01-13 12:02:30,278 - httpx - INFO - HTTP Request: GET http://procure-x.testmcp.org/history/e0f7cfa8-084f-4963-a3d7-e2719486e53c "HTTP/1.1 200 OK"
2026-01-13 12:02:30,516 - httpx - INFO - HTTP Request: GET http://procure-x.testmcp.org/history/20ec8bee-32d2-4600-823b-b1f0fa3c7d11 "HTTP/1.1 200 OK"
2026-01-13 12:02:31,282 - httpx - INFO - HTTP Request: GET http://procure-x.testmcp.org/history/89bcaae4-d67f-48a6-84f9-53ea6bd4ef57 "HTTP/1.1 200 OK"
2026-01-13 12:02:31,352 - httpx - INFO - HTTP Request: GET http://procure-x.testmcp.org/history/e0f7cfa8-084f-4963-a3d7-e2719486e53c "HTTP/1.1 200 OK"
2026-01-13 12:02:31,544 - httpx - INFO - HTTP Request: GET http://procure-x.testmcp.org/history/20ec8bee-32d2-4600-823b-b1f0fa3c7d11 "HTTP/1.1 200 OK"
2026-01-13 12:02:32,329 - httpx - INFO - HTTP Request: GET http://procure-x.testmcp.org/history/89bcaae4-d67f-48a6-84f9-53ea6bd4ef57 "HTTP/1.1 200 OK"
2026-01-13 12:02:32,383 - httpx - INFO - HTTP Request: GET http://procure-x.testmcp.org/history/e0f7cfa8-084f-4963-a3d7-e2719486e53c "HTTP/1.1 200 OK"
2026-01-13 12:02:32,584 - httpx - INFO - HTTP Request: GET http://procure-x.testmcp.org/history/20ec8bee-32d2-4600-823b-b1f0fa3c7d11 "HTTP/1.1 200 OK"
2026-01-13 12:02:33,512 - httpx - INFO - HTTP Request: GET http://procure-x.testmcp.org/history/89bcaae4-d67f-48a6-84f9-53ea6bd4ef57 "HTTP/1.1 200 OK"
2026-01-13 12:02:33,595 - httpx - INFO - HTTP Request: GET http://procure-x.testmcp.org/history/e0f7cfa8-084f-4963-a3d7-e2719486e53c "HTTP/1.1 200 OK"
2026-01-13 12:02:33,656 - httpx - INFO - HTTP Request: GET http://procure-x.testmcp.org/history/20ec8bee-32d2-4600-823b-b1f0fa3c7d11 "HTTP/1.1 200 OK"
2026-01-13 12:02:34,570 - httpx - INFO - HTTP Request: GET http://procure-x.testmcp.org/history/89bcaae4-d67f-48a6-84f9-53ea6bd4ef57 "HTTP/1.1 200 OK"
2026-01-13 12:02:34,644 - httpx - INFO - HTTP Request: GET http://procure-x.testmcp.org/history/e0f7cfa8-084f-4963-a3d7-e2719486e53c "HTTP/1.1 200 OK"
2026-01-13 12:02:34,714 - httpx - INFO - HTTP Request: GET http://procure-x.testmcp.org/history/20ec8bee-32d2-4600-823b-b1f0fa3c7d11 "HTTP/1.1 200 OK"
2026-01-13 12:02:36,273 - httpx - INFO - HTTP Request: GET http://procure-x.testmcp.org/history/20ec8bee-32d2-4600-823b-b1f0fa3c7d11 "HTTP/1.1 200 OK"
2026-01-13 12:02:36,275 - httpx - INFO - HTTP Request: GET http://procure-x.testmcp.org/history/89bcaae4-d67f-48a6-84f9-53ea6bd4ef57 "HTTP/1.1 200 OK"
2026-01-13 12:02:36,278 - httpx - INFO - HTTP Request: GET http://procure-x.testmcp.org/history/e0f7cfa8-084f-4963-a3d7-e2719486e53c "HTTP/1.1 200 OK"
2026-01-13 12:02:37,377 - httpx - INFO - HTTP Request: GET http://procure-x.testmcp.org/history/e0f7cfa8-084f-4963-a3d7-e2719486e53c "HTTP/1.1 200 OK"
2026-01-13 12:02:37,387 - httpx - INFO - HTTP Request: GET http://procure-x.testmcp.org/history/20ec8bee-32d2-4600-823b-b1f0fa3c7d11 "HTTP/1.1 200 OK"
2026-01-13 12:02:37,770 - httpx - INFO - HTTP Request: GET http://procure-x.testmcp.org/history/89bcaae4-d67f-48a6-84f9-53ea6bd4ef57 "HTTP/1.1 200 OK"
2026-01-13 12:02:38,415 - httpx - INFO - HTTP Request: GET http://procure-x.testmcp.org/history/e0f7cfa8-084f-4963-a3d7-e2719486e53c "HTTP/1.1 200 OK"
2026-01-13 12:02:38,782 - httpx - INFO - HTTP Request: GET http://procure-x.testmcp.org/history/20ec8bee-32d2-4600-823b-b1f0fa3c7d11 "HTTP/1.1 200 OK"
2026-01-13 12:02:39,025 - httpx - INFO - HTTP Request: GET http://procure-x.testmcp.org/history/89bcaae4-d67f-48a6-84f9-53ea6bd4ef57 "HTTP/1.1 200 OK"
2026-01-13 12:02:39,440 - httpx - INFO - HTTP Request: GET http://procure-x.testmcp.org/history/e0f7cfa8-084f-4963-a3d7-e2719486e53c "HTTP/1.1 200 OK"
2026-01-13 12:02:39,958 - httpx - INFO - HTTP Request: GET http://procure-x.testmcp.org/history/20ec8bee-32d2-4600-823b-b1f0fa3c7d11 "HTTP/1.1 200 OK"
2026-01-13 12:02:40,061 - httpx - INFO - HTTP Request: GET http://procure-x.testmcp.org/history/89bcaae4-d67f-48a6-84f9-53ea6bd4ef57 "HTTP/1.1 200 OK"
2026-01-13 12:02:40,468 - httpx - INFO - HTTP Request: GET http://procure-x.testmcp.org/history/e0f7cfa8-084f-4963-a3d7-e2719486e53c "HTTP/1.1 200 OK"
2026-01-13 12:02:41,027 - httpx - INFO - HTTP Request: GET http://procure-x.testmcp.org/history/20ec8bee-32d2-4600-823b-b1f0fa3c7d11 "HTTP/1.1 200 OK"
2026-01-13 12:02:41,495 - httpx - INFO - HTTP Request: GET http://procure-x.testmcp.org/history/e0f7cfa8-084f-4963-a3d7-e2719486e53c "HTTP/1.1 200 OK"
2026-01-13 12:02:41,587 - httpx - INFO - HTTP Request: GET http://procure-x.testmcp.org/history/89bcaae4-d67f-48a6-84f9-53ea6bd4ef57 "HTTP/1.1 200 OK"
2026-01-13 12:02:42,069 - httpx - INFO - HTTP Request: GET http://procure-x.testmcp.org/history/20ec8bee-32d2-4600-823b-b1f0fa3c7d11 "HTTP/1.1 200 OK"
2026-01-13 12:02:42,523 - httpx - INFO - HTTP Request: GET http://procure-x.testmcp.org/history/e0f7cfa8-084f-4963-a3d7-e2719486e53c "HTTP/1.1 200 OK"
2026-01-13 12:02:42,617 - httpx - INFO - HTTP Request: GET http://procure-x.testmcp.org/history/89bcaae4-d67f-48a6-84f9-53ea6bd4ef57 "HTTP/1.1 200 OK"
2026-01-13 12:02:43,093 - httpx - INFO - HTTP Request: GET http://procure-x.testmcp.org/history/20ec8bee-32d2-4600-823b-b1f0fa3c7d11 "HTTP/1.1 200 OK"
2026-01-13 12:02:43,564 - httpx - INFO - HTTP Request: GET http://procure-x.testmcp.org/history/e0f7cfa8-084f-4963-a3d7-e2719486e53c "HTTP/1.1 200 OK"
2026-01-13 12:02:43,640 - httpx - INFO - HTTP Request: GET http://procure-x.testmcp.org/history/89bcaae4-d67f-48a6-84f9-53ea6bd4ef57 "HTTP/1.1 200 OK"
2026-01-13 12:02:44,119 - httpx - INFO - HTTP Request: GET http://procure-x.testmcp.org/history/20ec8bee-32d2-4600-823b-b1f0fa3c7d11 "HTTP/1.1 200 OK"
2026-01-13 12:02:44,595 - httpx - INFO - HTTP Request: GET http://procure-x.testmcp.org/history/e0f7cfa8-084f-4963-a3d7-e2719486e53c "HTTP/1.1 200 OK"
2026-01-13 12:02:44,706 - httpx - INFO - HTTP Request: GET http://procure-x.testmcp.org/history/89bcaae4-d67f-48a6-84f9-53ea6bd4ef57 "HTTP/1.1 200 OK"
2026-01-13 12:02:45,147 - httpx - INFO - HTTP Request: GET http://procure-x.testmcp.org/history/20ec8bee-32d2-4600-823b-b1f0fa3c7d11 "HTTP/1.1 200 OK"
2026-01-13 12:02:45,630 - httpx - INFO - HTTP Request: GET http://procure-x.testmcp.org/history/e0f7cfa8-084f-4963-a3d7-e2719486e53c "HTTP/1.1 200 OK"
2026-01-13 12:02:45,734 - httpx - INFO - HTTP Request: GET http://procure-x.testmcp.org/history/89bcaae4-d67f-48a6-84f9-53ea6bd4ef57 "HTTP/1.1 200 OK"
2026-01-13 12:02:46,180 - httpx - INFO - HTTP Request: GET http://procure-x.testmcp.org/history/20ec8bee-32d2-4600-823b-b1f0fa3c7d11 "HTTP/1.1 200 OK"
2026-01-13 12:02:46,654 - httpx - INFO - HTTP Request: GET http://procure-x.testmcp.org/history/e0f7cfa8-084f-4963-a3d7-e2719486e53c "HTTP/1.1 200 OK"
2026-01-13 12:02:46,765 - httpx - INFO - HTTP Request: GET http://procure-x.testmcp.org/history/89bcaae4-d67f-48a6-84f9-53ea6bd4ef57 "HTTP/1.1 200 OK"
2026-01-13 12:02:47,211 - httpx - INFO - HTTP Request: GET http://procure-x.testmcp.org/history/20ec8bee-32d2-4600-823b-b1f0fa3c7d11 "HTTP/1.1 200 OK"
2026-01-13 12:02:47,678 - httpx - INFO - HTTP Request: GET http://procure-x.testmcp.org/history/e0f7cfa8-084f-4963-a3d7-e2719486e53c "HTTP/1.1 200 OK"
2026-01-13 12:02:48,025 - httpx - INFO - HTTP Request: GET http://procure-x.testmcp.org/history/89bcaae4-d67f-48a6-84f9-53ea6bd4ef57 "HTTP/1.1 200 OK"
2026-01-13 12:02:48,283 - httpx - INFO - HTTP Request: GET http://procure-x.testmcp.org/history/20ec8bee-32d2-4600-823b-b1f0fa3c7d11 "HTTP/1.1 200 OK"
2026-01-13 12:02:48,724 - httpx - INFO - HTTP Request: GET http://procure-x.testmcp.org/history/e0f7cfa8-084f-4963-a3d7-e2719486e53c "HTTP/1.1 200 OK"
2026-01-13 12:02:49,286 - httpx - INFO - HTTP Request: GET http://procure-x.testmcp.org/history/89bcaae4-d67f-48a6-84f9-53ea6bd4ef57 "HTTP/1.1 200 OK"
2026-01-13 12:02:49,480 - httpx - INFO - HTTP Request: GET http://procure-x.testmcp.org/history/20ec8bee-32d2-4600-823b-b1f0fa3c7d11 "HTTP/1.1 200 OK"
2026-01-13 12:02:49,758 - httpx - INFO - HTTP Request: GET http://procure-x.testmcp.org/history/e0f7cfa8-084f-4963-a3d7-e2719486e53c "HTTP/1.1 200 OK"
2026-01-13 12:02:50,314 - httpx - INFO - HTTP Request: GET http://procure-x.testmcp.org/history/89bcaae4-d67f-48a6-84f9-53ea6bd4ef57 "HTTP/1.1 200 OK"
2026-01-13 12:02:50,510 - httpx - INFO - HTTP Request: GET http://procure-x.testmcp.org/history/20ec8bee-32d2-4600-823b-b1f0fa3c7d11 "HTTP/1.1 200 OK"
2026-01-13 12:02:50,846 - httpx - INFO - HTTP Request: GET http://procure-x.testmcp.org/history/e0f7cfa8-084f-4963-a3d7-e2719486e53c "HTTP/1.1 200 OK"
2026-01-13 12:02:51,349 - httpx - INFO - HTTP Request: GET http://procure-x.testmcp.org/history/89bcaae4-d67f-48a6-84f9-53ea6bd4ef57 "HTTP/1.1 200 OK"
2026-01-13 12:02:51,573 - httpx - INFO - HTTP Request: GET http://procure-x.testmcp.org/history/20ec8bee-32d2-4600-823b-b1f0fa3c7d11 "HTTP/1.1 200 OK"
2026-01-13 12:02:52,041 - httpx - INFO - HTTP Request: GET http://procure-x.testmcp.org/history/e0f7cfa8-084f-4963-a3d7-e2719486e53c "HTTP/1.1 200 OK"
2026-01-13 12:02:52,379 - httpx - INFO - HTTP Request: GET http://procure-x.testmcp.org/history/89bcaae4-d67f-48a6-84f9-53ea6bd4ef57 "HTTP/1.1 200 OK"
2026-01-13 12:02:52,652 - httpx - INFO - HTTP Request: GET http://procure-x.testmcp.org/history/20ec8bee-32d2-4600-823b-b1f0fa3c7d11 "HTTP/1.1 200 OK"
2026-01-13 12:02:53,073 - httpx - INFO - HTTP Request: GET http://procure-x.testmcp.org/history/e0f7cfa8-084f-4963-a3d7-e2719486e53c "HTTP/1.1 200 OK"
2026-01-13 12:02:53,475 - httpx - INFO - HTTP Request: GET http://procure-x.testmcp.org/history/89bcaae4-d67f-48a6-84f9-53ea6bd4ef57 "HTTP/1.1 200 OK"
2026-01-13 12:02:53,695 - httpx - INFO - HTTP Request: GET http://procure-x.testmcp.org/history/20ec8bee-32d2-4600-823b-b1f0fa3c7d11 "HTTP/1.1 200 OK"
2026-01-13 12:02:54,128 - httpx - INFO - HTTP Request: GET http://procure-x.testmcp.org/history/e0f7cfa8-084f-4963-a3d7-e2719486e53c "HTTP/1.1 200 OK"
2026-01-13 12:02:54,594 - httpx - INFO - HTTP Request: GET http://procure-x.testmcp.org/history/89bcaae4-d67f-48a6-84f9-53ea6bd4ef57 "HTTP/1.1 200 OK"
2026-01-13 12:02:55,179 - httpx - INFO - HTTP Request: GET http://procure-x.testmcp.org/history/e0f7cfa8-084f-4963-a3d7-e2719486e53c "HTTP/1.1 200 OK"
2026-01-13 12:02:55,184 - httpx - INFO - HTTP Request: GET http://procure-x.testmcp.org/history/20ec8bee-32d2-4600-823b-b1f0fa3c7d11 "HTTP/1.1 200 OK"
2026-01-13 12:02:55,676 - httpx - INFO - HTTP Request: GET http://procure-x.testmcp.org/history/89bcaae4-d67f-48a6-84f9-53ea6bd4ef57 "HTTP/1.1 200 OK"
2026-01-13 12:02:56,292 - httpx - INFO - HTTP Request: GET http://procure-x.testmcp.org/history/e0f7cfa8-084f-4963-a3d7-e2719486e53c "HTTP/1.1 200 OK"
2026-01-13 12:02:56,307 - httpx - INFO - HTTP Request: GET http://procure-x.testmcp.org/history/20ec8bee-32d2-4600-823b-b1f0fa3c7d11 "HTTP/1.1 200 OK"
2026-01-13 12:02:56,857 - httpx - INFO - HTTP Request: GET http://procure-x.testmcp.org/history/89bcaae4-d67f-48a6-84f9-53ea6bd4ef57 "HTTP/1.1 200 OK"
2026-01-13 12:02:57,352 - httpx - INFO - HTTP Request: GET http://procure-x.testmcp.org/history/20ec8bee-32d2-4600-823b-b1f0fa3c7d11 "HTTP/1.1 200 OK"
2026-01-13 12:02:57,451 - httpx - INFO - HTTP Request: GET http://procure-x.testmcp.org/history/e0f7cfa8-084f-4963-a3d7-e2719486e53c "HTTP/1.1 200 OK"
2026-01-13 12:02:58,381 - httpx - INFO - HTTP Request: GET http://procure-x.testmcp.org/history/20ec8bee-32d2-4600-823b-b1f0fa3c7d11 "HTTP/1.1 200 OK"
2026-01-13 12:02:58,479 - httpx - INFO - HTTP Request: GET http://procure-x.testmcp.org/history/89bcaae4-d67f-48a6-84f9-53ea6bd4ef57 "HTTP/1.1 200 OK"
2026-01-13 12:02:58,817 - httpx - INFO - HTTP Request: GET http://procure-x.testmcp.org/history/e0f7cfa8-084f-4963-a3d7-e2719486e53c "HTTP/1.1 200 OK"
2026-01-13 12:02:59,496 - httpx - INFO - HTTP Request: GET http://procure-x.testmcp.org/history/20ec8bee-32d2-4600-823b-b1f0fa3c7d11 "HTTP/1.1 200 OK"
2026-01-13 12:02:59,860 - httpx - INFO - HTTP Request: GET http://procure-x.testmcp.org/history/89bcaae4-d67f-48a6-84f9-53ea6bd4ef57 "HTTP/1.1 200 OK"
2026-01-13 12:03:00,038 - httpx - INFO - HTTP Request: GET http://procure-x.testmcp.org/history/e0f7cfa8-084f-4963-a3d7-e2719486e53c "HTTP/1.1 200 OK"
2026-01-13 12:03:00,575 - httpx - INFO - HTTP Request: GET http://procure-x.testmcp.org/history/20ec8bee-32d2-4600-823b-b1f0fa3c7d11 "HTTP/1.1 200 OK"
2026-01-13 12:03:00,925 - httpx - INFO - HTTP Request: GET http://procure-x.testmcp.org/history/89bcaae4-d67f-48a6-84f9-53ea6bd4ef57 "HTTP/1.1 200 OK"
2026-01-13 12:03:01,268 - httpx - INFO - HTTP Request: GET http://procure-x.testmcp.org/history/e0f7cfa8-084f-4963-a3d7-e2719486e53c "HTTP/1.1 200 OK"
2026-01-13 12:03:01,652 - httpx - INFO - HTTP Request: GET http://procure-x.testmcp.org/history/20ec8bee-32d2-4600-823b-b1f0fa3c7d11 "HTTP/1.1 200 OK"
2026-01-13 12:03:02,084 - httpx - INFO - HTTP Request: GET http://procure-x.testmcp.org/history/89bcaae4-d67f-48a6-84f9-53ea6bd4ef57 "HTTP/1.1 200 OK"
2026-01-13 12:03:02,314 - httpx - INFO - HTTP Request: GET http://procure-x.testmcp.org/history/e0f7cfa8-084f-4963-a3d7-e2719486e53c "HTTP/1.1 200 OK"
2026-01-13 12:03:02,678 - httpx - INFO - HTTP Request: GET http://procure-x.testmcp.org/history/20ec8bee-32d2-4600-823b-b1f0fa3c7d11 "HTTP/1.1 200 OK"
2026-01-13 12:03:03,109 - httpx - INFO - HTTP Request: GET http://procure-x.testmcp.org/history/89bcaae4-d67f-48a6-84f9-53ea6bd4ef57 "HTTP/1.1 200 OK"
2026-01-13 12:03:03,340 - httpx - INFO - HTTP Request: GET http://procure-x.testmcp.org/history/e0f7cfa8-084f-4963-a3d7-e2719486e53c "HTTP/1.1 200 OK"
2026-01-13 12:03:03,919 - httpx - INFO - HTTP Request: GET http://procure-x.testmcp.org/history/20ec8bee-32d2-4600-823b-b1f0fa3c7d11 "HTTP/1.1 200 OK"
2026-01-13 12:03:04,137 - httpx - INFO - HTTP Request: GET http://procure-x.testmcp.org/history/89bcaae4-d67f-48a6-84f9-53ea6bd4ef57 "HTTP/1.1 200 OK"
2026-01-13 12:03:04,369 - httpx - INFO - HTTP Request: GET http://procure-x.testmcp.org/history/e0f7cfa8-084f-4963-a3d7-e2719486e53c "HTTP/1.1 200 OK"
2026-01-13 12:03:04,952 - httpx - INFO - HTTP Request: GET http://procure-x.testmcp.org/history/20ec8bee-32d2-4600-823b-b1f0fa3c7d11 "HTTP/1.1 200 OK"
2026-01-13 12:03:05,401 - httpx - INFO - HTTP Request: GET http://procure-x.testmcp.org/history/89bcaae4-d67f-48a6-84f9-53ea6bd4ef57 "HTTP/1.1 200 OK"
2026-01-13 12:03:05,659 - httpx - INFO - HTTP Request: GET http://procure-x.testmcp.org/history/e0f7cfa8-084f-4963-a3d7-e2719486e53c "HTTP/1.1 200 OK"
2026-01-13 12:03:06,045 - httpx - INFO - HTTP Request: GET http://procure-x.testmcp.org/history/20ec8bee-32d2-4600-823b-b1f0fa3c7d11 "HTTP/1.1 200 OK"
2026-01-13 12:03:06,736 - httpx - INFO - HTTP Request: GET http://procure-x.testmcp.org/history/e0f7cfa8-084f-4963-a3d7-e2719486e53c "HTTP/1.1 200 OK"
2026-01-13 12:03:07,069 - httpx - INFO - HTTP Request: GET http://procure-x.testmcp.org/history/20ec8bee-32d2-4600-823b-b1f0fa3c7d11 "HTTP/1.1 200 OK"
2026-01-13 12:03:07,797 - httpx - INFO - HTTP Request: GET http://procure-x.testmcp.org/history/e0f7cfa8-084f-4963-a3d7-e2719486e53c "HTTP/1.1 200 OK"
2026-01-13 12:03:08,093 - httpx - INFO - HTTP Request: GET http://procure-x.testmcp.org/history/20ec8bee-32d2-4600-823b-b1f0fa3c7d11 "HTTP/1.1 200 OK"
2026-01-13 12:03:08,104 - httpx - INFO - HTTP Request: GET http://procure-x.testmcp.org/history/89bcaae4-d67f-48a6-84f9-53ea6bd4ef57 "HTTP/1.1 200 OK"
2026-01-13 12:03:08,885 - httpx - INFO - HTTP Request: GET http://procure-x.testmcp.org/history/e0f7cfa8-084f-4963-a3d7-e2719486e53c "HTTP/1.1 200 OK"
2026-01-13 12:03:09,117 - httpx - INFO - HTTP Request: GET http://procure-x.testmcp.org/history/20ec8bee-32d2-4600-823b-b1f0fa3c7d11 "HTTP/1.1 200 OK"
2026-01-13 12:03:09,122 - httpx - INFO - HTTP Request: GET http://procure-x.testmcp.org/history/89bcaae4-d67f-48a6-84f9-53ea6bd4ef57 "HTTP/1.1 200 OK"
2026-01-13 12:03:09,917 - httpx - INFO - HTTP Request: GET http://procure-x.testmcp.org/history/e0f7cfa8-084f-4963-a3d7-e2719486e53c "HTTP/1.1 200 OK"
2026-01-13 12:03:10,135 - httpx - INFO - HTTP Request: GET http://procure-x.testmcp.org/history/20ec8bee-32d2-4600-823b-b1f0fa3c7d11 "HTTP/1.1 200 OK"
2026-01-13 12:03:10,140 - httpx - INFO - HTTP Request: GET http://procure-x.testmcp.org/history/89bcaae4-d67f-48a6-84f9-53ea6bd4ef57 "HTTP/1.1 200 OK"
2026-01-13 12:03:10,963 - httpx - INFO - HTTP Request: GET http://procure-x.testmcp.org/history/e0f7cfa8-084f-4963-a3d7-e2719486e53c "HTTP/1.1 200 OK"
2026-01-13 12:03:11,172 - httpx - INFO - HTTP Request: GET http://procure-x.testmcp.org/history/89bcaae4-d67f-48a6-84f9-53ea6bd4ef57 "HTTP/1.1 200 OK"
2026-01-13 12:03:11,175 - httpx - INFO - HTTP Request: GET http://procure-x.testmcp.org/history/20ec8bee-32d2-4600-823b-b1f0fa3c7d11 "HTTP/1.1 200 OK"
2026-01-13 12:03:12,000 - httpx - INFO - HTTP Request: GET http://procure-x.testmcp.org/history/e0f7cfa8-084f-4963-a3d7-e2719486e53c "HTTP/1.1 200 OK"
2026-01-13 12:03:12,207 - httpx - INFO - HTTP Request: GET http://procure-x.testmcp.org/history/20ec8bee-32d2-4600-823b-b1f0fa3c7d11 "HTTP/1.1 200 OK"
2026-01-13 12:03:12,210 - httpx - INFO - HTTP Request: GET http://procure-x.testmcp.org/history/89bcaae4-d67f-48a6-84f9-53ea6bd4ef57 "HTTP/1.1 200 OK"
2026-01-13 12:03:13,028 - httpx - INFO - HTTP Request: GET http://procure-x.testmcp.org/history/e0f7cfa8-084f-4963-a3d7-e2719486e53c "HTTP/1.1 200 OK"
2026-01-13 12:03:13,240 - httpx - INFO - HTTP Request: GET http://procure-x.testmcp.org/history/89bcaae4-d67f-48a6-84f9-53ea6bd4ef57 "HTTP/1.1 200 OK"
2026-01-13 12:03:13,244 - httpx - INFO - HTTP Request: GET http://procure-x.testmcp.org/history/20ec8bee-32d2-4600-823b-b1f0fa3c7d11 "HTTP/1.1 200 OK"
2026-01-13 12:03:14,063 - httpx - INFO - HTTP Request: GET http://procure-x.testmcp.org/history/e0f7cfa8-084f-4963-a3d7-e2719486e53c "HTTP/1.1 200 OK"
2026-01-13 12:03:14,286 - httpx - INFO - HTTP Request: GET http://procure-x.testmcp.org/history/20ec8bee-32d2-4600-823b-b1f0fa3c7d11 "HTTP/1.1 200 OK"
2026-01-13 12:03:14,503 - httpx - INFO - HTTP Request: GET http://procure-x.testmcp.org/history/89bcaae4-d67f-48a6-84f9-53ea6bd4ef57 "HTTP/1.1 200 OK"
2026-01-13 12:03:15,095 - httpx - INFO - HTTP Request: GET http://procure-x.testmcp.org/history/e0f7cfa8-084f-4963-a3d7-e2719486e53c "HTTP/1.1 200 OK"
2026-01-13 12:03:15,317 - httpx - INFO - HTTP Request: GET http://procure-x.testmcp.org/history/20ec8bee-32d2-4600-823b-b1f0fa3c7d11 "HTTP/1.1 200 OK"
2026-01-13 12:03:15,526 - httpx - INFO - HTTP Request: GET http://procure-x.testmcp.org/history/89bcaae4-d67f-48a6-84f9-53ea6bd4ef57 "HTTP/1.1 200 OK"
2026-01-13 12:03:16,246 - httpx - INFO - HTTP Request: GET http://procure-x.testmcp.org/history/e0f7cfa8-084f-4963-a3d7-e2719486e53c "HTTP/1.1 200 OK"
2026-01-13 12:03:16,346 - httpx - INFO - HTTP Request: GET http://procure-x.testmcp.org/history/20ec8bee-32d2-4600-823b-b1f0fa3c7d11 "HTTP/1.1 200 OK"
2026-01-13 12:03:16,561 - httpx - INFO - HTTP Request: GET http://procure-x.testmcp.org/history/89bcaae4-d67f-48a6-84f9-53ea6bd4ef57 "HTTP/1.1 200 OK"
2026-01-13 12:03:17,278 - httpx - INFO - HTTP Request: GET http://procure-x.testmcp.org/history/e0f7cfa8-084f-4963-a3d7-e2719486e53c "HTTP/1.1 200 OK"
2026-01-13 12:03:17,374 - httpx - INFO - HTTP Request: GET http://procure-x.testmcp.org/history/20ec8bee-32d2-4600-823b-b1f0fa3c7d11 "HTTP/1.1 200 OK"
2026-01-13 12:03:17,590 - httpx - INFO - HTTP Request: GET http://procure-x.testmcp.org/history/89bcaae4-d67f-48a6-84f9-53ea6bd4ef57 "HTTP/1.1 200 OK"
2026-01-13 12:03:18,304 - httpx - INFO - HTTP Request: GET http://procure-x.testmcp.org/history/e0f7cfa8-084f-4963-a3d7-e2719486e53c "HTTP/1.1 200 OK"
2026-01-13 12:03:18,400 - httpx - INFO - HTTP Request: GET http://procure-x.testmcp.org/history/20ec8bee-32d2-4600-823b-b1f0fa3c7d11 "HTTP/1.1 200 OK"
2026-01-13 12:03:18,844 - httpx - INFO - HTTP Request: GET http://procure-x.testmcp.org/history/89bcaae4-d67f-48a6-84f9-53ea6bd4ef57 "HTTP/1.1 200 OK"
2026-01-13 12:03:19,330 - httpx - INFO - HTTP Request: GET http://procure-x.testmcp.org/history/e0f7cfa8-084f-4963-a3d7-e2719486e53c "HTTP/1.1 200 OK"
2026-01-13 12:03:19,473 - httpx - INFO - HTTP Request: GET http://procure-x.testmcp.org/history/20ec8bee-32d2-4600-823b-b1f0fa3c7d11 "HTTP/1.1 200 OK"
2026-01-13 12:03:20,409 - httpx - INFO - HTTP Request: GET http://procure-x.testmcp.org/history/e0f7cfa8-084f-4963-a3d7-e2719486e53c "HTTP/1.1 200 OK"
2026-01-13 12:03:20,549 - httpx - INFO - HTTP Request: GET http://procure-x.testmcp.org/history/89bcaae4-d67f-48a6-84f9-53ea6bd4ef57 "HTTP/1.1 200 OK"
2026-01-13 12:03:20,598 - httpx - INFO - HTTP Request: GET http://procure-x.testmcp.org/history/20ec8bee-32d2-4600-823b-b1f0fa3c7d11 "HTTP/1.1 200 OK"
2026-01-13 12:03:21,487 - httpx - INFO - HTTP Request: GET http://procure-x.testmcp.org/history/e0f7cfa8-084f-4963-a3d7-e2719486e53c "HTTP/1.1 200 OK"
2026-01-13 12:03:21,663 - httpx - INFO - HTTP Request: GET http://procure-x.testmcp.org/history/20ec8bee-32d2-4600-823b-b1f0fa3c7d11 "HTTP/1.1 200 OK"
2026-01-13 12:03:22,043 - httpx - INFO - HTTP Request: GET http://procure-x.testmcp.org/history/89bcaae4-d67f-48a6-84f9-53ea6bd4ef57 "HTTP/1.1 200 OK"
2026-01-13 12:03:22,511 - httpx - INFO - HTTP Request: GET http://procure-x.testmcp.org/history/e0f7cfa8-084f-4963-a3d7-e2719486e53c "HTTP/1.1 200 OK"
2026-01-13 12:03:22,686 - httpx - INFO - HTTP Request: GET http://procure-x.testmcp.org/history/20ec8bee-32d2-4600-823b-b1f0fa3c7d11 "HTTP/1.1 200 OK"
2026-01-13 12:03:23,320 - httpx - INFO - HTTP Request: GET http://procure-x.testmcp.org/history/89bcaae4-d67f-48a6-84f9-53ea6bd4ef57 "HTTP/1.1 200 OK"
2026-01-13 12:03:23,596 - httpx - INFO - HTTP Request: GET http://procure-x.testmcp.org/history/e0f7cfa8-084f-4963-a3d7-e2719486e53c "HTTP/1.1 200 OK"
2026-01-13 12:03:23,770 - httpx - INFO - HTTP Request: GET http://procure-x.testmcp.org/history/20ec8bee-32d2-4600-823b-b1f0fa3c7d11 "HTTP/1.1 200 OK"
2026-01-13 12:03:24,397 - httpx - INFO - HTTP Request: GET http://procure-x.testmcp.org/history/89bcaae4-d67f-48a6-84f9-53ea6bd4ef57 "HTTP/1.1 200 OK"
2026-01-13 12:03:24,631 - httpx - INFO - HTTP Request: GET http://procure-x.testmcp.org/history/e0f7cfa8-084f-4963-a3d7-e2719486e53c "HTTP/1.1 200 OK"
2026-01-13 12:03:24,805 - httpx - INFO - HTTP Request: GET http://procure-x.testmcp.org/history/20ec8bee-32d2-4600-823b-b1f0fa3c7d11 "HTTP/1.1 200 OK"
2026-01-13 12:03:25,692 - httpx - INFO - HTTP Request: GET http://procure-x.testmcp.org/history/89bcaae4-d67f-48a6-84f9-53ea6bd4ef57 "HTTP/1.1 200 OK"
2026-01-13 12:03:25,694 - httpx - INFO - HTTP Request: GET http://procure-x.testmcp.org/history/e0f7cfa8-084f-4963-a3d7-e2719486e53c "HTTP/1.1 200 OK"
2026-01-13 12:03:25,838 - httpx - INFO - HTTP Request: GET http://procure-x.testmcp.org/history/20ec8bee-32d2-4600-823b-b1f0fa3c7d11 "HTTP/1.1 200 OK"
2026-01-13 12:03:26,720 - httpx - INFO - HTTP Request: GET http://procure-x.testmcp.org/history/e0f7cfa8-084f-4963-a3d7-e2719486e53c "HTTP/1.1 200 OK"
2026-01-13 12:03:26,777 - httpx - INFO - HTTP Request: GET http://procure-x.testmcp.org/history/89bcaae4-d67f-48a6-84f9-53ea6bd4ef57 "HTTP/1.1 200 OK"
2026-01-13 12:03:26,863 - httpx - INFO - HTTP Request: GET http://procure-x.testmcp.org/history/20ec8bee-32d2-4600-823b-b1f0fa3c7d11 "HTTP/1.1 200 OK"
2026-01-13 12:03:27,757 - httpx - INFO - HTTP Request: GET http://procure-x.testmcp.org/history/e0f7cfa8-084f-4963-a3d7-e2719486e53c "HTTP/1.1 200 OK"
2026-01-13 12:03:27,811 - httpx - INFO - HTTP Request: GET http://procure-x.testmcp.org/history/89bcaae4-d67f-48a6-84f9-53ea6bd4ef57 "HTTP/1.1 200 OK"
2026-01-13 12:03:27,891 - httpx - INFO - HTTP Request: GET http://procure-x.testmcp.org/history/20ec8bee-32d2-4600-823b-b1f0fa3c7d11 "HTTP/1.1 200 OK"
2026-01-13 12:03:28,795 - httpx - INFO - HTTP Request: GET http://procure-x.testmcp.org/history/e0f7cfa8-084f-4963-a3d7-e2719486e53c "HTTP/1.1 200 OK"
2026-01-13 12:03:28,849 - httpx - INFO - HTTP Request: GET http://procure-x.testmcp.org/history/89bcaae4-d67f-48a6-84f9-53ea6bd4ef57 "HTTP/1.1 200 OK"
2026-01-13 12:03:28,924 - httpx - INFO - HTTP Request: GET http://procure-x.testmcp.org/history/20ec8bee-32d2-4600-823b-b1f0fa3c7d11 "HTTP/1.1 200 OK"
2026-01-13 12:03:29,878 - httpx - INFO - HTTP Request: GET http://procure-x.testmcp.org/history/89bcaae4-d67f-48a6-84f9-53ea6bd4ef57 "HTTP/1.1 200 OK"
2026-01-13 12:03:29,912 - httpx - INFO - HTTP Request: GET http://procure-x.testmcp.org/history/e0f7cfa8-084f-4963-a3d7-e2719486e53c "HTTP/1.1 200 OK"
2026-01-13 12:03:29,950 - httpx - INFO - HTTP Request: GET http://procure-x.testmcp.org/history/20ec8bee-32d2-4600-823b-b1f0fa3c7d11 "HTTP/1.1 200 OK"
2026-01-13 12:03:30,938 - httpx - INFO - HTTP Request: GET http://procure-x.testmcp.org/history/e0f7cfa8-084f-4963-a3d7-e2719486e53c "HTTP/1.1 200 OK"
2026-01-13 12:03:30,976 - httpx - INFO - HTTP Request: GET http://procure-x.testmcp.org/history/20ec8bee-32d2-4600-823b-b1f0fa3c7d11 "HTTP/1.1 200 OK"
2026-01-13 12:03:31,133 - httpx - INFO - HTTP Request: GET http://procure-x.testmcp.org/history/89bcaae4-d67f-48a6-84f9-53ea6bd4ef57 "HTTP/1.1 200 OK"
2026-01-13 12:03:32,015 - httpx - INFO - HTTP Request: GET http://procure-x.testmcp.org/history/20ec8bee-32d2-4600-823b-b1f0fa3c7d11 "HTTP/1.1 200 OK"
2026-01-13 12:03:32,037 - httpx - INFO - HTTP Request: GET http://procure-x.testmcp.org/history/e0f7cfa8-084f-4963-a3d7-e2719486e53c "HTTP/1.1 200 OK"
2026-01-13 12:03:32,387 - httpx - INFO - HTTP Request: GET http://procure-x.testmcp.org/history/89bcaae4-d67f-48a6-84f9-53ea6bd4ef57 "HTTP/1.1 200 OK"
2026-01-13 12:03:33,049 - httpx - INFO - HTTP Request: GET http://procure-x.testmcp.org/history/20ec8bee-32d2-4600-823b-b1f0fa3c7d11 "HTTP/1.1 200 OK"
2026-01-13 12:03:33,081 - httpx - INFO - HTTP Request: GET http://procure-x.testmcp.org/history/e0f7cfa8-084f-4963-a3d7-e2719486e53c "HTTP/1.1 200 OK"
2026-01-13 12:03:33,422 - httpx - INFO - HTTP Request: GET http://procure-x.testmcp.org/history/89bcaae4-d67f-48a6-84f9-53ea6bd4ef57 "HTTP/1.1 200 OK"
2026-01-13 12:03:34,071 - httpx - INFO - HTTP Request: GET http://procure-x.testmcp.org/history/20ec8bee-32d2-4600-823b-b1f0fa3c7d11 "HTTP/1.1 200 OK"
2026-01-13 12:03:34,107 - httpx - INFO - HTTP Request: GET http://procure-x.testmcp.org/history/e0f7cfa8-084f-4963-a3d7-e2719486e53c "HTTP/1.1 200 OK"
2026-01-13 12:03:34,543 - httpx - INFO - HTTP Request: GET http://procure-x.testmcp.org/history/89bcaae4-d67f-48a6-84f9-53ea6bd4ef57 "HTTP/1.1 200 OK"
2026-01-13 12:03:35,132 - httpx - INFO - HTTP Request: GET http://procure-x.testmcp.org/history/20ec8bee-32d2-4600-823b-b1f0fa3c7d11 "HTTP/1.1 200 OK"
2026-01-13 12:03:35,137 - httpx - INFO - HTTP Request: GET http://procure-x.testmcp.org/history/e0f7cfa8-084f-4963-a3d7-e2719486e53c "HTTP/1.1 200 OK"
2026-01-13 12:03:35,805 - httpx - INFO - HTTP Request: GET http://procure-x.testmcp.org/history/89bcaae4-d67f-48a6-84f9-53ea6bd4ef57 "HTTP/1.1 200 OK"
2026-01-13 12:03:36,166 - httpx - INFO - HTTP Request: GET http://procure-x.testmcp.org/history/e0f7cfa8-084f-4963-a3d7-e2719486e53c "HTTP/1.1 200 OK"
2026-01-13 12:03:36,205 - httpx - INFO - HTTP Request: GET http://procure-x.testmcp.org/history/20ec8bee-32d2-4600-823b-b1f0fa3c7d11 "HTTP/1.1 200 OK"
2026-01-13 12:03:36,834 - httpx - INFO - HTTP Request: GET http://procure-x.testmcp.org/history/89bcaae4-d67f-48a6-84f9-53ea6bd4ef57 "HTTP/1.1 200 OK"
2026-01-13 12:03:37,240 - httpx - INFO - HTTP Request: GET http://procure-x.testmcp.org/history/e0f7cfa8-084f-4963-a3d7-e2719486e53c "HTTP/1.1 200 OK"
2026-01-13 12:03:37,291 - httpx - INFO - HTTP Request: GET http://procure-x.testmcp.org/history/20ec8bee-32d2-4600-823b-b1f0fa3c7d11 "HTTP/1.1 200 OK"
2026-01-13 12:03:38,140 - httpx - INFO - HTTP Request: GET http://procure-x.testmcp.org/history/89bcaae4-d67f-48a6-84f9-53ea6bd4ef57 "HTTP/1.1 200 OK"
2026-01-13 12:03:38,268 - httpx - INFO - HTTP Request: GET http://procure-x.testmcp.org/history/e0f7cfa8-084f-4963-a3d7-e2719486e53c "HTTP/1.1 200 OK"
2026-01-13 12:03:38,327 - httpx - INFO - HTTP Request: GET http://procure-x.testmcp.org/history/20ec8bee-32d2-4600-823b-b1f0fa3c7d11 "HTTP/1.1 200 OK"
2026-01-13 12:03:39,166 - httpx - INFO - HTTP Request: GET http://procure-x.testmcp.org/history/89bcaae4-d67f-48a6-84f9-53ea6bd4ef57 "HTTP/1.1 200 OK"
2026-01-13 12:03:39,312 - httpx - INFO - HTTP Request: GET http://procure-x.testmcp.org/history/e0f7cfa8-084f-4963-a3d7-e2719486e53c "HTTP/1.1 200 OK"
2026-01-13 12:03:39,362 - httpx - INFO - HTTP Request: GET http://procure-x.testmcp.org/history/20ec8bee-32d2-4600-823b-b1f0fa3c7d11 "HTTP/1.1 200 OK"
2026-01-13 12:03:40,332 - httpx - INFO - HTTP Request: GET http://procure-x.testmcp.org/history/e0f7cfa8-084f-4963-a3d7-e2719486e53c "HTTP/1.1 200 OK"
2026-01-13 12:03:40,386 - httpx - INFO - HTTP Request: GET http://procure-x.testmcp.org/history/20ec8bee-32d2-4600-823b-b1f0fa3c7d11 "HTTP/1.1 200 OK"
2026-01-13 12:03:40,416 - httpx - INFO - HTTP Request: GET http://procure-x.testmcp.org/history/89bcaae4-d67f-48a6-84f9-53ea6bd4ef57 "HTTP/1.1 200 OK"
2026-01-13 12:03:41,374 - httpx - INFO - HTTP Request: GET http://procure-x.testmcp.org/history/e0f7cfa8-084f-4963-a3d7-e2719486e53c "HTTP/1.1 200 OK"
2026-01-13 12:03:41,435 - httpx - INFO - HTTP Request: GET http://procure-x.testmcp.org/history/20ec8bee-32d2-4600-823b-b1f0fa3c7d11 "HTTP/1.1 200 OK"
2026-01-13 12:03:41,493 - httpx - INFO - HTTP Request: GET http://procure-x.testmcp.org/history/89bcaae4-d67f-48a6-84f9-53ea6bd4ef57 "HTTP/1.1 200 OK"
2026-01-13 12:03:42,475 - httpx - INFO - HTTP Request: GET http://procure-x.testmcp.org/history/e0f7cfa8-084f-4963-a3d7-e2719486e53c "HTTP/1.1 200 OK"
2026-01-13 12:03:42,479 - httpx - INFO - HTTP Request: GET http://procure-x.testmcp.org/history/20ec8bee-32d2-4600-823b-b1f0fa3c7d11 "HTTP/1.1 200 OK"
2026-01-13 12:03:42,519 - httpx - INFO - HTTP Request: GET http://procure-x.testmcp.org/history/89bcaae4-d67f-48a6-84f9-53ea6bd4ef57 "HTTP/1.1 200 OK"
2026-01-13 12:03:43,515 - httpx - INFO - HTTP Request: GET http://procure-x.testmcp.org/history/e0f7cfa8-084f-4963-a3d7-e2719486e53c "HTTP/1.1 200 OK"
2026-01-13 12:03:43,518 - httpx - INFO - HTTP Request: GET http://procure-x.testmcp.org/history/20ec8bee-32d2-4600-823b-b1f0fa3c7d11 "HTTP/1.1 200 OK"
2026-01-13 12:03:43,568 - httpx - INFO - HTTP Request: GET http://procure-x.testmcp.org/history/89bcaae4-d67f-48a6-84f9-53ea6bd4ef57 "HTTP/1.1 200 OK"
2026-01-13 12:03:44,551 - httpx - INFO - HTTP Request: GET http://procure-x.testmcp.org/history/20ec8bee-32d2-4600-823b-b1f0fa3c7d11 "HTTP/1.1 200 OK"
2026-01-13 12:03:44,555 - httpx - INFO - HTTP Request: GET http://procure-x.testmcp.org/history/e0f7cfa8-084f-4963-a3d7-e2719486e53c "HTTP/1.1 200 OK"
2026-01-13 12:03:44,593 - httpx - INFO - HTTP Request: GET http://procure-x.testmcp.org/history/89bcaae4-d67f-48a6-84f9-53ea6bd4ef57 "HTTP/1.1 200 OK"
2026-01-13 12:03:45,597 - httpx - INFO - HTTP Request: GET http://procure-x.testmcp.org/history/20ec8bee-32d2-4600-823b-b1f0fa3c7d11 "HTTP/1.1 200 OK"
2026-01-13 12:03:45,625 - httpx - INFO - HTTP Request: GET http://procure-x.testmcp.org/history/89bcaae4-d67f-48a6-84f9-53ea6bd4ef57 "HTTP/1.1 200 OK"
2026-01-13 12:03:45,637 - httpx - INFO - HTTP Request: GET http://procure-x.testmcp.org/history/e0f7cfa8-084f-4963-a3d7-e2719486e53c "HTTP/1.1 200 OK"
2026-01-13 12:03:46,674 - httpx - INFO - HTTP Request: GET http://procure-x.testmcp.org/history/e0f7cfa8-084f-4963-a3d7-e2719486e53c "HTTP/1.1 200 OK"
2026-01-13 12:03:46,678 - httpx - INFO - HTTP Request: GET http://procure-x.testmcp.org/history/20ec8bee-32d2-4600-823b-b1f0fa3c7d11 "HTTP/1.1 200 OK"
2026-01-13 12:03:46,681 - httpx - INFO - HTTP Request: GET http://procure-x.testmcp.org/history/89bcaae4-d67f-48a6-84f9-53ea6bd4ef57 "HTTP/1.1 200 OK"
2026-01-13 12:03:47,721 - httpx - INFO - HTTP Request: GET http://procure-x.testmcp.org/history/e0f7cfa8-084f-4963-a3d7-e2719486e53c "HTTP/1.1 200 OK"
2026-01-13 12:03:47,725 - httpx - INFO - HTTP Request: GET http://procure-x.testmcp.org/history/20ec8bee-32d2-4600-823b-b1f0fa3c7d11 "HTTP/1.1 200 OK"
2026-01-13 12:03:47,997 - httpx - INFO - HTTP Request: GET http://procure-x.testmcp.org/history/89bcaae4-d67f-48a6-84f9-53ea6bd4ef57 "HTTP/1.1 200 OK"
2026-01-13 12:03:48,762 - httpx - INFO - HTTP Request: GET http://procure-x.testmcp.org/history/e0f7cfa8-084f-4963-a3d7-e2719486e53c "HTTP/1.1 200 OK"
2026-01-13 12:03:48,765 - httpx - INFO - HTTP Request: GET http://procure-x.testmcp.org/history/20ec8bee-32d2-4600-823b-b1f0fa3c7d11 "HTTP/1.1 200 OK"
2026-01-13 12:03:49,024 - httpx - INFO - HTTP Request: GET http://procure-x.testmcp.org/history/89bcaae4-d67f-48a6-84f9-53ea6bd4ef57 "HTTP/1.1 200 OK"
2026-01-13 12:03:49,800 - httpx - INFO - HTTP Request: GET http://procure-x.testmcp.org/history/20ec8bee-32d2-4600-823b-b1f0fa3c7d11 "HTTP/1.1 200 OK"
2026-01-13 12:03:49,818 - httpx - INFO - HTTP Request: GET http://procure-x.testmcp.org/history/e0f7cfa8-084f-4963-a3d7-e2719486e53c "HTTP/1.1 200 OK"
2026-01-13 12:03:50,053 - httpx - INFO - HTTP Request: GET http://procure-x.testmcp.org/history/89bcaae4-d67f-48a6-84f9-53ea6bd4ef57 "HTTP/1.1 200 OK"
2026-01-13 12:03:50,832 - httpx - INFO - HTTP Request: GET http://procure-x.testmcp.org/history/20ec8bee-32d2-4600-823b-b1f0fa3c7d11 "HTTP/1.1 200 OK"
2026-01-13 12:03:50,838 - httpx - INFO - HTTP Request: GET http://procure-x.testmcp.org/history/e0f7cfa8-084f-4963-a3d7-e2719486e53c "HTTP/1.1 200 OK"
2026-01-13 12:03:51,126 - httpx - INFO - HTTP Request: GET http://procure-x.testmcp.org/history/89bcaae4-d67f-48a6-84f9-53ea6bd4ef57 "HTTP/1.1 200 OK"
2026-01-13 12:03:51,860 - httpx - INFO - HTTP Request: GET http://procure-x.testmcp.org/history/20ec8bee-32d2-4600-823b-b1f0fa3c7d11 "HTTP/1.1 200 OK"
2026-01-13 12:03:51,873 - httpx - INFO - HTTP Request: GET http://procure-x.testmcp.org/history/e0f7cfa8-084f-4963-a3d7-e2719486e53c "HTTP/1.1 200 OK"
2026-01-13 12:03:52,151 - httpx - INFO - HTTP Request: GET http://procure-x.testmcp.org/history/89bcaae4-d67f-48a6-84f9-53ea6bd4ef57 "HTTP/1.1 200 OK"
2026-01-13 12:03:52,891 - httpx - INFO - HTTP Request: GET http://procure-x.testmcp.org/history/20ec8bee-32d2-4600-823b-b1f0fa3c7d11 "HTTP/1.1 200 OK"
2026-01-13 12:03:52,903 - httpx - INFO - HTTP Request: GET http://procure-x.testmcp.org/history/e0f7cfa8-084f-4963-a3d7-e2719486e53c "HTTP/1.1 200 OK"
2026-01-13 12:03:53,213 - httpx - INFO - HTTP Request: GET http://procure-x.testmcp.org/history/89bcaae4-d67f-48a6-84f9-53ea6bd4ef57 "HTTP/1.1 200 OK"
2026-01-13 12:03:53,937 - httpx - INFO - HTTP Request: GET http://procure-x.testmcp.org/history/e0f7cfa8-084f-4963-a3d7-e2719486e53c "HTTP/1.1 200 OK"
2026-01-13 12:03:53,942 - httpx - INFO - HTTP Request: GET http://procure-x.testmcp.org/history/20ec8bee-32d2-4600-823b-b1f0fa3c7d11 "HTTP/1.1 200 OK"
2026-01-13 12:03:54,290 - httpx - INFO - HTTP Request: GET http://procure-x.testmcp.org/history/89bcaae4-d67f-48a6-84f9-53ea6bd4ef57 "HTTP/1.1 200 OK"
2026-01-13 12:03:54,613 - temporal_gateway.clients.comfy.tracker - INFO - [WS] Execution completed successfully
2026-01-13 12:03:55,736 - httpx - INFO - HTTP Request: GET http://procure-x.testmcp.org/history/89bcaae4-d67f-48a6-84f9-53ea6bd4ef57 "HTTP/1.1 200 OK"
2026-01-13 12:03:55,739 - httpx - INFO - HTTP Request: GET http://procure-x.testmcp.org/history/20ec8bee-32d2-4600-823b-b1f0fa3c7d11 "HTTP/1.1 200 OK"
2026-01-13 12:03:55,743 - temporal_gateway.clients.comfy.tracker - INFO - Tracking completed: success (took 321.42s)
2026-01-13 12:03:55,747 - httpx - INFO - HTTP Request: GET http://procure-x.testmcp.org/history/e0f7cfa8-084f-4963-a3d7-e2719486e53c "HTTP/1.1 200 OK"
2026-01-13 12:03:55,753 - temporalio.activity - INFO - [V3] Workflow completed successfully ({'activity_id': '1', 'activity_type': 'execute_and_track_workflow', 'attempt': 1, 'namespace': 'default', 'task_queue': 'comfyui-gpu-farm', 'workflow_id': 'chain-image-edit-to-video-pipeline-e57204d1-d6ff-4164-851c-0a2cb567fe2c-create_video', 'workflow_run_id': '019bb60a-b6f6-7af4-91d6-6554ae6dbbba', 'workflow_type': 'ComfyUIWorkflow'})
2026-01-13 12:03:55,788 - temporalio.workflow - INFO - Execution completed successfully ({'attempt': 1, 'namespace': 'default', 'run_id': '019bb60a-b6f6-7af4-91d6-6554ae6dbbba', 'task_queue': 'comfyui-gpu-farm', 'workflow_id': 'chain-image-edit-to-video-pipeline-e57204d1-d6ff-4164-851c-0a2cb567fe2c-create_video', 'workflow_type': 'ComfyUIWorkflow'})
2026-01-13 12:03:55,797 - temporalio.activity - INFO - Extracting server output files ({'activity_id': '2', 'activity_type': 'get_server_output_files', 'attempt': 1, 'namespace': 'default', 'task_queue': 'comfyui-gpu-farm', 'workflow_id': 'chain-image-edit-to-video-pipeline-e57204d1-d6ff-4164-851c-0a2cb567fe2c-create_video', 'workflow_run_id': '019bb60a-b6f6-7af4-91d6-6554ae6dbbba', 'workflow_type': 'ComfyUIWorkflow'})
2026-01-13 12:03:55,798 - temporalio.activity - INFO - Found 1 output file(s) ({'activity_id': '2', 'activity_type': 'get_server_output_files', 'attempt': 1, 'namespace': 'default', 'task_queue': 'comfyui-gpu-farm', 'workflow_id': 'chain-image-edit-to-video-pipeline-e57204d1-d6ff-4164-851c-0a2cb567fe2c-create_video', 'workflow_run_id': '019bb60a-b6f6-7af4-91d6-6554ae6dbbba', 'workflow_type': 'ComfyUIWorkflow'})
2026-01-13 12:03:55,808 - temporalio.workflow - INFO - Found 1 server output file(s) ({'attempt': 1, 'namespace': 'default', 'run_id': '019bb60a-b6f6-7af4-91d6-6554ae6dbbba', 'task_queue': 'comfyui-gpu-farm', 'workflow_id': 'chain-image-edit-to-video-pipeline-e57204d1-d6ff-4164-851c-0a2cb567fe2c-create_video', 'workflow_type': 'ComfyUIWorkflow'})
2026-01-13 12:03:55,819 - temporalio.activity - INFO - Downloading and persisting 1 artifact(s) for workflow fa2c4066-07d1-4ad7-a51f-e1a6b8ee9d0d ({'activity_id': '3', 'activity_type': 'download_and_store_artifacts', 'attempt': 1, 'namespace': 'default', 'task_queue': 'comfyui-gpu-farm', 'workflow_id': 'chain-image-edit-to-video-pipeline-e57204d1-d6ff-4164-851c-0a2cb567fe2c-create_video', 'workflow_run_id': '019bb60a-b6f6-7af4-91d6-6554ae6dbbba', 'workflow_type': 'ComfyUIWorkflow'})
2026-01-13 12:03:55,864 - temporal_gateway.clients.comfy.client - INFO - ComfyUI client initialized for http://procure-x.testmcp.org
2026-01-13 12:03:55,926 - httpx - INFO - HTTP Request: GET http://procure-x.testmcp.org/view?filename=ComfyUI_00060_.mp4&type=output&subfolder=video "HTTP/1.1 200 OK"
2026-01-13 12:03:56,789 - httpx - INFO - HTTP Request: GET http://procure-x.testmcp.org/history/e0f7cfa8-084f-4963-a3d7-e2719486e53c "HTTP/1.1 200 OK"
2026-01-13 12:03:56,793 - httpx - INFO - HTTP Request: GET http://procure-x.testmcp.org/history/20ec8bee-32d2-4600-823b-b1f0fa3c7d11 "HTTP/1.1 200 OK"
2026-01-13 12:03:57,853 - httpx - INFO - HTTP Request: GET http://procure-x.testmcp.org/history/20ec8bee-32d2-4600-823b-b1f0fa3c7d11 "HTTP/1.1 200 OK"
2026-01-13 12:03:57,859 - httpx - INFO - HTTP Request: GET http://procure-x.testmcp.org/history/e0f7cfa8-084f-4963-a3d7-e2719486e53c "HTTP/1.1 200 OK"
2026-01-13 12:03:58,470 - temporal_gateway.clients.comfy.tracker - INFO - [WS] Execution completed successfully
2026-01-13 12:03:58,507 - httpx - INFO - HTTP Request: GET http://procure-x.testmcp.org/history/20ec8bee-32d2-4600-823b-b1f0fa3c7d11 "HTTP/1.1 200 OK"
2026-01-13 12:03:58,508 - temporal_gateway.clients.comfy.tracker - INFO - Tracking completed: success (took 135.21s)
2026-01-13 12:03:58,509 - temporalio.activity - INFO - [V3] Workflow completed successfully ({'activity_id': '1', 'activity_type': 'execute_and_track_workflow', 'attempt': 1, 'namespace': 'default', 'task_queue': 'comfyui-gpu-farm', 'workflow_id': 'chain-image-edit-to-video-pipeline-252e108f-e2e2-494c-86c4-749927c8759b-extract_frame1', 'workflow_run_id': '019bb60d-992b-7076-bb41-2fb61193735b', 'workflow_type': 'ComfyUIWorkflow'})
2026-01-13 12:03:58,518 - temporalio.workflow - INFO - Execution completed successfully ({'attempt': 1, 'namespace': 'default', 'run_id': '019bb60d-992b-7076-bb41-2fb61193735b', 'task_queue': 'comfyui-gpu-farm', 'workflow_id': 'chain-image-edit-to-video-pipeline-252e108f-e2e2-494c-86c4-749927c8759b-extract_frame1', 'workflow_type': 'ComfyUIWorkflow'})
2026-01-13 12:03:58,526 - temporalio.activity - INFO - Extracting server output files ({'activity_id': '2', 'activity_type': 'get_server_output_files', 'attempt': 1, 'namespace': 'default', 'task_queue': 'comfyui-gpu-farm', 'workflow_id': 'chain-image-edit-to-video-pipeline-252e108f-e2e2-494c-86c4-749927c8759b-extract_frame1', 'workflow_run_id': '019bb60d-992b-7076-bb41-2fb61193735b', 'workflow_type': 'ComfyUIWorkflow'})
2026-01-13 12:03:58,526 - temporalio.activity - INFO - Found 1 output file(s) ({'activity_id': '2', 'activity_type': 'get_server_output_files', 'attempt': 1, 'namespace': 'default', 'task_queue': 'comfyui-gpu-farm', 'workflow_id': 'chain-image-edit-to-video-pipeline-252e108f-e2e2-494c-86c4-749927c8759b-extract_frame1', 'workflow_run_id': '019bb60d-992b-7076-bb41-2fb61193735b', 'workflow_type': 'ComfyUIWorkflow'})
2026-01-13 12:03:58,534 - temporalio.workflow - INFO - Found 1 server output file(s) ({'attempt': 1, 'namespace': 'default', 'run_id': '019bb60d-992b-7076-bb41-2fb61193735b', 'task_queue': 'comfyui-gpu-farm', 'workflow_id': 'chain-image-edit-to-video-pipeline-252e108f-e2e2-494c-86c4-749927c8759b-extract_frame1', 'workflow_type': 'ComfyUIWorkflow'})
2026-01-13 12:03:58,542 - temporalio.activity - INFO - Downloading and persisting 1 artifact(s) for workflow 966566f6-2a07-4394-aa0a-7127ac5552b2 ({'activity_id': '3', 'activity_type': 'download_and_store_artifacts', 'attempt': 1, 'namespace': 'default', 'task_queue': 'comfyui-gpu-farm', 'workflow_id': 'chain-image-edit-to-video-pipeline-252e108f-e2e2-494c-86c4-749927c8759b-extract_frame1', 'workflow_run_id': '019bb60d-992b-7076-bb41-2fb61193735b', 'workflow_type': 'ComfyUIWorkflow'})
2026-01-13 12:03:58,589 - temporal_gateway.clients.comfy.client - INFO - ComfyUI client initialized for http://procure-x.testmcp.org
2026-01-13 12:03:58,664 - httpx - INFO - HTTP Request: GET http://procure-x.testmcp.org/view?filename=ComfyUI_00273_.png&type=output "HTTP/1.1 200 OK"
2026-01-13 12:03:58,668 - temporal_gateway.clients.comfy.tracker - INFO - [WS] Execution completed successfully
2026-01-13 12:03:58,703 - httpx - INFO - HTTP Request: GET http://procure-x.testmcp.org/history/e0f7cfa8-084f-4963-a3d7-e2719486e53c "HTTP/1.1 200 OK"
2026-01-13 12:03:58,706 - temporal_gateway.clients.comfy.tracker - INFO - Tracking completed: success (took 135.35s)
2026-01-13 12:03:58,708 - temporalio.activity - INFO - [V3] Workflow completed successfully ({'activity_id': '1', 'activity_type': 'execute_and_track_workflow', 'attempt': 1, 'namespace': 'default', 'task_queue': 'comfyui-gpu-farm', 'workflow_id': 'chain-image-edit-to-video-pipeline-252e108f-e2e2-494c-86c4-749927c8759b-extract_frame2', 'workflow_run_id': '019bb60d-9943-77ca-9430-8d4913706a99', 'workflow_type': 'ComfyUIWorkflow'})
2026-01-13 12:03:58,731 - temporalio.workflow - INFO - Execution completed successfully ({'attempt': 1, 'namespace': 'default', 'run_id': '019bb60d-9943-77ca-9430-8d4913706a99', 'task_queue': 'comfyui-gpu-farm', 'workflow_id': 'chain-image-edit-to-video-pipeline-252e108f-e2e2-494c-86c4-749927c8759b-extract_frame2', 'workflow_type': 'ComfyUIWorkflow'})
2026-01-13 12:03:58,740 - temporalio.activity - INFO - Extracting server output files ({'activity_id': '2', 'activity_type': 'get_server_output_files', 'attempt': 1, 'namespace': 'default', 'task_queue': 'comfyui-gpu-farm', 'workflow_id': 'chain-image-edit-to-video-pipeline-252e108f-e2e2-494c-86c4-749927c8759b-extract_frame2', 'workflow_run_id': '019bb60d-9943-77ca-9430-8d4913706a99', 'workflow_type': 'ComfyUIWorkflow'})
2026-01-13 12:03:58,740 - temporalio.activity - INFO - Found 1 output file(s) ({'activity_id': '2', 'activity_type': 'get_server_output_files', 'attempt': 1, 'namespace': 'default', 'task_queue': 'comfyui-gpu-farm', 'workflow_id': 'chain-image-edit-to-video-pipeline-252e108f-e2e2-494c-86c4-749927c8759b-extract_frame2', 'workflow_run_id': '019bb60d-9943-77ca-9430-8d4913706a99', 'workflow_type': 'ComfyUIWorkflow'})
2026-01-13 12:03:58,749 - temporalio.workflow - INFO - Found 1 server output file(s) ({'attempt': 1, 'namespace': 'default', 'run_id': '019bb60d-9943-77ca-9430-8d4913706a99', 'task_queue': 'comfyui-gpu-farm', 'workflow_id': 'chain-image-edit-to-video-pipeline-252e108f-e2e2-494c-86c4-749927c8759b-extract_frame2', 'workflow_type': 'ComfyUIWorkflow'})
2026-01-13 12:03:58,758 - temporalio.activity - INFO - Downloading and persisting 1 artifact(s) for workflow 47d051be-e678-4c33-9278-d5171c3b63f1 ({'activity_id': '3', 'activity_type': 'download_and_store_artifacts', 'attempt': 1, 'namespace': 'default', 'task_queue': 'comfyui-gpu-farm', 'workflow_id': 'chain-image-edit-to-video-pipeline-252e108f-e2e2-494c-86c4-749927c8759b-extract_frame2', 'workflow_run_id': '019bb60d-9943-77ca-9430-8d4913706a99', 'workflow_type': 'ComfyUIWorkflow'})
2026-01-13 12:03:58,801 - temporal_gateway.clients.comfy.client - INFO - ComfyUI client initialized for http://procure-x.testmcp.org
2026-01-13 12:03:58,860 - httpx - INFO - HTTP Request: GET http://procure-x.testmcp.org/view?filename=ComfyUI_00274_.png&type=output "HTTP/1.1 200 OK"
2026-01-13 12:03:59,190 - temporalio.activity - INFO - ✓ Saved artifact to DB: 173d7b28-5fe3-4458-b395-9bb1b67686a2 (ComfyUI_00060_.mp4) ({'activity_id': '3', 'activity_type': 'download_and_store_artifacts', 'attempt': 1, 'namespace': 'default', 'task_queue': 'comfyui-gpu-farm', 'workflow_id': 'chain-image-edit-to-video-pipeline-e57204d1-d6ff-4164-851c-0a2cb567fe2c-create_video', 'workflow_run_id': '019bb60a-b6f6-7af4-91d6-6554ae6dbbba', 'workflow_type': 'ComfyUIWorkflow'})
2026-01-13 12:03:59,190 - temporalio.activity - INFO - Downloaded and persisted 1 artifact(s) ({'activity_id': '3', 'activity_type': 'download_and_store_artifacts', 'attempt': 1, 'namespace': 'default', 'task_queue': 'comfyui-gpu-farm', 'workflow_id': 'chain-image-edit-to-video-pipeline-e57204d1-d6ff-4164-851c-0a2cb567fe2c-create_video', 'workflow_run_id': '019bb60a-b6f6-7af4-91d6-6554ae6dbbba', 'workflow_type': 'ComfyUIWorkflow'})
2026-01-13 12:03:59,200 - temporalio.workflow - INFO - Downloaded 1 file(s) locally ({'attempt': 1, 'namespace': 'default', 'run_id': '019bb60a-b6f6-7af4-91d6-6554ae6dbbba', 'task_queue': 'comfyui-gpu-farm', 'workflow_id': 'chain-image-edit-to-video-pipeline-e57204d1-d6ff-4164-851c-0a2cb567fe2c-create_video', 'workflow_type': 'ComfyUIWorkflow'})
2026-01-13 12:03:59,222 - temporalio.activity - INFO - Updating workflow fa2c4066-07d1-4ad7-a51f-e1a6b8ee9d0d status to: completed ({'activity_id': '68', 'activity_type': 'update_workflow_status_activity', 'attempt': 1, 'namespace': 'default', 'task_queue': 'comfyui-gpu-farm', 'workflow_id': 'chain-image-edit-to-video-pipeline-e57204d1-d6ff-4164-851c-0a2cb567fe2c', 'workflow_run_id': '019bb607-8ebe-7ca9-baae-12dc3fc0eda3', 'workflow_type': 'ChainExecutorWorkflow'})
2026-01-13 12:03:59,225 - temporalio.activity - INFO - ✓ Updated workflow status ({'activity_id': '68', 'activity_type': 'update_workflow_status_activity', 'attempt': 1, 'namespace': 'default', 'task_queue': 'comfyui-gpu-farm', 'workflow_id': 'chain-image-edit-to-video-pipeline-e57204d1-d6ff-4164-851c-0a2cb567fe2c', 'workflow_run_id': '019bb607-8ebe-7ca9-baae-12dc3fc0eda3', 'workflow_type': 'ChainExecutorWorkflow'})
2026-01-13 12:03:59,233 - temporalio.workflow - INFO - Step create_video: Approval required, fetching artifacts... ({'attempt': 1, 'namespace': 'default', 'run_id': '019bb607-8ebe-7ca9-baae-12dc3fc0eda3', 'task_queue': 'comfyui-gpu-farm', 'workflow_id': 'chain-image-edit-to-video-pipeline-e57204d1-d6ff-4164-851c-0a2cb567fe2c', 'workflow_type': 'ChainExecutorWorkflow'})
2026-01-13 12:03:59,241 - temporalio.activity - INFO - Getting artifacts for workflow: fa2c4066-07d1-4ad7-a51f-e1a6b8ee9d0d ({'activity_id': '69', 'activity_type': 'get_workflow_artifacts', 'attempt': 1, 'namespace': 'default', 'task_queue': 'comfyui-gpu-farm', 'workflow_id': 'chain-image-edit-to-video-pipeline-e57204d1-d6ff-4164-851c-0a2cb567fe2c', 'workflow_run_id': '019bb607-8ebe-7ca9-baae-12dc3fc0eda3', 'workflow_type': 'ChainExecutorWorkflow'})
2026-01-13 12:03:59,259 - temporalio.activity - INFO - Creating approval request for artifact: 173d7b28-5fe3-4458-b395-9bb1b67686a2 ({'activity_id': '70', 'activity_type': 'create_approval_request_activity', 'attempt': 1, 'namespace': 'default', 'task_queue': 'comfyui-gpu-farm', 'workflow_id': 'chain-image-edit-to-video-pipeline-e57204d1-d6ff-4164-851c-0a2cb567fe2c', 'workflow_run_id': '019bb607-8ebe-7ca9-baae-12dc3fc0eda3', 'workflow_type': 'ChainExecutorWorkflow'})
2026-01-13 12:03:59,262 - temporalio.activity - INFO - ✓ Created approval request: a478f767-2948-41df-9ca4-97f7c201f242, token: QQHSJR7uhFZJp-eb... ({'activity_id': '70', 'activity_type': 'create_approval_request_activity', 'attempt': 1, 'namespace': 'default', 'task_queue': 'comfyui-gpu-farm', 'workflow_id': 'chain-image-edit-to-video-pipeline-e57204d1-d6ff-4164-851c-0a2cb567fe2c', 'workflow_run_id': '019bb607-8ebe-7ca9-baae-12dc3fc0eda3', 'workflow_type': 'ChainExecutorWorkflow'})
2026-01-13 12:03:59,262 - temporal_gateway.services.broadcast - INFO - Published approval_requested to chain:6b657434-477e-4bf5-a64a-91d5122be53b
2026-01-13 12:03:59,263 - temporalio.activity - INFO - Published approval_requested event for chain 6b657434-477e-4bf5-a64a-91d5122be53b ({'activity_id': '70', 'activity_type': 'create_approval_request_activity', 'attempt': 1, 'namespace': 'default', 'task_queue': 'comfyui-gpu-farm', 'workflow_id': 'chain-image-edit-to-video-pipeline-e57204d1-d6ff-4164-851c-0a2cb567fe2c', 'workflow_run_id': '019bb607-8ebe-7ca9-baae-12dc3fc0eda3', 'workflow_type': 'ChainExecutorWorkflow'})
2026-01-13 12:03:59,271 - temporalio.workflow - INFO - Step create_video: Approval request created, token: QQHSJR7uhFZJp-eb... ({'attempt': 1, 'namespace': 'default', 'run_id': '019bb607-8ebe-7ca9-baae-12dc3fc0eda3', 'task_queue': 'comfyui-gpu-farm', 'workflow_id': 'chain-image-edit-to-video-pipeline-e57204d1-d6ff-4164-851c-0a2cb567fe2c', 'workflow_type': 'ChainExecutorWorkflow'})
2026-01-13 12:03:59,369 - temporalio.activity - INFO - ✓ Saved artifact to DB: e38d12c2-704b-4d16-bb7f-9713368da262 (ComfyUI_00273_.png) ({'activity_id': '3', 'activity_type': 'download_and_store_artifacts', 'attempt': 1, 'namespace': 'default', 'task_queue': 'comfyui-gpu-farm', 'workflow_id': 'chain-image-edit-to-video-pipeline-252e108f-e2e2-494c-86c4-749927c8759b-extract_frame1', 'workflow_run_id': '019bb60d-992b-7076-bb41-2fb61193735b', 'workflow_type': 'ComfyUIWorkflow'})
2026-01-13 12:03:59,371 - temporalio.activity - INFO - Downloaded and persisted 1 artifact(s) ({'activity_id': '3', 'activity_type': 'download_and_store_artifacts', 'attempt': 1, 'namespace': 'default', 'task_queue': 'comfyui-gpu-farm', 'workflow_id': 'chain-image-edit-to-video-pipeline-252e108f-e2e2-494c-86c4-749927c8759b-extract_frame1', 'workflow_run_id': '019bb60d-992b-7076-bb41-2fb61193735b', 'workflow_type': 'ComfyUIWorkflow'})
2026-01-13 12:03:59,382 - temporalio.workflow - INFO - Downloaded 1 file(s) locally ({'attempt': 1, 'namespace': 'default', 'run_id': '019bb60d-992b-7076-bb41-2fb61193735b', 'task_queue': 'comfyui-gpu-farm', 'workflow_id': 'chain-image-edit-to-video-pipeline-252e108f-e2e2-494c-86c4-749927c8759b-extract_frame1', 'workflow_type': 'ComfyUIWorkflow'})
2026-01-13 12:03:59,403 - temporalio.activity - INFO - Updating workflow 966566f6-2a07-4394-aa0a-7127ac5552b2 status to: completed ({'activity_id': '10', 'activity_type': 'update_workflow_status_activity', 'attempt': 1, 'namespace': 'default', 'task_queue': 'comfyui-gpu-farm', 'workflow_id': 'chain-image-edit-to-video-pipeline-252e108f-e2e2-494c-86c4-749927c8759b', 'workflow_run_id': '019bb60d-97bf-702f-9c9f-5f5fcfad70a6', 'workflow_type': 'ChainExecutorWorkflow'})
2026-01-13 12:03:59,406 - temporalio.activity - INFO - ✓ Updated workflow status ({'activity_id': '10', 'activity_type': 'update_workflow_status_activity', 'attempt': 1, 'namespace': 'default', 'task_queue': 'comfyui-gpu-farm', 'workflow_id': 'chain-image-edit-to-video-pipeline-252e108f-e2e2-494c-86c4-749927c8759b', 'workflow_run_id': '019bb60d-97bf-702f-9c9f-5f5fcfad70a6', 'workflow_type': 'ChainExecutorWorkflow'})
2026-01-13 12:03:59,415 - temporalio.workflow - INFO - Step extract_frame1: Approval required, fetching artifacts... ({'attempt': 1, 'namespace': 'default', 'run_id': '019bb60d-97bf-702f-9c9f-5f5fcfad70a6', 'task_queue': 'comfyui-gpu-farm', 'workflow_id': 'chain-image-edit-to-video-pipeline-252e108f-e2e2-494c-86c4-749927c8759b', 'workflow_type': 'ChainExecutorWorkflow'})
2026-01-13 12:03:59,422 - temporalio.activity - INFO - Getting artifacts for workflow: 966566f6-2a07-4394-aa0a-7127ac5552b2 ({'activity_id': '11', 'activity_type': 'get_workflow_artifacts', 'attempt': 1, 'namespace': 'default', 'task_queue': 'comfyui-gpu-farm', 'workflow_id': 'chain-image-edit-to-video-pipeline-252e108f-e2e2-494c-86c4-749927c8759b', 'workflow_run_id': '019bb60d-97bf-702f-9c9f-5f5fcfad70a6', 'workflow_type': 'ChainExecutorWorkflow'})
2026-01-13 12:03:59,439 - temporalio.activity - INFO - Creating approval request for artifact: e38d12c2-704b-4d16-bb7f-9713368da262 ({'activity_id': '12', 'activity_type': 'create_approval_request_activity', 'attempt': 1, 'namespace': 'default', 'task_queue': 'comfyui-gpu-farm', 'workflow_id': 'chain-image-edit-to-video-pipeline-252e108f-e2e2-494c-86c4-749927c8759b', 'workflow_run_id': '019bb60d-97bf-702f-9c9f-5f5fcfad70a6', 'workflow_type': 'ChainExecutorWorkflow'})
2026-01-13 12:03:59,443 - temporalio.activity - INFO - ✓ Created approval request: d16cc986-eddb-4563-9e71-2e4159c69f9c, token: q7dvEMS3X61HXb_8... ({'activity_id': '12', 'activity_type': 'create_approval_request_activity', 'attempt': 1, 'namespace': 'default', 'task_queue': 'comfyui-gpu-farm', 'workflow_id': 'chain-image-edit-to-video-pipeline-252e108f-e2e2-494c-86c4-749927c8759b', 'workflow_run_id': '019bb60d-97bf-702f-9c9f-5f5fcfad70a6', 'workflow_type': 'ChainExecutorWorkflow'})
2026-01-13 12:03:59,443 - temporal_gateway.services.broadcast - INFO - Published approval_requested to chain:015f4aba-9a7b-4181-8848-84759aeb30f5
2026-01-13 12:03:59,443 - temporalio.activity - INFO - Published approval_requested event for chain 015f4aba-9a7b-4181-8848-84759aeb30f5 ({'activity_id': '12', 'activity_type': 'create_approval_request_activity', 'attempt': 1, 'namespace': 'default', 'task_queue': 'comfyui-gpu-farm', 'workflow_id': 'chain-image-edit-to-video-pipeline-252e108f-e2e2-494c-86c4-749927c8759b', 'workflow_run_id': '019bb60d-97bf-702f-9c9f-5f5fcfad70a6', 'workflow_type': 'ChainExecutorWorkflow'})
2026-01-13 12:03:59,453 - temporalio.workflow - INFO - Step extract_frame1: Approval request created, token: q7dvEMS3X61HXb_8... ({'attempt': 1, 'namespace': 'default', 'run_id': '019bb60d-97bf-702f-9c9f-5f5fcfad70a6', 'task_queue': 'comfyui-gpu-farm', 'workflow_id': 'chain-image-edit-to-video-pipeline-252e108f-e2e2-494c-86c4-749927c8759b', 'workflow_type': 'ChainExecutorWorkflow'})
2026-01-13 12:03:59,617 - temporalio.activity - INFO - ✓ Saved artifact to DB: 08c15deb-8ff3-455f-b033-6759aa61b3fd (ComfyUI_00274_.png) ({'activity_id': '3', 'activity_type': 'download_and_store_artifacts', 'attempt': 1, 'namespace': 'default', 'task_queue': 'comfyui-gpu-farm', 'workflow_id': 'chain-image-edit-to-video-pipeline-252e108f-e2e2-494c-86c4-749927c8759b-extract_frame2', 'workflow_run_id': '019bb60d-9943-77ca-9430-8d4913706a99', 'workflow_type': 'ComfyUIWorkflow'})
2026-01-13 12:03:59,617 - temporalio.activity - INFO - Downloaded and persisted 1 artifact(s) ({'activity_id': '3', 'activity_type': 'download_and_store_artifacts', 'attempt': 1, 'namespace': 'default', 'task_queue': 'comfyui-gpu-farm', 'workflow_id': 'chain-image-edit-to-video-pipeline-252e108f-e2e2-494c-86c4-749927c8759b-extract_frame2', 'workflow_run_id': '019bb60d-9943-77ca-9430-8d4913706a99', 'workflow_type': 'ComfyUIWorkflow'})
2026-01-13 12:03:59,628 - temporalio.workflow - INFO - Downloaded 1 file(s) locally ({'attempt': 1, 'namespace': 'default', 'run_id': '019bb60d-9943-77ca-9430-8d4913706a99', 'task_queue': 'comfyui-gpu-farm', 'workflow_id': 'chain-image-edit-to-video-pipeline-252e108f-e2e2-494c-86c4-749927c8759b-extract_frame2', 'workflow_type': 'ComfyUIWorkflow'})
2026-01-13 12:03:59,650 - temporalio.activity - INFO - Updating workflow 47d051be-e678-4c33-9278-d5171c3b63f1 status to: completed ({'activity_id': '13', 'activity_type': 'update_workflow_status_activity', 'attempt': 1, 'namespace': 'default', 'task_queue': 'comfyui-gpu-farm', 'workflow_id': 'chain-image-edit-to-video-pipeline-252e108f-e2e2-494c-86c4-749927c8759b', 'workflow_run_id': '019bb60d-97bf-702f-9c9f-5f5fcfad70a6', 'workflow_type': 'ChainExecutorWorkflow'})
2026-01-13 12:03:59,653 - temporalio.activity - INFO - ✓ Updated workflow status ({'activity_id': '13', 'activity_type': 'update_workflow_status_activity', 'attempt': 1, 'namespace': 'default', 'task_queue': 'comfyui-gpu-farm', 'workflow_id': 'chain-image-edit-to-video-pipeline-252e108f-e2e2-494c-86c4-749927c8759b', 'workflow_run_id': '019bb60d-97bf-702f-9c9f-5f5fcfad70a6', 'workflow_type': 'ChainExecutorWorkflow'})
2026-01-13 12:03:59,662 - temporalio.workflow - INFO - Step extract_frame2: Approval required, fetching artifacts... ({'attempt': 1, 'namespace': 'default', 'run_id': '019bb60d-97bf-702f-9c9f-5f5fcfad70a6', 'task_queue': 'comfyui-gpu-farm', 'workflow_id': 'chain-image-edit-to-video-pipeline-252e108f-e2e2-494c-86c4-749927c8759b', 'workflow_type': 'ChainExecutorWorkflow'})
2026-01-13 12:03:59,671 - temporalio.activity - INFO - Getting artifacts for workflow: 47d051be-e678-4c33-9278-d5171c3b63f1 ({'activity_id': '14', 'activity_type': 'get_workflow_artifacts', 'attempt': 1, 'namespace': 'default', 'task_queue': 'comfyui-gpu-farm', 'workflow_id': 'chain-image-edit-to-video-pipeline-252e108f-e2e2-494c-86c4-749927c8759b', 'workflow_run_id': '019bb60d-97bf-702f-9c9f-5f5fcfad70a6', 'workflow_type': 'ChainExecutorWorkflow'})
2026-01-13 12:03:59,689 - temporalio.activity - INFO - Creating approval request for artifact: 08c15deb-8ff3-455f-b033-6759aa61b3fd ({'activity_id': '15', 'activity_type': 'create_approval_request_activity', 'attempt': 1, 'namespace': 'default', 'task_queue': 'comfyui-gpu-farm', 'workflow_id': 'chain-image-edit-to-video-pipeline-252e108f-e2e2-494c-86c4-749927c8759b', 'workflow_run_id': '019bb60d-97bf-702f-9c9f-5f5fcfad70a6', 'workflow_type': 'ChainExecutorWorkflow'})
2026-01-13 12:03:59,693 - temporalio.activity - INFO - ✓ Created approval request: ec2ab04d-6c4d-41ec-b90d-17eb4de03187, token: kmXlT46efvvIN06r... ({'activity_id': '15', 'activity_type': 'create_approval_request_activity', 'attempt': 1, 'namespace': 'default', 'task_queue': 'comfyui-gpu-farm', 'workflow_id': 'chain-image-edit-to-video-pipeline-252e108f-e2e2-494c-86c4-749927c8759b', 'workflow_run_id': '019bb60d-97bf-702f-9c9f-5f5fcfad70a6', 'workflow_type': 'ChainExecutorWorkflow'})
2026-01-13 12:03:59,693 - temporal_gateway.services.broadcast - INFO - Published approval_requested to chain:015f4aba-9a7b-4181-8848-84759aeb30f5
2026-01-13 12:03:59,693 - temporalio.activity - INFO - Published approval_requested event for chain 015f4aba-9a7b-4181-8848-84759aeb30f5 ({'activity_id': '15', 'activity_type': 'create_approval_request_activity', 'attempt': 1, 'namespace': 'default', 'task_queue': 'comfyui-gpu-farm', 'workflow_id': 'chain-image-edit-to-video-pipeline-252e108f-e2e2-494c-86c4-749927c8759b', 'workflow_run_id': '019bb60d-97bf-702f-9c9f-5f5fcfad70a6', 'workflow_type': 'ChainExecutorWorkflow'})
2026-01-13 12:03:59,702 - temporalio.workflow - INFO - Step extract_frame2: Approval request created, token: kmXlT46efvvIN06r... ({'attempt': 1, 'namespace': 'default', 'run_id': '019bb60d-97bf-702f-9c9f-5f5fcfad70a6', 'task_queue': 'comfyui-gpu-farm', 'workflow_id': 'chain-image-edit-to-video-pipeline-252e108f-e2e2-494c-86c4-749927c8759b', 'workflow_type': 'ChainExecutorWorkflow'})
2026-01-13 12:04:02,500 - temporalio.workflow - INFO - Received approval decision for step extract_frame1: approved by cli-user ({'attempt': 1, 'namespace': 'default', 'run_id': '019bb60d-97bf-702f-9c9f-5f5fcfad70a6', 'task_queue': 'comfyui-gpu-farm', 'workflow_id': 'chain-image-edit-to-video-pipeline-252e108f-e2e2-494c-86c4-749927c8759b', 'workflow_type': 'ChainExecutorWorkflow'})
2026-01-13 12:04:02,500 - temporalio.workflow - INFO - Step extract_frame1: Approved by cli-user ({'attempt': 1, 'namespace': 'default', 'run_id': '019bb60d-97bf-702f-9c9f-5f5fcfad70a6', 'task_queue': 'comfyui-gpu-farm', 'workflow_id': 'chain-image-edit-to-video-pipeline-252e108f-e2e2-494c-86c4-749927c8759b', 'workflow_type': 'ChainExecutorWorkflow'})
2026-01-13 12:04:02,500 - temporalio.workflow - INFO - Step extract_frame1: Approved, continuing... ({'attempt': 1, 'namespace': 'default', 'run_id': '019bb60d-97bf-702f-9c9f-5f5fcfad70a6', 'task_queue': 'comfyui-gpu-farm', 'workflow_id': 'chain-image-edit-to-video-pipeline-252e108f-e2e2-494c-86c4-749927c8759b', 'workflow_type': 'ChainExecutorWorkflow'})
2026-01-13 12:04:02,512 - temporalio.activity - INFO - Getting artifacts for workflow: 966566f6-2a07-4394-aa0a-7127ac5552b2 ({'activity_id': '16', 'activity_type': 'get_workflow_artifacts', 'attempt': 1, 'namespace': 'default', 'task_queue': 'comfyui-gpu-farm', 'workflow_id': 'chain-image-edit-to-video-pipeline-252e108f-e2e2-494c-86c4-749927c8759b', 'workflow_run_id': '019bb60d-97bf-702f-9c9f-5f5fcfad70a6', 'workflow_type': 'ChainExecutorWorkflow'})
2026-01-13 12:04:02,540 - temporal_gateway.services.broadcast - INFO - Published step_completed to chain:015f4aba-9a7b-4181-8848-84759aeb30f5
2026-01-13 12:04:02,540 - temporalio.activity - INFO - Published step_completed event for extract_frame1 in chain 015f4aba-9a7b-4181-8848-84759aeb30f5 ({'activity_id': '17', 'activity_type': 'publish_step_completed_activity', 'attempt': 1, 'namespace': 'default', 'task_queue': 'comfyui-gpu-farm', 'workflow_id': 'chain-image-edit-to-video-pipeline-252e108f-e2e2-494c-86c4-749927c8759b', 'workflow_run_id': '019bb60d-97bf-702f-9c9f-5f5fcfad70a6', 'workflow_type': 'ChainExecutorWorkflow'})
2026-01-13 12:04:04,935 - temporalio.workflow - INFO - Received approval decision for step extract_frame2: approved by cli-user ({'attempt': 1, 'namespace': 'default', 'run_id': '019bb60d-97bf-702f-9c9f-5f5fcfad70a6', 'task_queue': 'comfyui-gpu-farm', 'workflow_id': 'chain-image-edit-to-video-pipeline-252e108f-e2e2-494c-86c4-749927c8759b', 'workflow_type': 'ChainExecutorWorkflow'})
2026-01-13 12:04:04,935 - temporalio.workflow - INFO - Step extract_frame2: Approved by cli-user ({'attempt': 1, 'namespace': 'default', 'run_id': '019bb60d-97bf-702f-9c9f-5f5fcfad70a6', 'task_queue': 'comfyui-gpu-farm', 'workflow_id': 'chain-image-edit-to-video-pipeline-252e108f-e2e2-494c-86c4-749927c8759b', 'workflow_type': 'ChainExecutorWorkflow'})
2026-01-13 12:04:04,936 - temporalio.workflow - INFO - Step extract_frame2: Approved, continuing... ({'attempt': 1, 'namespace': 'default', 'run_id': '019bb60d-97bf-702f-9c9f-5f5fcfad70a6', 'task_queue': 'comfyui-gpu-farm', 'workflow_id': 'chain-image-edit-to-video-pipeline-252e108f-e2e2-494c-86c4-749927c8759b', 'workflow_type': 'ChainExecutorWorkflow'})
2026-01-13 12:04:04,945 - temporalio.activity - INFO - Getting artifacts for workflow: 47d051be-e678-4c33-9278-d5171c3b63f1 ({'activity_id': '18', 'activity_type': 'get_workflow_artifacts', 'attempt': 1, 'namespace': 'default', 'task_queue': 'comfyui-gpu-farm', 'workflow_id': 'chain-image-edit-to-video-pipeline-252e108f-e2e2-494c-86c4-749927c8759b', 'workflow_run_id': '019bb60d-97bf-702f-9c9f-5f5fcfad70a6', 'workflow_type': 'ChainExecutorWorkflow'})
2026-01-13 12:04:04,963 - temporal_gateway.services.broadcast - INFO - Published step_completed to chain:015f4aba-9a7b-4181-8848-84759aeb30f5
2026-01-13 12:04:04,963 - temporalio.activity - INFO - Published step_completed event for extract_frame2 in chain 015f4aba-9a7b-4181-8848-84759aeb30f5 ({'activity_id': '19', 'activity_type': 'publish_step_completed_activity', 'attempt': 1, 'namespace': 'default', 'task_queue': 'comfyui-gpu-farm', 'workflow_id': 'chain-image-edit-to-video-pipeline-252e108f-e2e2-494c-86c4-749927c8759b', 'workflow_run_id': '019bb60d-97bf-702f-9c9f-5f5fcfad70a6', 'workflow_type': 'ChainExecutorWorkflow'})
2026-01-13 12:04:04,973 - temporalio.workflow - INFO - Step extract_frame1: completed ({'attempt': 1, 'namespace': 'default', 'run_id': '019bb60d-97bf-702f-9c9f-5f5fcfad70a6', 'task_queue': 'comfyui-gpu-farm', 'workflow_id': 'chain-image-edit-to-video-pipeline-252e108f-e2e2-494c-86c4-749927c8759b', 'workflow_type': 'ChainExecutorWorkflow'})
2026-01-13 12:04:04,973 - temporalio.workflow - INFO - Step extract_frame2: completed ({'attempt': 1, 'namespace': 'default', 'run_id': '019bb60d-97bf-702f-9c9f-5f5fcfad70a6', 'task_queue': 'comfyui-gpu-farm', 'workflow_id': 'chain-image-edit-to-video-pipeline-252e108f-e2e2-494c-86c4-749927c8759b', 'workflow_type': 'ChainExecutorWorkflow'})
2026-01-13 12:04:04,982 - temporalio.activity - INFO - Updating chain 015f4aba-9a7b-4181-8848-84759aeb30f5 status to: executing_level_1 ({'activity_id': '20', 'activity_type': 'update_chain_status_activity', 'attempt': 1, 'namespace': 'default', 'task_queue': 'comfyui-gpu-farm', 'workflow_id': 'chain-image-edit-to-video-pipeline-252e108f-e2e2-494c-86c4-749927c8759b', 'workflow_run_id': '019bb60d-97bf-702f-9c9f-5f5fcfad70a6', 'workflow_type': 'ChainExecutorWorkflow'})
2026-01-13 12:04:04,986 - temporalio.activity - INFO - ✓ Updated chain status ({'activity_id': '20', 'activity_type': 'update_chain_status_activity', 'attempt': 1, 'namespace': 'default', 'task_queue': 'comfyui-gpu-farm', 'workflow_id': 'chain-image-edit-to-video-pipeline-252e108f-e2e2-494c-86c4-749927c8759b', 'workflow_run_id': '019bb60d-97bf-702f-9c9f-5f5fcfad70a6', 'workflow_type': 'ChainExecutorWorkflow'})
2026-01-13 12:04:04,996 - temporalio.workflow - INFO - Level 1: Executing 2 step(s) ({'attempt': 1, 'namespace': 'default', 'run_id': '019bb60d-97bf-702f-9c9f-5f5fcfad70a6', 'task_queue': 'comfyui-gpu-farm', 'workflow_id': 'chain-image-edit-to-video-pipeline-252e108f-e2e2-494c-86c4-749927c8759b', 'workflow_type': 'ChainExecutorWorkflow'})
2026-01-13 12:04:04,996 - temporalio.workflow - INFO - Executing step: edit_frame1 ({'attempt': 1, 'namespace': 'default', 'run_id': '019bb60d-97bf-702f-9c9f-5f5fcfad70a6', 'task_queue': 'comfyui-gpu-farm', 'workflow_id': 'chain-image-edit-to-video-pipeline-252e108f-e2e2-494c-86c4-749927c8759b', 'workflow_type': 'ChainExecutorWorkflow'})
2026-01-13 12:04:04,997 - temporalio.workflow - INFO - Executing step: edit_frame2 ({'attempt': 1, 'namespace': 'default', 'run_id': '019bb60d-97bf-702f-9c9f-5f5fcfad70a6', 'task_queue': 'comfyui-gpu-farm', 'workflow_id': 'chain-image-edit-to-video-pipeline-252e108f-e2e2-494c-86c4-749927c8759b', 'workflow_type': 'ChainExecutorWorkflow'})
2026-01-13 12:04:05,006 - temporalio.activity - INFO - Resolving templates in parameters ({'activity_id': '22', 'activity_type': 'resolve_chain_templates', 'attempt': 1, 'namespace': 'default', 'task_queue': 'comfyui-gpu-farm', 'workflow_id': 'chain-image-edit-to-video-pipeline-252e108f-e2e2-494c-86c4-749927c8759b', 'workflow_run_id': '019bb60d-97bf-702f-9c9f-5f5fcfad70a6', 'workflow_type': 'ChainExecutorWorkflow'})
2026-01-13 12:04:05,007 - temporalio.activity - INFO - Templates resolved successfully ({'activity_id': '22', 'activity_type': 'resolve_chain_templates', 'attempt': 1, 'namespace': 'default', 'task_queue': 'comfyui-gpu-farm', 'workflow_id': 'chain-image-edit-to-video-pipeline-252e108f-e2e2-494c-86c4-749927c8759b', 'workflow_run_id': '019bb60d-97bf-702f-9c9f-5f5fcfad70a6', 'workflow_type': 'ChainExecutorWorkflow'})
2026-01-13 12:04:05,008 - temporalio.activity - INFO - Resolving templates in parameters ({'activity_id': '21', 'activity_type': 'resolve_chain_templates', 'attempt': 1, 'namespace': 'default', 'task_queue': 'comfyui-gpu-farm', 'workflow_id': 'chain-image-edit-to-video-pipeline-252e108f-e2e2-494c-86c4-749927c8759b', 'workflow_run_id': '019bb60d-97bf-702f-9c9f-5f5fcfad70a6', 'workflow_type': 'ChainExecutorWorkflow'})
2026-01-13 12:04:05,009 - temporalio.activity - INFO - Templates resolved successfully ({'activity_id': '21', 'activity_type': 'resolve_chain_templates', 'attempt': 1, 'namespace': 'default', 'task_queue': 'comfyui-gpu-farm', 'workflow_id': 'chain-image-edit-to-video-pipeline-252e108f-e2e2-494c-86c4-749927c8759b', 'workflow_run_id': '019bb60d-97bf-702f-9c9f-5f5fcfad70a6', 'workflow_type': 'ChainExecutorWorkflow'})
2026-01-13 12:04:05,018 - temporalio.workflow - INFO - Step edit_frame2: Resolved parameters ({'attempt': 1, 'namespace': 'default', 'run_id': '019bb60d-97bf-702f-9c9f-5f5fcfad70a6', 'task_queue': 'comfyui-gpu-farm', 'workflow_id': 'chain-image-edit-to-video-pipeline-252e108f-e2e2-494c-86c4-749927c8759b', 'workflow_type': 'ChainExecutorWorkflow'})
2026-01-13 12:04:05,019 - temporalio.workflow - INFO - Step edit_frame1: Resolved parameters ({'attempt': 1, 'namespace': 'default', 'run_id': '019bb60d-97bf-702f-9c9f-5f5fcfad70a6', 'task_queue': 'comfyui-gpu-farm', 'workflow_id': 'chain-image-edit-to-video-pipeline-252e108f-e2e2-494c-86c4-749927c8759b', 'workflow_type': 'ChainExecutorWorkflow'})
2026-01-13 12:04:05,027 - temporalio.activity - INFO - Applying parameters to workflow: qwen_image_edit ({'activity_id': '23', 'activity_type': 'apply_workflow_parameters', 'attempt': 1, 'namespace': 'default', 'task_queue': 'comfyui-gpu-farm', 'workflow_id': 'chain-image-edit-to-video-pipeline-252e108f-e2e2-494c-86c4-749927c8759b', 'workflow_run_id': '019bb60d-97bf-702f-9c9f-5f5fcfad70a6', 'workflow_type': 'ChainExecutorWorkflow'})
2026-01-13 12:04:05,027 - temporal_gateway.registry - INFO - Applied override: 111.prompt = Make the scene more vibrant and colorful with enhanced details
2026-01-13 12:04:05,027 - temporal_gateway.registry - INFO - Applied override: 78.image = ComfyUI_00274_.png
2026-01-13 12:04:05,027 - temporalio.activity - INFO - Parameters applied successfully ({'activity_id': '23', 'activity_type': 'apply_workflow_parameters', 'attempt': 1, 'namespace': 'default', 'task_queue': 'comfyui-gpu-farm', 'workflow_id': 'chain-image-edit-to-video-pipeline-252e108f-e2e2-494c-86c4-749927c8759b', 'workflow_run_id': '019bb60d-97bf-702f-9c9f-5f5fcfad70a6', 'workflow_type': 'ChainExecutorWorkflow'})
2026-01-13 12:04:05,029 - temporalio.activity - INFO - Applying parameters to workflow: qwen_image_edit ({'activity_id': '24', 'activity_type': 'apply_workflow_parameters', 'attempt': 1, 'namespace': 'default', 'task_queue': 'comfyui-gpu-farm', 'workflow_id': 'chain-image-edit-to-video-pipeline-252e108f-e2e2-494c-86c4-749927c8759b', 'workflow_run_id': '019bb60d-97bf-702f-9c9f-5f5fcfad70a6', 'workflow_type': 'ChainExecutorWorkflow'})
2026-01-13 12:04:05,029 - temporal_gateway.registry - INFO - Applied override: 111.prompt = Make the scene more vibrant and colorful with enhanced details
2026-01-13 12:04:05,029 - temporal_gateway.registry - INFO - Applied override: 78.image = ComfyUI_00273_.png
2026-01-13 12:04:05,030 - temporalio.activity - INFO - Parameters applied successfully ({'activity_id': '24', 'activity_type': 'apply_workflow_parameters', 'attempt': 1, 'namespace': 'default', 'task_queue': 'comfyui-gpu-farm', 'workflow_id': 'chain-image-edit-to-video-pipeline-252e108f-e2e2-494c-86c4-749927c8759b', 'workflow_run_id': '019bb60d-97bf-702f-9c9f-5f5fcfad70a6', 'workflow_type': 'ChainExecutorWorkflow'})
2026-01-13 12:04:05,046 - temporalio.activity - INFO - Selecting server with strategy: least_loaded ({'activity_id': '25', 'activity_type': 'select_best_server', 'attempt': 1, 'namespace': 'default', 'task_queue': 'comfyui-gpu-farm', 'workflow_id': 'chain-image-edit-to-video-pipeline-252e108f-e2e2-494c-86c4-749927c8759b', 'workflow_run_id': '019bb60d-97bf-702f-9c9f-5f5fcfad70a6', 'workflow_type': 'ChainExecutorWorkflow'})
2026-01-13 12:04:05,089 - temporalio.activity - INFO - Selecting server with strategy: least_loaded ({'activity_id': '26', 'activity_type': 'select_best_server', 'attempt': 1, 'namespace': 'default', 'task_queue': 'comfyui-gpu-farm', 'workflow_id': 'chain-image-edit-to-video-pipeline-252e108f-e2e2-494c-86c4-749927c8759b', 'workflow_run_id': '019bb60d-97bf-702f-9c9f-5f5fcfad70a6', 'workflow_type': 'ChainExecutorWorkflow'})
2026-01-13 12:04:05,171 - httpx - INFO - HTTP Request: GET http://procure-x.testmcp.org/system_stats "HTTP/1.1 200 OK"
2026-01-13 12:04:05,185 - httpx - INFO - HTTP Request: GET http://procure-x.testmcp.org/system_stats "HTTP/1.1 200 OK"
2026-01-13 12:04:05,191 - httpx - INFO - HTTP Request: GET http://procure-x.testmcp.org/queue "HTTP/1.1 200 OK"
2026-01-13 12:04:05,193 - temporal_gateway.servers.load_balancer - INFO - Selected server procure-x (queue_depth=0, gpu_mem=0.0%)
2026-01-13 12:04:05,193 - temporalio.activity - INFO - Selected server: procure-x (http://procure-x.testmcp.org) ({'activity_id': '25', 'activity_type': 'select_best_server', 'attempt': 1, 'namespace': 'default', 'task_queue': 'comfyui-gpu-farm', 'workflow_id': 'chain-image-edit-to-video-pipeline-252e108f-e2e2-494c-86c4-749927c8759b', 'workflow_run_id': '019bb60d-97bf-702f-9c9f-5f5fcfad70a6', 'workflow_type': 'ChainExecutorWorkflow'})
2026-01-13 12:04:05,205 - temporalio.workflow - INFO - Step edit_frame2: Selected target server: http://procure-x.testmcp.org ({'attempt': 1, 'namespace': 'default', 'run_id': '019bb60d-97bf-702f-9c9f-5f5fcfad70a6', 'task_queue': 'comfyui-gpu-farm', 'workflow_id': 'chain-image-edit-to-video-pipeline-252e108f-e2e2-494c-86c4-749927c8759b', 'workflow_type': 'ChainExecutorWorkflow'})
2026-01-13 12:04:05,206 - temporalio.workflow - INFO - Step edit_frame2: Processing 1 dependency step(s) ({'attempt': 1, 'namespace': 'default', 'run_id': '019bb60d-97bf-702f-9c9f-5f5fcfad70a6', 'task_queue': 'comfyui-gpu-farm', 'workflow_id': 'chain-image-edit-to-video-pipeline-252e108f-e2e2-494c-86c4-749927c8759b', 'workflow_type': 'ChainExecutorWorkflow'})
2026-01-13 12:04:05,213 - temporalio.activity - INFO - Getting artifacts for workflow: 47d051be-e678-4c33-9278-d5171c3b63f1 ({'activity_id': '27', 'activity_type': 'get_workflow_artifacts', 'attempt': 1, 'namespace': 'default', 'task_queue': 'comfyui-gpu-farm', 'workflow_id': 'chain-image-edit-to-video-pipeline-252e108f-e2e2-494c-86c4-749927c8759b', 'workflow_run_id': '019bb60d-97bf-702f-9c9f-5f5fcfad70a6', 'workflow_type': 'ChainExecutorWorkflow'})
2026-01-13 12:04:05,220 - httpx - INFO - HTTP Request: GET http://procure-x.testmcp.org/queue "HTTP/1.1 200 OK"
2026-01-13 12:04:05,222 - temporal_gateway.servers.load_balancer - INFO - Selected server procure-x (queue_depth=0, gpu_mem=0.0%)
2026-01-13 12:04:05,222 - temporalio.activity - INFO - Selected server: procure-x (http://procure-x.testmcp.org) ({'activity_id': '26', 'activity_type': 'select_best_server', 'attempt': 1, 'namespace': 'default', 'task_queue': 'comfyui-gpu-farm', 'workflow_id': 'chain-image-edit-to-video-pipeline-252e108f-e2e2-494c-86c4-749927c8759b', 'workflow_run_id': '019bb60d-97bf-702f-9c9f-5f5fcfad70a6', 'workflow_type': 'ChainExecutorWorkflow'})
2026-01-13 12:04:05,225 - temporalio.workflow - INFO - Transferring 1 artifact(s) from extract_frame2 to http://procure-x.testmcp.org ({'attempt': 1, 'namespace': 'default', 'run_id': '019bb60d-97bf-702f-9c9f-5f5fcfad70a6', 'task_queue': 'comfyui-gpu-farm', 'workflow_id': 'chain-image-edit-to-video-pipeline-252e108f-e2e2-494c-86c4-749927c8759b', 'workflow_type': 'ChainExecutorWorkflow'})
2026-01-13 12:04:05,230 - temporalio.workflow - INFO - Step edit_frame1: Selected target server: http://procure-x.testmcp.org ({'attempt': 1, 'namespace': 'default', 'run_id': '019bb60d-97bf-702f-9c9f-5f5fcfad70a6', 'task_queue': 'comfyui-gpu-farm', 'workflow_id': 'chain-image-edit-to-video-pipeline-252e108f-e2e2-494c-86c4-749927c8759b', 'workflow_type': 'ChainExecutorWorkflow'})
2026-01-13 12:04:05,231 - temporalio.workflow - INFO - Step edit_frame1: Processing 1 dependency step(s) ({'attempt': 1, 'namespace': 'default', 'run_id': '019bb60d-97bf-702f-9c9f-5f5fcfad70a6', 'task_queue': 'comfyui-gpu-farm', 'workflow_id': 'chain-image-edit-to-video-pipeline-252e108f-e2e2-494c-86c4-749927c8759b', 'workflow_type': 'ChainExecutorWorkflow'})
2026-01-13 12:04:05,234 - temporalio.activity - INFO - Transferring 1 artifact(s) from workflow 47d051be-e678-4c33-9278-d5171c3b63f1 to http://procure-x.testmcp.org ({'activity_id': '28', 'activity_type': 'transfer_artifacts_from_storage', 'attempt': 1, 'namespace': 'default', 'task_queue': 'comfyui-gpu-farm', 'workflow_id': 'chain-image-edit-to-video-pipeline-252e108f-e2e2-494c-86c4-749927c8759b', 'workflow_run_id': '019bb60d-97bf-702f-9c9f-5f5fcfad70a6', 'workflow_type': 'ChainExecutorWorkflow'})
2026-01-13 12:04:05,279 - temporal_gateway.clients.comfy.client - INFO - ComfyUI client initialized for http://procure-x.testmcp.org
2026-01-13 12:04:05,283 - temporalio.activity - INFO - Uploading: ComfyUI_00274_.png from local storage to http://procure-x.testmcp.org/input/ ({'activity_id': '28', 'activity_type': 'transfer_artifacts_from_storage', 'attempt': 1, 'namespace': 'default', 'task_queue': 'comfyui-gpu-farm', 'workflow_id': 'chain-image-edit-to-video-pipeline-252e108f-e2e2-494c-86c4-749927c8759b', 'workflow_run_id': '019bb60d-97bf-702f-9c9f-5f5fcfad70a6', 'workflow_type': 'ChainExecutorWorkflow'})
2026-01-13 12:04:05,285 - temporalio.activity - INFO - Getting artifacts for workflow: 966566f6-2a07-4394-aa0a-7127ac5552b2 ({'activity_id': '29', 'activity_type': 'get_workflow_artifacts', 'attempt': 1, 'namespace': 'default', 'task_queue': 'comfyui-gpu-farm', 'workflow_id': 'chain-image-edit-to-video-pipeline-252e108f-e2e2-494c-86c4-749927c8759b', 'workflow_run_id': '019bb60d-97bf-702f-9c9f-5f5fcfad70a6', 'workflow_type': 'ChainExecutorWorkflow'})
2026-01-13 12:04:05,295 - temporalio.workflow - INFO - Transferring 1 artifact(s) from extract_frame1 to http://procure-x.testmcp.org ({'attempt': 1, 'namespace': 'default', 'run_id': '019bb60d-97bf-702f-9c9f-5f5fcfad70a6', 'task_queue': 'comfyui-gpu-farm', 'workflow_id': 'chain-image-edit-to-video-pipeline-252e108f-e2e2-494c-86c4-749927c8759b', 'workflow_type': 'ChainExecutorWorkflow'})
2026-01-13 12:04:05,303 - temporalio.activity - INFO - Transferring 1 artifact(s) from workflow 966566f6-2a07-4394-aa0a-7127ac5552b2 to http://procure-x.testmcp.org ({'activity_id': '30', 'activity_type': 'transfer_artifacts_from_storage', 'attempt': 1, 'namespace': 'default', 'task_queue': 'comfyui-gpu-farm', 'workflow_id': 'chain-image-edit-to-video-pipeline-252e108f-e2e2-494c-86c4-749927c8759b', 'workflow_run_id': '019bb60d-97bf-702f-9c9f-5f5fcfad70a6', 'workflow_type': 'ChainExecutorWorkflow'})
2026-01-13 12:04:05,344 - temporal_gateway.clients.comfy.client - INFO - ComfyUI client initialized for http://procure-x.testmcp.org
2026-01-13 12:04:05,348 - temporalio.activity - INFO - Uploading: ComfyUI_00273_.png from local storage to http://procure-x.testmcp.org/input/ ({'activity_id': '30', 'activity_type': 'transfer_artifacts_from_storage', 'attempt': 1, 'namespace': 'default', 'task_queue': 'comfyui-gpu-farm', 'workflow_id': 'chain-image-edit-to-video-pipeline-252e108f-e2e2-494c-86c4-749927c8759b', 'workflow_run_id': '019bb60d-97bf-702f-9c9f-5f5fcfad70a6', 'workflow_type': 'ChainExecutorWorkflow'})
2026-01-13 12:04:05,565 - httpx - INFO - HTTP Request: POST http://procure-x.testmcp.org/upload/image "HTTP/1.1 200 OK"
2026-01-13 12:04:05,566 - httpx - INFO - HTTP Request: POST http://procure-x.testmcp.org/upload/image "HTTP/1.1 200 OK"
2026-01-13 12:04:05,567 - temporalio.activity - INFO - ✓ Uploaded: ComfyUI_00274_.png (119859 bytes) ({'activity_id': '28', 'activity_type': 'transfer_artifacts_from_storage', 'attempt': 1, 'namespace': 'default', 'task_queue': 'comfyui-gpu-farm', 'workflow_id': 'chain-image-edit-to-video-pipeline-252e108f-e2e2-494c-86c4-749927c8759b', 'workflow_run_id': '019bb60d-97bf-702f-9c9f-5f5fcfad70a6', 'workflow_type': 'ChainExecutorWorkflow'})
2026-01-13 12:04:05,571 - temporalio.activity - INFO - ✓ Uploaded: ComfyUI_00273_.png (105368 bytes) ({'activity_id': '30', 'activity_type': 'transfer_artifacts_from_storage', 'attempt': 1, 'namespace': 'default', 'task_queue': 'comfyui-gpu-farm', 'workflow_id': 'chain-image-edit-to-video-pipeline-252e108f-e2e2-494c-86c4-749927c8759b', 'workflow_run_id': '019bb60d-97bf-702f-9c9f-5f5fcfad70a6', 'workflow_type': 'ChainExecutorWorkflow'})
2026-01-13 12:04:05,574 - temporalio.activity - INFO - Successfully transferred 1 file(s) ({'activity_id': '28', 'activity_type': 'transfer_artifacts_from_storage', 'attempt': 1, 'namespace': 'default', 'task_queue': 'comfyui-gpu-farm', 'workflow_id': 'chain-image-edit-to-video-pipeline-252e108f-e2e2-494c-86c4-749927c8759b', 'workflow_run_id': '019bb60d-97bf-702f-9c9f-5f5fcfad70a6', 'workflow_type': 'ChainExecutorWorkflow'})
2026-01-13 12:04:05,575 - temporalio.activity - INFO - Successfully transferred 1 file(s) ({'activity_id': '30', 'activity_type': 'transfer_artifacts_from_storage', 'attempt': 1, 'namespace': 'default', 'task_queue': 'comfyui-gpu-farm', 'workflow_id': 'chain-image-edit-to-video-pipeline-252e108f-e2e2-494c-86c4-749927c8759b', 'workflow_run_id': '019bb60d-97bf-702f-9c9f-5f5fcfad70a6', 'workflow_type': 'ChainExecutorWorkflow'})
2026-01-13 12:04:05,593 - temporalio.activity - INFO - Creating workflow record: qwen_image_edit (prompt: pending) ({'activity_id': '31', 'activity_type': 'create_workflow_record', 'attempt': 1, 'namespace': 'default', 'task_queue': 'comfyui-gpu-farm', 'workflow_id': 'chain-image-edit-to-video-pipeline-252e108f-e2e2-494c-86c4-749927c8759b', 'workflow_run_id': '019bb60d-97bf-702f-9c9f-5f5fcfad70a6', 'workflow_type': 'ChainExecutorWorkflow'})
2026-01-13 12:04:05,597 - temporalio.activity - INFO - ✓ Created workflow record: ee9d44d7-7e4a-4872-8619-600fb633facc ({'activity_id': '31', 'activity_type': 'create_workflow_record', 'attempt': 1, 'namespace': 'default', 'task_queue': 'comfyui-gpu-farm', 'workflow_id': 'chain-image-edit-to-video-pipeline-252e108f-e2e2-494c-86c4-749927c8759b', 'workflow_run_id': '019bb60d-97bf-702f-9c9f-5f5fcfad70a6', 'workflow_type': 'ChainExecutorWorkflow'})
2026-01-13 12:04:05,598 - temporalio.activity - INFO - Creating workflow record: qwen_image_edit (prompt: pending) ({'activity_id': '32', 'activity_type': 'create_workflow_record', 'attempt': 1, 'namespace': 'default', 'task_queue': 'comfyui-gpu-farm', 'workflow_id': 'chain-image-edit-to-video-pipeline-252e108f-e2e2-494c-86c4-749927c8759b', 'workflow_run_id': '019bb60d-97bf-702f-9c9f-5f5fcfad70a6', 'workflow_type': 'ChainExecutorWorkflow'})
2026-01-13 12:04:05,603 - temporalio.activity - INFO - ✓ Created workflow record: c4175efb-8173-4db8-93c8-9cf95b061bf5 ({'activity_id': '32', 'activity_type': 'create_workflow_record', 'attempt': 1, 'namespace': 'default', 'task_queue': 'comfyui-gpu-farm', 'workflow_id': 'chain-image-edit-to-video-pipeline-252e108f-e2e2-494c-86c4-749927c8759b', 'workflow_run_id': '019bb60d-97bf-702f-9c9f-5f5fcfad70a6', 'workflow_type': 'ChainExecutorWorkflow'})
2026-01-13 12:04:05,615 - temporalio.workflow - INFO - Step edit_frame2: Created workflow record ee9d44d7-7e4a-4872-8619-600fb633facc ({'attempt': 1, 'namespace': 'default', 'run_id': '019bb60d-97bf-702f-9c9f-5f5fcfad70a6', 'task_queue': 'comfyui-gpu-farm', 'workflow_id': 'chain-image-edit-to-video-pipeline-252e108f-e2e2-494c-86c4-749927c8759b', 'workflow_type': 'ChainExecutorWorkflow'})
2026-01-13 12:04:05,616 - temporalio.workflow - INFO - Step edit_frame1: Created workflow record c4175efb-8173-4db8-93c8-9cf95b061bf5 ({'attempt': 1, 'namespace': 'default', 'run_id': '019bb60d-97bf-702f-9c9f-5f5fcfad70a6', 'task_queue': 'comfyui-gpu-farm', 'workflow_id': 'chain-image-edit-to-video-pipeline-252e108f-e2e2-494c-86c4-749927c8759b', 'workflow_type': 'ChainExecutorWorkflow'})
2026-01-13 12:04:05,642 - temporalio.workflow - INFO - Starting ComfyUI workflow execution ({'attempt': 1, 'namespace': 'default', 'run_id': '019bb60f-c5b6-744d-b69e-941096dd7275', 'task_queue': 'comfyui-gpu-farm', 'workflow_id': 'chain-image-edit-to-video-pipeline-252e108f-e2e2-494c-86c4-749927c8759b-edit_frame1', 'workflow_type': 'ComfyUIWorkflow'})
2026-01-13 12:04:05,642 - temporalio.workflow - INFO - Generated client_id: 10867f9b-2ed8-49e4-9369-fa978294a1e1 ({'attempt': 1, 'namespace': 'default', 'run_id': '019bb60f-c5b6-744d-b69e-941096dd7275', 'task_queue': 'comfyui-gpu-farm', 'workflow_id': 'chain-image-edit-to-video-pipeline-252e108f-e2e2-494c-86c4-749927c8759b-edit_frame1', 'workflow_type': 'ComfyUIWorkflow'})
2026-01-13 12:04:05,642 - temporalio.workflow - INFO - Using pre-selected server: http://procure-x.testmcp.org ({'attempt': 1, 'namespace': 'default', 'run_id': '019bb60f-c5b6-744d-b69e-941096dd7275', 'task_queue': 'comfyui-gpu-farm', 'workflow_id': 'chain-image-edit-to-video-pipeline-252e108f-e2e2-494c-86c4-749927c8759b-edit_frame1', 'workflow_type': 'ComfyUIWorkflow'})
2026-01-13 12:04:05,653 - temporalio.workflow - INFO - Starting ComfyUI workflow execution ({'attempt': 1, 'namespace': 'default', 'run_id': '019bb60f-c5bb-7779-9bf0-506817fc32d6', 'task_queue': 'comfyui-gpu-farm', 'workflow_id': 'chain-image-edit-to-video-pipeline-252e108f-e2e2-494c-86c4-749927c8759b-edit_frame2', 'workflow_type': 'ComfyUIWorkflow'})
2026-01-13 12:04:05,654 - temporalio.workflow - INFO - Generated client_id: eaed8fd3-616e-4627-85e1-f1e94b825934 ({'attempt': 1, 'namespace': 'default', 'run_id': '019bb60f-c5bb-7779-9bf0-506817fc32d6', 'task_queue': 'comfyui-gpu-farm', 'workflow_id': 'chain-image-edit-to-video-pipeline-252e108f-e2e2-494c-86c4-749927c8759b-edit_frame2', 'workflow_type': 'ComfyUIWorkflow'})
2026-01-13 12:04:05,654 - temporalio.workflow - INFO - Using pre-selected server: http://procure-x.testmcp.org ({'attempt': 1, 'namespace': 'default', 'run_id': '019bb60f-c5bb-7779-9bf0-506817fc32d6', 'task_queue': 'comfyui-gpu-farm', 'workflow_id': 'chain-image-edit-to-video-pipeline-252e108f-e2e2-494c-86c4-749927c8759b-edit_frame2', 'workflow_type': 'ComfyUIWorkflow'})
2026-01-13 12:04:05,662 - temporalio.activity - INFO - [V3] Executing workflow on http://procure-x.testmcp.org ({'activity_id': '1', 'activity_type': 'execute_and_track_workflow', 'attempt': 1, 'namespace': 'default', 'task_queue': 'comfyui-gpu-farm', 'workflow_id': 'chain-image-edit-to-video-pipeline-252e108f-e2e2-494c-86c4-749927c8759b-edit_frame1', 'workflow_run_id': '019bb60f-c5b6-744d-b69e-941096dd7275', 'workflow_type': 'ComfyUIWorkflow'})
2026-01-13 12:04:05,662 - temporalio.activity - INFO - [V3] Workflow name: qwen_image_edit ({'activity_id': '1', 'activity_type': 'execute_and_track_workflow', 'attempt': 1, 'namespace': 'default', 'task_queue': 'comfyui-gpu-farm', 'workflow_id': 'chain-image-edit-to-video-pipeline-252e108f-e2e2-494c-86c4-749927c8759b-edit_frame1', 'workflow_run_id': '019bb60f-c5b6-744d-b69e-941096dd7275', 'workflow_type': 'ComfyUIWorkflow'})
2026-01-13 12:04:05,705 - temporal_gateway.clients.comfy.client - INFO - ComfyUI client initialized for http://procure-x.testmcp.org
2026-01-13 12:04:05,706 - temporal_gateway.clients.comfy.client - INFO - Submitting workflow to ComfyUI
2026-01-13 12:04:05,707 - temporalio.activity - INFO - [V3] Executing workflow on http://procure-x.testmcp.org ({'activity_id': '1', 'activity_type': 'execute_and_track_workflow', 'attempt': 1, 'namespace': 'default', 'task_queue': 'comfyui-gpu-farm', 'workflow_id': 'chain-image-edit-to-video-pipeline-252e108f-e2e2-494c-86c4-749927c8759b-edit_frame2', 'workflow_run_id': '019bb60f-c5bb-7779-9bf0-506817fc32d6', 'workflow_type': 'ComfyUIWorkflow'})
2026-01-13 12:04:05,708 - temporalio.activity - INFO - [V3] Workflow name: qwen_image_edit ({'activity_id': '1', 'activity_type': 'execute_and_track_workflow', 'attempt': 1, 'namespace': 'default', 'task_queue': 'comfyui-gpu-farm', 'workflow_id': 'chain-image-edit-to-video-pipeline-252e108f-e2e2-494c-86c4-749927c8759b-edit_frame2', 'workflow_run_id': '019bb60f-c5bb-7779-9bf0-506817fc32d6', 'workflow_type': 'ComfyUIWorkflow'})
2026-01-13 12:04:05,749 - temporal_gateway.clients.comfy.client - INFO - ComfyUI client initialized for http://procure-x.testmcp.org
2026-01-13 12:04:05,749 - temporal_gateway.clients.comfy.client - INFO - Submitting workflow to ComfyUI
2026-01-13 12:04:05,813 - httpx - INFO - HTTP Request: POST http://procure-x.testmcp.org/prompt "HTTP/1.1 200 OK"
2026-01-13 12:04:05,816 - temporal_gateway.clients.comfy.client - INFO - Workflow queued with prompt_id: 872798b9-cc6d-40a7-ad49-94d43a9b90b6
2026-01-13 12:04:05,816 - temporal_gateway.clients.comfy.tracker - INFO - Starting execution tracking for prompt 872798b9-cc6d-40a7-ad49-94d43a9b90b6
2026-01-13 12:04:05,816 - temporal_gateway.clients.comfy.tracker - INFO - Starting history polling
2026-01-13 12:04:05,819 - temporal_gateway.clients.comfy.tracker - INFO - Starting WebSocket listener
2026-01-13 12:04:05,819 - temporal_gateway.clients.comfy.websocket - INFO - Connecting to WebSocket: ws://procure-x.testmcp.org/ws?clientId=daaa7649-2520-4688-a559-effde19783c3
2026-01-13 12:04:05,876 - httpx - INFO - HTTP Request: POST http://procure-x.testmcp.org/prompt "HTTP/1.1 200 OK"
2026-01-13 12:04:05,880 - httpx - INFO - HTTP Request: GET http://procure-x.testmcp.org/history/872798b9-cc6d-40a7-ad49-94d43a9b90b6 "HTTP/1.1 200 OK"
2026-01-13 12:04:05,884 - temporal_gateway.clients.comfy.client - INFO - Workflow queued with prompt_id: 58105d61-9f83-4783-9bc6-36258d313159
2026-01-13 12:04:05,885 - temporal_gateway.clients.comfy.tracker - INFO - Starting execution tracking for prompt 58105d61-9f83-4783-9bc6-36258d313159
2026-01-13 12:04:05,887 - temporal_gateway.clients.comfy.tracker - INFO - Starting history polling
2026-01-13 12:04:05,890 - temporal_gateway.clients.comfy.tracker - INFO - Starting WebSocket listener
2026-01-13 12:04:05,890 - temporal_gateway.clients.comfy.websocket - INFO - Connecting to WebSocket: ws://procure-x.testmcp.org/ws?clientId=4873db0d-7822-4941-819f-0fb62044c43a
2026-01-13 12:04:05,894 - temporal_gateway.clients.comfy.websocket - INFO - WebSocket connected successfully
2026-01-13 12:04:05,930 - httpx - INFO - HTTP Request: GET http://procure-x.testmcp.org/history/58105d61-9f83-4783-9bc6-36258d313159 "HTTP/1.1 200 OK"
2026-01-13 12:04:05,955 - temporal_gateway.clients.comfy.websocket - INFO - WebSocket connected successfully
2026-01-13 12:04:06,909 - httpx - INFO - HTTP Request: GET http://procure-x.testmcp.org/history/872798b9-cc6d-40a7-ad49-94d43a9b90b6 "HTTP/1.1 200 OK"
2026-01-13 12:04:06,950 - httpx - INFO - HTTP Request: GET http://procure-x.testmcp.org/history/58105d61-9f83-4783-9bc6-36258d313159 "HTTP/1.1 200 OK"
2026-01-13 12:04:08,231 - httpx - INFO - HTTP Request: GET http://procure-x.testmcp.org/history/872798b9-cc6d-40a7-ad49-94d43a9b90b6 "HTTP/1.1 200 OK"
2026-01-13 12:04:08,237 - httpx - INFO - HTTP Request: GET http://procure-x.testmcp.org/history/58105d61-9f83-4783-9bc6-36258d313159 "HTTP/1.1 200 OK"
2026-01-13 12:04:09,312 - httpx - INFO - HTTP Request: GET http://procure-x.testmcp.org/history/58105d61-9f83-4783-9bc6-36258d313159 "HTTP/1.1 200 OK"
2026-01-13 12:04:09,315 - httpx - INFO - HTTP Request: GET http://procure-x.testmcp.org/history/872798b9-cc6d-40a7-ad49-94d43a9b90b6 "HTTP/1.1 200 OK"
2026-01-13 12:04:10,348 - httpx - INFO - HTTP Request: GET http://procure-x.testmcp.org/history/58105d61-9f83-4783-9bc6-36258d313159 "HTTP/1.1 200 OK"
2026-01-13 12:04:10,351 - httpx - INFO - HTTP Request: GET http://procure-x.testmcp.org/history/872798b9-cc6d-40a7-ad49-94d43a9b90b6 "HTTP/1.1 200 OK"
2026-01-13 12:04:11,386 - httpx - INFO - HTTP Request: GET http://procure-x.testmcp.org/history/58105d61-9f83-4783-9bc6-36258d313159 "HTTP/1.1 200 OK"
2026-01-13 12:04:11,391 - httpx - INFO - HTTP Request: GET http://procure-x.testmcp.org/history/872798b9-cc6d-40a7-ad49-94d43a9b90b6 "HTTP/1.1 200 OK"
2026-01-13 12:04:12,416 - httpx - INFO - HTTP Request: GET http://procure-x.testmcp.org/history/872798b9-cc6d-40a7-ad49-94d43a9b90b6 "HTTP/1.1 200 OK"
2026-01-13 12:04:12,421 - httpx - INFO - HTTP Request: GET http://procure-x.testmcp.org/history/58105d61-9f83-4783-9bc6-36258d313159 "HTTP/1.1 200 OK"
2026-01-13 12:04:13,458 - httpx - INFO - HTTP Request: GET http://procure-x.testmcp.org/history/872798b9-cc6d-40a7-ad49-94d43a9b90b6 "HTTP/1.1 200 OK"
2026-01-13 12:04:13,463 - httpx - INFO - HTTP Request: GET http://procure-x.testmcp.org/history/58105d61-9f83-4783-9bc6-36258d313159 "HTTP/1.1 200 OK"
2026-01-13 12:04:14,490 - httpx - INFO - HTTP Request: GET http://procure-x.testmcp.org/history/872798b9-cc6d-40a7-ad49-94d43a9b90b6 "HTTP/1.1 200 OK"
2026-01-13 12:04:14,534 - httpx - INFO - HTTP Request: GET http://procure-x.testmcp.org/history/58105d61-9f83-4783-9bc6-36258d313159 "HTTP/1.1 200 OK"
2026-01-13 12:04:15,560 - httpx - INFO - HTTP Request: GET http://procure-x.testmcp.org/history/58105d61-9f83-4783-9bc6-36258d313159 "HTTP/1.1 200 OK"
2026-01-13 12:04:15,568 - httpx - INFO - HTTP Request: GET http://procure-x.testmcp.org/history/872798b9-cc6d-40a7-ad49-94d43a9b90b6 "HTTP/1.1 200 OK"
2026-01-13 12:04:16,591 - httpx - INFO - HTTP Request: GET http://procure-x.testmcp.org/history/872798b9-cc6d-40a7-ad49-94d43a9b90b6 "HTTP/1.1 200 OK"
2026-01-13 12:04:16,595 - httpx - INFO - HTTP Request: GET http://procure-x.testmcp.org/history/58105d61-9f83-4783-9bc6-36258d313159 "HTTP/1.1 200 OK"
2026-01-13 12:04:17,612 - httpx - INFO - HTTP Request: GET http://procure-x.testmcp.org/history/872798b9-cc6d-40a7-ad49-94d43a9b90b6 "HTTP/1.1 200 OK"
2026-01-13 12:04:17,617 - httpx - INFO - HTTP Request: GET http://procure-x.testmcp.org/history/58105d61-9f83-4783-9bc6-36258d313159 "HTTP/1.1 200 OK"
2026-01-13 12:04:18,641 - httpx - INFO - HTTP Request: GET http://procure-x.testmcp.org/history/58105d61-9f83-4783-9bc6-36258d313159 "HTTP/1.1 200 OK"
2026-01-13 12:04:18,646 - httpx - INFO - HTTP Request: GET http://procure-x.testmcp.org/history/872798b9-cc6d-40a7-ad49-94d43a9b90b6 "HTTP/1.1 200 OK"
2026-01-13 12:04:19,679 - httpx - INFO - HTTP Request: GET http://procure-x.testmcp.org/history/58105d61-9f83-4783-9bc6-36258d313159 "HTTP/1.1 200 OK"
2026-01-13 12:04:19,686 - httpx - INFO - HTTP Request: GET http://procure-x.testmcp.org/history/872798b9-cc6d-40a7-ad49-94d43a9b90b6 "HTTP/1.1 200 OK"
2026-01-13 12:04:20,702 - httpx - INFO - HTTP Request: GET http://procure-x.testmcp.org/history/58105d61-9f83-4783-9bc6-36258d313159 "HTTP/1.1 200 OK"
2026-01-13 12:04:20,707 - httpx - INFO - HTTP Request: GET http://procure-x.testmcp.org/history/872798b9-cc6d-40a7-ad49-94d43a9b90b6 "HTTP/1.1 200 OK"
2026-01-13 12:04:21,723 - httpx - INFO - HTTP Request: GET http://procure-x.testmcp.org/history/58105d61-9f83-4783-9bc6-36258d313159 "HTTP/1.1 200 OK"
2026-01-13 12:04:21,724 - httpx - INFO - HTTP Request: GET http://procure-x.testmcp.org/history/872798b9-cc6d-40a7-ad49-94d43a9b90b6 "HTTP/1.1 200 OK"
2026-01-13 12:04:22,750 - httpx - INFO - HTTP Request: GET http://procure-x.testmcp.org/history/58105d61-9f83-4783-9bc6-36258d313159 "HTTP/1.1 200 OK"
2026-01-13 12:04:22,807 - httpx - INFO - HTTP Request: GET http://procure-x.testmcp.org/history/872798b9-cc6d-40a7-ad49-94d43a9b90b6 "HTTP/1.1 200 OK"
2026-01-13 12:04:23,777 - httpx - INFO - HTTP Request: GET http://procure-x.testmcp.org/history/58105d61-9f83-4783-9bc6-36258d313159 "HTTP/1.1 200 OK"
2026-01-13 12:04:23,832 - httpx - INFO - HTTP Request: GET http://procure-x.testmcp.org/history/872798b9-cc6d-40a7-ad49-94d43a9b90b6 "HTTP/1.1 200 OK"
2026-01-13 12:04:24,802 - httpx - INFO - HTTP Request: GET http://procure-x.testmcp.org/history/58105d61-9f83-4783-9bc6-36258d313159 "HTTP/1.1 200 OK"
2026-01-13 12:04:24,862 - httpx - INFO - HTTP Request: GET http://procure-x.testmcp.org/history/872798b9-cc6d-40a7-ad49-94d43a9b90b6 "HTTP/1.1 200 OK"
2026-01-13 12:04:25,885 - httpx - INFO - HTTP Request: GET http://procure-x.testmcp.org/history/58105d61-9f83-4783-9bc6-36258d313159 "HTTP/1.1 200 OK"
2026-01-13 12:04:25,903 - httpx - INFO - HTTP Request: GET http://procure-x.testmcp.org/history/872798b9-cc6d-40a7-ad49-94d43a9b90b6 "HTTP/1.1 200 OK"
2026-01-13 12:04:26,913 - httpx - INFO - HTTP Request: GET http://procure-x.testmcp.org/history/58105d61-9f83-4783-9bc6-36258d313159 "HTTP/1.1 200 OK"
2026-01-13 12:04:26,930 - httpx - INFO - HTTP Request: GET http://procure-x.testmcp.org/history/872798b9-cc6d-40a7-ad49-94d43a9b90b6 "HTTP/1.1 200 OK"
2026-01-13 12:04:27,940 - httpx - INFO - HTTP Request: GET http://procure-x.testmcp.org/history/58105d61-9f83-4783-9bc6-36258d313159 "HTTP/1.1 200 OK"
2026-01-13 12:04:27,954 - httpx - INFO - HTTP Request: GET http://procure-x.testmcp.org/history/872798b9-cc6d-40a7-ad49-94d43a9b90b6 "HTTP/1.1 200 OK"
2026-01-13 12:04:28,974 - httpx - INFO - HTTP Request: GET http://procure-x.testmcp.org/history/58105d61-9f83-4783-9bc6-36258d313159 "HTTP/1.1 200 OK"
2026-01-13 12:04:29,026 - httpx - INFO - HTTP Request: GET http://procure-x.testmcp.org/history/872798b9-cc6d-40a7-ad49-94d43a9b90b6 "HTTP/1.1 200 OK"
2026-01-13 12:04:30,024 - httpx - INFO - HTTP Request: GET http://procure-x.testmcp.org/history/58105d61-9f83-4783-9bc6-36258d313159 "HTTP/1.1 200 OK"
2026-01-13 12:04:30,058 - httpx - INFO - HTTP Request: GET http://procure-x.testmcp.org/history/872798b9-cc6d-40a7-ad49-94d43a9b90b6 "HTTP/1.1 200 OK"
2026-01-13 12:04:31,060 - httpx - INFO - HTTP Request: GET http://procure-x.testmcp.org/history/58105d61-9f83-4783-9bc6-36258d313159 "HTTP/1.1 200 OK"
2026-01-13 12:04:31,084 - httpx - INFO - HTTP Request: GET http://procure-x.testmcp.org/history/872798b9-cc6d-40a7-ad49-94d43a9b90b6 "HTTP/1.1 200 OK"
2026-01-13 12:04:32,085 - httpx - INFO - HTTP Request: GET http://procure-x.testmcp.org/history/58105d61-9f83-4783-9bc6-36258d313159 "HTTP/1.1 200 OK"
2026-01-13 12:04:32,151 - httpx - INFO - HTTP Request: GET http://procure-x.testmcp.org/history/872798b9-cc6d-40a7-ad49-94d43a9b90b6 "HTTP/1.1 200 OK"
2026-01-13 12:04:33,118 - httpx - INFO - HTTP Request: GET http://procure-x.testmcp.org/history/58105d61-9f83-4783-9bc6-36258d313159 "HTTP/1.1 200 OK"
2026-01-13 12:04:33,228 - httpx - INFO - HTTP Request: GET http://procure-x.testmcp.org/history/872798b9-cc6d-40a7-ad49-94d43a9b90b6 "HTTP/1.1 200 OK"
2026-01-13 12:04:34,145 - httpx - INFO - HTTP Request: GET http://procure-x.testmcp.org/history/58105d61-9f83-4783-9bc6-36258d313159 "HTTP/1.1 200 OK"
2026-01-13 12:04:34,546 - httpx - INFO - HTTP Request: GET http://procure-x.testmcp.org/history/872798b9-cc6d-40a7-ad49-94d43a9b90b6 "HTTP/1.1 200 OK"
2026-01-13 12:04:35,175 - httpx - INFO - HTTP Request: GET http://procure-x.testmcp.org/history/58105d61-9f83-4783-9bc6-36258d313159 "HTTP/1.1 200 OK"
2026-01-13 12:04:35,578 - httpx - INFO - HTTP Request: GET http://procure-x.testmcp.org/history/872798b9-cc6d-40a7-ad49-94d43a9b90b6 "HTTP/1.1 200 OK"
2026-01-13 12:04:36,212 - httpx - INFO - HTTP Request: GET http://procure-x.testmcp.org/history/58105d61-9f83-4783-9bc6-36258d313159 "HTTP/1.1 200 OK"
2026-01-13 12:04:36,799 - httpx - INFO - HTTP Request: GET http://procure-x.testmcp.org/history/872798b9-cc6d-40a7-ad49-94d43a9b90b6 "HTTP/1.1 200 OK"
2026-01-13 12:04:37,267 - httpx - INFO - HTTP Request: GET http://procure-x.testmcp.org/history/58105d61-9f83-4783-9bc6-36258d313159 "HTTP/1.1 200 OK"
2026-01-13 12:04:37,869 - httpx - INFO - HTTP Request: GET http://procure-x.testmcp.org/history/872798b9-cc6d-40a7-ad49-94d43a9b90b6 "HTTP/1.1 200 OK"
2026-01-13 12:04:38,299 - httpx - INFO - HTTP Request: GET http://procure-x.testmcp.org/history/58105d61-9f83-4783-9bc6-36258d313159 "HTTP/1.1 200 OK"
2026-01-13 12:04:38,903 - httpx - INFO - HTTP Request: GET http://procure-x.testmcp.org/history/872798b9-cc6d-40a7-ad49-94d43a9b90b6 "HTTP/1.1 200 OK"
2026-01-13 12:04:39,375 - httpx - INFO - HTTP Request: GET http://procure-x.testmcp.org/history/58105d61-9f83-4783-9bc6-36258d313159 "HTTP/1.1 200 OK"
2026-01-13 12:04:39,940 - httpx - INFO - HTTP Request: GET http://procure-x.testmcp.org/history/872798b9-cc6d-40a7-ad49-94d43a9b90b6 "HTTP/1.1 200 OK"
2026-01-13 12:04:40,397 - httpx - INFO - HTTP Request: GET http://procure-x.testmcp.org/history/58105d61-9f83-4783-9bc6-36258d313159 "HTTP/1.1 200 OK"
2026-01-13 12:04:40,963 - httpx - INFO - HTTP Request: GET http://procure-x.testmcp.org/history/872798b9-cc6d-40a7-ad49-94d43a9b90b6 "HTTP/1.1 200 OK"
2026-01-13 12:04:41,428 - httpx - INFO - HTTP Request: GET http://procure-x.testmcp.org/history/58105d61-9f83-4783-9bc6-36258d313159 "HTTP/1.1 200 OK"
2026-01-13 12:04:42,040 - httpx - INFO - HTTP Request: GET http://procure-x.testmcp.org/history/872798b9-cc6d-40a7-ad49-94d43a9b90b6 "HTTP/1.1 200 OK"
2026-01-13 12:04:42,455 - httpx - INFO - HTTP Request: GET http://procure-x.testmcp.org/history/58105d61-9f83-4783-9bc6-36258d313159 "HTTP/1.1 200 OK"
2026-01-13 12:04:43,068 - httpx - INFO - HTTP Request: GET http://procure-x.testmcp.org/history/872798b9-cc6d-40a7-ad49-94d43a9b90b6 "HTTP/1.1 200 OK"
2026-01-13 12:04:43,489 - httpx - INFO - HTTP Request: GET http://procure-x.testmcp.org/history/58105d61-9f83-4783-9bc6-36258d313159 "HTTP/1.1 200 OK"
2026-01-13 12:04:44,100 - httpx - INFO - HTTP Request: GET http://procure-x.testmcp.org/history/872798b9-cc6d-40a7-ad49-94d43a9b90b6 "HTTP/1.1 200 OK"
2026-01-13 12:04:44,521 - httpx - INFO - HTTP Request: GET http://procure-x.testmcp.org/history/58105d61-9f83-4783-9bc6-36258d313159 "HTTP/1.1 200 OK"
2026-01-13 12:04:45,176 - httpx - INFO - HTTP Request: GET http://procure-x.testmcp.org/history/872798b9-cc6d-40a7-ad49-94d43a9b90b6 "HTTP/1.1 200 OK"
2026-01-13 12:04:45,552 - httpx - INFO - HTTP Request: GET http://procure-x.testmcp.org/history/58105d61-9f83-4783-9bc6-36258d313159 "HTTP/1.1 200 OK"
2026-01-13 12:04:46,270 - httpx - INFO - HTTP Request: GET http://procure-x.testmcp.org/history/872798b9-cc6d-40a7-ad49-94d43a9b90b6 "HTTP/1.1 200 OK"
2026-01-13 12:04:46,575 - httpx - INFO - HTTP Request: GET http://procure-x.testmcp.org/history/58105d61-9f83-4783-9bc6-36258d313159 "HTTP/1.1 200 OK"
2026-01-13 12:04:47,301 - httpx - INFO - HTTP Request: GET http://procure-x.testmcp.org/history/872798b9-cc6d-40a7-ad49-94d43a9b90b6 "HTTP/1.1 200 OK"
2026-01-13 12:04:47,662 - httpx - INFO - HTTP Request: GET http://procure-x.testmcp.org/history/58105d61-9f83-4783-9bc6-36258d313159 "HTTP/1.1 200 OK"
2026-01-13 12:04:48,381 - httpx - INFO - HTTP Request: GET http://procure-x.testmcp.org/history/872798b9-cc6d-40a7-ad49-94d43a9b90b6 "HTTP/1.1 200 OK"
2026-01-13 12:04:48,694 - httpx - INFO - HTTP Request: GET http://procure-x.testmcp.org/history/58105d61-9f83-4783-9bc6-36258d313159 "HTTP/1.1 200 OK"
2026-01-13 12:04:49,413 - httpx - INFO - HTTP Request: GET http://procure-x.testmcp.org/history/872798b9-cc6d-40a7-ad49-94d43a9b90b6 "HTTP/1.1 200 OK"
2026-01-13 12:04:49,728 - httpx - INFO - HTTP Request: GET http://procure-x.testmcp.org/history/58105d61-9f83-4783-9bc6-36258d313159 "HTTP/1.1 200 OK"
2026-01-13 12:04:50,444 - httpx - INFO - HTTP Request: GET http://procure-x.testmcp.org/history/872798b9-cc6d-40a7-ad49-94d43a9b90b6 "HTTP/1.1 200 OK"
2026-01-13 12:04:50,763 - httpx - INFO - HTTP Request: GET http://procure-x.testmcp.org/history/58105d61-9f83-4783-9bc6-36258d313159 "HTTP/1.1 200 OK"
2026-01-13 12:04:51,531 - httpx - INFO - HTTP Request: GET http://procure-x.testmcp.org/history/872798b9-cc6d-40a7-ad49-94d43a9b90b6 "HTTP/1.1 200 OK"
2026-01-13 12:04:51,792 - httpx - INFO - HTTP Request: GET http://procure-x.testmcp.org/history/58105d61-9f83-4783-9bc6-36258d313159 "HTTP/1.1 200 OK"
2026-01-13 12:04:52,576 - httpx - INFO - HTTP Request: GET http://procure-x.testmcp.org/history/872798b9-cc6d-40a7-ad49-94d43a9b90b6 "HTTP/1.1 200 OK"
2026-01-13 12:04:52,823 - httpx - INFO - HTTP Request: GET http://procure-x.testmcp.org/history/58105d61-9f83-4783-9bc6-36258d313159 "HTTP/1.1 200 OK"
2026-01-13 12:04:53,623 - httpx - INFO - HTTP Request: GET http://procure-x.testmcp.org/history/872798b9-cc6d-40a7-ad49-94d43a9b90b6 "HTTP/1.1 200 OK"
2026-01-13 12:04:53,900 - httpx - INFO - HTTP Request: GET http://procure-x.testmcp.org/history/58105d61-9f83-4783-9bc6-36258d313159 "HTTP/1.1 200 OK"
2026-01-13 12:04:54,659 - httpx - INFO - HTTP Request: GET http://procure-x.testmcp.org/history/872798b9-cc6d-40a7-ad49-94d43a9b90b6 "HTTP/1.1 200 OK"
2026-01-13 12:04:54,927 - httpx - INFO - HTTP Request: GET http://procure-x.testmcp.org/history/58105d61-9f83-4783-9bc6-36258d313159 "HTTP/1.1 200 OK"
2026-01-13 12:04:55,730 - httpx - INFO - HTTP Request: GET http://procure-x.testmcp.org/history/872798b9-cc6d-40a7-ad49-94d43a9b90b6 "HTTP/1.1 200 OK"
2026-01-13 12:04:55,956 - httpx - INFO - HTTP Request: GET http://procure-x.testmcp.org/history/58105d61-9f83-4783-9bc6-36258d313159 "HTTP/1.1 200 OK"
2026-01-13 12:04:56,766 - httpx - INFO - HTTP Request: GET http://procure-x.testmcp.org/history/872798b9-cc6d-40a7-ad49-94d43a9b90b6 "HTTP/1.1 200 OK"
2026-01-13 12:04:57,034 - httpx - INFO - HTTP Request: GET http://procure-x.testmcp.org/history/58105d61-9f83-4783-9bc6-36258d313159 "HTTP/1.1 200 OK"
2026-01-13 12:04:57,790 - httpx - INFO - HTTP Request: GET http://procure-x.testmcp.org/history/872798b9-cc6d-40a7-ad49-94d43a9b90b6 "HTTP/1.1 200 OK"
2026-01-13 12:04:58,098 - httpx - INFO - HTTP Request: GET http://procure-x.testmcp.org/history/58105d61-9f83-4783-9bc6-36258d313159 "HTTP/1.1 200 OK"
2026-01-13 12:04:58,824 - httpx - INFO - HTTP Request: GET http://procure-x.testmcp.org/history/872798b9-cc6d-40a7-ad49-94d43a9b90b6 "HTTP/1.1 200 OK"
2026-01-13 12:04:59,134 - httpx - INFO - HTTP Request: GET http://procure-x.testmcp.org/history/58105d61-9f83-4783-9bc6-36258d313159 "HTTP/1.1 200 OK"
2026-01-13 12:04:59,969 - httpx - INFO - HTTP Request: GET http://procure-x.testmcp.org/history/872798b9-cc6d-40a7-ad49-94d43a9b90b6 "HTTP/1.1 200 OK"
2026-01-13 12:05:00,214 - httpx - INFO - HTTP Request: GET http://procure-x.testmcp.org/history/58105d61-9f83-4783-9bc6-36258d313159 "HTTP/1.1 200 OK"
2026-01-13 12:05:01,055 - httpx - INFO - HTTP Request: GET http://procure-x.testmcp.org/history/872798b9-cc6d-40a7-ad49-94d43a9b90b6 "HTTP/1.1 200 OK"
2026-01-13 12:05:01,255 - httpx - INFO - HTTP Request: GET http://procure-x.testmcp.org/history/58105d61-9f83-4783-9bc6-36258d313159 "HTTP/1.1 200 OK"
2026-01-13 12:05:01,372 - temporal_gateway.clients.comfy.tracker - INFO - [WS] Execution completed successfully
2026-01-13 12:05:01,897 - httpx - INFO - HTTP Request: GET http://procure-x.testmcp.org/history/872798b9-cc6d-40a7-ad49-94d43a9b90b6 "HTTP/1.1 200 OK"
2026-01-13 12:05:01,900 - temporal_gateway.clients.comfy.tracker - INFO - Tracking completed: success (took 56.08s)
2026-01-13 12:05:01,902 - temporalio.activity - INFO - [V3] Workflow completed successfully ({'activity_id': '1', 'activity_type': 'execute_and_track_workflow', 'attempt': 1, 'namespace': 'default', 'task_queue': 'comfyui-gpu-farm', 'workflow_id': 'chain-image-edit-to-video-pipeline-252e108f-e2e2-494c-86c4-749927c8759b-edit_frame1', 'workflow_run_id': '019bb60f-c5b6-744d-b69e-941096dd7275', 'workflow_type': 'ComfyUIWorkflow'})
2026-01-13 12:05:01,920 - temporalio.workflow - INFO - Execution completed successfully ({'attempt': 1, 'namespace': 'default', 'run_id': '019bb60f-c5b6-744d-b69e-941096dd7275', 'task_queue': 'comfyui-gpu-farm', 'workflow_id': 'chain-image-edit-to-video-pipeline-252e108f-e2e2-494c-86c4-749927c8759b-edit_frame1', 'workflow_type': 'ComfyUIWorkflow'})
2026-01-13 12:05:01,928 - temporalio.activity - INFO - Extracting server output files ({'activity_id': '2', 'activity_type': 'get_server_output_files', 'attempt': 1, 'namespace': 'default', 'task_queue': 'comfyui-gpu-farm', 'workflow_id': 'chain-image-edit-to-video-pipeline-252e108f-e2e2-494c-86c4-749927c8759b-edit_frame1', 'workflow_run_id': '019bb60f-c5b6-744d-b69e-941096dd7275', 'workflow_type': 'ComfyUIWorkflow'})
2026-01-13 12:05:01,928 - temporalio.activity - INFO - Found 1 output file(s) ({'activity_id': '2', 'activity_type': 'get_server_output_files', 'attempt': 1, 'namespace': 'default', 'task_queue': 'comfyui-gpu-farm', 'workflow_id': 'chain-image-edit-to-video-pipeline-252e108f-e2e2-494c-86c4-749927c8759b-edit_frame1', 'workflow_run_id': '019bb60f-c5b6-744d-b69e-941096dd7275', 'workflow_type': 'ComfyUIWorkflow'})
2026-01-13 12:05:01,937 - temporalio.workflow - INFO - Found 1 server output file(s) ({'attempt': 1, 'namespace': 'default', 'run_id': '019bb60f-c5b6-744d-b69e-941096dd7275', 'task_queue': 'comfyui-gpu-farm', 'workflow_id': 'chain-image-edit-to-video-pipeline-252e108f-e2e2-494c-86c4-749927c8759b-edit_frame1', 'workflow_type': 'ComfyUIWorkflow'})
2026-01-13 12:05:01,944 - temporalio.activity - INFO - Downloading and persisting 1 artifact(s) for workflow c4175efb-8173-4db8-93c8-9cf95b061bf5 ({'activity_id': '3', 'activity_type': 'download_and_store_artifacts', 'attempt': 1, 'namespace': 'default', 'task_queue': 'comfyui-gpu-farm', 'workflow_id': 'chain-image-edit-to-video-pipeline-252e108f-e2e2-494c-86c4-749927c8759b-edit_frame1', 'workflow_run_id': '019bb60f-c5b6-744d-b69e-941096dd7275', 'workflow_type': 'ComfyUIWorkflow'})
2026-01-13 12:05:01,988 - temporal_gateway.clients.comfy.client - INFO - ComfyUI client initialized for http://procure-x.testmcp.org
2026-01-13 12:05:02,073 - httpx - INFO - HTTP Request: GET http://procure-x.testmcp.org/view?filename=ComfyUI_00275_.png&type=output "HTTP/1.1 200 OK"
2026-01-13 12:05:02,345 - httpx - INFO - HTTP Request: GET http://procure-x.testmcp.org/history/58105d61-9f83-4783-9bc6-36258d313159 "HTTP/1.1 200 OK"
2026-01-13 12:05:03,386 - httpx - INFO - HTTP Request: GET http://procure-x.testmcp.org/history/58105d61-9f83-4783-9bc6-36258d313159 "HTTP/1.1 200 OK"
2026-01-13 12:05:04,411 - httpx - INFO - HTTP Request: GET http://procure-x.testmcp.org/history/58105d61-9f83-4783-9bc6-36258d313159 "HTTP/1.1 200 OK"
2026-01-13 12:05:04,996 - temporalio.activity - INFO - ✓ Saved artifact to DB: eab67649-5de0-43d5-a72f-0f1f16e0aa57 (ComfyUI_00275_.png) ({'activity_id': '3', 'activity_type': 'download_and_store_artifacts', 'attempt': 1, 'namespace': 'default', 'task_queue': 'comfyui-gpu-farm', 'workflow_id': 'chain-image-edit-to-video-pipeline-252e108f-e2e2-494c-86c4-749927c8759b-edit_frame1', 'workflow_run_id': '019bb60f-c5b6-744d-b69e-941096dd7275', 'workflow_type': 'ComfyUIWorkflow'})
2026-01-13 12:05:04,996 - temporalio.activity - INFO - Downloaded and persisted 1 artifact(s) ({'activity_id': '3', 'activity_type': 'download_and_store_artifacts', 'attempt': 1, 'namespace': 'default', 'task_queue': 'comfyui-gpu-farm', 'workflow_id': 'chain-image-edit-to-video-pipeline-252e108f-e2e2-494c-86c4-749927c8759b-edit_frame1', 'workflow_run_id': '019bb60f-c5b6-744d-b69e-941096dd7275', 'workflow_type': 'ComfyUIWorkflow'})
2026-01-13 12:05:05,006 - temporalio.workflow - INFO - Downloaded 1 file(s) locally ({'attempt': 1, 'namespace': 'default', 'run_id': '019bb60f-c5b6-744d-b69e-941096dd7275', 'task_queue': 'comfyui-gpu-farm', 'workflow_id': 'chain-image-edit-to-video-pipeline-252e108f-e2e2-494c-86c4-749927c8759b-edit_frame1', 'workflow_type': 'ComfyUIWorkflow'})
2026-01-13 12:05:05,027 - temporalio.activity - INFO - Updating workflow c4175efb-8173-4db8-93c8-9cf95b061bf5 status to: completed ({'activity_id': '33', 'activity_type': 'update_workflow_status_activity', 'attempt': 1, 'namespace': 'default', 'task_queue': 'comfyui-gpu-farm', 'workflow_id': 'chain-image-edit-to-video-pipeline-252e108f-e2e2-494c-86c4-749927c8759b', 'workflow_run_id': '019bb60d-97bf-702f-9c9f-5f5fcfad70a6', 'workflow_type': 'ChainExecutorWorkflow'})
2026-01-13 12:05:05,031 - temporalio.activity - INFO - ✓ Updated workflow status ({'activity_id': '33', 'activity_type': 'update_workflow_status_activity', 'attempt': 1, 'namespace': 'default', 'task_queue': 'comfyui-gpu-farm', 'workflow_id': 'chain-image-edit-to-video-pipeline-252e108f-e2e2-494c-86c4-749927c8759b', 'workflow_run_id': '019bb60d-97bf-702f-9c9f-5f5fcfad70a6', 'workflow_type': 'ChainExecutorWorkflow'})
2026-01-13 12:05:05,039 - temporalio.workflow - INFO - Step edit_frame1: Approval required, fetching artifacts... ({'attempt': 1, 'namespace': 'default', 'run_id': '019bb60d-97bf-702f-9c9f-5f5fcfad70a6', 'task_queue': 'comfyui-gpu-farm', 'workflow_id': 'chain-image-edit-to-video-pipeline-252e108f-e2e2-494c-86c4-749927c8759b', 'workflow_type': 'ChainExecutorWorkflow'})
2026-01-13 12:05:05,046 - temporalio.activity - INFO - Getting artifacts for workflow: c4175efb-8173-4db8-93c8-9cf95b061bf5 ({'activity_id': '34', 'activity_type': 'get_workflow_artifacts', 'attempt': 1, 'namespace': 'default', 'task_queue': 'comfyui-gpu-farm', 'workflow_id': 'chain-image-edit-to-video-pipeline-252e108f-e2e2-494c-86c4-749927c8759b', 'workflow_run_id': '019bb60d-97bf-702f-9c9f-5f5fcfad70a6', 'workflow_type': 'ChainExecutorWorkflow'})
2026-01-13 12:05:05,063 - temporalio.activity - INFO - Creating approval request for artifact: eab67649-5de0-43d5-a72f-0f1f16e0aa57 ({'activity_id': '35', 'activity_type': 'create_approval_request_activity', 'attempt': 1, 'namespace': 'default', 'task_queue': 'comfyui-gpu-farm', 'workflow_id': 'chain-image-edit-to-video-pipeline-252e108f-e2e2-494c-86c4-749927c8759b', 'workflow_run_id': '019bb60d-97bf-702f-9c9f-5f5fcfad70a6', 'workflow_type': 'ChainExecutorWorkflow'})
2026-01-13 12:05:05,067 - temporalio.activity - INFO - ✓ Created approval request: 73c3122c-2161-4cf8-a500-cb7093cbd002, token: Mk6zvi_S61p8YZWT... ({'activity_id': '35', 'activity_type': 'create_approval_request_activity', 'attempt': 1, 'namespace': 'default', 'task_queue': 'comfyui-gpu-farm', 'workflow_id': 'chain-image-edit-to-video-pipeline-252e108f-e2e2-494c-86c4-749927c8759b', 'workflow_run_id': '019bb60d-97bf-702f-9c9f-5f5fcfad70a6', 'workflow_type': 'ChainExecutorWorkflow'})
2026-01-13 12:05:05,067 - temporal_gateway.services.broadcast - INFO - Published approval_requested to chain:015f4aba-9a7b-4181-8848-84759aeb30f5
2026-01-13 12:05:05,067 - temporalio.activity - INFO - Published approval_requested event for chain 015f4aba-9a7b-4181-8848-84759aeb30f5 ({'activity_id': '35', 'activity_type': 'create_approval_request_activity', 'attempt': 1, 'namespace': 'default', 'task_queue': 'comfyui-gpu-farm', 'workflow_id': 'chain-image-edit-to-video-pipeline-252e108f-e2e2-494c-86c4-749927c8759b', 'workflow_run_id': '019bb60d-97bf-702f-9c9f-5f5fcfad70a6', 'workflow_type': 'ChainExecutorWorkflow'})
2026-01-13 12:05:05,076 - temporalio.workflow - INFO - Step edit_frame1: Approval request created, token: Mk6zvi_S61p8YZWT... ({'attempt': 1, 'namespace': 'default', 'run_id': '019bb60d-97bf-702f-9c9f-5f5fcfad70a6', 'task_queue': 'comfyui-gpu-farm', 'workflow_id': 'chain-image-edit-to-video-pipeline-252e108f-e2e2-494c-86c4-749927c8759b', 'workflow_type': 'ChainExecutorWorkflow'})
2026-01-13 12:05:05,477 - httpx - INFO - HTTP Request: GET http://procure-x.testmcp.org/history/58105d61-9f83-4783-9bc6-36258d313159 "HTTP/1.1 200 OK"
2026-01-13 12:05:06,511 - httpx - INFO - HTTP Request: GET http://procure-x.testmcp.org/history/58105d61-9f83-4783-9bc6-36258d313159 "HTTP/1.1 200 OK"
2026-01-13 12:05:07,542 - httpx - INFO - HTTP Request: GET http://procure-x.testmcp.org/history/58105d61-9f83-4783-9bc6-36258d313159 "HTTP/1.1 200 OK"
2026-01-13 12:05:08,571 - httpx - INFO - HTTP Request: GET http://procure-x.testmcp.org/history/58105d61-9f83-4783-9bc6-36258d313159 "HTTP/1.1 200 OK"
2026-01-13 12:05:09,643 - httpx - INFO - HTTP Request: GET http://procure-x.testmcp.org/history/58105d61-9f83-4783-9bc6-36258d313159 "HTTP/1.1 200 OK"
2026-01-13 12:05:10,720 - httpx - INFO - HTTP Request: GET http://procure-x.testmcp.org/history/58105d61-9f83-4783-9bc6-36258d313159 "HTTP/1.1 200 OK"
2026-01-13 12:05:11,756 - httpx - INFO - HTTP Request: GET http://procure-x.testmcp.org/history/58105d61-9f83-4783-9bc6-36258d313159 "HTTP/1.1 200 OK"
2026-01-13 12:05:12,777 - httpx - INFO - HTTP Request: GET http://procure-x.testmcp.org/history/58105d61-9f83-4783-9bc6-36258d313159 "HTTP/1.1 200 OK"
2026-01-13 12:05:13,813 - httpx - INFO - HTTP Request: GET http://procure-x.testmcp.org/history/58105d61-9f83-4783-9bc6-36258d313159 "HTTP/1.1 200 OK"
2026-01-13 12:05:14,848 - httpx - INFO - HTTP Request: GET http://procure-x.testmcp.org/history/58105d61-9f83-4783-9bc6-36258d313159 "HTTP/1.1 200 OK"
2026-01-13 12:05:15,876 - httpx - INFO - HTTP Request: GET http://procure-x.testmcp.org/history/58105d61-9f83-4783-9bc6-36258d313159 "HTTP/1.1 200 OK"
2026-01-13 12:05:16,909 - httpx - INFO - HTTP Request: GET http://procure-x.testmcp.org/history/58105d61-9f83-4783-9bc6-36258d313159 "HTTP/1.1 200 OK"
2026-01-13 12:05:17,986 - httpx - INFO - HTTP Request: GET http://procure-x.testmcp.org/history/58105d61-9f83-4783-9bc6-36258d313159 "HTTP/1.1 200 OK"
2026-01-13 12:05:19,013 - httpx - INFO - HTTP Request: GET http://procure-x.testmcp.org/history/58105d61-9f83-4783-9bc6-36258d313159 "HTTP/1.1 200 OK"
2026-01-13 12:05:20,422 - httpx - INFO - HTTP Request: GET http://procure-x.testmcp.org/history/58105d61-9f83-4783-9bc6-36258d313159 "HTTP/1.1 200 OK"
2026-01-13 12:05:21,456 - httpx - INFO - HTTP Request: GET http://procure-x.testmcp.org/history/58105d61-9f83-4783-9bc6-36258d313159 "HTTP/1.1 200 OK"
2026-01-13 12:05:22,567 - httpx - INFO - HTTP Request: GET http://procure-x.testmcp.org/history/58105d61-9f83-4783-9bc6-36258d313159 "HTTP/1.1 200 OK"
2026-01-13 12:05:23,589 - httpx - INFO - HTTP Request: GET http://procure-x.testmcp.org/history/58105d61-9f83-4783-9bc6-36258d313159 "HTTP/1.1 200 OK"
2026-01-13 12:05:24,616 - httpx - INFO - HTTP Request: GET http://procure-x.testmcp.org/history/58105d61-9f83-4783-9bc6-36258d313159 "HTTP/1.1 200 OK"
2026-01-13 12:05:25,660 - httpx - INFO - HTTP Request: GET http://procure-x.testmcp.org/history/58105d61-9f83-4783-9bc6-36258d313159 "HTTP/1.1 200 OK"
2026-01-13 12:05:26,695 - httpx - INFO - HTTP Request: GET http://procure-x.testmcp.org/history/58105d61-9f83-4783-9bc6-36258d313159 "HTTP/1.1 200 OK"
2026-01-13 12:05:27,728 - httpx - INFO - HTTP Request: GET http://procure-x.testmcp.org/history/58105d61-9f83-4783-9bc6-36258d313159 "HTTP/1.1 200 OK"
2026-01-13 12:05:28,797 - httpx - INFO - HTTP Request: GET http://procure-x.testmcp.org/history/58105d61-9f83-4783-9bc6-36258d313159 "HTTP/1.1 200 OK"
2026-01-13 12:05:29,823 - httpx - INFO - HTTP Request: GET http://procure-x.testmcp.org/history/58105d61-9f83-4783-9bc6-36258d313159 "HTTP/1.1 200 OK"
2026-01-13 12:05:30,069 - temporal_gateway.clients.comfy.tracker - INFO - [WS] Execution completed successfully
2026-01-13 12:05:30,456 - httpx - INFO - HTTP Request: GET http://procure-x.testmcp.org/history/58105d61-9f83-4783-9bc6-36258d313159 "HTTP/1.1 200 OK"
2026-01-13 12:05:30,457 - temporal_gateway.clients.comfy.tracker - INFO - Tracking completed: success (took 84.57s)
2026-01-13 12:05:30,457 - temporalio.activity - INFO - [V3] Workflow completed successfully ({'activity_id': '1', 'activity_type': 'execute_and_track_workflow', 'attempt': 1, 'namespace': 'default', 'task_queue': 'comfyui-gpu-farm', 'workflow_id': 'chain-image-edit-to-video-pipeline-252e108f-e2e2-494c-86c4-749927c8759b-edit_frame2', 'workflow_run_id': '019bb60f-c5bb-7779-9bf0-506817fc32d6', 'workflow_type': 'ComfyUIWorkflow'})
2026-01-13 12:05:30,577 - temporalio.workflow - INFO - Execution completed successfully ({'attempt': 1, 'namespace': 'default', 'run_id': '019bb60f-c5bb-7779-9bf0-506817fc32d6', 'task_queue': 'comfyui-gpu-farm', 'workflow_id': 'chain-image-edit-to-video-pipeline-252e108f-e2e2-494c-86c4-749927c8759b-edit_frame2', 'workflow_type': 'ComfyUIWorkflow'})
2026-01-13 12:05:30,586 - temporalio.activity - INFO - Extracting server output files ({'activity_id': '2', 'activity_type': 'get_server_output_files', 'attempt': 1, 'namespace': 'default', 'task_queue': 'comfyui-gpu-farm', 'workflow_id': 'chain-image-edit-to-video-pipeline-252e108f-e2e2-494c-86c4-749927c8759b-edit_frame2', 'workflow_run_id': '019bb60f-c5bb-7779-9bf0-506817fc32d6', 'workflow_type': 'ComfyUIWorkflow'})
2026-01-13 12:05:30,586 - temporalio.activity - INFO - Found 1 output file(s) ({'activity_id': '2', 'activity_type': 'get_server_output_files', 'attempt': 1, 'namespace': 'default', 'task_queue': 'comfyui-gpu-farm', 'workflow_id': 'chain-image-edit-to-video-pipeline-252e108f-e2e2-494c-86c4-749927c8759b-edit_frame2', 'workflow_run_id': '019bb60f-c5bb-7779-9bf0-506817fc32d6', 'workflow_type': 'ComfyUIWorkflow'})
2026-01-13 12:05:30,594 - temporalio.workflow - INFO - Found 1 server output file(s) ({'attempt': 1, 'namespace': 'default', 'run_id': '019bb60f-c5bb-7779-9bf0-506817fc32d6', 'task_queue': 'comfyui-gpu-farm', 'workflow_id': 'chain-image-edit-to-video-pipeline-252e108f-e2e2-494c-86c4-749927c8759b-edit_frame2', 'workflow_type': 'ComfyUIWorkflow'})
2026-01-13 12:05:30,601 - temporalio.activity - INFO - Downloading and persisting 1 artifact(s) for workflow ee9d44d7-7e4a-4872-8619-600fb633facc ({'activity_id': '3', 'activity_type': 'download_and_store_artifacts', 'attempt': 1, 'namespace': 'default', 'task_queue': 'comfyui-gpu-farm', 'workflow_id': 'chain-image-edit-to-video-pipeline-252e108f-e2e2-494c-86c4-749927c8759b-edit_frame2', 'workflow_run_id': '019bb60f-c5bb-7779-9bf0-506817fc32d6', 'workflow_type': 'ComfyUIWorkflow'})
2026-01-13 12:05:30,643 - temporal_gateway.clients.comfy.client - INFO - ComfyUI client initialized for http://procure-x.testmcp.org
2026-01-13 12:05:30,710 - httpx - INFO - HTTP Request: GET http://procure-x.testmcp.org/view?filename=ComfyUI_00276_.png&type=output "HTTP/1.1 200 OK"
2026-01-13 12:05:32,979 - temporalio.activity - INFO - ✓ Saved artifact to DB: 91d0bc86-ff6c-4b0c-94d5-3398afe0209e (ComfyUI_00276_.png) ({'activity_id': '3', 'activity_type': 'download_and_store_artifacts', 'attempt': 1, 'namespace': 'default', 'task_queue': 'comfyui-gpu-farm', 'workflow_id': 'chain-image-edit-to-video-pipeline-252e108f-e2e2-494c-86c4-749927c8759b-edit_frame2', 'workflow_run_id': '019bb60f-c5bb-7779-9bf0-506817fc32d6', 'workflow_type': 'ComfyUIWorkflow'})
2026-01-13 12:05:32,981 - temporalio.activity - INFO - Downloaded and persisted 1 artifact(s) ({'activity_id': '3', 'activity_type': 'download_and_store_artifacts', 'attempt': 1, 'namespace': 'default', 'task_queue': 'comfyui-gpu-farm', 'workflow_id': 'chain-image-edit-to-video-pipeline-252e108f-e2e2-494c-86c4-749927c8759b-edit_frame2', 'workflow_run_id': '019bb60f-c5bb-7779-9bf0-506817fc32d6', 'workflow_type': 'ComfyUIWorkflow'})
2026-01-13 12:05:33,001 - temporalio.workflow - INFO - Downloaded 1 file(s) locally ({'attempt': 1, 'namespace': 'default', 'run_id': '019bb60f-c5bb-7779-9bf0-506817fc32d6', 'task_queue': 'comfyui-gpu-farm', 'workflow_id': 'chain-image-edit-to-video-pipeline-252e108f-e2e2-494c-86c4-749927c8759b-edit_frame2', 'workflow_type': 'ComfyUIWorkflow'})
2026-01-13 12:05:33,022 - temporalio.activity - INFO - Updating workflow ee9d44d7-7e4a-4872-8619-600fb633facc status to: completed ({'activity_id': '36', 'activity_type': 'update_workflow_status_activity', 'attempt': 1, 'namespace': 'default', 'task_queue': 'comfyui-gpu-farm', 'workflow_id': 'chain-image-edit-to-video-pipeline-252e108f-e2e2-494c-86c4-749927c8759b', 'workflow_run_id': '019bb60d-97bf-702f-9c9f-5f5fcfad70a6', 'workflow_type': 'ChainExecutorWorkflow'})
2026-01-13 12:05:33,025 - temporalio.activity - INFO - ✓ Updated workflow status ({'activity_id': '36', 'activity_type': 'update_workflow_status_activity', 'attempt': 1, 'namespace': 'default', 'task_queue': 'comfyui-gpu-farm', 'workflow_id': 'chain-image-edit-to-video-pipeline-252e108f-e2e2-494c-86c4-749927c8759b', 'workflow_run_id': '019bb60d-97bf-702f-9c9f-5f5fcfad70a6', 'workflow_type': 'ChainExecutorWorkflow'})
2026-01-13 12:05:33,034 - temporalio.workflow - INFO - Step edit_frame2: Approval required, fetching artifacts... ({'attempt': 1, 'namespace': 'default', 'run_id': '019bb60d-97bf-702f-9c9f-5f5fcfad70a6', 'task_queue': 'comfyui-gpu-farm', 'workflow_id': 'chain-image-edit-to-video-pipeline-252e108f-e2e2-494c-86c4-749927c8759b', 'workflow_type': 'ChainExecutorWorkflow'})
2026-01-13 12:05:33,042 - temporalio.activity - INFO - Getting artifacts for workflow: ee9d44d7-7e4a-4872-8619-600fb633facc ({'activity_id': '37', 'activity_type': 'get_workflow_artifacts', 'attempt': 1, 'namespace': 'default', 'task_queue': 'comfyui-gpu-farm', 'workflow_id': 'chain-image-edit-to-video-pipeline-252e108f-e2e2-494c-86c4-749927c8759b', 'workflow_run_id': '019bb60d-97bf-702f-9c9f-5f5fcfad70a6', 'workflow_type': 'ChainExecutorWorkflow'})
2026-01-13 12:05:33,058 - temporalio.activity - INFO - Creating approval request for artifact: 91d0bc86-ff6c-4b0c-94d5-3398afe0209e ({'activity_id': '38', 'activity_type': 'create_approval_request_activity', 'attempt': 1, 'namespace': 'default', 'task_queue': 'comfyui-gpu-farm', 'workflow_id': 'chain-image-edit-to-video-pipeline-252e108f-e2e2-494c-86c4-749927c8759b', 'workflow_run_id': '019bb60d-97bf-702f-9c9f-5f5fcfad70a6', 'workflow_type': 'ChainExecutorWorkflow'})
2026-01-13 12:05:33,062 - temporalio.activity - INFO - ✓ Created approval request: 912d6dcd-f8d2-4f38-9f88-704d64b389f7, token: 73QnmcYb7CeFsBF4... ({'activity_id': '38', 'activity_type': 'create_approval_request_activity', 'attempt': 1, 'namespace': 'default', 'task_queue': 'comfyui-gpu-farm', 'workflow_id': 'chain-image-edit-to-video-pipeline-252e108f-e2e2-494c-86c4-749927c8759b', 'workflow_run_id': '019bb60d-97bf-702f-9c9f-5f5fcfad70a6', 'workflow_type': 'ChainExecutorWorkflow'})
2026-01-13 12:05:33,062 - temporal_gateway.services.broadcast - INFO - Published approval_requested to chain:015f4aba-9a7b-4181-8848-84759aeb30f5
2026-01-13 12:05:33,063 - temporalio.activity - INFO - Published approval_requested event for chain 015f4aba-9a7b-4181-8848-84759aeb30f5 ({'activity_id': '38', 'activity_type': 'create_approval_request_activity', 'attempt': 1, 'namespace': 'default', 'task_queue': 'comfyui-gpu-farm', 'workflow_id': 'chain-image-edit-to-video-pipeline-252e108f-e2e2-494c-86c4-749927c8759b', 'workflow_run_id': '019bb60d-97bf-702f-9c9f-5f5fcfad70a6', 'workflow_type': 'ChainExecutorWorkflow'})
2026-01-13 12:05:33,071 - temporalio.workflow - INFO - Step edit_frame2: Approval request created, token: 73QnmcYb7CeFsBF4... ({'attempt': 1, 'namespace': 'default', 'run_id': '019bb60d-97bf-702f-9c9f-5f5fcfad70a6', 'task_queue': 'comfyui-gpu-farm', 'workflow_id': 'chain-image-edit-to-video-pipeline-252e108f-e2e2-494c-86c4-749927c8759b', 'workflow_type': 'ChainExecutorWorkflow'})
2026-01-13 12:09:13,856 - temporalio.workflow - INFO - Received approval decision for step edit_frame1: approved by cli-user ({'attempt': 1, 'namespace': 'default', 'run_id': '019bb60d-97bf-702f-9c9f-5f5fcfad70a6', 'task_queue': 'comfyui-gpu-farm', 'workflow_id': 'chain-image-edit-to-video-pipeline-252e108f-e2e2-494c-86c4-749927c8759b', 'workflow_type': 'ChainExecutorWorkflow'})
2026-01-13 12:09:13,856 - temporalio.workflow - INFO - Step edit_frame1: Approved by cli-user ({'attempt': 1, 'namespace': 'default', 'run_id': '019bb60d-97bf-702f-9c9f-5f5fcfad70a6', 'task_queue': 'comfyui-gpu-farm', 'workflow_id': 'chain-image-edit-to-video-pipeline-252e108f-e2e2-494c-86c4-749927c8759b', 'workflow_type': 'ChainExecutorWorkflow'})
2026-01-13 12:09:13,856 - temporalio.workflow - INFO - Step edit_frame1: Approved, continuing... ({'attempt': 1, 'namespace': 'default', 'run_id': '019bb60d-97bf-702f-9c9f-5f5fcfad70a6', 'task_queue': 'comfyui-gpu-farm', 'workflow_id': 'chain-image-edit-to-video-pipeline-252e108f-e2e2-494c-86c4-749927c8759b', 'workflow_type': 'ChainExecutorWorkflow'})
2026-01-13 12:09:13,867 - temporalio.activity - INFO - Getting artifacts for workflow: c4175efb-8173-4db8-93c8-9cf95b061bf5 ({'activity_id': '39', 'activity_type': 'get_workflow_artifacts', 'attempt': 1, 'namespace': 'default', 'task_queue': 'comfyui-gpu-farm', 'workflow_id': 'chain-image-edit-to-video-pipeline-252e108f-e2e2-494c-86c4-749927c8759b', 'workflow_run_id': '019bb60d-97bf-702f-9c9f-5f5fcfad70a6', 'workflow_type': 'ChainExecutorWorkflow'})
2026-01-13 12:09:13,887 - temporal_gateway.services.broadcast - INFO - Published step_completed to chain:015f4aba-9a7b-4181-8848-84759aeb30f5
2026-01-13 12:09:13,887 - temporalio.activity - INFO - Published step_completed event for edit_frame1 in chain 015f4aba-9a7b-4181-8848-84759aeb30f5 ({'activity_id': '40', 'activity_type': 'publish_step_completed_activity', 'attempt': 1, 'namespace': 'default', 'task_queue': 'comfyui-gpu-farm', 'workflow_id': 'chain-image-edit-to-video-pipeline-252e108f-e2e2-494c-86c4-749927c8759b', 'workflow_run_id': '019bb60d-97bf-702f-9c9f-5f5fcfad70a6', 'workflow_type': 'ChainExecutorWorkflow'})
2026-01-13 12:09:15,839 - temporalio.workflow - INFO - Received approval decision for step edit_frame2: approved by cli-user ({'attempt': 1, 'namespace': 'default', 'run_id': '019bb60d-97bf-702f-9c9f-5f5fcfad70a6', 'task_queue': 'comfyui-gpu-farm', 'workflow_id': 'chain-image-edit-to-video-pipeline-252e108f-e2e2-494c-86c4-749927c8759b', 'workflow_type': 'ChainExecutorWorkflow'})
2026-01-13 12:09:15,839 - temporalio.workflow - INFO - Step edit_frame2: Approved by cli-user ({'attempt': 1, 'namespace': 'default', 'run_id': '019bb60d-97bf-702f-9c9f-5f5fcfad70a6', 'task_queue': 'comfyui-gpu-farm', 'workflow_id': 'chain-image-edit-to-video-pipeline-252e108f-e2e2-494c-86c4-749927c8759b', 'workflow_type': 'ChainExecutorWorkflow'})
2026-01-13 12:09:15,839 - temporalio.workflow - INFO - Step edit_frame2: Approved, continuing... ({'attempt': 1, 'namespace': 'default', 'run_id': '019bb60d-97bf-702f-9c9f-5f5fcfad70a6', 'task_queue': 'comfyui-gpu-farm', 'workflow_id': 'chain-image-edit-to-video-pipeline-252e108f-e2e2-494c-86c4-749927c8759b', 'workflow_type': 'ChainExecutorWorkflow'})
2026-01-13 12:09:15,849 - temporalio.activity - INFO - Getting artifacts for workflow: ee9d44d7-7e4a-4872-8619-600fb633facc ({'activity_id': '41', 'activity_type': 'get_workflow_artifacts', 'attempt': 1, 'namespace': 'default', 'task_queue': 'comfyui-gpu-farm', 'workflow_id': 'chain-image-edit-to-video-pipeline-252e108f-e2e2-494c-86c4-749927c8759b', 'workflow_run_id': '019bb60d-97bf-702f-9c9f-5f5fcfad70a6', 'workflow_type': 'ChainExecutorWorkflow'})
2026-01-13 12:09:15,867 - temporal_gateway.services.broadcast - INFO - Published step_completed to chain:015f4aba-9a7b-4181-8848-84759aeb30f5
2026-01-13 12:09:15,867 - temporalio.activity - INFO - Published step_completed event for edit_frame2 in chain 015f4aba-9a7b-4181-8848-84759aeb30f5 ({'activity_id': '42', 'activity_type': 'publish_step_completed_activity', 'attempt': 1, 'namespace': 'default', 'task_queue': 'comfyui-gpu-farm', 'workflow_id': 'chain-image-edit-to-video-pipeline-252e108f-e2e2-494c-86c4-749927c8759b', 'workflow_run_id': '019bb60d-97bf-702f-9c9f-5f5fcfad70a6', 'workflow_type': 'ChainExecutorWorkflow'})
2026-01-13 12:09:15,877 - temporalio.workflow - INFO - Step edit_frame1: completed ({'attempt': 1, 'namespace': 'default', 'run_id': '019bb60d-97bf-702f-9c9f-5f5fcfad70a6', 'task_queue': 'comfyui-gpu-farm', 'workflow_id': 'chain-image-edit-to-video-pipeline-252e108f-e2e2-494c-86c4-749927c8759b', 'workflow_type': 'ChainExecutorWorkflow'})
2026-01-13 12:09:15,877 - temporalio.workflow - INFO - Step edit_frame2: completed ({'attempt': 1, 'namespace': 'default', 'run_id': '019bb60d-97bf-702f-9c9f-5f5fcfad70a6', 'task_queue': 'comfyui-gpu-farm', 'workflow_id': 'chain-image-edit-to-video-pipeline-252e108f-e2e2-494c-86c4-749927c8759b', 'workflow_type': 'ChainExecutorWorkflow'})
2026-01-13 12:09:15,887 - temporalio.activity - INFO - Updating chain 015f4aba-9a7b-4181-8848-84759aeb30f5 status to: executing_level_2 ({'activity_id': '43', 'activity_type': 'update_chain_status_activity', 'attempt': 1, 'namespace': 'default', 'task_queue': 'comfyui-gpu-farm', 'workflow_id': 'chain-image-edit-to-video-pipeline-252e108f-e2e2-494c-86c4-749927c8759b', 'workflow_run_id': '019bb60d-97bf-702f-9c9f-5f5fcfad70a6', 'workflow_type': 'ChainExecutorWorkflow'})
2026-01-13 12:09:15,890 - temporalio.activity - INFO - ✓ Updated chain status ({'activity_id': '43', 'activity_type': 'update_chain_status_activity', 'attempt': 1, 'namespace': 'default', 'task_queue': 'comfyui-gpu-farm', 'workflow_id': 'chain-image-edit-to-video-pipeline-252e108f-e2e2-494c-86c4-749927c8759b', 'workflow_run_id': '019bb60d-97bf-702f-9c9f-5f5fcfad70a6', 'workflow_type': 'ChainExecutorWorkflow'})
2026-01-13 12:09:15,900 - temporalio.workflow - INFO - Level 2: Executing 1 step(s) ({'attempt': 1, 'namespace': 'default', 'run_id': '019bb60d-97bf-702f-9c9f-5f5fcfad70a6', 'task_queue': 'comfyui-gpu-farm', 'workflow_id': 'chain-image-edit-to-video-pipeline-252e108f-e2e2-494c-86c4-749927c8759b', 'workflow_type': 'ChainExecutorWorkflow'})
2026-01-13 12:09:15,900 - temporalio.workflow - INFO - Executing step: create_video ({'attempt': 1, 'namespace': 'default', 'run_id': '019bb60d-97bf-702f-9c9f-5f5fcfad70a6', 'task_queue': 'comfyui-gpu-farm', 'workflow_id': 'chain-image-edit-to-video-pipeline-252e108f-e2e2-494c-86c4-749927c8759b', 'workflow_type': 'ChainExecutorWorkflow'})
2026-01-13 12:09:15,910 - temporalio.activity - INFO - Resolving templates in parameters ({'activity_id': '44', 'activity_type': 'resolve_chain_templates', 'attempt': 1, 'namespace': 'default', 'task_queue': 'comfyui-gpu-farm', 'workflow_id': 'chain-image-edit-to-video-pipeline-252e108f-e2e2-494c-86c4-749927c8759b', 'workflow_run_id': '019bb60d-97bf-702f-9c9f-5f5fcfad70a6', 'workflow_type': 'ChainExecutorWorkflow'})
2026-01-13 12:09:15,911 - temporalio.activity - INFO - Templates resolved successfully ({'activity_id': '44', 'activity_type': 'resolve_chain_templates', 'attempt': 1, 'namespace': 'default', 'task_queue': 'comfyui-gpu-farm', 'workflow_id': 'chain-image-edit-to-video-pipeline-252e108f-e2e2-494c-86c4-749927c8759b', 'workflow_run_id': '019bb60d-97bf-702f-9c9f-5f5fcfad70a6', 'workflow_type': 'ChainExecutorWorkflow'})
2026-01-13 12:09:15,920 - temporalio.workflow - INFO - Step create_video: Resolved parameters ({'attempt': 1, 'namespace': 'default', 'run_id': '019bb60d-97bf-702f-9c9f-5f5fcfad70a6', 'task_queue': 'comfyui-gpu-farm', 'workflow_id': 'chain-image-edit-to-video-pipeline-252e108f-e2e2-494c-86c4-749927c8759b', 'workflow_type': 'ChainExecutorWorkflow'})
2026-01-13 12:09:15,928 - temporalio.activity - INFO - Applying parameters to workflow: firstEndTovideo ({'activity_id': '45', 'activity_type': 'apply_workflow_parameters', 'attempt': 1, 'namespace': 'default', 'task_queue': 'comfyui-gpu-farm', 'workflow_id': 'chain-image-edit-to-video-pipeline-252e108f-e2e2-494c-86c4-749927c8759b', 'workflow_run_id': '019bb60d-97bf-702f-9c9f-5f5fcfad70a6', 'workflow_type': 'ChainExecutorWorkflow'})
2026-01-13 12:09:15,928 - temporal_gateway.registry - INFO - Applied override: 6.text = Smooth cinematic transition between vibrant colorful scenes
2026-01-13 12:09:15,928 - temporal_gateway.registry - INFO - Applied override: 60.fps = 16
2026-01-13 12:09:15,928 - temporal_gateway.registry - INFO - Applied override: 62.image = ComfyUI_00275_.png
2026-01-13 12:09:15,928 - temporal_gateway.registry - INFO - Applied override: 67.height = 1024
2026-01-13 12:09:15,928 - temporal_gateway.registry - INFO - Applied override: 67.length = 81
2026-01-13 12:09:15,928 - temporal_gateway.registry - INFO - Applied override: 67.width = 592
2026-01-13 12:09:15,928 - temporal_gateway.registry - INFO - Applied override: 68.image = ComfyUI_00276_.png
2026-01-13 12:09:15,928 - temporalio.activity - INFO - Parameters applied successfully ({'activity_id': '45', 'activity_type': 'apply_workflow_parameters', 'attempt': 1, 'namespace': 'default', 'task_queue': 'comfyui-gpu-farm', 'workflow_id': 'chain-image-edit-to-video-pipeline-252e108f-e2e2-494c-86c4-749927c8759b', 'workflow_run_id': '019bb60d-97bf-702f-9c9f-5f5fcfad70a6', 'workflow_type': 'ChainExecutorWorkflow'})
2026-01-13 12:09:15,944 - temporalio.activity - INFO - Selecting server with strategy: least_loaded ({'activity_id': '46', 'activity_type': 'select_best_server', 'attempt': 1, 'namespace': 'default', 'task_queue': 'comfyui-gpu-farm', 'workflow_id': 'chain-image-edit-to-video-pipeline-252e108f-e2e2-494c-86c4-749927c8759b', 'workflow_run_id': '019bb60d-97bf-702f-9c9f-5f5fcfad70a6', 'workflow_type': 'ChainExecutorWorkflow'})
2026-01-13 12:09:16,150 - httpx - INFO - HTTP Request: GET http://procure-x.testmcp.org/system_stats "HTTP/1.1 200 OK"
2026-01-13 12:09:16,173 - httpx - INFO - HTTP Request: GET http://procure-x.testmcp.org/queue "HTTP/1.1 200 OK"
2026-01-13 12:09:16,175 - temporal_gateway.servers.load_balancer - INFO - Selected server procure-x (queue_depth=0, gpu_mem=0.0%)
2026-01-13 12:09:16,176 - temporalio.activity - INFO - Selected server: procure-x (http://procure-x.testmcp.org) ({'activity_id': '46', 'activity_type': 'select_best_server', 'attempt': 1, 'namespace': 'default', 'task_queue': 'comfyui-gpu-farm', 'workflow_id': 'chain-image-edit-to-video-pipeline-252e108f-e2e2-494c-86c4-749927c8759b', 'workflow_run_id': '019bb60d-97bf-702f-9c9f-5f5fcfad70a6', 'workflow_type': 'ChainExecutorWorkflow'})
2026-01-13 12:09:16,185 - temporalio.workflow - INFO - Step create_video: Selected target server: http://procure-x.testmcp.org ({'attempt': 1, 'namespace': 'default', 'run_id': '019bb60d-97bf-702f-9c9f-5f5fcfad70a6', 'task_queue': 'comfyui-gpu-farm', 'workflow_id': 'chain-image-edit-to-video-pipeline-252e108f-e2e2-494c-86c4-749927c8759b', 'workflow_type': 'ChainExecutorWorkflow'})
2026-01-13 12:09:16,185 - temporalio.workflow - INFO - Step create_video: Processing 2 dependency step(s) ({'attempt': 1, 'namespace': 'default', 'run_id': '019bb60d-97bf-702f-9c9f-5f5fcfad70a6', 'task_queue': 'comfyui-gpu-farm', 'workflow_id': 'chain-image-edit-to-video-pipeline-252e108f-e2e2-494c-86c4-749927c8759b', 'workflow_type': 'ChainExecutorWorkflow'})
2026-01-13 12:09:16,192 - temporalio.activity - INFO - Getting artifacts for workflow: c4175efb-8173-4db8-93c8-9cf95b061bf5 ({'activity_id': '47', 'activity_type': 'get_workflow_artifacts', 'attempt': 1, 'namespace': 'default', 'task_queue': 'comfyui-gpu-farm', 'workflow_id': 'chain-image-edit-to-video-pipeline-252e108f-e2e2-494c-86c4-749927c8759b', 'workflow_run_id': '019bb60d-97bf-702f-9c9f-5f5fcfad70a6', 'workflow_type': 'ChainExecutorWorkflow'})
2026-01-13 12:09:16,202 - temporalio.workflow - INFO - Transferring 1 artifact(s) from edit_frame1 to http://procure-x.testmcp.org ({'attempt': 1, 'namespace': 'default', 'run_id': '019bb60d-97bf-702f-9c9f-5f5fcfad70a6', 'task_queue': 'comfyui-gpu-farm', 'workflow_id': 'chain-image-edit-to-video-pipeline-252e108f-e2e2-494c-86c4-749927c8759b', 'workflow_type': 'ChainExecutorWorkflow'})
2026-01-13 12:09:16,210 - temporalio.activity - INFO - Transferring 1 artifact(s) from workflow c4175efb-8173-4db8-93c8-9cf95b061bf5 to http://procure-x.testmcp.org ({'activity_id': '48', 'activity_type': 'transfer_artifacts_from_storage', 'attempt': 1, 'namespace': 'default', 'task_queue': 'comfyui-gpu-farm', 'workflow_id': 'chain-image-edit-to-video-pipeline-252e108f-e2e2-494c-86c4-749927c8759b', 'workflow_run_id': '019bb60d-97bf-702f-9c9f-5f5fcfad70a6', 'workflow_type': 'ChainExecutorWorkflow'})
2026-01-13 12:09:16,251 - temporal_gateway.clients.comfy.client - INFO - ComfyUI client initialized for http://procure-x.testmcp.org
2026-01-13 12:09:16,256 - temporalio.activity - INFO - Uploading: ComfyUI_00275_.png from local storage to http://procure-x.testmcp.org/input/ ({'activity_id': '48', 'activity_type': 'transfer_artifacts_from_storage', 'attempt': 1, 'namespace': 'default', 'task_queue': 'comfyui-gpu-farm', 'workflow_id': 'chain-image-edit-to-video-pipeline-252e108f-e2e2-494c-86c4-749927c8759b', 'workflow_run_id': '019bb60d-97bf-702f-9c9f-5f5fcfad70a6', 'workflow_type': 'ChainExecutorWorkflow'})
2026-01-13 12:09:16,664 - httpx - INFO - HTTP Request: POST http://procure-x.testmcp.org/upload/image "HTTP/1.1 200 OK"
2026-01-13 12:09:16,668 - temporalio.activity - INFO - ✓ Uploaded: ComfyUI_00275_.png (757519 bytes) ({'activity_id': '48', 'activity_type': 'transfer_artifacts_from_storage', 'attempt': 1, 'namespace': 'default', 'task_queue': 'comfyui-gpu-farm', 'workflow_id': 'chain-image-edit-to-video-pipeline-252e108f-e2e2-494c-86c4-749927c8759b', 'workflow_run_id': '019bb60d-97bf-702f-9c9f-5f5fcfad70a6', 'workflow_type': 'ChainExecutorWorkflow'})
2026-01-13 12:09:16,681 - temporalio.activity - INFO - Successfully transferred 1 file(s) ({'activity_id': '48', 'activity_type': 'transfer_artifacts_from_storage', 'attempt': 1, 'namespace': 'default', 'task_queue': 'comfyui-gpu-farm', 'workflow_id': 'chain-image-edit-to-video-pipeline-252e108f-e2e2-494c-86c4-749927c8759b', 'workflow_run_id': '019bb60d-97bf-702f-9c9f-5f5fcfad70a6', 'workflow_type': 'ChainExecutorWorkflow'})
2026-01-13 12:09:16,706 - temporalio.activity - INFO - Getting artifacts for workflow: ee9d44d7-7e4a-4872-8619-600fb633facc ({'activity_id': '49', 'activity_type': 'get_workflow_artifacts', 'attempt': 1, 'namespace': 'default', 'task_queue': 'comfyui-gpu-farm', 'workflow_id': 'chain-image-edit-to-video-pipeline-252e108f-e2e2-494c-86c4-749927c8759b', 'workflow_run_id': '019bb60d-97bf-702f-9c9f-5f5fcfad70a6', 'workflow_type': 'ChainExecutorWorkflow'})
2026-01-13 12:09:16,716 - temporalio.workflow - INFO - Transferring 1 artifact(s) from edit_frame2 to http://procure-x.testmcp.org ({'attempt': 1, 'namespace': 'default', 'run_id': '019bb60d-97bf-702f-9c9f-5f5fcfad70a6', 'task_queue': 'comfyui-gpu-farm', 'workflow_id': 'chain-image-edit-to-video-pipeline-252e108f-e2e2-494c-86c4-749927c8759b', 'workflow_type': 'ChainExecutorWorkflow'})
2026-01-13 12:09:16,724 - temporalio.activity - INFO - Transferring 1 artifact(s) from workflow ee9d44d7-7e4a-4872-8619-600fb633facc to http://procure-x.testmcp.org ({'activity_id': '50', 'activity_type': 'transfer_artifacts_from_storage', 'attempt': 1, 'namespace': 'default', 'task_queue': 'comfyui-gpu-farm', 'workflow_id': 'chain-image-edit-to-video-pipeline-252e108f-e2e2-494c-86c4-749927c8759b', 'workflow_run_id': '019bb60d-97bf-702f-9c9f-5f5fcfad70a6', 'workflow_type': 'ChainExecutorWorkflow'})
2026-01-13 12:09:16,767 - temporal_gateway.clients.comfy.client - INFO - ComfyUI client initialized for http://procure-x.testmcp.org
2026-01-13 12:09:16,771 - temporalio.activity - INFO - Uploading: ComfyUI_00276_.png from local storage to http://procure-x.testmcp.org/input/ ({'activity_id': '50', 'activity_type': 'transfer_artifacts_from_storage', 'attempt': 1, 'namespace': 'default', 'task_queue': 'comfyui-gpu-farm', 'workflow_id': 'chain-image-edit-to-video-pipeline-252e108f-e2e2-494c-86c4-749927c8759b', 'workflow_run_id': '019bb60d-97bf-702f-9c9f-5f5fcfad70a6', 'workflow_type': 'ChainExecutorWorkflow'})
2026-01-13 12:09:17,278 - httpx - INFO - HTTP Request: POST http://procure-x.testmcp.org/upload/image "HTTP/1.1 200 OK"
2026-01-13 12:09:17,281 - temporalio.activity - INFO - ✓ Uploaded: ComfyUI_00276_.png (800815 bytes) ({'activity_id': '50', 'activity_type': 'transfer_artifacts_from_storage', 'attempt': 1, 'namespace': 'default', 'task_queue': 'comfyui-gpu-farm', 'workflow_id': 'chain-image-edit-to-video-pipeline-252e108f-e2e2-494c-86c4-749927c8759b', 'workflow_run_id': '019bb60d-97bf-702f-9c9f-5f5fcfad70a6', 'workflow_type': 'ChainExecutorWorkflow'})
2026-01-13 12:09:17,294 - temporalio.activity - INFO - Successfully transferred 1 file(s) ({'activity_id': '50', 'activity_type': 'transfer_artifacts_from_storage', 'attempt': 1, 'namespace': 'default', 'task_queue': 'comfyui-gpu-farm', 'workflow_id': 'chain-image-edit-to-video-pipeline-252e108f-e2e2-494c-86c4-749927c8759b', 'workflow_run_id': '019bb60d-97bf-702f-9c9f-5f5fcfad70a6', 'workflow_type': 'ChainExecutorWorkflow'})
2026-01-13 12:09:17,321 - temporalio.activity - INFO - Creating workflow record: firstEndTovideo (prompt: pending) ({'activity_id': '51', 'activity_type': 'create_workflow_record', 'attempt': 1, 'namespace': 'default', 'task_queue': 'comfyui-gpu-farm', 'workflow_id': 'chain-image-edit-to-video-pipeline-252e108f-e2e2-494c-86c4-749927c8759b', 'workflow_run_id': '019bb60d-97bf-702f-9c9f-5f5fcfad70a6', 'workflow_type': 'ChainExecutorWorkflow'})
2026-01-13 12:09:17,324 - temporalio.activity - INFO - ✓ Created workflow record: 45e47f61-0269-4cfe-8d1f-784ff5b9cd7f ({'activity_id': '51', 'activity_type': 'create_workflow_record', 'attempt': 1, 'namespace': 'default', 'task_queue': 'comfyui-gpu-farm', 'workflow_id': 'chain-image-edit-to-video-pipeline-252e108f-e2e2-494c-86c4-749927c8759b', 'workflow_run_id': '019bb60d-97bf-702f-9c9f-5f5fcfad70a6', 'workflow_type': 'ChainExecutorWorkflow'})
2026-01-13 12:09:17,333 - temporalio.workflow - INFO - Step create_video: Created workflow record 45e47f61-0269-4cfe-8d1f-784ff5b9cd7f ({'attempt': 1, 'namespace': 'default', 'run_id': '019bb60d-97bf-702f-9c9f-5f5fcfad70a6', 'task_queue': 'comfyui-gpu-farm', 'workflow_id': 'chain-image-edit-to-video-pipeline-252e108f-e2e2-494c-86c4-749927c8759b', 'workflow_type': 'ChainExecutorWorkflow'})
2026-01-13 12:09:17,358 - temporalio.workflow - INFO - Starting ComfyUI workflow execution ({'attempt': 1, 'namespace': 'default', 'run_id': '019bb614-875b-769c-954d-74d8aa2ee3e7', 'task_queue': 'comfyui-gpu-farm', 'workflow_id': 'chain-image-edit-to-video-pipeline-252e108f-e2e2-494c-86c4-749927c8759b-create_video', 'workflow_type': 'ComfyUIWorkflow'})
2026-01-13 12:09:17,359 - temporalio.workflow - INFO - Generated client_id: eab46b9f-dd27-4db5-9d07-42519876251c ({'attempt': 1, 'namespace': 'default', 'run_id': '019bb614-875b-769c-954d-74d8aa2ee3e7', 'task_queue': 'comfyui-gpu-farm', 'workflow_id': 'chain-image-edit-to-video-pipeline-252e108f-e2e2-494c-86c4-749927c8759b-create_video', 'workflow_type': 'ComfyUIWorkflow'})
2026-01-13 12:09:17,359 - temporalio.workflow - INFO - Using pre-selected server: http://procure-x.testmcp.org ({'attempt': 1, 'namespace': 'default', 'run_id': '019bb614-875b-769c-954d-74d8aa2ee3e7', 'task_queue': 'comfyui-gpu-farm', 'workflow_id': 'chain-image-edit-to-video-pipeline-252e108f-e2e2-494c-86c4-749927c8759b-create_video', 'workflow_type': 'ComfyUIWorkflow'})
2026-01-13 12:09:17,368 - temporalio.activity - INFO - [V3] Executing workflow on http://procure-x.testmcp.org ({'activity_id': '1', 'activity_type': 'execute_and_track_workflow', 'attempt': 1, 'namespace': 'default', 'task_queue': 'comfyui-gpu-farm', 'workflow_id': 'chain-image-edit-to-video-pipeline-252e108f-e2e2-494c-86c4-749927c8759b-create_video', 'workflow_run_id': '019bb614-875b-769c-954d-74d8aa2ee3e7', 'workflow_type': 'ComfyUIWorkflow'})
2026-01-13 12:09:17,369 - temporalio.activity - INFO - [V3] Workflow name: firstEndTovideo ({'activity_id': '1', 'activity_type': 'execute_and_track_workflow', 'attempt': 1, 'namespace': 'default', 'task_queue': 'comfyui-gpu-farm', 'workflow_id': 'chain-image-edit-to-video-pipeline-252e108f-e2e2-494c-86c4-749927c8759b-create_video', 'workflow_run_id': '019bb614-875b-769c-954d-74d8aa2ee3e7', 'workflow_type': 'ComfyUIWorkflow'})
2026-01-13 12:09:17,420 - temporal_gateway.clients.comfy.client - INFO - ComfyUI client initialized for http://procure-x.testmcp.org
2026-01-13 12:09:17,421 - temporal_gateway.clients.comfy.client - INFO - Submitting workflow to ComfyUI
2026-01-13 12:09:17,691 - httpx - INFO - HTTP Request: POST http://procure-x.testmcp.org/prompt "HTTP/1.1 200 OK"
2026-01-13 12:09:17,694 - temporal_gateway.clients.comfy.client - INFO - Workflow queued with prompt_id: 50c1c665-67ad-47eb-89f1-0bcf4b50f008
2026-01-13 12:09:17,695 - temporal_gateway.clients.comfy.tracker - INFO - Starting execution tracking for prompt 50c1c665-67ad-47eb-89f1-0bcf4b50f008
2026-01-13 12:09:17,695 - temporal_gateway.clients.comfy.tracker - INFO - Starting history polling
2026-01-13 12:09:17,699 - temporal_gateway.clients.comfy.tracker - INFO - Starting WebSocket listener
2026-01-13 12:09:17,699 - temporal_gateway.clients.comfy.websocket - INFO - Connecting to WebSocket: ws://procure-x.testmcp.org/ws?clientId=f7c84ea7-8408-4fa3-9f0c-3054674d63ae
2026-01-13 12:09:17,765 - temporal_gateway.clients.comfy.websocket - INFO - WebSocket connected successfully
2026-01-13 12:09:17,775 - httpx - INFO - HTTP Request: GET http://procure-x.testmcp.org/history/50c1c665-67ad-47eb-89f1-0bcf4b50f008 "HTTP/1.1 200 OK"
2026-01-13 12:09:18,815 - httpx - INFO - HTTP Request: GET http://procure-x.testmcp.org/history/50c1c665-67ad-47eb-89f1-0bcf4b50f008 "HTTP/1.1 200 OK"
2026-01-13 12:09:19,843 - httpx - INFO - HTTP Request: GET http://procure-x.testmcp.org/history/50c1c665-67ad-47eb-89f1-0bcf4b50f008 "HTTP/1.1 200 OK"
2026-01-13 12:09:20,975 - httpx - INFO - HTTP Request: GET http://procure-x.testmcp.org/history/50c1c665-67ad-47eb-89f1-0bcf4b50f008 "HTTP/1.1 200 OK"
2026-01-13 12:09:22,001 - httpx - INFO - HTTP Request: GET http://procure-x.testmcp.org/history/50c1c665-67ad-47eb-89f1-0bcf4b50f008 "HTTP/1.1 200 OK"
2026-01-13 12:09:23,047 - httpx - INFO - HTTP Request: GET http://procure-x.testmcp.org/history/50c1c665-67ad-47eb-89f1-0bcf4b50f008 "HTTP/1.1 200 OK"
2026-01-13 12:09:24,123 - httpx - INFO - HTTP Request: GET http://procure-x.testmcp.org/history/50c1c665-67ad-47eb-89f1-0bcf4b50f008 "HTTP/1.1 200 OK"
2026-01-13 12:09:25,202 - httpx - INFO - HTTP Request: GET http://procure-x.testmcp.org/history/50c1c665-67ad-47eb-89f1-0bcf4b50f008 "HTTP/1.1 200 OK"
2026-01-13 12:09:26,239 - httpx - INFO - HTTP Request: GET http://procure-x.testmcp.org/history/50c1c665-67ad-47eb-89f1-0bcf4b50f008 "HTTP/1.1 200 OK"
2026-01-13 12:09:27,265 - httpx - INFO - HTTP Request: GET http://procure-x.testmcp.org/history/50c1c665-67ad-47eb-89f1-0bcf4b50f008 "HTTP/1.1 200 OK"
2026-01-13 12:09:28,289 - httpx - INFO - HTTP Request: GET http://procure-x.testmcp.org/history/50c1c665-67ad-47eb-89f1-0bcf4b50f008 "HTTP/1.1 200 OK"
2026-01-13 12:09:29,317 - httpx - INFO - HTTP Request: GET http://procure-x.testmcp.org/history/50c1c665-67ad-47eb-89f1-0bcf4b50f008 "HTTP/1.1 200 OK"
2026-01-13 12:09:30,352 - httpx - INFO - HTTP Request: GET http://procure-x.testmcp.org/history/50c1c665-67ad-47eb-89f1-0bcf4b50f008 "HTTP/1.1 200 OK"
2026-01-13 12:09:31,393 - httpx - INFO - HTTP Request: GET http://procure-x.testmcp.org/history/50c1c665-67ad-47eb-89f1-0bcf4b50f008 "HTTP/1.1 200 OK"
2026-01-13 12:09:32,421 - httpx - INFO - HTTP Request: GET http://procure-x.testmcp.org/history/50c1c665-67ad-47eb-89f1-0bcf4b50f008 "HTTP/1.1 200 OK"
2026-01-13 12:09:33,451 - httpx - INFO - HTTP Request: GET http://procure-x.testmcp.org/history/50c1c665-67ad-47eb-89f1-0bcf4b50f008 "HTTP/1.1 200 OK"
2026-01-13 12:09:34,494 - httpx - INFO - HTTP Request: GET http://procure-x.testmcp.org/history/50c1c665-67ad-47eb-89f1-0bcf4b50f008 "HTTP/1.1 200 OK"
2026-01-13 12:09:35,567 - httpx - INFO - HTTP Request: GET http://procure-x.testmcp.org/history/50c1c665-67ad-47eb-89f1-0bcf4b50f008 "HTTP/1.1 200 OK"
2026-01-13 12:09:36,602 - httpx - INFO - HTTP Request: GET http://procure-x.testmcp.org/history/50c1c665-67ad-47eb-89f1-0bcf4b50f008 "HTTP/1.1 200 OK"
2026-01-13 12:09:37,635 - httpx - INFO - HTTP Request: GET http://procure-x.testmcp.org/history/50c1c665-67ad-47eb-89f1-0bcf4b50f008 "HTTP/1.1 200 OK"
2026-01-13 12:09:38,662 - httpx - INFO - HTTP Request: GET http://procure-x.testmcp.org/history/50c1c665-67ad-47eb-89f1-0bcf4b50f008 "HTTP/1.1 200 OK"
2026-01-13 12:09:39,801 - httpx - INFO - HTTP Request: GET http://procure-x.testmcp.org/history/50c1c665-67ad-47eb-89f1-0bcf4b50f008 "HTTP/1.1 200 OK"
2026-01-13 12:09:40,836 - httpx - INFO - HTTP Request: GET http://procure-x.testmcp.org/history/50c1c665-67ad-47eb-89f1-0bcf4b50f008 "HTTP/1.1 200 OK"
2026-01-13 12:09:41,865 - httpx - INFO - HTTP Request: GET http://procure-x.testmcp.org/history/50c1c665-67ad-47eb-89f1-0bcf4b50f008 "HTTP/1.1 200 OK"
2026-01-13 12:09:42,902 - httpx - INFO - HTTP Request: GET http://procure-x.testmcp.org/history/50c1c665-67ad-47eb-89f1-0bcf4b50f008 "HTTP/1.1 200 OK"
2026-01-13 12:09:43,931 - httpx - INFO - HTTP Request: GET http://procure-x.testmcp.org/history/50c1c665-67ad-47eb-89f1-0bcf4b50f008 "HTTP/1.1 200 OK"
2026-01-13 12:09:44,966 - httpx - INFO - HTTP Request: GET http://procure-x.testmcp.org/history/50c1c665-67ad-47eb-89f1-0bcf4b50f008 "HTTP/1.1 200 OK"
2026-01-13 12:09:46,000 - httpx - INFO - HTTP Request: GET http://procure-x.testmcp.org/history/50c1c665-67ad-47eb-89f1-0bcf4b50f008 "HTTP/1.1 200 OK"
2026-01-13 12:09:47,035 - httpx - INFO - HTTP Request: GET http://procure-x.testmcp.org/history/50c1c665-67ad-47eb-89f1-0bcf4b50f008 "HTTP/1.1 200 OK"
2026-01-13 12:09:48,064 - httpx - INFO - HTTP Request: GET http://procure-x.testmcp.org/history/50c1c665-67ad-47eb-89f1-0bcf4b50f008 "HTTP/1.1 200 OK"
2026-01-13 12:09:49,102 - httpx - INFO - HTTP Request: GET http://procure-x.testmcp.org/history/50c1c665-67ad-47eb-89f1-0bcf4b50f008 "HTTP/1.1 200 OK"
2026-01-13 12:09:50,137 - httpx - INFO - HTTP Request: GET http://procure-x.testmcp.org/history/50c1c665-67ad-47eb-89f1-0bcf4b50f008 "HTTP/1.1 200 OK"
2026-01-13 12:09:51,177 - httpx - INFO - HTTP Request: GET http://procure-x.testmcp.org/history/50c1c665-67ad-47eb-89f1-0bcf4b50f008 "HTTP/1.1 200 OK"
2026-01-13 12:09:52,219 - httpx - INFO - HTTP Request: GET http://procure-x.testmcp.org/history/50c1c665-67ad-47eb-89f1-0bcf4b50f008 "HTTP/1.1 200 OK"
2026-01-13 12:09:53,253 - httpx - INFO - HTTP Request: GET http://procure-x.testmcp.org/history/50c1c665-67ad-47eb-89f1-0bcf4b50f008 "HTTP/1.1 200 OK"
2026-01-13 12:09:54,308 - httpx - INFO - HTTP Request: GET http://procure-x.testmcp.org/history/50c1c665-67ad-47eb-89f1-0bcf4b50f008 "HTTP/1.1 200 OK"
2026-01-13 12:09:55,338 - httpx - INFO - HTTP Request: GET http://procure-x.testmcp.org/history/50c1c665-67ad-47eb-89f1-0bcf4b50f008 "HTTP/1.1 200 OK"
2026-01-13 12:09:56,370 - httpx - INFO - HTTP Request: GET http://procure-x.testmcp.org/history/50c1c665-67ad-47eb-89f1-0bcf4b50f008 "HTTP/1.1 200 OK"
2026-01-13 12:09:57,451 - httpx - INFO - HTTP Request: GET http://procure-x.testmcp.org/history/50c1c665-67ad-47eb-89f1-0bcf4b50f008 "HTTP/1.1 200 OK"
2026-01-13 12:09:58,482 - httpx - INFO - HTTP Request: GET http://procure-x.testmcp.org/history/50c1c665-67ad-47eb-89f1-0bcf4b50f008 "HTTP/1.1 200 OK"
2026-01-13 12:09:59,521 - httpx - INFO - HTTP Request: GET http://procure-x.testmcp.org/history/50c1c665-67ad-47eb-89f1-0bcf4b50f008 "HTTP/1.1 200 OK"
2026-01-13 12:10:00,558 - httpx - INFO - HTTP Request: GET http://procure-x.testmcp.org/history/50c1c665-67ad-47eb-89f1-0bcf4b50f008 "HTTP/1.1 200 OK"
2026-01-13 12:10:01,590 - httpx - INFO - HTTP Request: GET http://procure-x.testmcp.org/history/50c1c665-67ad-47eb-89f1-0bcf4b50f008 "HTTP/1.1 200 OK"
2026-01-13 12:10:02,846 - httpx - INFO - HTTP Request: GET http://procure-x.testmcp.org/history/50c1c665-67ad-47eb-89f1-0bcf4b50f008 "HTTP/1.1 200 OK"
2026-01-13 12:10:04,073 - httpx - INFO - HTTP Request: GET http://procure-x.testmcp.org/history/50c1c665-67ad-47eb-89f1-0bcf4b50f008 "HTTP/1.1 200 OK"
2026-01-13 12:10:05,139 - httpx - INFO - HTTP Request: GET http://procure-x.testmcp.org/history/50c1c665-67ad-47eb-89f1-0bcf4b50f008 "HTTP/1.1 200 OK"
2026-01-13 12:10:06,168 - httpx - INFO - HTTP Request: GET http://procure-x.testmcp.org/history/50c1c665-67ad-47eb-89f1-0bcf4b50f008 "HTTP/1.1 200 OK"
2026-01-13 12:10:07,281 - httpx - INFO - HTTP Request: GET http://procure-x.testmcp.org/history/50c1c665-67ad-47eb-89f1-0bcf4b50f008 "HTTP/1.1 200 OK"
2026-01-13 12:10:08,321 - httpx - INFO - HTTP Request: GET http://procure-x.testmcp.org/history/50c1c665-67ad-47eb-89f1-0bcf4b50f008 "HTTP/1.1 200 OK"
2026-01-13 12:10:09,358 - httpx - INFO - HTTP Request: GET http://procure-x.testmcp.org/history/50c1c665-67ad-47eb-89f1-0bcf4b50f008 "HTTP/1.1 200 OK"
2026-01-13 12:10:10,384 - httpx - INFO - HTTP Request: GET http://procure-x.testmcp.org/history/50c1c665-67ad-47eb-89f1-0bcf4b50f008 "HTTP/1.1 200 OK"
2026-01-13 12:10:11,863 - httpx - INFO - HTTP Request: GET http://procure-x.testmcp.org/history/50c1c665-67ad-47eb-89f1-0bcf4b50f008 "HTTP/1.1 200 OK"
2026-01-13 12:10:12,897 - httpx - INFO - HTTP Request: GET http://procure-x.testmcp.org/history/50c1c665-67ad-47eb-89f1-0bcf4b50f008 "HTTP/1.1 200 OK"
2026-01-13 12:10:13,929 - httpx - INFO - HTTP Request: GET http://procure-x.testmcp.org/history/50c1c665-67ad-47eb-89f1-0bcf4b50f008 "HTTP/1.1 200 OK"
2026-01-13 12:10:14,949 - httpx - INFO - HTTP Request: GET http://procure-x.testmcp.org/history/50c1c665-67ad-47eb-89f1-0bcf4b50f008 "HTTP/1.1 200 OK"
2026-01-13 12:10:15,983 - httpx - INFO - HTTP Request: GET http://procure-x.testmcp.org/history/50c1c665-67ad-47eb-89f1-0bcf4b50f008 "HTTP/1.1 200 OK"
2026-01-13 12:10:17,015 - httpx - INFO - HTTP Request: GET http://procure-x.testmcp.org/history/50c1c665-67ad-47eb-89f1-0bcf4b50f008 "HTTP/1.1 200 OK"
2026-01-13 12:10:18,052 - httpx - INFO - HTTP Request: GET http://procure-x.testmcp.org/history/50c1c665-67ad-47eb-89f1-0bcf4b50f008 "HTTP/1.1 200 OK"
2026-01-13 12:10:19,436 - httpx - INFO - HTTP Request: GET http://procure-x.testmcp.org/history/50c1c665-67ad-47eb-89f1-0bcf4b50f008 "HTTP/1.1 200 OK"
2026-01-13 12:10:20,476 - httpx - INFO - HTTP Request: GET http://procure-x.testmcp.org/history/50c1c665-67ad-47eb-89f1-0bcf4b50f008 "HTTP/1.1 200 OK"
2026-01-13 12:10:21,507 - httpx - INFO - HTTP Request: GET http://procure-x.testmcp.org/history/50c1c665-67ad-47eb-89f1-0bcf4b50f008 "HTTP/1.1 200 OK"
2026-01-13 12:10:22,589 - httpx - INFO - HTTP Request: GET http://procure-x.testmcp.org/history/50c1c665-67ad-47eb-89f1-0bcf4b50f008 "HTTP/1.1 200 OK"
2026-01-13 12:10:23,623 - httpx - INFO - HTTP Request: GET http://procure-x.testmcp.org/history/50c1c665-67ad-47eb-89f1-0bcf4b50f008 "HTTP/1.1 200 OK"
2026-01-13 12:10:24,662 - httpx - INFO - HTTP Request: GET http://procure-x.testmcp.org/history/50c1c665-67ad-47eb-89f1-0bcf4b50f008 "HTTP/1.1 200 OK"
2026-01-13 12:10:25,710 - httpx - INFO - HTTP Request: GET http://procure-x.testmcp.org/history/50c1c665-67ad-47eb-89f1-0bcf4b50f008 "HTTP/1.1 200 OK"
2026-01-13 12:10:26,836 - httpx - INFO - HTTP Request: GET http://procure-x.testmcp.org/history/50c1c665-67ad-47eb-89f1-0bcf4b50f008 "HTTP/1.1 200 OK"
2026-01-13 12:10:27,864 - httpx - INFO - HTTP Request: GET http://procure-x.testmcp.org/history/50c1c665-67ad-47eb-89f1-0bcf4b50f008 "HTTP/1.1 200 OK"
2026-01-13 12:10:28,890 - httpx - INFO - HTTP Request: GET http://procure-x.testmcp.org/history/50c1c665-67ad-47eb-89f1-0bcf4b50f008 "HTTP/1.1 200 OK"
2026-01-13 12:10:29,926 - httpx - INFO - HTTP Request: GET http://procure-x.testmcp.org/history/50c1c665-67ad-47eb-89f1-0bcf4b50f008 "HTTP/1.1 200 OK"
2026-01-13 12:10:30,950 - httpx - INFO - HTTP Request: GET http://procure-x.testmcp.org/history/50c1c665-67ad-47eb-89f1-0bcf4b50f008 "HTTP/1.1 200 OK"
2026-01-13 12:10:32,041 - httpx - INFO - HTTP Request: GET http://procure-x.testmcp.org/history/50c1c665-67ad-47eb-89f1-0bcf4b50f008 "HTTP/1.1 200 OK"
2026-01-13 12:10:33,070 - httpx - INFO - HTTP Request: GET http://procure-x.testmcp.org/history/50c1c665-67ad-47eb-89f1-0bcf4b50f008 "HTTP/1.1 200 OK"
2026-01-13 12:10:34,102 - httpx - INFO - HTTP Request: GET http://procure-x.testmcp.org/history/50c1c665-67ad-47eb-89f1-0bcf4b50f008 "HTTP/1.1 200 OK"
2026-01-13 12:10:35,261 - httpx - INFO - HTTP Request: GET http://procure-x.testmcp.org/history/50c1c665-67ad-47eb-89f1-0bcf4b50f008 "HTTP/1.1 200 OK"
2026-01-13 12:10:36,341 - httpx - INFO - HTTP Request: GET http://procure-x.testmcp.org/history/50c1c665-67ad-47eb-89f1-0bcf4b50f008 "HTTP/1.1 200 OK"
2026-01-13 12:10:37,410 - httpx - INFO - HTTP Request: GET http://procure-x.testmcp.org/history/50c1c665-67ad-47eb-89f1-0bcf4b50f008 "HTTP/1.1 200 OK"
2026-01-13 12:10:38,438 - httpx - INFO - HTTP Request: GET http://procure-x.testmcp.org/history/50c1c665-67ad-47eb-89f1-0bcf4b50f008 "HTTP/1.1 200 OK"
2026-01-13 12:10:39,468 - httpx - INFO - HTTP Request: GET http://procure-x.testmcp.org/history/50c1c665-67ad-47eb-89f1-0bcf4b50f008 "HTTP/1.1 200 OK"
2026-01-13 12:10:40,548 - httpx - INFO - HTTP Request: GET http://procure-x.testmcp.org/history/50c1c665-67ad-47eb-89f1-0bcf4b50f008 "HTTP/1.1 200 OK"
2026-01-13 12:10:41,577 - httpx - INFO - HTTP Request: GET http://procure-x.testmcp.org/history/50c1c665-67ad-47eb-89f1-0bcf4b50f008 "HTTP/1.1 200 OK"
2026-01-13 12:10:42,607 - httpx - INFO - HTTP Request: GET http://procure-x.testmcp.org/history/50c1c665-67ad-47eb-89f1-0bcf4b50f008 "HTTP/1.1 200 OK"
2026-01-13 12:10:43,673 - httpx - INFO - HTTP Request: GET http://procure-x.testmcp.org/history/50c1c665-67ad-47eb-89f1-0bcf4b50f008 "HTTP/1.1 200 OK"
2026-01-13 12:10:44,764 - httpx - INFO - HTTP Request: GET http://procure-x.testmcp.org/history/50c1c665-67ad-47eb-89f1-0bcf4b50f008 "HTTP/1.1 200 OK"
2026-01-13 12:10:45,797 - httpx - INFO - HTTP Request: GET http://procure-x.testmcp.org/history/50c1c665-67ad-47eb-89f1-0bcf4b50f008 "HTTP/1.1 200 OK"
2026-01-13 12:10:46,842 - httpx - INFO - HTTP Request: GET http://procure-x.testmcp.org/history/50c1c665-67ad-47eb-89f1-0bcf4b50f008 "HTTP/1.1 200 OK"
2026-01-13 12:10:47,877 - httpx - INFO - HTTP Request: GET http://procure-x.testmcp.org/history/50c1c665-67ad-47eb-89f1-0bcf4b50f008 "HTTP/1.1 200 OK"
2026-01-13 12:10:48,907 - httpx - INFO - HTTP Request: GET http://procure-x.testmcp.org/history/50c1c665-67ad-47eb-89f1-0bcf4b50f008 "HTTP/1.1 200 OK"
2026-01-13 12:10:49,999 - httpx - INFO - HTTP Request: GET http://procure-x.testmcp.org/history/50c1c665-67ad-47eb-89f1-0bcf4b50f008 "HTTP/1.1 200 OK"
2026-01-13 12:10:51,069 - httpx - INFO - HTTP Request: GET http://procure-x.testmcp.org/history/50c1c665-67ad-47eb-89f1-0bcf4b50f008 "HTTP/1.1 200 OK"
2026-01-13 12:10:52,096 - httpx - INFO - HTTP Request: GET http://procure-x.testmcp.org/history/50c1c665-67ad-47eb-89f1-0bcf4b50f008 "HTTP/1.1 200 OK"
2026-01-13 12:10:53,169 - httpx - INFO - HTTP Request: GET http://procure-x.testmcp.org/history/50c1c665-67ad-47eb-89f1-0bcf4b50f008 "HTTP/1.1 200 OK"
2026-01-13 12:10:54,247 - httpx - INFO - HTTP Request: GET http://procure-x.testmcp.org/history/50c1c665-67ad-47eb-89f1-0bcf4b50f008 "HTTP/1.1 200 OK"
2026-01-13 12:10:55,278 - httpx - INFO - HTTP Request: GET http://procure-x.testmcp.org/history/50c1c665-67ad-47eb-89f1-0bcf4b50f008 "HTTP/1.1 200 OK"
2026-01-13 12:10:56,303 - httpx - INFO - HTTP Request: GET http://procure-x.testmcp.org/history/50c1c665-67ad-47eb-89f1-0bcf4b50f008 "HTTP/1.1 200 OK"
2026-01-13 12:10:57,341 - httpx - INFO - HTTP Request: GET http://procure-x.testmcp.org/history/50c1c665-67ad-47eb-89f1-0bcf4b50f008 "HTTP/1.1 200 OK"
2026-01-13 12:10:58,367 - httpx - INFO - HTTP Request: GET http://procure-x.testmcp.org/history/50c1c665-67ad-47eb-89f1-0bcf4b50f008 "HTTP/1.1 200 OK"
2026-01-13 12:10:59,400 - httpx - INFO - HTTP Request: GET http://procure-x.testmcp.org/history/50c1c665-67ad-47eb-89f1-0bcf4b50f008 "HTTP/1.1 200 OK"
2026-01-13 12:11:00,475 - httpx - INFO - HTTP Request: GET http://procure-x.testmcp.org/history/50c1c665-67ad-47eb-89f1-0bcf4b50f008 "HTTP/1.1 200 OK"
2026-01-13 12:11:01,509 - httpx - INFO - HTTP Request: GET http://procure-x.testmcp.org/history/50c1c665-67ad-47eb-89f1-0bcf4b50f008 "HTTP/1.1 200 OK"
2026-01-13 12:11:02,585 - httpx - INFO - HTTP Request: GET http://procure-x.testmcp.org/history/50c1c665-67ad-47eb-89f1-0bcf4b50f008 "HTTP/1.1 200 OK"
2026-01-13 12:11:03,617 - httpx - INFO - HTTP Request: GET http://procure-x.testmcp.org/history/50c1c665-67ad-47eb-89f1-0bcf4b50f008 "HTTP/1.1 200 OK"
2026-01-13 12:11:04,646 - httpx - INFO - HTTP Request: GET http://procure-x.testmcp.org/history/50c1c665-67ad-47eb-89f1-0bcf4b50f008 "HTTP/1.1 200 OK"
2026-01-13 12:11:05,684 - httpx - INFO - HTTP Request: GET http://procure-x.testmcp.org/history/50c1c665-67ad-47eb-89f1-0bcf4b50f008 "HTTP/1.1 200 OK"
2026-01-13 12:11:06,714 - httpx - INFO - HTTP Request: GET http://procure-x.testmcp.org/history/50c1c665-67ad-47eb-89f1-0bcf4b50f008 "HTTP/1.1 200 OK"
2026-01-13 12:11:07,741 - httpx - INFO - HTTP Request: GET http://procure-x.testmcp.org/history/50c1c665-67ad-47eb-89f1-0bcf4b50f008 "HTTP/1.1 200 OK"
2026-01-13 12:11:08,775 - httpx - INFO - HTTP Request: GET http://procure-x.testmcp.org/history/50c1c665-67ad-47eb-89f1-0bcf4b50f008 "HTTP/1.1 200 OK"
2026-01-13 12:11:09,847 - httpx - INFO - HTTP Request: GET http://procure-x.testmcp.org/history/50c1c665-67ad-47eb-89f1-0bcf4b50f008 "HTTP/1.1 200 OK"
2026-01-13 12:11:10,875 - httpx - INFO - HTTP Request: GET http://procure-x.testmcp.org/history/50c1c665-67ad-47eb-89f1-0bcf4b50f008 "HTTP/1.1 200 OK"
2026-01-13 12:11:12,021 - httpx - INFO - HTTP Request: GET http://procure-x.testmcp.org/history/50c1c665-67ad-47eb-89f1-0bcf4b50f008 "HTTP/1.1 200 OK"
2026-01-13 12:11:13,049 - httpx - INFO - HTTP Request: GET http://procure-x.testmcp.org/history/50c1c665-67ad-47eb-89f1-0bcf4b50f008 "HTTP/1.1 200 OK"
2026-01-13 12:11:14,078 - httpx - INFO - HTTP Request: GET http://procure-x.testmcp.org/history/50c1c665-67ad-47eb-89f1-0bcf4b50f008 "HTTP/1.1 200 OK"
2026-01-13 12:11:15,105 - httpx - INFO - HTTP Request: GET http://procure-x.testmcp.org/history/50c1c665-67ad-47eb-89f1-0bcf4b50f008 "HTTP/1.1 200 OK"
2026-01-13 12:11:16,174 - httpx - INFO - HTTP Request: GET http://procure-x.testmcp.org/history/50c1c665-67ad-47eb-89f1-0bcf4b50f008 "HTTP/1.1 200 OK"
2026-01-13 12:11:17,253 - httpx - INFO - HTTP Request: GET http://procure-x.testmcp.org/history/50c1c665-67ad-47eb-89f1-0bcf4b50f008 "HTTP/1.1 200 OK"
2026-01-13 12:11:18,284 - httpx - INFO - HTTP Request: GET http://procure-x.testmcp.org/history/50c1c665-67ad-47eb-89f1-0bcf4b50f008 "HTTP/1.1 200 OK"
2026-01-13 12:11:19,312 - httpx - INFO - HTTP Request: GET http://procure-x.testmcp.org/history/50c1c665-67ad-47eb-89f1-0bcf4b50f008 "HTTP/1.1 200 OK"
2026-01-13 12:11:20,344 - httpx - INFO - HTTP Request: GET http://procure-x.testmcp.org/history/50c1c665-67ad-47eb-89f1-0bcf4b50f008 "HTTP/1.1 200 OK"
2026-01-13 12:11:21,380 - httpx - INFO - HTTP Request: GET http://procure-x.testmcp.org/history/50c1c665-67ad-47eb-89f1-0bcf4b50f008 "HTTP/1.1 200 OK"
2026-01-13 12:11:22,420 - httpx - INFO - HTTP Request: GET http://procure-x.testmcp.org/history/50c1c665-67ad-47eb-89f1-0bcf4b50f008 "HTTP/1.1 200 OK"
2026-01-13 12:11:23,458 - httpx - INFO - HTTP Request: GET http://procure-x.testmcp.org/history/50c1c665-67ad-47eb-89f1-0bcf4b50f008 "HTTP/1.1 200 OK"
2026-01-13 12:11:24,490 - httpx - INFO - HTTP Request: GET http://procure-x.testmcp.org/history/50c1c665-67ad-47eb-89f1-0bcf4b50f008 "HTTP/1.1 200 OK"
2026-01-13 12:11:25,625 - httpx - INFO - HTTP Request: GET http://procure-x.testmcp.org/history/50c1c665-67ad-47eb-89f1-0bcf4b50f008 "HTTP/1.1 200 OK"
2026-01-13 12:11:26,666 - httpx - INFO - HTTP Request: GET http://procure-x.testmcp.org/history/50c1c665-67ad-47eb-89f1-0bcf4b50f008 "HTTP/1.1 200 OK"
2026-01-13 12:11:27,696 - httpx - INFO - HTTP Request: GET http://procure-x.testmcp.org/history/50c1c665-67ad-47eb-89f1-0bcf4b50f008 "HTTP/1.1 200 OK"
2026-01-13 12:11:28,759 - httpx - INFO - HTTP Request: GET http://procure-x.testmcp.org/history/50c1c665-67ad-47eb-89f1-0bcf4b50f008 "HTTP/1.1 200 OK"
2026-01-13 12:11:29,792 - httpx - INFO - HTTP Request: GET http://procure-x.testmcp.org/history/50c1c665-67ad-47eb-89f1-0bcf4b50f008 "HTTP/1.1 200 OK"
2026-01-13 12:11:30,824 - httpx - INFO - HTTP Request: GET http://procure-x.testmcp.org/history/50c1c665-67ad-47eb-89f1-0bcf4b50f008 "HTTP/1.1 200 OK"
2026-01-13 12:11:31,853 - httpx - INFO - HTTP Request: GET http://procure-x.testmcp.org/history/50c1c665-67ad-47eb-89f1-0bcf4b50f008 "HTTP/1.1 200 OK"
2026-01-13 12:11:32,883 - httpx - INFO - HTTP Request: GET http://procure-x.testmcp.org/history/50c1c665-67ad-47eb-89f1-0bcf4b50f008 "HTTP/1.1 200 OK"
2026-01-13 12:11:33,919 - httpx - INFO - HTTP Request: GET http://procure-x.testmcp.org/history/50c1c665-67ad-47eb-89f1-0bcf4b50f008 "HTTP/1.1 200 OK"
2026-01-13 12:11:34,991 - httpx - INFO - HTTP Request: GET http://procure-x.testmcp.org/history/50c1c665-67ad-47eb-89f1-0bcf4b50f008 "HTTP/1.1 200 OK"
2026-01-13 12:11:36,014 - httpx - INFO - HTTP Request: GET http://procure-x.testmcp.org/history/50c1c665-67ad-47eb-89f1-0bcf4b50f008 "HTTP/1.1 200 OK"
2026-01-13 12:11:37,044 - httpx - INFO - HTTP Request: GET http://procure-x.testmcp.org/history/50c1c665-67ad-47eb-89f1-0bcf4b50f008 "HTTP/1.1 200 OK"
2026-01-13 12:11:38,081 - httpx - INFO - HTTP Request: GET http://procure-x.testmcp.org/history/50c1c665-67ad-47eb-89f1-0bcf4b50f008 "HTTP/1.1 200 OK"
2026-01-13 12:11:39,110 - httpx - INFO - HTTP Request: GET http://procure-x.testmcp.org/history/50c1c665-67ad-47eb-89f1-0bcf4b50f008 "HTTP/1.1 200 OK"
2026-01-13 12:11:40,170 - httpx - INFO - HTTP Request: GET http://procure-x.testmcp.org/history/50c1c665-67ad-47eb-89f1-0bcf4b50f008 "HTTP/1.1 200 OK"
2026-01-13 12:11:41,251 - httpx - INFO - HTTP Request: GET http://procure-x.testmcp.org/history/50c1c665-67ad-47eb-89f1-0bcf4b50f008 "HTTP/1.1 200 OK"
2026-01-13 12:11:42,285 - httpx - INFO - HTTP Request: GET http://procure-x.testmcp.org/history/50c1c665-67ad-47eb-89f1-0bcf4b50f008 "HTTP/1.1 200 OK"
2026-01-13 12:11:43,313 - httpx - INFO - HTTP Request: GET http://procure-x.testmcp.org/history/50c1c665-67ad-47eb-89f1-0bcf4b50f008 "HTTP/1.1 200 OK"
2026-01-13 12:11:44,345 - httpx - INFO - HTTP Request: GET http://procure-x.testmcp.org/history/50c1c665-67ad-47eb-89f1-0bcf4b50f008 "HTTP/1.1 200 OK"
2026-01-13 12:11:45,367 - httpx - INFO - HTTP Request: GET http://procure-x.testmcp.org/history/50c1c665-67ad-47eb-89f1-0bcf4b50f008 "HTTP/1.1 200 OK"
2026-01-13 12:11:46,389 - httpx - INFO - HTTP Request: GET http://procure-x.testmcp.org/history/50c1c665-67ad-47eb-89f1-0bcf4b50f008 "HTTP/1.1 200 OK"
2026-01-13 12:11:47,419 - httpx - INFO - HTTP Request: GET http://procure-x.testmcp.org/history/50c1c665-67ad-47eb-89f1-0bcf4b50f008 "HTTP/1.1 200 OK"
2026-01-13 12:11:48,443 - httpx - INFO - HTTP Request: GET http://procure-x.testmcp.org/history/50c1c665-67ad-47eb-89f1-0bcf4b50f008 "HTTP/1.1 200 OK"
2026-01-13 12:11:49,470 - httpx - INFO - HTTP Request: GET http://procure-x.testmcp.org/history/50c1c665-67ad-47eb-89f1-0bcf4b50f008 "HTTP/1.1 200 OK"
2026-01-13 12:11:50,539 - httpx - INFO - HTTP Request: GET http://procure-x.testmcp.org/history/50c1c665-67ad-47eb-89f1-0bcf4b50f008 "HTTP/1.1 200 OK"
2026-01-13 12:11:51,603 - httpx - INFO - HTTP Request: GET http://procure-x.testmcp.org/history/50c1c665-67ad-47eb-89f1-0bcf4b50f008 "HTTP/1.1 200 OK"
2026-01-13 12:11:52,634 - httpx - INFO - HTTP Request: GET http://procure-x.testmcp.org/history/50c1c665-67ad-47eb-89f1-0bcf4b50f008 "HTTP/1.1 200 OK"
2026-01-13 12:11:53,658 - httpx - INFO - HTTP Request: GET http://procure-x.testmcp.org/history/50c1c665-67ad-47eb-89f1-0bcf4b50f008 "HTTP/1.1 200 OK"
2026-01-13 12:11:54,687 - httpx - INFO - HTTP Request: GET http://procure-x.testmcp.org/history/50c1c665-67ad-47eb-89f1-0bcf4b50f008 "HTTP/1.1 200 OK"
2026-01-13 12:11:55,759 - httpx - INFO - HTTP Request: GET http://procure-x.testmcp.org/history/50c1c665-67ad-47eb-89f1-0bcf4b50f008 "HTTP/1.1 200 OK"
2026-01-13 12:11:56,876 - httpx - INFO - HTTP Request: GET http://procure-x.testmcp.org/history/50c1c665-67ad-47eb-89f1-0bcf4b50f008 "HTTP/1.1 200 OK"
2026-01-13 12:11:58,049 - httpx - INFO - HTTP Request: GET http://procure-x.testmcp.org/history/50c1c665-67ad-47eb-89f1-0bcf4b50f008 "HTTP/1.1 200 OK"
2026-01-13 12:11:59,083 - httpx - INFO - HTTP Request: GET http://procure-x.testmcp.org/history/50c1c665-67ad-47eb-89f1-0bcf4b50f008 "HTTP/1.1 200 OK"
2026-01-13 12:12:00,121 - httpx - INFO - HTTP Request: GET http://procure-x.testmcp.org/history/50c1c665-67ad-47eb-89f1-0bcf4b50f008 "HTTP/1.1 200 OK"
2026-01-13 12:12:01,159 - httpx - INFO - HTTP Request: GET http://procure-x.testmcp.org/history/50c1c665-67ad-47eb-89f1-0bcf4b50f008 "HTTP/1.1 200 OK"
2026-01-13 12:12:02,278 - httpx - INFO - HTTP Request: GET http://procure-x.testmcp.org/history/50c1c665-67ad-47eb-89f1-0bcf4b50f008 "HTTP/1.1 200 OK"
2026-01-13 12:12:03,309 - httpx - INFO - HTTP Request: GET http://procure-x.testmcp.org/history/50c1c665-67ad-47eb-89f1-0bcf4b50f008 "HTTP/1.1 200 OK"
2026-01-13 12:12:04,344 - httpx - INFO - HTTP Request: GET http://procure-x.testmcp.org/history/50c1c665-67ad-47eb-89f1-0bcf4b50f008 "HTTP/1.1 200 OK"
2026-01-13 12:12:05,371 - httpx - INFO - HTTP Request: GET http://procure-x.testmcp.org/history/50c1c665-67ad-47eb-89f1-0bcf4b50f008 "HTTP/1.1 200 OK"
2026-01-13 12:12:06,411 - httpx - INFO - HTTP Request: GET http://procure-x.testmcp.org/history/50c1c665-67ad-47eb-89f1-0bcf4b50f008 "HTTP/1.1 200 OK"
2026-01-13 12:12:07,437 - httpx - INFO - HTTP Request: GET http://procure-x.testmcp.org/history/50c1c665-67ad-47eb-89f1-0bcf4b50f008 "HTTP/1.1 200 OK"
2026-01-13 12:12:08,472 - httpx - INFO - HTTP Request: GET http://procure-x.testmcp.org/history/50c1c665-67ad-47eb-89f1-0bcf4b50f008 "HTTP/1.1 200 OK"
2026-01-13 12:12:09,505 - httpx - INFO - HTTP Request: GET http://procure-x.testmcp.org/history/50c1c665-67ad-47eb-89f1-0bcf4b50f008 "HTTP/1.1 200 OK"
2026-01-13 12:12:10,745 - httpx - INFO - HTTP Request: GET http://procure-x.testmcp.org/history/50c1c665-67ad-47eb-89f1-0bcf4b50f008 "HTTP/1.1 200 OK"
2026-01-13 12:12:11,822 - httpx - INFO - HTTP Request: GET http://procure-x.testmcp.org/history/50c1c665-67ad-47eb-89f1-0bcf4b50f008 "HTTP/1.1 200 OK"
2026-01-13 12:12:12,851 - httpx - INFO - HTTP Request: GET http://procure-x.testmcp.org/history/50c1c665-67ad-47eb-89f1-0bcf4b50f008 "HTTP/1.1 200 OK"
2026-01-13 12:12:13,884 - httpx - INFO - HTTP Request: GET http://procure-x.testmcp.org/history/50c1c665-67ad-47eb-89f1-0bcf4b50f008 "HTTP/1.1 200 OK"
2026-01-13 12:12:14,916 - httpx - INFO - HTTP Request: GET http://procure-x.testmcp.org/history/50c1c665-67ad-47eb-89f1-0bcf4b50f008 "HTTP/1.1 200 OK"
2026-01-13 12:12:15,959 - httpx - INFO - HTTP Request: GET http://procure-x.testmcp.org/history/50c1c665-67ad-47eb-89f1-0bcf4b50f008 "HTTP/1.1 200 OK"
2026-01-13 12:12:16,985 - httpx - INFO - HTTP Request: GET http://procure-x.testmcp.org/history/50c1c665-67ad-47eb-89f1-0bcf4b50f008 "HTTP/1.1 200 OK"
2026-01-13 12:12:18,014 - httpx - INFO - HTTP Request: GET http://procure-x.testmcp.org/history/50c1c665-67ad-47eb-89f1-0bcf4b50f008 "HTTP/1.1 200 OK"
2026-01-13 12:12:19,033 - httpx - INFO - HTTP Request: GET http://procure-x.testmcp.org/history/50c1c665-67ad-47eb-89f1-0bcf4b50f008 "HTTP/1.1 200 OK"
2026-01-13 12:12:20,060 - httpx - INFO - HTTP Request: GET http://procure-x.testmcp.org/history/50c1c665-67ad-47eb-89f1-0bcf4b50f008 "HTTP/1.1 200 OK"
2026-01-13 12:12:21,135 - httpx - INFO - HTTP Request: GET http://procure-x.testmcp.org/history/50c1c665-67ad-47eb-89f1-0bcf4b50f008 "HTTP/1.1 200 OK"
2026-01-13 12:12:22,167 - httpx - INFO - HTTP Request: GET http://procure-x.testmcp.org/history/50c1c665-67ad-47eb-89f1-0bcf4b50f008 "HTTP/1.1 200 OK"
2026-01-13 12:12:23,189 - httpx - INFO - HTTP Request: GET http://procure-x.testmcp.org/history/50c1c665-67ad-47eb-89f1-0bcf4b50f008 "HTTP/1.1 200 OK"
2026-01-13 12:12:24,212 - httpx - INFO - HTTP Request: GET http://procure-x.testmcp.org/history/50c1c665-67ad-47eb-89f1-0bcf4b50f008 "HTTP/1.1 200 OK"
2026-01-13 12:12:25,238 - httpx - INFO - HTTP Request: GET http://procure-x.testmcp.org/history/50c1c665-67ad-47eb-89f1-0bcf4b50f008 "HTTP/1.1 200 OK"
2026-01-13 12:12:26,260 - httpx - INFO - HTTP Request: GET http://procure-x.testmcp.org/history/50c1c665-67ad-47eb-89f1-0bcf4b50f008 "HTTP/1.1 200 OK"
2026-01-13 12:12:27,326 - httpx - INFO - HTTP Request: GET http://procure-x.testmcp.org/history/50c1c665-67ad-47eb-89f1-0bcf4b50f008 "HTTP/1.1 200 OK"
2026-01-13 12:12:28,360 - httpx - INFO - HTTP Request: GET http://procure-x.testmcp.org/history/50c1c665-67ad-47eb-89f1-0bcf4b50f008 "HTTP/1.1 200 OK"
2026-01-13 12:12:29,428 - httpx - INFO - HTTP Request: GET http://procure-x.testmcp.org/history/50c1c665-67ad-47eb-89f1-0bcf4b50f008 "HTTP/1.1 200 OK"
2026-01-13 12:12:30,453 - httpx - INFO - HTTP Request: GET http://procure-x.testmcp.org/history/50c1c665-67ad-47eb-89f1-0bcf4b50f008 "HTTP/1.1 200 OK"
2026-01-13 12:12:31,479 - httpx - INFO - HTTP Request: GET http://procure-x.testmcp.org/history/50c1c665-67ad-47eb-89f1-0bcf4b50f008 "HTTP/1.1 200 OK"
2026-01-13 12:12:32,510 - httpx - INFO - HTTP Request: GET http://procure-x.testmcp.org/history/50c1c665-67ad-47eb-89f1-0bcf4b50f008 "HTTP/1.1 200 OK"
2026-01-13 12:12:33,550 - httpx - INFO - HTTP Request: GET http://procure-x.testmcp.org/history/50c1c665-67ad-47eb-89f1-0bcf4b50f008 "HTTP/1.1 200 OK"
2026-01-13 12:12:34,580 - httpx - INFO - HTTP Request: GET http://procure-x.testmcp.org/history/50c1c665-67ad-47eb-89f1-0bcf4b50f008 "HTTP/1.1 200 OK"
2026-01-13 12:12:35,620 - httpx - INFO - HTTP Request: GET http://procure-x.testmcp.org/history/50c1c665-67ad-47eb-89f1-0bcf4b50f008 "HTTP/1.1 200 OK"
2026-01-13 12:12:36,644 - httpx - INFO - HTTP Request: GET http://procure-x.testmcp.org/history/50c1c665-67ad-47eb-89f1-0bcf4b50f008 "HTTP/1.1 200 OK"
2026-01-13 12:12:37,678 - httpx - INFO - HTTP Request: GET http://procure-x.testmcp.org/history/50c1c665-67ad-47eb-89f1-0bcf4b50f008 "HTTP/1.1 200 OK"
2026-01-13 12:12:38,733 - httpx - INFO - HTTP Request: GET http://procure-x.testmcp.org/history/50c1c665-67ad-47eb-89f1-0bcf4b50f008 "HTTP/1.1 200 OK"
2026-01-13 12:12:39,754 - httpx - INFO - HTTP Request: GET http://procure-x.testmcp.org/history/50c1c665-67ad-47eb-89f1-0bcf4b50f008 "HTTP/1.1 200 OK"
2026-01-13 12:12:40,779 - httpx - INFO - HTTP Request: GET http://procure-x.testmcp.org/history/50c1c665-67ad-47eb-89f1-0bcf4b50f008 "HTTP/1.1 200 OK"
2026-01-13 12:12:41,852 - httpx - INFO - HTTP Request: GET http://procure-x.testmcp.org/history/50c1c665-67ad-47eb-89f1-0bcf4b50f008 "HTTP/1.1 200 OK"
2026-01-13 12:12:42,878 - httpx - INFO - HTTP Request: GET http://procure-x.testmcp.org/history/50c1c665-67ad-47eb-89f1-0bcf4b50f008 "HTTP/1.1 200 OK"
2026-01-13 12:12:43,915 - httpx - INFO - HTTP Request: GET http://procure-x.testmcp.org/history/50c1c665-67ad-47eb-89f1-0bcf4b50f008 "HTTP/1.1 200 OK"
2026-01-13 12:12:44,980 - httpx - INFO - HTTP Request: GET http://procure-x.testmcp.org/history/50c1c665-67ad-47eb-89f1-0bcf4b50f008 "HTTP/1.1 200 OK"
2026-01-13 12:12:46,057 - httpx - INFO - HTTP Request: GET http://procure-x.testmcp.org/history/50c1c665-67ad-47eb-89f1-0bcf4b50f008 "HTTP/1.1 200 OK"
2026-01-13 12:12:47,092 - httpx - INFO - HTTP Request: GET http://procure-x.testmcp.org/history/50c1c665-67ad-47eb-89f1-0bcf4b50f008 "HTTP/1.1 200 OK"
2026-01-13 12:12:48,128 - httpx - INFO - HTTP Request: GET http://procure-x.testmcp.org/history/50c1c665-67ad-47eb-89f1-0bcf4b50f008 "HTTP/1.1 200 OK"
2026-01-13 12:12:49,157 - httpx - INFO - HTTP Request: GET http://procure-x.testmcp.org/history/50c1c665-67ad-47eb-89f1-0bcf4b50f008 "HTTP/1.1 200 OK"
2026-01-13 12:12:50,195 - httpx - INFO - HTTP Request: GET http://procure-x.testmcp.org/history/50c1c665-67ad-47eb-89f1-0bcf4b50f008 "HTTP/1.1 200 OK"
2026-01-13 12:12:51,228 - httpx - INFO - HTTP Request: GET http://procure-x.testmcp.org/history/50c1c665-67ad-47eb-89f1-0bcf4b50f008 "HTTP/1.1 200 OK"
2026-01-13 12:12:52,256 - httpx - INFO - HTTP Request: GET http://procure-x.testmcp.org/history/50c1c665-67ad-47eb-89f1-0bcf4b50f008 "HTTP/1.1 200 OK"
2026-01-13 12:12:53,293 - httpx - INFO - HTTP Request: GET http://procure-x.testmcp.org/history/50c1c665-67ad-47eb-89f1-0bcf4b50f008 "HTTP/1.1 200 OK"
2026-01-13 12:12:54,365 - httpx - INFO - HTTP Request: GET http://procure-x.testmcp.org/history/50c1c665-67ad-47eb-89f1-0bcf4b50f008 "HTTP/1.1 200 OK"
2026-01-13 12:12:55,440 - httpx - INFO - HTTP Request: GET http://procure-x.testmcp.org/history/50c1c665-67ad-47eb-89f1-0bcf4b50f008 "HTTP/1.1 200 OK"
2026-01-13 12:12:56,465 - httpx - INFO - HTTP Request: GET http://procure-x.testmcp.org/history/50c1c665-67ad-47eb-89f1-0bcf4b50f008 "HTTP/1.1 200 OK"
2026-01-13 12:12:57,492 - httpx - INFO - HTTP Request: GET http://procure-x.testmcp.org/history/50c1c665-67ad-47eb-89f1-0bcf4b50f008 "HTTP/1.1 200 OK"
2026-01-13 12:12:58,523 - httpx - INFO - HTTP Request: GET http://procure-x.testmcp.org/history/50c1c665-67ad-47eb-89f1-0bcf4b50f008 "HTTP/1.1 200 OK"
2026-01-13 12:12:59,589 - httpx - INFO - HTTP Request: GET http://procure-x.testmcp.org/history/50c1c665-67ad-47eb-89f1-0bcf4b50f008 "HTTP/1.1 200 OK"
2026-01-13 12:13:00,620 - httpx - INFO - HTTP Request: GET http://procure-x.testmcp.org/history/50c1c665-67ad-47eb-89f1-0bcf4b50f008 "HTTP/1.1 200 OK"
2026-01-13 12:13:01,654 - httpx - INFO - HTTP Request: GET http://procure-x.testmcp.org/history/50c1c665-67ad-47eb-89f1-0bcf4b50f008 "HTTP/1.1 200 OK"
2026-01-13 12:13:02,723 - httpx - INFO - HTTP Request: GET http://procure-x.testmcp.org/history/50c1c665-67ad-47eb-89f1-0bcf4b50f008 "HTTP/1.1 200 OK"
2026-01-13 12:13:03,755 - httpx - INFO - HTTP Request: GET http://procure-x.testmcp.org/history/50c1c665-67ad-47eb-89f1-0bcf4b50f008 "HTTP/1.1 200 OK"
2026-01-13 12:13:04,772 - httpx - INFO - HTTP Request: GET http://procure-x.testmcp.org/history/50c1c665-67ad-47eb-89f1-0bcf4b50f008 "HTTP/1.1 200 OK"
2026-01-13 12:13:05,799 - httpx - INFO - HTTP Request: GET http://procure-x.testmcp.org/history/50c1c665-67ad-47eb-89f1-0bcf4b50f008 "HTTP/1.1 200 OK"
2026-01-13 12:13:06,826 - httpx - INFO - HTTP Request: GET http://procure-x.testmcp.org/history/50c1c665-67ad-47eb-89f1-0bcf4b50f008 "HTTP/1.1 200 OK"
2026-01-13 12:13:07,859 - httpx - INFO - HTTP Request: GET http://procure-x.testmcp.org/history/50c1c665-67ad-47eb-89f1-0bcf4b50f008 "HTTP/1.1 200 OK"
2026-01-13 12:13:08,921 - httpx - INFO - HTTP Request: GET http://procure-x.testmcp.org/history/50c1c665-67ad-47eb-89f1-0bcf4b50f008 "HTTP/1.1 200 OK"
2026-01-13 12:13:09,984 - httpx - INFO - HTTP Request: GET http://procure-x.testmcp.org/history/50c1c665-67ad-47eb-89f1-0bcf4b50f008 "HTTP/1.1 200 OK"
2026-01-13 12:13:11,013 - httpx - INFO - HTTP Request: GET http://procure-x.testmcp.org/history/50c1c665-67ad-47eb-89f1-0bcf4b50f008 "HTTP/1.1 200 OK"
2026-01-13 12:13:12,035 - httpx - INFO - HTTP Request: GET http://procure-x.testmcp.org/history/50c1c665-67ad-47eb-89f1-0bcf4b50f008 "HTTP/1.1 200 OK"
2026-01-13 12:13:13,061 - httpx - INFO - HTTP Request: GET http://procure-x.testmcp.org/history/50c1c665-67ad-47eb-89f1-0bcf4b50f008 "HTTP/1.1 200 OK"
2026-01-13 12:13:14,088 - httpx - INFO - HTTP Request: GET http://procure-x.testmcp.org/history/50c1c665-67ad-47eb-89f1-0bcf4b50f008 "HTTP/1.1 200 OK"
2026-01-13 12:13:15,110 - httpx - INFO - HTTP Request: GET http://procure-x.testmcp.org/history/50c1c665-67ad-47eb-89f1-0bcf4b50f008 "HTTP/1.1 200 OK"
2026-01-13 12:13:16,139 - httpx - INFO - HTTP Request: GET http://procure-x.testmcp.org/history/50c1c665-67ad-47eb-89f1-0bcf4b50f008 "HTTP/1.1 200 OK"
2026-01-13 12:13:17,167 - httpx - INFO - HTTP Request: GET http://procure-x.testmcp.org/history/50c1c665-67ad-47eb-89f1-0bcf4b50f008 "HTTP/1.1 200 OK"
2026-01-13 12:13:18,245 - httpx - INFO - HTTP Request: GET http://procure-x.testmcp.org/history/50c1c665-67ad-47eb-89f1-0bcf4b50f008 "HTTP/1.1 200 OK"
2026-01-13 12:13:19,270 - httpx - INFO - HTTP Request: GET http://procure-x.testmcp.org/history/50c1c665-67ad-47eb-89f1-0bcf4b50f008 "HTTP/1.1 200 OK"
2026-01-13 12:13:20,297 - httpx - INFO - HTTP Request: GET http://procure-x.testmcp.org/history/50c1c665-67ad-47eb-89f1-0bcf4b50f008 "HTTP/1.1 200 OK"
2026-01-13 12:13:21,330 - httpx - INFO - HTTP Request: GET http://procure-x.testmcp.org/history/50c1c665-67ad-47eb-89f1-0bcf4b50f008 "HTTP/1.1 200 OK"
2026-01-13 12:13:22,427 - httpx - INFO - HTTP Request: GET http://procure-x.testmcp.org/history/50c1c665-67ad-47eb-89f1-0bcf4b50f008 "HTTP/1.1 200 OK"
2026-01-13 12:13:23,453 - httpx - INFO - HTTP Request: GET http://procure-x.testmcp.org/history/50c1c665-67ad-47eb-89f1-0bcf4b50f008 "HTTP/1.1 200 OK"
2026-01-13 12:13:24,477 - httpx - INFO - HTTP Request: GET http://procure-x.testmcp.org/history/50c1c665-67ad-47eb-89f1-0bcf4b50f008 "HTTP/1.1 200 OK"
2026-01-13 12:13:25,498 - httpx - INFO - HTTP Request: GET http://procure-x.testmcp.org/history/50c1c665-67ad-47eb-89f1-0bcf4b50f008 "HTTP/1.1 200 OK"
2026-01-13 12:13:26,528 - httpx - INFO - HTTP Request: GET http://procure-x.testmcp.org/history/50c1c665-67ad-47eb-89f1-0bcf4b50f008 "HTTP/1.1 200 OK"
2026-01-13 12:13:27,563 - httpx - INFO - HTTP Request: GET http://procure-x.testmcp.org/history/50c1c665-67ad-47eb-89f1-0bcf4b50f008 "HTTP/1.1 200 OK"
2026-01-13 12:13:28,583 - httpx - INFO - HTTP Request: GET http://procure-x.testmcp.org/history/50c1c665-67ad-47eb-89f1-0bcf4b50f008 "HTTP/1.1 200 OK"
2026-01-13 12:13:29,900 - httpx - INFO - HTTP Request: GET http://procure-x.testmcp.org/history/50c1c665-67ad-47eb-89f1-0bcf4b50f008 "HTTP/1.1 200 OK"
2026-01-13 12:13:30,940 - httpx - INFO - HTTP Request: GET http://procure-x.testmcp.org/history/50c1c665-67ad-47eb-89f1-0bcf4b50f008 "HTTP/1.1 200 OK"
2026-01-13 12:13:31,971 - httpx - INFO - HTTP Request: GET http://procure-x.testmcp.org/history/50c1c665-67ad-47eb-89f1-0bcf4b50f008 "HTTP/1.1 200 OK"
2026-01-13 12:13:33,049 - httpx - INFO - HTTP Request: GET http://procure-x.testmcp.org/history/50c1c665-67ad-47eb-89f1-0bcf4b50f008 "HTTP/1.1 200 OK"
2026-01-13 12:13:34,131 - httpx - INFO - HTTP Request: GET http://procure-x.testmcp.org/history/50c1c665-67ad-47eb-89f1-0bcf4b50f008 "HTTP/1.1 200 OK"
2026-01-13 12:13:35,170 - httpx - INFO - HTTP Request: GET http://procure-x.testmcp.org/history/50c1c665-67ad-47eb-89f1-0bcf4b50f008 "HTTP/1.1 200 OK"
2026-01-13 12:13:36,205 - httpx - INFO - HTTP Request: GET http://procure-x.testmcp.org/history/50c1c665-67ad-47eb-89f1-0bcf4b50f008 "HTTP/1.1 200 OK"
2026-01-13 12:13:37,292 - httpx - INFO - HTTP Request: GET http://procure-x.testmcp.org/history/50c1c665-67ad-47eb-89f1-0bcf4b50f008 "HTTP/1.1 200 OK"
2026-01-13 12:13:38,352 - httpx - INFO - HTTP Request: GET http://procure-x.testmcp.org/history/50c1c665-67ad-47eb-89f1-0bcf4b50f008 "HTTP/1.1 200 OK"
2026-01-13 12:13:39,392 - httpx - INFO - HTTP Request: GET http://procure-x.testmcp.org/history/50c1c665-67ad-47eb-89f1-0bcf4b50f008 "HTTP/1.1 200 OK"
2026-01-13 12:13:40,420 - httpx - INFO - HTTP Request: GET http://procure-x.testmcp.org/history/50c1c665-67ad-47eb-89f1-0bcf4b50f008 "HTTP/1.1 200 OK"
2026-01-13 12:13:41,502 - httpx - INFO - HTTP Request: GET http://procure-x.testmcp.org/history/50c1c665-67ad-47eb-89f1-0bcf4b50f008 "HTTP/1.1 200 OK"
2026-01-13 12:13:42,533 - httpx - INFO - HTTP Request: GET http://procure-x.testmcp.org/history/50c1c665-67ad-47eb-89f1-0bcf4b50f008 "HTTP/1.1 200 OK"
2026-01-13 12:13:43,562 - httpx - INFO - HTTP Request: GET http://procure-x.testmcp.org/history/50c1c665-67ad-47eb-89f1-0bcf4b50f008 "HTTP/1.1 200 OK"
2026-01-13 12:13:44,592 - httpx - INFO - HTTP Request: GET http://procure-x.testmcp.org/history/50c1c665-67ad-47eb-89f1-0bcf4b50f008 "HTTP/1.1 200 OK"
2026-01-13 12:13:45,635 - httpx - INFO - HTTP Request: GET http://procure-x.testmcp.org/history/50c1c665-67ad-47eb-89f1-0bcf4b50f008 "HTTP/1.1 200 OK"
2026-01-13 12:13:46,661 - httpx - INFO - HTTP Request: GET http://procure-x.testmcp.org/history/50c1c665-67ad-47eb-89f1-0bcf4b50f008 "HTTP/1.1 200 OK"
2026-01-13 12:13:47,689 - httpx - INFO - HTTP Request: GET http://procure-x.testmcp.org/history/50c1c665-67ad-47eb-89f1-0bcf4b50f008 "HTTP/1.1 200 OK"
2026-01-13 12:13:48,716 - httpx - INFO - HTTP Request: GET http://procure-x.testmcp.org/history/50c1c665-67ad-47eb-89f1-0bcf4b50f008 "HTTP/1.1 200 OK"
2026-01-13 12:13:49,742 - httpx - INFO - HTTP Request: GET http://procure-x.testmcp.org/history/50c1c665-67ad-47eb-89f1-0bcf4b50f008 "HTTP/1.1 200 OK"
2026-01-13 12:13:50,770 - httpx - INFO - HTTP Request: GET http://procure-x.testmcp.org/history/50c1c665-67ad-47eb-89f1-0bcf4b50f008 "HTTP/1.1 200 OK"
2026-01-13 12:13:51,795 - httpx - INFO - HTTP Request: GET http://procure-x.testmcp.org/history/50c1c665-67ad-47eb-89f1-0bcf4b50f008 "HTTP/1.1 200 OK"
2026-01-13 12:13:52,825 - httpx - INFO - HTTP Request: GET http://procure-x.testmcp.org/history/50c1c665-67ad-47eb-89f1-0bcf4b50f008 "HTTP/1.1 200 OK"
2026-01-13 12:13:53,892 - httpx - INFO - HTTP Request: GET http://procure-x.testmcp.org/history/50c1c665-67ad-47eb-89f1-0bcf4b50f008 "HTTP/1.1 200 OK"
2026-01-13 12:13:54,950 - httpx - INFO - HTTP Request: GET http://procure-x.testmcp.org/history/50c1c665-67ad-47eb-89f1-0bcf4b50f008 "HTTP/1.1 200 OK"
2026-01-13 12:13:55,978 - httpx - INFO - HTTP Request: GET http://procure-x.testmcp.org/history/50c1c665-67ad-47eb-89f1-0bcf4b50f008 "HTTP/1.1 200 OK"
2026-01-13 12:13:56,999 - httpx - INFO - HTTP Request: GET http://procure-x.testmcp.org/history/50c1c665-67ad-47eb-89f1-0bcf4b50f008 "HTTP/1.1 200 OK"
2026-01-13 12:13:58,068 - httpx - INFO - HTTP Request: GET http://procure-x.testmcp.org/history/50c1c665-67ad-47eb-89f1-0bcf4b50f008 "HTTP/1.1 200 OK"
2026-01-13 12:13:59,096 - httpx - INFO - HTTP Request: GET http://procure-x.testmcp.org/history/50c1c665-67ad-47eb-89f1-0bcf4b50f008 "HTTP/1.1 200 OK"
2026-01-13 12:14:00,124 - httpx - INFO - HTTP Request: GET http://procure-x.testmcp.org/history/50c1c665-67ad-47eb-89f1-0bcf4b50f008 "HTTP/1.1 200 OK"
2026-01-13 12:14:01,149 - httpx - INFO - HTTP Request: GET http://procure-x.testmcp.org/history/50c1c665-67ad-47eb-89f1-0bcf4b50f008 "HTTP/1.1 200 OK"
2026-01-13 12:14:02,213 - httpx - INFO - HTTP Request: GET http://procure-x.testmcp.org/history/50c1c665-67ad-47eb-89f1-0bcf4b50f008 "HTTP/1.1 200 OK"
2026-01-13 12:14:03,244 - httpx - INFO - HTTP Request: GET http://procure-x.testmcp.org/history/50c1c665-67ad-47eb-89f1-0bcf4b50f008 "HTTP/1.1 200 OK"
2026-01-13 12:14:04,317 - httpx - INFO - HTTP Request: GET http://procure-x.testmcp.org/history/50c1c665-67ad-47eb-89f1-0bcf4b50f008 "HTTP/1.1 200 OK"
2026-01-13 12:14:05,347 - httpx - INFO - HTTP Request: GET http://procure-x.testmcp.org/history/50c1c665-67ad-47eb-89f1-0bcf4b50f008 "HTTP/1.1 200 OK"
2026-01-13 12:14:06,369 - httpx - INFO - HTTP Request: GET http://procure-x.testmcp.org/history/50c1c665-67ad-47eb-89f1-0bcf4b50f008 "HTTP/1.1 200 OK"
2026-01-13 12:14:07,403 - httpx - INFO - HTTP Request: GET http://procure-x.testmcp.org/history/50c1c665-67ad-47eb-89f1-0bcf4b50f008 "HTTP/1.1 200 OK"
2026-01-13 12:14:08,432 - httpx - INFO - HTTP Request: GET http://procure-x.testmcp.org/history/50c1c665-67ad-47eb-89f1-0bcf4b50f008 "HTTP/1.1 200 OK"
2026-01-13 12:14:09,558 - httpx - INFO - HTTP Request: GET http://procure-x.testmcp.org/history/50c1c665-67ad-47eb-89f1-0bcf4b50f008 "HTTP/1.1 200 OK"
2026-01-13 12:14:10,586 - httpx - INFO - HTTP Request: GET http://procure-x.testmcp.org/history/50c1c665-67ad-47eb-89f1-0bcf4b50f008 "HTTP/1.1 200 OK"
2026-01-13 12:14:11,670 - httpx - INFO - HTTP Request: GET http://procure-x.testmcp.org/history/50c1c665-67ad-47eb-89f1-0bcf4b50f008 "HTTP/1.1 200 OK"
2026-01-13 12:14:12,751 - httpx - INFO - HTTP Request: GET http://procure-x.testmcp.org/history/50c1c665-67ad-47eb-89f1-0bcf4b50f008 "HTTP/1.1 200 OK"
2026-01-13 12:14:13,786 - httpx - INFO - HTTP Request: GET http://procure-x.testmcp.org/history/50c1c665-67ad-47eb-89f1-0bcf4b50f008 "HTTP/1.1 200 OK"
2026-01-13 12:14:14,825 - httpx - INFO - HTTP Request: GET http://procure-x.testmcp.org/history/50c1c665-67ad-47eb-89f1-0bcf4b50f008 "HTTP/1.1 200 OK"
2026-01-13 12:14:15,892 - httpx - INFO - HTTP Request: GET http://procure-x.testmcp.org/history/50c1c665-67ad-47eb-89f1-0bcf4b50f008 "HTTP/1.1 200 OK"
2026-01-13 12:14:16,929 - httpx - INFO - HTTP Request: GET http://procure-x.testmcp.org/history/50c1c665-67ad-47eb-89f1-0bcf4b50f008 "HTTP/1.1 200 OK"
2026-01-13 12:14:17,961 - httpx - INFO - HTTP Request: GET http://procure-x.testmcp.org/history/50c1c665-67ad-47eb-89f1-0bcf4b50f008 "HTTP/1.1 200 OK"
2026-01-13 12:14:18,987 - httpx - INFO - HTTP Request: GET http://procure-x.testmcp.org/history/50c1c665-67ad-47eb-89f1-0bcf4b50f008 "HTTP/1.1 200 OK"
2026-01-13 12:14:20,021 - httpx - INFO - HTTP Request: GET http://procure-x.testmcp.org/history/50c1c665-67ad-47eb-89f1-0bcf4b50f008 "HTTP/1.1 200 OK"
2026-01-13 12:14:21,051 - httpx - INFO - HTTP Request: GET http://procure-x.testmcp.org/history/50c1c665-67ad-47eb-89f1-0bcf4b50f008 "HTTP/1.1 200 OK"
2026-01-13 12:14:22,086 - httpx - INFO - HTTP Request: GET http://procure-x.testmcp.org/history/50c1c665-67ad-47eb-89f1-0bcf4b50f008 "HTTP/1.1 200 OK"
2026-01-13 12:14:23,163 - httpx - INFO - HTTP Request: GET http://procure-x.testmcp.org/history/50c1c665-67ad-47eb-89f1-0bcf4b50f008 "HTTP/1.1 200 OK"
2026-01-13 12:14:24,249 - httpx - INFO - HTTP Request: GET http://procure-x.testmcp.org/history/50c1c665-67ad-47eb-89f1-0bcf4b50f008 "HTTP/1.1 200 OK"
2026-01-13 12:14:25,323 - httpx - INFO - HTTP Request: GET http://procure-x.testmcp.org/history/50c1c665-67ad-47eb-89f1-0bcf4b50f008 "HTTP/1.1 200 OK"
2026-01-13 12:14:26,537 - httpx - INFO - HTTP Request: GET http://procure-x.testmcp.org/history/50c1c665-67ad-47eb-89f1-0bcf4b50f008 "HTTP/1.1 200 OK"
2026-01-13 12:14:27,579 - httpx - INFO - HTTP Request: GET http://procure-x.testmcp.org/history/50c1c665-67ad-47eb-89f1-0bcf4b50f008 "HTTP/1.1 200 OK"
2026-01-13 12:14:28,614 - httpx - INFO - HTTP Request: GET http://procure-x.testmcp.org/history/50c1c665-67ad-47eb-89f1-0bcf4b50f008 "HTTP/1.1 200 OK"
2026-01-13 12:14:29,642 - httpx - INFO - HTTP Request: GET http://procure-x.testmcp.org/history/50c1c665-67ad-47eb-89f1-0bcf4b50f008 "HTTP/1.1 200 OK"
2026-01-13 12:14:30,674 - httpx - INFO - HTTP Request: GET http://procure-x.testmcp.org/history/50c1c665-67ad-47eb-89f1-0bcf4b50f008 "HTTP/1.1 200 OK"
2026-01-13 12:14:31,756 - httpx - INFO - HTTP Request: GET http://procure-x.testmcp.org/history/50c1c665-67ad-47eb-89f1-0bcf4b50f008 "HTTP/1.1 200 OK"
2026-01-13 12:14:32,821 - httpx - INFO - HTTP Request: GET http://procure-x.testmcp.org/history/50c1c665-67ad-47eb-89f1-0bcf4b50f008 "HTTP/1.1 200 OK"
2026-01-13 12:14:33,846 - httpx - INFO - HTTP Request: GET http://procure-x.testmcp.org/history/50c1c665-67ad-47eb-89f1-0bcf4b50f008 "HTTP/1.1 200 OK"
2026-01-13 12:14:34,866 - httpx - INFO - HTTP Request: GET http://procure-x.testmcp.org/history/50c1c665-67ad-47eb-89f1-0bcf4b50f008 "HTTP/1.1 200 OK"
2026-01-13 12:14:35,888 - httpx - INFO - HTTP Request: GET http://procure-x.testmcp.org/history/50c1c665-67ad-47eb-89f1-0bcf4b50f008 "HTTP/1.1 200 OK"
2026-01-13 12:14:36,913 - httpx - INFO - HTTP Request: GET http://procure-x.testmcp.org/history/50c1c665-67ad-47eb-89f1-0bcf4b50f008 "HTTP/1.1 200 OK"
2026-01-13 12:14:37,931 - httpx - INFO - HTTP Request: GET http://procure-x.testmcp.org/history/50c1c665-67ad-47eb-89f1-0bcf4b50f008 "HTTP/1.1 200 OK"
2026-01-13 12:14:38,965 - httpx - INFO - HTTP Request: GET http://procure-x.testmcp.org/history/50c1c665-67ad-47eb-89f1-0bcf4b50f008 "HTTP/1.1 200 OK"
2026-01-13 12:14:39,984 - httpx - INFO - HTTP Request: GET http://procure-x.testmcp.org/history/50c1c665-67ad-47eb-89f1-0bcf4b50f008 "HTTP/1.1 200 OK"
2026-01-13 12:14:41,002 - httpx - INFO - HTTP Request: GET http://procure-x.testmcp.org/history/50c1c665-67ad-47eb-89f1-0bcf4b50f008 "HTTP/1.1 200 OK"
2026-01-13 12:14:42,021 - httpx - INFO - HTTP Request: GET http://procure-x.testmcp.org/history/50c1c665-67ad-47eb-89f1-0bcf4b50f008 "HTTP/1.1 200 OK"
2026-01-13 12:14:43,044 - httpx - INFO - HTTP Request: GET http://procure-x.testmcp.org/history/50c1c665-67ad-47eb-89f1-0bcf4b50f008 "HTTP/1.1 200 OK"
2026-01-13 12:14:44,079 - httpx - INFO - HTTP Request: GET http://procure-x.testmcp.org/history/50c1c665-67ad-47eb-89f1-0bcf4b50f008 "HTTP/1.1 200 OK"
2026-01-13 12:14:45,112 - httpx - INFO - HTTP Request: GET http://procure-x.testmcp.org/history/50c1c665-67ad-47eb-89f1-0bcf4b50f008 "HTTP/1.1 200 OK"
2026-01-13 12:14:46,132 - httpx - INFO - HTTP Request: GET http://procure-x.testmcp.org/history/50c1c665-67ad-47eb-89f1-0bcf4b50f008 "HTTP/1.1 200 OK"
2026-01-13 12:14:47,157 - httpx - INFO - HTTP Request: GET http://procure-x.testmcp.org/history/50c1c665-67ad-47eb-89f1-0bcf4b50f008 "HTTP/1.1 200 OK"
2026-01-13 12:14:48,181 - httpx - INFO - HTTP Request: GET http://procure-x.testmcp.org/history/50c1c665-67ad-47eb-89f1-0bcf4b50f008 "HTTP/1.1 200 OK"
2026-01-13 12:14:49,209 - httpx - INFO - HTTP Request: GET http://procure-x.testmcp.org/history/50c1c665-67ad-47eb-89f1-0bcf4b50f008 "HTTP/1.1 200 OK"
2026-01-13 12:14:50,231 - httpx - INFO - HTTP Request: GET http://procure-x.testmcp.org/history/50c1c665-67ad-47eb-89f1-0bcf4b50f008 "HTTP/1.1 200 OK"
2026-01-13 12:14:51,261 - httpx - INFO - HTTP Request: GET http://procure-x.testmcp.org/history/50c1c665-67ad-47eb-89f1-0bcf4b50f008 "HTTP/1.1 200 OK"
2026-01-13 12:14:52,280 - httpx - INFO - HTTP Request: GET http://procure-x.testmcp.org/history/50c1c665-67ad-47eb-89f1-0bcf4b50f008 "HTTP/1.1 200 OK"
2026-01-13 12:14:53,569 - httpx - INFO - HTTP Request: GET http://procure-x.testmcp.org/history/50c1c665-67ad-47eb-89f1-0bcf4b50f008 "HTTP/1.1 200 OK"
2026-01-13 12:14:54,655 - httpx - INFO - HTTP Request: GET http://procure-x.testmcp.org/history/50c1c665-67ad-47eb-89f1-0bcf4b50f008 "HTTP/1.1 200 OK"
2026-01-13 12:14:55,684 - httpx - INFO - HTTP Request: GET http://procure-x.testmcp.org/history/50c1c665-67ad-47eb-89f1-0bcf4b50f008 "HTTP/1.1 200 OK"
2026-01-13 12:14:56,714 - httpx - INFO - HTTP Request: GET http://procure-x.testmcp.org/history/50c1c665-67ad-47eb-89f1-0bcf4b50f008 "HTTP/1.1 200 OK"
2026-01-13 12:14:57,752 - httpx - INFO - HTTP Request: GET http://procure-x.testmcp.org/history/50c1c665-67ad-47eb-89f1-0bcf4b50f008 "HTTP/1.1 200 OK"
2026-01-13 12:14:58,785 - httpx - INFO - HTTP Request: GET http://procure-x.testmcp.org/history/50c1c665-67ad-47eb-89f1-0bcf4b50f008 "HTTP/1.1 200 OK"
2026-01-13 12:14:59,824 - httpx - INFO - HTTP Request: GET http://procure-x.testmcp.org/history/50c1c665-67ad-47eb-89f1-0bcf4b50f008 "HTTP/1.1 200 OK"
2026-01-13 12:15:00,902 - httpx - INFO - HTTP Request: GET http://procure-x.testmcp.org/history/50c1c665-67ad-47eb-89f1-0bcf4b50f008 "HTTP/1.1 200 OK"
2026-01-13 12:15:01,940 - httpx - INFO - HTTP Request: GET http://procure-x.testmcp.org/history/50c1c665-67ad-47eb-89f1-0bcf4b50f008 "HTTP/1.1 200 OK"
2026-01-13 12:15:02,968 - httpx - INFO - HTTP Request: GET http://procure-x.testmcp.org/history/50c1c665-67ad-47eb-89f1-0bcf4b50f008 "HTTP/1.1 200 OK"
2026-01-13 12:15:03,992 - httpx - INFO - HTTP Request: GET http://procure-x.testmcp.org/history/50c1c665-67ad-47eb-89f1-0bcf4b50f008 "HTTP/1.1 200 OK"
2026-01-13 12:15:05,014 - httpx - INFO - HTTP Request: GET http://procure-x.testmcp.org/history/50c1c665-67ad-47eb-89f1-0bcf4b50f008 "HTTP/1.1 200 OK"
2026-01-13 12:15:06,049 - httpx - INFO - HTTP Request: GET http://procure-x.testmcp.org/history/50c1c665-67ad-47eb-89f1-0bcf4b50f008 "HTTP/1.1 200 OK"
2026-01-13 12:15:07,097 - httpx - INFO - HTTP Request: GET http://procure-x.testmcp.org/history/50c1c665-67ad-47eb-89f1-0bcf4b50f008 "HTTP/1.1 200 OK"
2026-01-13 12:15:08,135 - httpx - INFO - HTTP Request: GET http://procure-x.testmcp.org/history/50c1c665-67ad-47eb-89f1-0bcf4b50f008 "HTTP/1.1 200 OK"
2026-01-13 12:15:09,165 - httpx - INFO - HTTP Request: GET http://procure-x.testmcp.org/history/50c1c665-67ad-47eb-89f1-0bcf4b50f008 "HTTP/1.1 200 OK"
2026-01-13 12:15:10,190 - httpx - INFO - HTTP Request: GET http://procure-x.testmcp.org/history/50c1c665-67ad-47eb-89f1-0bcf4b50f008 "HTTP/1.1 200 OK"
2026-01-13 12:15:11,223 - httpx - INFO - HTTP Request: GET http://procure-x.testmcp.org/history/50c1c665-67ad-47eb-89f1-0bcf4b50f008 "HTTP/1.1 200 OK"
2026-01-13 12:15:12,264 - httpx - INFO - HTTP Request: GET http://procure-x.testmcp.org/history/50c1c665-67ad-47eb-89f1-0bcf4b50f008 "HTTP/1.1 200 OK"
2026-01-13 12:15:13,289 - httpx - INFO - HTTP Request: GET http://procure-x.testmcp.org/history/50c1c665-67ad-47eb-89f1-0bcf4b50f008 "HTTP/1.1 200 OK"
2026-01-13 12:15:14,378 - httpx - INFO - HTTP Request: GET http://procure-x.testmcp.org/history/50c1c665-67ad-47eb-89f1-0bcf4b50f008 "HTTP/1.1 200 OK"
2026-01-13 12:15:15,468 - httpx - INFO - HTTP Request: GET http://procure-x.testmcp.org/history/50c1c665-67ad-47eb-89f1-0bcf4b50f008 "HTTP/1.1 200 OK"
2026-01-13 12:15:16,505 - httpx - INFO - HTTP Request: GET http://procure-x.testmcp.org/history/50c1c665-67ad-47eb-89f1-0bcf4b50f008 "HTTP/1.1 200 OK"
2026-01-13 12:15:17,545 - httpx - INFO - HTTP Request: GET http://procure-x.testmcp.org/history/50c1c665-67ad-47eb-89f1-0bcf4b50f008 "HTTP/1.1 200 OK"
2026-01-13 12:15:18,580 - httpx - INFO - HTTP Request: GET http://procure-x.testmcp.org/history/50c1c665-67ad-47eb-89f1-0bcf4b50f008 "HTTP/1.1 200 OK"
2026-01-13 12:15:19,616 - httpx - INFO - HTTP Request: GET http://procure-x.testmcp.org/history/50c1c665-67ad-47eb-89f1-0bcf4b50f008 "HTTP/1.1 200 OK"
2026-01-13 12:15:20,683 - httpx - INFO - HTTP Request: GET http://procure-x.testmcp.org/history/50c1c665-67ad-47eb-89f1-0bcf4b50f008 "HTTP/1.1 200 OK"
2026-01-13 12:15:21,776 - httpx - INFO - HTTP Request: GET http://procure-x.testmcp.org/history/50c1c665-67ad-47eb-89f1-0bcf4b50f008 "HTTP/1.1 200 OK"
2026-01-13 12:15:22,805 - httpx - INFO - HTTP Request: GET http://procure-x.testmcp.org/history/50c1c665-67ad-47eb-89f1-0bcf4b50f008 "HTTP/1.1 200 OK"
2026-01-13 12:15:23,842 - httpx - INFO - HTTP Request: GET http://procure-x.testmcp.org/history/50c1c665-67ad-47eb-89f1-0bcf4b50f008 "HTTP/1.1 200 OK"
2026-01-13 12:15:24,874 - httpx - INFO - HTTP Request: GET http://procure-x.testmcp.org/history/50c1c665-67ad-47eb-89f1-0bcf4b50f008 "HTTP/1.1 200 OK"
2026-01-13 12:15:25,912 - httpx - INFO - HTTP Request: GET http://procure-x.testmcp.org/history/50c1c665-67ad-47eb-89f1-0bcf4b50f008 "HTTP/1.1 200 OK"
2026-01-13 12:15:26,946 - httpx - INFO - HTTP Request: GET http://procure-x.testmcp.org/history/50c1c665-67ad-47eb-89f1-0bcf4b50f008 "HTTP/1.1 200 OK"
2026-01-13 12:15:27,976 - httpx - INFO - HTTP Request: GET http://procure-x.testmcp.org/history/50c1c665-67ad-47eb-89f1-0bcf4b50f008 "HTTP/1.1 200 OK"
2026-01-13 12:15:29,091 - httpx - INFO - HTTP Request: GET http://procure-x.testmcp.org/history/50c1c665-67ad-47eb-89f1-0bcf4b50f008 "HTTP/1.1 200 OK"
2026-01-13 12:15:30,179 - httpx - INFO - HTTP Request: GET http://procure-x.testmcp.org/history/50c1c665-67ad-47eb-89f1-0bcf4b50f008 "HTTP/1.1 200 OK"
2026-01-13 12:15:31,202 - httpx - INFO - HTTP Request: GET http://procure-x.testmcp.org/history/50c1c665-67ad-47eb-89f1-0bcf4b50f008 "HTTP/1.1 200 OK"
2026-01-13 12:15:32,230 - httpx - INFO - HTTP Request: GET http://procure-x.testmcp.org/history/50c1c665-67ad-47eb-89f1-0bcf4b50f008 "HTTP/1.1 200 OK"
2026-01-13 12:15:33,253 - httpx - INFO - HTTP Request: GET http://procure-x.testmcp.org/history/50c1c665-67ad-47eb-89f1-0bcf4b50f008 "HTTP/1.1 200 OK"
2026-01-13 12:15:34,282 - httpx - INFO - HTTP Request: GET http://procure-x.testmcp.org/history/50c1c665-67ad-47eb-89f1-0bcf4b50f008 "HTTP/1.1 200 OK"
2026-01-13 12:15:35,305 - httpx - INFO - HTTP Request: GET http://procure-x.testmcp.org/history/50c1c665-67ad-47eb-89f1-0bcf4b50f008 "HTTP/1.1 200 OK"
2026-01-13 12:15:36,333 - httpx - INFO - HTTP Request: GET http://procure-x.testmcp.org/history/50c1c665-67ad-47eb-89f1-0bcf4b50f008 "HTTP/1.1 200 OK"
2026-01-13 12:15:37,358 - httpx - INFO - HTTP Request: GET http://procure-x.testmcp.org/history/50c1c665-67ad-47eb-89f1-0bcf4b50f008 "HTTP/1.1 200 OK"
2026-01-13 12:15:38,395 - httpx - INFO - HTTP Request: GET http://procure-x.testmcp.org/history/50c1c665-67ad-47eb-89f1-0bcf4b50f008 "HTTP/1.1 200 OK"
2026-01-13 12:15:39,422 - httpx - INFO - HTTP Request: GET http://procure-x.testmcp.org/history/50c1c665-67ad-47eb-89f1-0bcf4b50f008 "HTTP/1.1 200 OK"
2026-01-13 12:15:40,496 - httpx - INFO - HTTP Request: GET http://procure-x.testmcp.org/history/50c1c665-67ad-47eb-89f1-0bcf4b50f008 "HTTP/1.1 200 OK"
2026-01-13 12:15:41,529 - httpx - INFO - HTTP Request: GET http://procure-x.testmcp.org/history/50c1c665-67ad-47eb-89f1-0bcf4b50f008 "HTTP/1.1 200 OK"
2026-01-13 12:15:42,548 - httpx - INFO - HTTP Request: GET http://procure-x.testmcp.org/history/50c1c665-67ad-47eb-89f1-0bcf4b50f008 "HTTP/1.1 200 OK"
2026-01-13 12:15:43,568 - httpx - INFO - HTTP Request: GET http://procure-x.testmcp.org/history/50c1c665-67ad-47eb-89f1-0bcf4b50f008 "HTTP/1.1 200 OK"
2026-01-13 12:15:44,648 - httpx - INFO - HTTP Request: GET http://procure-x.testmcp.org/history/50c1c665-67ad-47eb-89f1-0bcf4b50f008 "HTTP/1.1 200 OK"
2026-01-13 12:15:45,680 - httpx - INFO - HTTP Request: GET http://procure-x.testmcp.org/history/50c1c665-67ad-47eb-89f1-0bcf4b50f008 "HTTP/1.1 200 OK"
2026-01-13 12:15:46,721 - httpx - INFO - HTTP Request: GET http://procure-x.testmcp.org/history/50c1c665-67ad-47eb-89f1-0bcf4b50f008 "HTTP/1.1 200 OK"
2026-01-13 12:15:47,786 - httpx - INFO - HTTP Request: GET http://procure-x.testmcp.org/history/50c1c665-67ad-47eb-89f1-0bcf4b50f008 "HTTP/1.1 200 OK"
2026-01-13 12:15:48,822 - httpx - INFO - HTTP Request: GET http://procure-x.testmcp.org/history/50c1c665-67ad-47eb-89f1-0bcf4b50f008 "HTTP/1.1 200 OK"
2026-01-13 12:15:49,857 - httpx - INFO - HTTP Request: GET http://procure-x.testmcp.org/history/50c1c665-67ad-47eb-89f1-0bcf4b50f008 "HTTP/1.1 200 OK"
2026-01-13 12:15:50,886 - httpx - INFO - HTTP Request: GET http://procure-x.testmcp.org/history/50c1c665-67ad-47eb-89f1-0bcf4b50f008 "HTTP/1.1 200 OK"
2026-01-13 12:15:51,922 - httpx - INFO - HTTP Request: GET http://procure-x.testmcp.org/history/50c1c665-67ad-47eb-89f1-0bcf4b50f008 "HTTP/1.1 200 OK"
2026-01-13 12:15:52,940 - httpx - INFO - HTTP Request: GET http://procure-x.testmcp.org/history/50c1c665-67ad-47eb-89f1-0bcf4b50f008 "HTTP/1.1 200 OK"
2026-01-13 12:15:53,967 - httpx - INFO - HTTP Request: GET http://procure-x.testmcp.org/history/50c1c665-67ad-47eb-89f1-0bcf4b50f008 "HTTP/1.1 200 OK"
2026-01-13 12:15:54,988 - httpx - INFO - HTTP Request: GET http://procure-x.testmcp.org/history/50c1c665-67ad-47eb-89f1-0bcf4b50f008 "HTTP/1.1 200 OK"
2026-01-13 12:15:56,012 - httpx - INFO - HTTP Request: GET http://procure-x.testmcp.org/history/50c1c665-67ad-47eb-89f1-0bcf4b50f008 "HTTP/1.1 200 OK"
2026-01-13 12:15:57,035 - httpx - INFO - HTTP Request: GET http://procure-x.testmcp.org/history/50c1c665-67ad-47eb-89f1-0bcf4b50f008 "HTTP/1.1 200 OK"
2026-01-13 12:15:57,262 - temporal_gateway.clients.comfy.tracker - INFO - [WS] Execution completed successfully
2026-01-13 12:15:59,922 - httpx - INFO - HTTP Request: GET http://procure-x.testmcp.org/history/50c1c665-67ad-47eb-89f1-0bcf4b50f008 "HTTP/1.1 200 OK"
2026-01-13 12:15:59,927 - temporal_gateway.clients.comfy.tracker - INFO - Tracking completed: success (took 402.23s)
2026-01-13 12:15:59,929 - httpx - INFO - HTTP Request: GET http://procure-x.testmcp.org/history/50c1c665-67ad-47eb-89f1-0bcf4b50f008 "HTTP/1.1 200 OK"
2026-01-13 12:15:59,934 - temporal_gateway.clients.comfy.tracker - INFO - [POLL] Found in history: success
2026-01-13 12:15:59,935 - temporalio.activity - INFO - [V3] Workflow completed successfully ({'activity_id': '1', 'activity_type': 'execute_and_track_workflow', 'attempt': 1, 'namespace': 'default', 'task_queue': 'comfyui-gpu-farm', 'workflow_id': 'chain-image-edit-to-video-pipeline-252e108f-e2e2-494c-86c4-749927c8759b-create_video', 'workflow_run_id': '019bb614-875b-769c-954d-74d8aa2ee3e7', 'workflow_type': 'ComfyUIWorkflow'})
2026-01-13 12:15:59,952 - temporalio.workflow - INFO - Execution completed successfully ({'attempt': 1, 'namespace': 'default', 'run_id': '019bb614-875b-769c-954d-74d8aa2ee3e7', 'task_queue': 'comfyui-gpu-farm', 'workflow_id': 'chain-image-edit-to-video-pipeline-252e108f-e2e2-494c-86c4-749927c8759b-create_video', 'workflow_type': 'ComfyUIWorkflow'})
2026-01-13 12:15:59,960 - temporalio.activity - INFO - Extracting server output files ({'activity_id': '2', 'activity_type': 'get_server_output_files', 'attempt': 1, 'namespace': 'default', 'task_queue': 'comfyui-gpu-farm', 'workflow_id': 'chain-image-edit-to-video-pipeline-252e108f-e2e2-494c-86c4-749927c8759b-create_video', 'workflow_run_id': '019bb614-875b-769c-954d-74d8aa2ee3e7', 'workflow_type': 'ComfyUIWorkflow'})
2026-01-13 12:15:59,960 - temporalio.activity - INFO - Found 1 output file(s) ({'activity_id': '2', 'activity_type': 'get_server_output_files', 'attempt': 1, 'namespace': 'default', 'task_queue': 'comfyui-gpu-farm', 'workflow_id': 'chain-image-edit-to-video-pipeline-252e108f-e2e2-494c-86c4-749927c8759b-create_video', 'workflow_run_id': '019bb614-875b-769c-954d-74d8aa2ee3e7', 'workflow_type': 'ComfyUIWorkflow'})
2026-01-13 12:15:59,970 - temporalio.workflow - INFO - Found 1 server output file(s) ({'attempt': 1, 'namespace': 'default', 'run_id': '019bb614-875b-769c-954d-74d8aa2ee3e7', 'task_queue': 'comfyui-gpu-farm', 'workflow_id': 'chain-image-edit-to-video-pipeline-252e108f-e2e2-494c-86c4-749927c8759b-create_video', 'workflow_type': 'ComfyUIWorkflow'})
2026-01-13 12:15:59,977 - temporalio.activity - INFO - Downloading and persisting 1 artifact(s) for workflow 45e47f61-0269-4cfe-8d1f-784ff5b9cd7f ({'activity_id': '3', 'activity_type': 'download_and_store_artifacts', 'attempt': 1, 'namespace': 'default', 'task_queue': 'comfyui-gpu-farm', 'workflow_id': 'chain-image-edit-to-video-pipeline-252e108f-e2e2-494c-86c4-749927c8759b-create_video', 'workflow_run_id': '019bb614-875b-769c-954d-74d8aa2ee3e7', 'workflow_type': 'ComfyUIWorkflow'})
2026-01-13 12:16:00,022 - temporal_gateway.clients.comfy.client - INFO - ComfyUI client initialized for http://procure-x.testmcp.org
2026-01-13 12:16:00,228 - httpx - INFO - HTTP Request: GET http://procure-x.testmcp.org/view?filename=ComfyUI_00061_.mp4&type=output&subfolder=video "HTTP/1.1 200 OK"
2026-01-13 12:16:01,888 - temporalio.activity - INFO - ✓ Saved artifact to DB: bb9d1ae1-fb5e-4cd8-8c5a-698218ee56a9 (ComfyUI_00061_.mp4) ({'activity_id': '3', 'activity_type': 'download_and_store_artifacts', 'attempt': 1, 'namespace': 'default', 'task_queue': 'comfyui-gpu-farm', 'workflow_id': 'chain-image-edit-to-video-pipeline-252e108f-e2e2-494c-86c4-749927c8759b-create_video', 'workflow_run_id': '019bb614-875b-769c-954d-74d8aa2ee3e7', 'workflow_type': 'ComfyUIWorkflow'})
2026-01-13 12:16:01,890 - temporalio.activity - INFO - Downloaded and persisted 1 artifact(s) ({'activity_id': '3', 'activity_type': 'download_and_store_artifacts', 'attempt': 1, 'namespace': 'default', 'task_queue': 'comfyui-gpu-farm', 'workflow_id': 'chain-image-edit-to-video-pipeline-252e108f-e2e2-494c-86c4-749927c8759b-create_video', 'workflow_run_id': '019bb614-875b-769c-954d-74d8aa2ee3e7', 'workflow_type': 'ComfyUIWorkflow'})
2026-01-13 12:16:01,907 - temporalio.workflow - INFO - Downloaded 1 file(s) locally ({'attempt': 1, 'namespace': 'default', 'run_id': '019bb614-875b-769c-954d-74d8aa2ee3e7', 'task_queue': 'comfyui-gpu-farm', 'workflow_id': 'chain-image-edit-to-video-pipeline-252e108f-e2e2-494c-86c4-749927c8759b-create_video', 'workflow_type': 'ComfyUIWorkflow'})
2026-01-13 12:16:01,929 - temporalio.activity - INFO - Updating workflow 45e47f61-0269-4cfe-8d1f-784ff5b9cd7f status to: completed ({'activity_id': '52', 'activity_type': 'update_workflow_status_activity', 'attempt': 1, 'namespace': 'default', 'task_queue': 'comfyui-gpu-farm', 'workflow_id': 'chain-image-edit-to-video-pipeline-252e108f-e2e2-494c-86c4-749927c8759b', 'workflow_run_id': '019bb60d-97bf-702f-9c9f-5f5fcfad70a6', 'workflow_type': 'ChainExecutorWorkflow'})
2026-01-13 12:16:01,932 - temporalio.activity - INFO - ✓ Updated workflow status ({'activity_id': '52', 'activity_type': 'update_workflow_status_activity', 'attempt': 1, 'namespace': 'default', 'task_queue': 'comfyui-gpu-farm', 'workflow_id': 'chain-image-edit-to-video-pipeline-252e108f-e2e2-494c-86c4-749927c8759b', 'workflow_run_id': '019bb60d-97bf-702f-9c9f-5f5fcfad70a6', 'workflow_type': 'ChainExecutorWorkflow'})
2026-01-13 12:16:01,940 - temporalio.workflow - INFO - Step create_video: Approval required, fetching artifacts... ({'attempt': 1, 'namespace': 'default', 'run_id': '019bb60d-97bf-702f-9c9f-5f5fcfad70a6', 'task_queue': 'comfyui-gpu-farm', 'workflow_id': 'chain-image-edit-to-video-pipeline-252e108f-e2e2-494c-86c4-749927c8759b', 'workflow_type': 'ChainExecutorWorkflow'})
2026-01-13 12:16:01,948 - temporalio.activity - INFO - Getting artifacts for workflow: 45e47f61-0269-4cfe-8d1f-784ff5b9cd7f ({'activity_id': '53', 'activity_type': 'get_workflow_artifacts', 'attempt': 1, 'namespace': 'default', 'task_queue': 'comfyui-gpu-farm', 'workflow_id': 'chain-image-edit-to-video-pipeline-252e108f-e2e2-494c-86c4-749927c8759b', 'workflow_run_id': '019bb60d-97bf-702f-9c9f-5f5fcfad70a6', 'workflow_type': 'ChainExecutorWorkflow'})
2026-01-13 12:16:01,965 - temporalio.activity - INFO - Creating approval request for artifact: bb9d1ae1-fb5e-4cd8-8c5a-698218ee56a9 ({'activity_id': '54', 'activity_type': 'create_approval_request_activity', 'attempt': 1, 'namespace': 'default', 'task_queue': 'comfyui-gpu-farm', 'workflow_id': 'chain-image-edit-to-video-pipeline-252e108f-e2e2-494c-86c4-749927c8759b', 'workflow_run_id': '019bb60d-97bf-702f-9c9f-5f5fcfad70a6', 'workflow_type': 'ChainExecutorWorkflow'})
2026-01-13 12:16:01,968 - temporalio.activity - INFO - ✓ Created approval request: d67874db-74a7-4c13-9020-03de760ad427, token: Yn8PCkJcUeoqWIap... ({'activity_id': '54', 'activity_type': 'create_approval_request_activity', 'attempt': 1, 'namespace': 'default', 'task_queue': 'comfyui-gpu-farm', 'workflow_id': 'chain-image-edit-to-video-pipeline-252e108f-e2e2-494c-86c4-749927c8759b', 'workflow_run_id': '019bb60d-97bf-702f-9c9f-5f5fcfad70a6', 'workflow_type': 'ChainExecutorWorkflow'})
2026-01-13 12:16:01,969 - temporal_gateway.services.broadcast - INFO - Published approval_requested to chain:015f4aba-9a7b-4181-8848-84759aeb30f5
2026-01-13 12:16:01,969 - temporalio.activity - INFO - Published approval_requested event for chain 015f4aba-9a7b-4181-8848-84759aeb30f5 ({'activity_id': '54', 'activity_type': 'create_approval_request_activity', 'attempt': 1, 'namespace': 'default', 'task_queue': 'comfyui-gpu-farm', 'workflow_id': 'chain-image-edit-to-video-pipeline-252e108f-e2e2-494c-86c4-749927c8759b', 'workflow_run_id': '019bb60d-97bf-702f-9c9f-5f5fcfad70a6', 'workflow_type': 'ChainExecutorWorkflow'})
2026-01-13 12:16:01,978 - temporalio.workflow - INFO - Step create_video: Approval request created, token: Yn8PCkJcUeoqWIap... ({'attempt': 1, 'namespace': 'default', 'run_id': '019bb60d-97bf-702f-9c9f-5f5fcfad70a6', 'task_queue': 'comfyui-gpu-farm', 'workflow_id': 'chain-image-edit-to-video-pipeline-252e108f-e2e2-494c-86c4-749927c8759b', 'workflow_type': 'ChainExecutorWorkflow'})
2026-01-13 12:23:00,949 - temporalio.workflow - INFO - Received approval decision for step create_video: approved by cli-user ({'attempt': 1, 'namespace': 'default', 'run_id': '019bb60d-97bf-702f-9c9f-5f5fcfad70a6', 'task_queue': 'comfyui-gpu-farm', 'workflow_id': 'chain-image-edit-to-video-pipeline-252e108f-e2e2-494c-86c4-749927c8759b', 'workflow_type': 'ChainExecutorWorkflow'})
2026-01-13 12:23:00,949 - temporalio.workflow - INFO - Step create_video: Approved by cli-user ({'attempt': 1, 'namespace': 'default', 'run_id': '019bb60d-97bf-702f-9c9f-5f5fcfad70a6', 'task_queue': 'comfyui-gpu-farm', 'workflow_id': 'chain-image-edit-to-video-pipeline-252e108f-e2e2-494c-86c4-749927c8759b', 'workflow_type': 'ChainExecutorWorkflow'})
2026-01-13 12:23:00,949 - temporalio.workflow - INFO - Step create_video: Approved, continuing... ({'attempt': 1, 'namespace': 'default', 'run_id': '019bb60d-97bf-702f-9c9f-5f5fcfad70a6', 'task_queue': 'comfyui-gpu-farm', 'workflow_id': 'chain-image-edit-to-video-pipeline-252e108f-e2e2-494c-86c4-749927c8759b', 'workflow_type': 'ChainExecutorWorkflow'})
2026-01-13 12:23:00,970 - temporalio.activity - INFO - Getting artifacts for workflow: 45e47f61-0269-4cfe-8d1f-784ff5b9cd7f ({'activity_id': '55', 'activity_type': 'get_workflow_artifacts', 'attempt': 1, 'namespace': 'default', 'task_queue': 'comfyui-gpu-farm', 'workflow_id': 'chain-image-edit-to-video-pipeline-252e108f-e2e2-494c-86c4-749927c8759b', 'workflow_run_id': '019bb60d-97bf-702f-9c9f-5f5fcfad70a6', 'workflow_type': 'ChainExecutorWorkflow'})
2026-01-13 12:23:01,009 - temporal_gateway.services.broadcast - INFO - Published step_completed to chain:015f4aba-9a7b-4181-8848-84759aeb30f5
2026-01-13 12:23:01,010 - temporalio.activity - INFO - Published step_completed event for create_video in chain 015f4aba-9a7b-4181-8848-84759aeb30f5 ({'activity_id': '56', 'activity_type': 'publish_step_completed_activity', 'attempt': 1, 'namespace': 'default', 'task_queue': 'comfyui-gpu-farm', 'workflow_id': 'chain-image-edit-to-video-pipeline-252e108f-e2e2-494c-86c4-749927c8759b', 'workflow_run_id': '019bb60d-97bf-702f-9c9f-5f5fcfad70a6', 'workflow_type': 'ChainExecutorWorkflow'})
2026-01-13 12:23:01,028 - temporalio.workflow - INFO - Step create_video: completed ({'attempt': 1, 'namespace': 'default', 'run_id': '019bb60d-97bf-702f-9c9f-5f5fcfad70a6', 'task_queue': 'comfyui-gpu-farm', 'workflow_id': 'chain-image-edit-to-video-pipeline-252e108f-e2e2-494c-86c4-749927c8759b', 'workflow_type': 'ChainExecutorWorkflow'})
2026-01-13 12:23:01,038 - temporalio.activity - INFO - Updating chain 015f4aba-9a7b-4181-8848-84759aeb30f5 status to: completed ({'activity_id': '57', 'activity_type': 'update_chain_status_activity', 'attempt': 1, 'namespace': 'default', 'task_queue': 'comfyui-gpu-farm', 'workflow_id': 'chain-image-edit-to-video-pipeline-252e108f-e2e2-494c-86c4-749927c8759b', 'workflow_run_id': '019bb60d-97bf-702f-9c9f-5f5fcfad70a6', 'workflow_type': 'ChainExecutorWorkflow'})
2026-01-13 12:23:01,043 - temporalio.activity - INFO - ✓ Updated chain status ({'activity_id': '57', 'activity_type': 'update_chain_status_activity', 'attempt': 1, 'namespace': 'default', 'task_queue': 'comfyui-gpu-farm', 'workflow_id': 'chain-image-edit-to-video-pipeline-252e108f-e2e2-494c-86c4-749927c8759b', 'workflow_run_id': '019bb60d-97bf-702f-9c9f-5f5fcfad70a6', 'workflow_type': 'ChainExecutorWorkflow'})
2026-01-13 12:23:01,043 - temporal_gateway.services.broadcast - INFO - Published chain_completed to chain:015f4aba-9a7b-4181-8848-84759aeb30f5
2026-01-13 12:23:01,044 - temporalio.activity - INFO - Published chain_completed event for chain 015f4aba-9a7b-4181-8848-84759aeb30f5 ({'activity_id': '57', 'activity_type': 'update_chain_status_activity', 'attempt': 1, 'namespace': 'default', 'task_queue': 'comfyui-gpu-farm', 'workflow_id': 'chain-image-edit-to-video-pipeline-252e108f-e2e2-494c-86c4-749927c8759b', 'workflow_run_id': '019bb60d-97bf-702f-9c9f-5f5fcfad70a6', 'workflow_type': 'ChainExecutorWorkflow'})
2026-01-14 21:30:09,482 - temporalio.workflow - ERROR - Step create_video failed:  ({'attempt': 1, 'namespace': 'default', 'run_id': '019bb607-8ebe-7ca9-baae-12dc3fc0eda3', 'task_queue': 'comfyui-gpu-farm', 'workflow_id': 'chain-image-edit-to-video-pipeline-e57204d1-d6ff-4164-851c-0a2cb567fe2c', 'workflow_type': 'ChainExecutorWorkflow'})
2026-01-14 21:30:09,511 - temporalio.activity - INFO - Updating workflow fa2c4066-07d1-4ad7-a51f-e1a6b8ee9d0d status to: failed ({'activity_id': '71', 'activity_type': 'update_workflow_status_activity', 'attempt': 1, 'namespace': 'default', 'task_queue': 'comfyui-gpu-farm', 'workflow_id': 'chain-image-edit-to-video-pipeline-e57204d1-d6ff-4164-851c-0a2cb567fe2c', 'workflow_run_id': '019bb607-8ebe-7ca9-baae-12dc3fc0eda3', 'workflow_type': 'ChainExecutorWorkflow'})
2026-01-14 21:30:09,522 - temporalio.activity - INFO - ✓ Updated workflow status ({'activity_id': '71', 'activity_type': 'update_workflow_status_activity', 'attempt': 1, 'namespace': 'default', 'task_queue': 'comfyui-gpu-farm', 'workflow_id': 'chain-image-edit-to-video-pipeline-e57204d1-d6ff-4164-851c-0a2cb567fe2c', 'workflow_run_id': '019bb607-8ebe-7ca9-baae-12dc3fc0eda3', 'workflow_type': 'ChainExecutorWorkflow'})
2026-01-14 21:30:09,549 - temporalio.workflow - INFO - Step create_video: failed ({'attempt': 1, 'namespace': 'default', 'run_id': '019bb607-8ebe-7ca9-baae-12dc3fc0eda3', 'task_queue': 'comfyui-gpu-farm', 'workflow_id': 'chain-image-edit-to-video-pipeline-e57204d1-d6ff-4164-851c-0a2cb567fe2c', 'workflow_type': 'ChainExecutorWorkflow'})
2026-01-14 21:30:09,560 - temporalio.activity - INFO - Updating chain 6b657434-477e-4bf5-a64a-91d5122be53b status to: completed ({'activity_id': '72', 'activity_type': 'update_chain_status_activity', 'attempt': 1, 'namespace': 'default', 'task_queue': 'comfyui-gpu-farm', 'workflow_id': 'chain-image-edit-to-video-pipeline-e57204d1-d6ff-4164-851c-0a2cb567fe2c', 'workflow_run_id': '019bb607-8ebe-7ca9-baae-12dc3fc0eda3', 'workflow_type': 'ChainExecutorWorkflow'})
2026-01-14 21:30:09,564 - temporalio.activity - INFO - ✓ Updated chain status ({'activity_id': '72', 'activity_type': 'update_chain_status_activity', 'attempt': 1, 'namespace': 'default', 'task_queue': 'comfyui-gpu-farm', 'workflow_id': 'chain-image-edit-to-video-pipeline-e57204d1-d6ff-4164-851c-0a2cb567fe2c', 'workflow_run_id': '019bb607-8ebe-7ca9-baae-12dc3fc0eda3', 'workflow_type': 'ChainExecutorWorkflow'})
2026-01-14 21:30:09,565 - temporal_gateway.services.broadcast - INFO - Published chain_completed to chain:6b657434-477e-4bf5-a64a-91d5122be53b
2026-01-14 21:30:09,566 - temporalio.activity - INFO - Published chain_completed event for chain 6b657434-477e-4bf5-a64a-91d5122be53b ({'activity_id': '72', 'activity_type': 'update_chain_status_activity', 'attempt': 1, 'namespace': 'default', 'task_queue': 'comfyui-gpu-farm', 'workflow_id': 'chain-image-edit-to-video-pipeline-e57204d1-d6ff-4164-851c-0a2cb567fe2c', 'workflow_run_id': '019bb607-8ebe-7ca9-baae-12dc3fc0eda3', 'workflow_type': 'ChainExecutorWorkflow'})
2026-01-14 21:30:09,598 - temporalio.workflow - ERROR - Step extract_frame2 failed:  ({'attempt': 1, 'namespace': 'default', 'run_id': '019bb5fe-e813-7328-84e1-61ae94496bab', 'task_queue': 'comfyui-gpu-farm', 'workflow_id': 'chain-image-edit-to-video-pipeline-f10d6f69-ef79-4aa5-9056-36eeb91a077e', 'workflow_type': 'ChainExecutorWorkflow'})
2026-01-14 21:30:09,599 - temporalio.workflow - ERROR - Step extract_frame1 failed:  ({'attempt': 1, 'namespace': 'default', 'run_id': '019bb5fe-e813-7328-84e1-61ae94496bab', 'task_queue': 'comfyui-gpu-farm', 'workflow_id': 'chain-image-edit-to-video-pipeline-f10d6f69-ef79-4aa5-9056-36eeb91a077e', 'workflow_type': 'ChainExecutorWorkflow'})
2026-01-14 21:30:09,612 - temporalio.activity - INFO - Updating workflow a164b098-412b-44d4-a16f-ea4442ad7fef status to: failed ({'activity_id': '17', 'activity_type': 'update_workflow_status_activity', 'attempt': 1, 'namespace': 'default', 'task_queue': 'comfyui-gpu-farm', 'workflow_id': 'chain-image-edit-to-video-pipeline-f10d6f69-ef79-4aa5-9056-36eeb91a077e', 'workflow_run_id': '019bb5fe-e813-7328-84e1-61ae94496bab', 'workflow_type': 'ChainExecutorWorkflow'})
2026-01-14 21:30:09,616 - temporalio.activity - INFO - ✓ Updated workflow status ({'activity_id': '17', 'activity_type': 'update_workflow_status_activity', 'attempt': 1, 'namespace': 'default', 'task_queue': 'comfyui-gpu-farm', 'workflow_id': 'chain-image-edit-to-video-pipeline-f10d6f69-ef79-4aa5-9056-36eeb91a077e', 'workflow_run_id': '019bb5fe-e813-7328-84e1-61ae94496bab', 'workflow_type': 'ChainExecutorWorkflow'})
2026-01-14 21:30:09,618 - temporalio.activity - INFO - Updating workflow 13e6c731-5479-4c45-aec2-d2cd7052dcbd status to: failed ({'activity_id': '16', 'activity_type': 'update_workflow_status_activity', 'attempt': 1, 'namespace': 'default', 'task_queue': 'comfyui-gpu-farm', 'workflow_id': 'chain-image-edit-to-video-pipeline-f10d6f69-ef79-4aa5-9056-36eeb91a077e', 'workflow_run_id': '019bb5fe-e813-7328-84e1-61ae94496bab', 'workflow_type': 'ChainExecutorWorkflow'})
2026-01-14 21:30:09,623 - temporalio.activity - INFO - ✓ Updated workflow status ({'activity_id': '16', 'activity_type': 'update_workflow_status_activity', 'attempt': 1, 'namespace': 'default', 'task_queue': 'comfyui-gpu-farm', 'workflow_id': 'chain-image-edit-to-video-pipeline-f10d6f69-ef79-4aa5-9056-36eeb91a077e', 'workflow_run_id': '019bb5fe-e813-7328-84e1-61ae94496bab', 'workflow_type': 'ChainExecutorWorkflow'})
2026-01-14 21:30:09,636 - temporalio.workflow - INFO - Step extract_frame1: failed ({'attempt': 1, 'namespace': 'default', 'run_id': '019bb5fe-e813-7328-84e1-61ae94496bab', 'task_queue': 'comfyui-gpu-farm', 'workflow_id': 'chain-image-edit-to-video-pipeline-f10d6f69-ef79-4aa5-9056-36eeb91a077e', 'workflow_type': 'ChainExecutorWorkflow'})
2026-01-14 21:30:09,636 - temporalio.workflow - INFO - Step extract_frame2: failed ({'attempt': 1, 'namespace': 'default', 'run_id': '019bb5fe-e813-7328-84e1-61ae94496bab', 'task_queue': 'comfyui-gpu-farm', 'workflow_id': 'chain-image-edit-to-video-pipeline-f10d6f69-ef79-4aa5-9056-36eeb91a077e', 'workflow_type': 'ChainExecutorWorkflow'})
2026-01-14 21:30:09,646 - temporalio.activity - INFO - Updating chain 7d54827e-6944-4121-a44c-67a65a534079 status to: executing_level_1 ({'activity_id': '18', 'activity_type': 'update_chain_status_activity', 'attempt': 1, 'namespace': 'default', 'task_queue': 'comfyui-gpu-farm', 'workflow_id': 'chain-image-edit-to-video-pipeline-f10d6f69-ef79-4aa5-9056-36eeb91a077e', 'workflow_run_id': '019bb5fe-e813-7328-84e1-61ae94496bab', 'workflow_type': 'ChainExecutorWorkflow'})
2026-01-14 21:30:09,650 - temporalio.activity - INFO - ✓ Updated chain status ({'activity_id': '18', 'activity_type': 'update_chain_status_activity', 'attempt': 1, 'namespace': 'default', 'task_queue': 'comfyui-gpu-farm', 'workflow_id': 'chain-image-edit-to-video-pipeline-f10d6f69-ef79-4aa5-9056-36eeb91a077e', 'workflow_run_id': '019bb5fe-e813-7328-84e1-61ae94496bab', 'workflow_type': 'ChainExecutorWorkflow'})
2026-01-14 21:30:09,653 - temporalio.workflow - ERROR - Step edit_frame1 failed:  ({'attempt': 1, 'namespace': 'default', 'run_id': '019bb5d8-5dd2-7d48-8285-386a4f303be1', 'task_queue': 'comfyui-gpu-farm', 'workflow_id': 'chain-image-edit-to-video-pipeline-47711261-967c-4b1b-9e32-dec4622c5bfb', 'workflow_type': 'ChainExecutorWorkflow'})
2026-01-14 21:30:09,662 - temporalio.workflow - INFO - Level 1: Executing 2 step(s) ({'attempt': 1, 'namespace': 'default', 'run_id': '019bb5fe-e813-7328-84e1-61ae94496bab', 'task_queue': 'comfyui-gpu-farm', 'workflow_id': 'chain-image-edit-to-video-pipeline-f10d6f69-ef79-4aa5-9056-36eeb91a077e', 'workflow_type': 'ChainExecutorWorkflow'})
2026-01-14 21:30:09,662 - temporalio.workflow - WARNING - Step edit_frame1: Dependency extract_frame1 not satisfied, skipping ({'attempt': 1, 'namespace': 'default', 'run_id': '019bb5fe-e813-7328-84e1-61ae94496bab', 'task_queue': 'comfyui-gpu-farm', 'workflow_id': 'chain-image-edit-to-video-pipeline-f10d6f69-ef79-4aa5-9056-36eeb91a077e', 'workflow_type': 'ChainExecutorWorkflow'})
2026-01-14 21:30:09,663 - temporalio.workflow - WARNING - Step edit_frame2: Dependency extract_frame2 not satisfied, skipping ({'attempt': 1, 'namespace': 'default', 'run_id': '019bb5fe-e813-7328-84e1-61ae94496bab', 'task_queue': 'comfyui-gpu-farm', 'workflow_id': 'chain-image-edit-to-video-pipeline-f10d6f69-ef79-4aa5-9056-36eeb91a077e', 'workflow_type': 'ChainExecutorWorkflow'})
2026-01-14 21:30:09,663 - temporalio.workflow - INFO - Step edit_frame1: skipped_dependency ({'attempt': 1, 'namespace': 'default', 'run_id': '019bb5fe-e813-7328-84e1-61ae94496bab', 'task_queue': 'comfyui-gpu-farm', 'workflow_id': 'chain-image-edit-to-video-pipeline-f10d6f69-ef79-4aa5-9056-36eeb91a077e', 'workflow_type': 'ChainExecutorWorkflow'})
2026-01-14 21:30:09,663 - temporalio.workflow - INFO - Step edit_frame2: skipped_dependency ({'attempt': 1, 'namespace': 'default', 'run_id': '019bb5fe-e813-7328-84e1-61ae94496bab', 'task_queue': 'comfyui-gpu-farm', 'workflow_id': 'chain-image-edit-to-video-pipeline-f10d6f69-ef79-4aa5-9056-36eeb91a077e', 'workflow_type': 'ChainExecutorWorkflow'})
2026-01-14 21:30:09,664 - temporalio.activity - INFO - Updating workflow 70397d8d-ab5b-4b22-a23d-85a8bb0da22b status to: failed ({'activity_id': '41', 'activity_type': 'update_workflow_status_activity', 'attempt': 1, 'namespace': 'default', 'task_queue': 'comfyui-gpu-farm', 'workflow_id': 'chain-image-edit-to-video-pipeline-47711261-967c-4b1b-9e32-dec4622c5bfb', 'workflow_run_id': '019bb5d8-5dd2-7d48-8285-386a4f303be1', 'workflow_type': 'ChainExecutorWorkflow'})
2026-01-14 21:30:09,668 - temporalio.activity - INFO - ✓ Updated workflow status ({'activity_id': '41', 'activity_type': 'update_workflow_status_activity', 'attempt': 1, 'namespace': 'default', 'task_queue': 'comfyui-gpu-farm', 'workflow_id': 'chain-image-edit-to-video-pipeline-47711261-967c-4b1b-9e32-dec4622c5bfb', 'workflow_run_id': '019bb5d8-5dd2-7d48-8285-386a4f303be1', 'workflow_type': 'ChainExecutorWorkflow'})
2026-01-14 21:30:09,673 - temporalio.activity - INFO - Updating chain 7d54827e-6944-4121-a44c-67a65a534079 status to: executing_level_2 ({'activity_id': '19', 'activity_type': 'update_chain_status_activity', 'attempt': 1, 'namespace': 'default', 'task_queue': 'comfyui-gpu-farm', 'workflow_id': 'chain-image-edit-to-video-pipeline-f10d6f69-ef79-4aa5-9056-36eeb91a077e', 'workflow_run_id': '019bb5fe-e813-7328-84e1-61ae94496bab', 'workflow_type': 'ChainExecutorWorkflow'})
2026-01-14 21:30:09,677 - temporalio.activity - INFO - ✓ Updated chain status ({'activity_id': '19', 'activity_type': 'update_chain_status_activity', 'attempt': 1, 'namespace': 'default', 'task_queue': 'comfyui-gpu-farm', 'workflow_id': 'chain-image-edit-to-video-pipeline-f10d6f69-ef79-4aa5-9056-36eeb91a077e', 'workflow_run_id': '019bb5fe-e813-7328-84e1-61ae94496bab', 'workflow_type': 'ChainExecutorWorkflow'})
2026-01-14 21:30:09,680 - temporalio.workflow - INFO - Step edit_frame1: failed ({'attempt': 1, 'namespace': 'default', 'run_id': '019bb5d8-5dd2-7d48-8285-386a4f303be1', 'task_queue': 'comfyui-gpu-farm', 'workflow_id': 'chain-image-edit-to-video-pipeline-47711261-967c-4b1b-9e32-dec4622c5bfb', 'workflow_type': 'ChainExecutorWorkflow'})
2026-01-14 21:30:09,681 - temporalio.workflow - INFO - Step edit_frame2: completed ({'attempt': 1, 'namespace': 'default', 'run_id': '019bb5d8-5dd2-7d48-8285-386a4f303be1', 'task_queue': 'comfyui-gpu-farm', 'workflow_id': 'chain-image-edit-to-video-pipeline-47711261-967c-4b1b-9e32-dec4622c5bfb', 'workflow_type': 'ChainExecutorWorkflow'})
2026-01-14 21:30:09,686 - temporalio.workflow - INFO - Level 2: Executing 1 step(s) ({'attempt': 1, 'namespace': 'default', 'run_id': '019bb5fe-e813-7328-84e1-61ae94496bab', 'task_queue': 'comfyui-gpu-farm', 'workflow_id': 'chain-image-edit-to-video-pipeline-f10d6f69-ef79-4aa5-9056-36eeb91a077e', 'workflow_type': 'ChainExecutorWorkflow'})
2026-01-14 21:30:09,686 - temporalio.workflow - WARNING - Step create_video: Dependency edit_frame1 not satisfied, skipping ({'attempt': 1, 'namespace': 'default', 'run_id': '019bb5fe-e813-7328-84e1-61ae94496bab', 'task_queue': 'comfyui-gpu-farm', 'workflow_id': 'chain-image-edit-to-video-pipeline-f10d6f69-ef79-4aa5-9056-36eeb91a077e', 'workflow_type': 'ChainExecutorWorkflow'})
2026-01-14 21:30:09,686 - temporalio.workflow - INFO - Step create_video: skipped_dependency ({'attempt': 1, 'namespace': 'default', 'run_id': '019bb5fe-e813-7328-84e1-61ae94496bab', 'task_queue': 'comfyui-gpu-farm', 'workflow_id': 'chain-image-edit-to-video-pipeline-f10d6f69-ef79-4aa5-9056-36eeb91a077e', 'workflow_type': 'ChainExecutorWorkflow'})
2026-01-14 21:30:09,692 - temporalio.activity - INFO - Updating chain 749a87f0-92ea-47b6-875a-b343325d81f8 status to: executing_level_2 ({'activity_id': '42', 'activity_type': 'update_chain_status_activity', 'attempt': 1, 'namespace': 'default', 'task_queue': 'comfyui-gpu-farm', 'workflow_id': 'chain-image-edit-to-video-pipeline-47711261-967c-4b1b-9e32-dec4622c5bfb', 'workflow_run_id': '019bb5d8-5dd2-7d48-8285-386a4f303be1', 'workflow_type': 'ChainExecutorWorkflow'})
2026-01-14 21:30:09,695 - temporalio.activity - INFO - ✓ Updated chain status ({'activity_id': '42', 'activity_type': 'update_chain_status_activity', 'attempt': 1, 'namespace': 'default', 'task_queue': 'comfyui-gpu-farm', 'workflow_id': 'chain-image-edit-to-video-pipeline-47711261-967c-4b1b-9e32-dec4622c5bfb', 'workflow_run_id': '019bb5d8-5dd2-7d48-8285-386a4f303be1', 'workflow_type': 'ChainExecutorWorkflow'})
2026-01-14 21:30:09,698 - temporalio.activity - INFO - Updating chain 7d54827e-6944-4121-a44c-67a65a534079 status to: completed ({'activity_id': '20', 'activity_type': 'update_chain_status_activity', 'attempt': 1, 'namespace': 'default', 'task_queue': 'comfyui-gpu-farm', 'workflow_id': 'chain-image-edit-to-video-pipeline-f10d6f69-ef79-4aa5-9056-36eeb91a077e', 'workflow_run_id': '019bb5fe-e813-7328-84e1-61ae94496bab', 'workflow_type': 'ChainExecutorWorkflow'})
2026-01-14 21:30:09,702 - temporalio.activity - INFO - ✓ Updated chain status ({'activity_id': '20', 'activity_type': 'update_chain_status_activity', 'attempt': 1, 'namespace': 'default', 'task_queue': 'comfyui-gpu-farm', 'workflow_id': 'chain-image-edit-to-video-pipeline-f10d6f69-ef79-4aa5-9056-36eeb91a077e', 'workflow_run_id': '019bb5fe-e813-7328-84e1-61ae94496bab', 'workflow_type': 'ChainExecutorWorkflow'})
2026-01-14 21:30:09,702 - temporal_gateway.services.broadcast - INFO - Published chain_completed to chain:7d54827e-6944-4121-a44c-67a65a534079
2026-01-14 21:30:09,703 - temporalio.activity - INFO - Published chain_completed event for chain 7d54827e-6944-4121-a44c-67a65a534079 ({'activity_id': '20', 'activity_type': 'update_chain_status_activity', 'attempt': 1, 'namespace': 'default', 'task_queue': 'comfyui-gpu-farm', 'workflow_id': 'chain-image-edit-to-video-pipeline-f10d6f69-ef79-4aa5-9056-36eeb91a077e', 'workflow_run_id': '019bb5fe-e813-7328-84e1-61ae94496bab', 'workflow_type': 'ChainExecutorWorkflow'})
2026-01-14 21:30:09,706 - temporalio.workflow - INFO - Level 2: Executing 1 step(s) ({'attempt': 1, 'namespace': 'default', 'run_id': '019bb5d8-5dd2-7d48-8285-386a4f303be1', 'task_queue': 'comfyui-gpu-farm', 'workflow_id': 'chain-image-edit-to-video-pipeline-47711261-967c-4b1b-9e32-dec4622c5bfb', 'workflow_type': 'ChainExecutorWorkflow'})
2026-01-14 21:30:09,707 - temporalio.workflow - WARNING - Step create_video: Dependency edit_frame1 not satisfied, skipping ({'attempt': 1, 'namespace': 'default', 'run_id': '019bb5d8-5dd2-7d48-8285-386a4f303be1', 'task_queue': 'comfyui-gpu-farm', 'workflow_id': 'chain-image-edit-to-video-pipeline-47711261-967c-4b1b-9e32-dec4622c5bfb', 'workflow_type': 'ChainExecutorWorkflow'})
2026-01-14 21:30:09,707 - temporalio.workflow - INFO - Step create_video: skipped_dependency ({'attempt': 1, 'namespace': 'default', 'run_id': '019bb5d8-5dd2-7d48-8285-386a4f303be1', 'task_queue': 'comfyui-gpu-farm', 'workflow_id': 'chain-image-edit-to-video-pipeline-47711261-967c-4b1b-9e32-dec4622c5bfb', 'workflow_type': 'ChainExecutorWorkflow'})
2026-01-14 21:30:09,720 - temporalio.activity - INFO - Updating chain 749a87f0-92ea-47b6-875a-b343325d81f8 status to: completed ({'activity_id': '43', 'activity_type': 'update_chain_status_activity', 'attempt': 1, 'namespace': 'default', 'task_queue': 'comfyui-gpu-farm', 'workflow_id': 'chain-image-edit-to-video-pipeline-47711261-967c-4b1b-9e32-dec4622c5bfb', 'workflow_run_id': '019bb5d8-5dd2-7d48-8285-386a4f303be1', 'workflow_type': 'ChainExecutorWorkflow'})
2026-01-14 21:30:09,724 - temporalio.activity - INFO - ✓ Updated chain status ({'activity_id': '43', 'activity_type': 'update_chain_status_activity', 'attempt': 1, 'namespace': 'default', 'task_queue': 'comfyui-gpu-farm', 'workflow_id': 'chain-image-edit-to-video-pipeline-47711261-967c-4b1b-9e32-dec4622c5bfb', 'workflow_run_id': '019bb5d8-5dd2-7d48-8285-386a4f303be1', 'workflow_type': 'ChainExecutorWorkflow'})
2026-01-14 21:30:09,725 - temporal_gateway.services.broadcast - INFO - Published chain_completed to chain:749a87f0-92ea-47b6-875a-b343325d81f8
2026-01-14 21:30:09,725 - temporalio.activity - INFO - Published chain_completed event for chain 749a87f0-92ea-47b6-875a-b343325d81f8 ({'activity_id': '43', 'activity_type': 'update_chain_status_activity', 'attempt': 1, 'namespace': 'default', 'task_queue': 'comfyui-gpu-farm', 'workflow_id': 'chain-image-edit-to-video-pipeline-47711261-967c-4b1b-9e32-dec4622c5bfb', 'workflow_run_id': '019bb5d8-5dd2-7d48-8285-386a4f303be1', 'workflow_type': 'ChainExecutorWorkflow'})
2026-01-14 21:30:17,916 - temporalio.workflow - ERROR - Step extract_frame2 failed:  ({'attempt': 1, 'namespace': 'default', 'run_id': '019bb5cd-2f2c-7e8d-9123-e929ca2fa67f', 'task_queue': 'comfyui-gpu-farm', 'workflow_id': 'chain-image-edit-to-video-pipeline-2138f53c-660a-4f6d-97f4-2dc78604f757', 'workflow_type': 'ChainExecutorWorkflow'})
2026-01-14 21:30:17,917 - temporalio.workflow - ERROR - Step extract_frame1 failed:  ({'attempt': 1, 'namespace': 'default', 'run_id': '019bb5cd-2f2c-7e8d-9123-e929ca2fa67f', 'task_queue': 'comfyui-gpu-farm', 'workflow_id': 'chain-image-edit-to-video-pipeline-2138f53c-660a-4f6d-97f4-2dc78604f757', 'workflow_type': 'ChainExecutorWorkflow'})
2026-01-14 21:30:17,922 - temporalio.workflow - ERROR - Step extract_frame2 failed:  ({'attempt': 1, 'namespace': 'default', 'run_id': '019bb603-cb51-7a46-a556-b7fbd5a84a49', 'task_queue': 'comfyui-gpu-farm', 'workflow_id': 'chain-image-edit-to-video-pipeline-720207e7-c6f3-4e67-b8a8-9501742f5b72', 'workflow_type': 'ChainExecutorWorkflow'})
2026-01-14 21:30:17,923 - temporalio.workflow - ERROR - Step extract_frame1 failed:  ({'attempt': 1, 'namespace': 'default', 'run_id': '019bb603-cb51-7a46-a556-b7fbd5a84a49', 'task_queue': 'comfyui-gpu-farm', 'workflow_id': 'chain-image-edit-to-video-pipeline-720207e7-c6f3-4e67-b8a8-9501742f5b72', 'workflow_type': 'ChainExecutorWorkflow'})
2026-01-14 21:30:17,928 - temporalio.activity - INFO - Updating workflow 6c0f2175-1c7b-40fc-9f46-35b26ac001b5 status to: failed ({'activity_id': '17', 'activity_type': 'update_workflow_status_activity', 'attempt': 1, 'namespace': 'default', 'task_queue': 'comfyui-gpu-farm', 'workflow_id': 'chain-image-edit-to-video-pipeline-2138f53c-660a-4f6d-97f4-2dc78604f757', 'workflow_run_id': '019bb5cd-2f2c-7e8d-9123-e929ca2fa67f', 'workflow_type': 'ChainExecutorWorkflow'})
2026-01-14 21:30:17,929 - temporalio.activity - INFO - ✓ Updated workflow status ({'activity_id': '17', 'activity_type': 'update_workflow_status_activity', 'attempt': 1, 'namespace': 'default', 'task_queue': 'comfyui-gpu-farm', 'workflow_id': 'chain-image-edit-to-video-pipeline-2138f53c-660a-4f6d-97f4-2dc78604f757', 'workflow_run_id': '019bb5cd-2f2c-7e8d-9123-e929ca2fa67f', 'workflow_type': 'ChainExecutorWorkflow'})
2026-01-14 21:30:17,934 - temporalio.activity - INFO - Updating workflow 9c83145c-a3fb-4af4-83f4-cd66f114490d status to: failed ({'activity_id': '16', 'activity_type': 'update_workflow_status_activity', 'attempt': 1, 'namespace': 'default', 'task_queue': 'comfyui-gpu-farm', 'workflow_id': 'chain-image-edit-to-video-pipeline-2138f53c-660a-4f6d-97f4-2dc78604f757', 'workflow_run_id': '019bb5cd-2f2c-7e8d-9123-e929ca2fa67f', 'workflow_type': 'ChainExecutorWorkflow'})
2026-01-14 21:30:17,935 - temporalio.activity - INFO - ✓ Updated workflow status ({'activity_id': '16', 'activity_type': 'update_workflow_status_activity', 'attempt': 1, 'namespace': 'default', 'task_queue': 'comfyui-gpu-farm', 'workflow_id': 'chain-image-edit-to-video-pipeline-2138f53c-660a-4f6d-97f4-2dc78604f757', 'workflow_run_id': '019bb5cd-2f2c-7e8d-9123-e929ca2fa67f', 'workflow_type': 'ChainExecutorWorkflow'})
2026-01-14 21:30:17,936 - temporalio.activity - INFO - Updating workflow 47a9935a-02da-4e20-8189-b47bc6ca05e6 status to: failed ({'activity_id': '16', 'activity_type': 'update_workflow_status_activity', 'attempt': 1, 'namespace': 'default', 'task_queue': 'comfyui-gpu-farm', 'workflow_id': 'chain-image-edit-to-video-pipeline-720207e7-c6f3-4e67-b8a8-9501742f5b72', 'workflow_run_id': '019bb603-cb51-7a46-a556-b7fbd5a84a49', 'workflow_type': 'ChainExecutorWorkflow'})
2026-01-14 21:30:17,939 - temporalio.activity - INFO - ✓ Updated workflow status ({'activity_id': '16', 'activity_type': 'update_workflow_status_activity', 'attempt': 1, 'namespace': 'default', 'task_queue': 'comfyui-gpu-farm', 'workflow_id': 'chain-image-edit-to-video-pipeline-720207e7-c6f3-4e67-b8a8-9501742f5b72', 'workflow_run_id': '019bb603-cb51-7a46-a556-b7fbd5a84a49', 'workflow_type': 'ChainExecutorWorkflow'})
2026-01-14 21:30:17,941 - temporalio.activity - INFO - Updating workflow 99d286f5-b361-4465-9a35-1f4e38ea5b54 status to: failed ({'activity_id': '17', 'activity_type': 'update_workflow_status_activity', 'attempt': 1, 'namespace': 'default', 'task_queue': 'comfyui-gpu-farm', 'workflow_id': 'chain-image-edit-to-video-pipeline-720207e7-c6f3-4e67-b8a8-9501742f5b72', 'workflow_run_id': '019bb603-cb51-7a46-a556-b7fbd5a84a49', 'workflow_type': 'ChainExecutorWorkflow'})
2026-01-14 21:30:17,945 - temporalio.activity - INFO - ✓ Updated workflow status ({'activity_id': '17', 'activity_type': 'update_workflow_status_activity', 'attempt': 1, 'namespace': 'default', 'task_queue': 'comfyui-gpu-farm', 'workflow_id': 'chain-image-edit-to-video-pipeline-720207e7-c6f3-4e67-b8a8-9501742f5b72', 'workflow_run_id': '019bb603-cb51-7a46-a556-b7fbd5a84a49', 'workflow_type': 'ChainExecutorWorkflow'})
2026-01-14 21:30:17,951 - temporalio.workflow - INFO - Step extract_frame1: failed ({'attempt': 1, 'namespace': 'default', 'run_id': '019bb5cd-2f2c-7e8d-9123-e929ca2fa67f', 'task_queue': 'comfyui-gpu-farm', 'workflow_id': 'chain-image-edit-to-video-pipeline-2138f53c-660a-4f6d-97f4-2dc78604f757', 'workflow_type': 'ChainExecutorWorkflow'})
2026-01-14 21:30:17,951 - temporalio.workflow - INFO - Step extract_frame2: failed ({'attempt': 1, 'namespace': 'default', 'run_id': '019bb5cd-2f2c-7e8d-9123-e929ca2fa67f', 'task_queue': 'comfyui-gpu-farm', 'workflow_id': 'chain-image-edit-to-video-pipeline-2138f53c-660a-4f6d-97f4-2dc78604f757', 'workflow_type': 'ChainExecutorWorkflow'})
2026-01-14 21:30:17,956 - temporalio.workflow - INFO - Step extract_frame1: failed ({'attempt': 1, 'namespace': 'default', 'run_id': '019bb603-cb51-7a46-a556-b7fbd5a84a49', 'task_queue': 'comfyui-gpu-farm', 'workflow_id': 'chain-image-edit-to-video-pipeline-720207e7-c6f3-4e67-b8a8-9501742f5b72', 'workflow_type': 'ChainExecutorWorkflow'})
2026-01-14 21:30:17,957 - temporalio.workflow - INFO - Step extract_frame2: failed ({'attempt': 1, 'namespace': 'default', 'run_id': '019bb603-cb51-7a46-a556-b7fbd5a84a49', 'task_queue': 'comfyui-gpu-farm', 'workflow_id': 'chain-image-edit-to-video-pipeline-720207e7-c6f3-4e67-b8a8-9501742f5b72', 'workflow_type': 'ChainExecutorWorkflow'})
2026-01-14 21:30:17,961 - temporalio.activity - INFO - Updating chain 1dc269df-cfd0-4593-8b1e-2efb50d23f4e status to: executing_level_1 ({'activity_id': '18', 'activity_type': 'update_chain_status_activity', 'attempt': 1, 'namespace': 'default', 'task_queue': 'comfyui-gpu-farm', 'workflow_id': 'chain-image-edit-to-video-pipeline-2138f53c-660a-4f6d-97f4-2dc78604f757', 'workflow_run_id': '019bb5cd-2f2c-7e8d-9123-e929ca2fa67f', 'workflow_type': 'ChainExecutorWorkflow'})
2026-01-14 21:30:17,963 - temporalio.activity - INFO - ✓ Updated chain status ({'activity_id': '18', 'activity_type': 'update_chain_status_activity', 'attempt': 1, 'namespace': 'default', 'task_queue': 'comfyui-gpu-farm', 'workflow_id': 'chain-image-edit-to-video-pipeline-2138f53c-660a-4f6d-97f4-2dc78604f757', 'workflow_run_id': '019bb5cd-2f2c-7e8d-9123-e929ca2fa67f', 'workflow_type': 'ChainExecutorWorkflow'})
2026-01-14 21:30:17,970 - temporalio.activity - INFO - Updating chain ed4506aa-25cd-4c2b-8bae-c9352ab1f3c8 status to: executing_level_1 ({'activity_id': '18', 'activity_type': 'update_chain_status_activity', 'attempt': 1, 'namespace': 'default', 'task_queue': 'comfyui-gpu-farm', 'workflow_id': 'chain-image-edit-to-video-pipeline-720207e7-c6f3-4e67-b8a8-9501742f5b72', 'workflow_run_id': '019bb603-cb51-7a46-a556-b7fbd5a84a49', 'workflow_type': 'ChainExecutorWorkflow'})
2026-01-14 21:30:17,974 - temporalio.activity - INFO - ✓ Updated chain status ({'activity_id': '18', 'activity_type': 'update_chain_status_activity', 'attempt': 1, 'namespace': 'default', 'task_queue': 'comfyui-gpu-farm', 'workflow_id': 'chain-image-edit-to-video-pipeline-720207e7-c6f3-4e67-b8a8-9501742f5b72', 'workflow_run_id': '019bb603-cb51-7a46-a556-b7fbd5a84a49', 'workflow_type': 'ChainExecutorWorkflow'})
2026-01-14 21:30:17,974 - temporalio.workflow - INFO - Level 1: Executing 2 step(s) ({'attempt': 1, 'namespace': 'default', 'run_id': '019bb5cd-2f2c-7e8d-9123-e929ca2fa67f', 'task_queue': 'comfyui-gpu-farm', 'workflow_id': 'chain-image-edit-to-video-pipeline-2138f53c-660a-4f6d-97f4-2dc78604f757', 'workflow_type': 'ChainExecutorWorkflow'})
2026-01-14 21:30:17,975 - temporalio.workflow - WARNING - Step edit_frame1: Dependency extract_frame1 not satisfied, skipping ({'attempt': 1, 'namespace': 'default', 'run_id': '019bb5cd-2f2c-7e8d-9123-e929ca2fa67f', 'task_queue': 'comfyui-gpu-farm', 'workflow_id': 'chain-image-edit-to-video-pipeline-2138f53c-660a-4f6d-97f4-2dc78604f757', 'workflow_type': 'ChainExecutorWorkflow'})
2026-01-14 21:30:17,975 - temporalio.workflow - WARNING - Step edit_frame2: Dependency extract_frame2 not satisfied, skipping ({'attempt': 1, 'namespace': 'default', 'run_id': '019bb5cd-2f2c-7e8d-9123-e929ca2fa67f', 'task_queue': 'comfyui-gpu-farm', 'workflow_id': 'chain-image-edit-to-video-pipeline-2138f53c-660a-4f6d-97f4-2dc78604f757', 'workflow_type': 'ChainExecutorWorkflow'})
2026-01-14 21:30:17,975 - temporalio.workflow - INFO - Step edit_frame1: skipped_dependency ({'attempt': 1, 'namespace': 'default', 'run_id': '019bb5cd-2f2c-7e8d-9123-e929ca2fa67f', 'task_queue': 'comfyui-gpu-farm', 'workflow_id': 'chain-image-edit-to-video-pipeline-2138f53c-660a-4f6d-97f4-2dc78604f757', 'workflow_type': 'ChainExecutorWorkflow'})
2026-01-14 21:30:17,975 - temporalio.workflow - INFO - Step edit_frame2: skipped_dependency ({'attempt': 1, 'namespace': 'default', 'run_id': '019bb5cd-2f2c-7e8d-9123-e929ca2fa67f', 'task_queue': 'comfyui-gpu-farm', 'workflow_id': 'chain-image-edit-to-video-pipeline-2138f53c-660a-4f6d-97f4-2dc78604f757', 'workflow_type': 'ChainExecutorWorkflow'})
2026-01-14 21:30:17,985 - temporalio.workflow - INFO - Level 1: Executing 2 step(s) ({'attempt': 1, 'namespace': 'default', 'run_id': '019bb603-cb51-7a46-a556-b7fbd5a84a49', 'task_queue': 'comfyui-gpu-farm', 'workflow_id': 'chain-image-edit-to-video-pipeline-720207e7-c6f3-4e67-b8a8-9501742f5b72', 'workflow_type': 'ChainExecutorWorkflow'})
2026-01-14 21:30:17,986 - temporalio.workflow - WARNING - Step edit_frame1: Dependency extract_frame1 not satisfied, skipping ({'attempt': 1, 'namespace': 'default', 'run_id': '019bb603-cb51-7a46-a556-b7fbd5a84a49', 'task_queue': 'comfyui-gpu-farm', 'workflow_id': 'chain-image-edit-to-video-pipeline-720207e7-c6f3-4e67-b8a8-9501742f5b72', 'workflow_type': 'ChainExecutorWorkflow'})
2026-01-14 21:30:17,986 - temporalio.workflow - WARNING - Step edit_frame2: Dependency extract_frame2 not satisfied, skipping ({'attempt': 1, 'namespace': 'default', 'run_id': '019bb603-cb51-7a46-a556-b7fbd5a84a49', 'task_queue': 'comfyui-gpu-farm', 'workflow_id': 'chain-image-edit-to-video-pipeline-720207e7-c6f3-4e67-b8a8-9501742f5b72', 'workflow_type': 'ChainExecutorWorkflow'})
2026-01-14 21:30:17,986 - temporalio.workflow - INFO - Step edit_frame1: skipped_dependency ({'attempt': 1, 'namespace': 'default', 'run_id': '019bb603-cb51-7a46-a556-b7fbd5a84a49', 'task_queue': 'comfyui-gpu-farm', 'workflow_id': 'chain-image-edit-to-video-pipeline-720207e7-c6f3-4e67-b8a8-9501742f5b72', 'workflow_type': 'ChainExecutorWorkflow'})
2026-01-14 21:30:17,986 - temporalio.workflow - INFO - Step edit_frame2: skipped_dependency ({'attempt': 1, 'namespace': 'default', 'run_id': '019bb603-cb51-7a46-a556-b7fbd5a84a49', 'task_queue': 'comfyui-gpu-farm', 'workflow_id': 'chain-image-edit-to-video-pipeline-720207e7-c6f3-4e67-b8a8-9501742f5b72', 'workflow_type': 'ChainExecutorWorkflow'})
2026-01-14 21:30:17,987 - temporalio.activity - INFO - Updating chain 1dc269df-cfd0-4593-8b1e-2efb50d23f4e status to: executing_level_2 ({'activity_id': '19', 'activity_type': 'update_chain_status_activity', 'attempt': 1, 'namespace': 'default', 'task_queue': 'comfyui-gpu-farm', 'workflow_id': 'chain-image-edit-to-video-pipeline-2138f53c-660a-4f6d-97f4-2dc78604f757', 'workflow_run_id': '019bb5cd-2f2c-7e8d-9123-e929ca2fa67f', 'workflow_type': 'ChainExecutorWorkflow'})
2026-01-14 21:30:17,988 - temporalio.activity - INFO - ✓ Updated chain status ({'activity_id': '19', 'activity_type': 'update_chain_status_activity', 'attempt': 1, 'namespace': 'default', 'task_queue': 'comfyui-gpu-farm', 'workflow_id': 'chain-image-edit-to-video-pipeline-2138f53c-660a-4f6d-97f4-2dc78604f757', 'workflow_run_id': '019bb5cd-2f2c-7e8d-9123-e929ca2fa67f', 'workflow_type': 'ChainExecutorWorkflow'})
2026-01-14 21:30:17,998 - temporalio.activity - INFO - Updating chain ed4506aa-25cd-4c2b-8bae-c9352ab1f3c8 status to: executing_level_2 ({'activity_id': '19', 'activity_type': 'update_chain_status_activity', 'attempt': 1, 'namespace': 'default', 'task_queue': 'comfyui-gpu-farm', 'workflow_id': 'chain-image-edit-to-video-pipeline-720207e7-c6f3-4e67-b8a8-9501742f5b72', 'workflow_run_id': '019bb603-cb51-7a46-a556-b7fbd5a84a49', 'workflow_type': 'ChainExecutorWorkflow'})
2026-01-14 21:30:18,002 - temporalio.activity - INFO - ✓ Updated chain status ({'activity_id': '19', 'activity_type': 'update_chain_status_activity', 'attempt': 1, 'namespace': 'default', 'task_queue': 'comfyui-gpu-farm', 'workflow_id': 'chain-image-edit-to-video-pipeline-720207e7-c6f3-4e67-b8a8-9501742f5b72', 'workflow_run_id': '019bb603-cb51-7a46-a556-b7fbd5a84a49', 'workflow_type': 'ChainExecutorWorkflow'})
2026-01-14 21:30:18,003 - temporalio.workflow - INFO - Level 2: Executing 1 step(s) ({'attempt': 1, 'namespace': 'default', 'run_id': '019bb5cd-2f2c-7e8d-9123-e929ca2fa67f', 'task_queue': 'comfyui-gpu-farm', 'workflow_id': 'chain-image-edit-to-video-pipeline-2138f53c-660a-4f6d-97f4-2dc78604f757', 'workflow_type': 'ChainExecutorWorkflow'})
2026-01-14 21:30:18,003 - temporalio.workflow - WARNING - Step create_video: Dependency edit_frame1 not satisfied, skipping ({'attempt': 1, 'namespace': 'default', 'run_id': '019bb5cd-2f2c-7e8d-9123-e929ca2fa67f', 'task_queue': 'comfyui-gpu-farm', 'workflow_id': 'chain-image-edit-to-video-pipeline-2138f53c-660a-4f6d-97f4-2dc78604f757', 'workflow_type': 'ChainExecutorWorkflow'})
2026-01-14 21:30:18,003 - temporalio.workflow - INFO - Step create_video: skipped_dependency ({'attempt': 1, 'namespace': 'default', 'run_id': '019bb5cd-2f2c-7e8d-9123-e929ca2fa67f', 'task_queue': 'comfyui-gpu-farm', 'workflow_id': 'chain-image-edit-to-video-pipeline-2138f53c-660a-4f6d-97f4-2dc78604f757', 'workflow_type': 'ChainExecutorWorkflow'})
2026-01-14 21:30:18,015 - temporalio.workflow - INFO - Level 2: Executing 1 step(s) ({'attempt': 1, 'namespace': 'default', 'run_id': '019bb603-cb51-7a46-a556-b7fbd5a84a49', 'task_queue': 'comfyui-gpu-farm', 'workflow_id': 'chain-image-edit-to-video-pipeline-720207e7-c6f3-4e67-b8a8-9501742f5b72', 'workflow_type': 'ChainExecutorWorkflow'})
2026-01-14 21:30:18,015 - temporalio.workflow - WARNING - Step create_video: Dependency edit_frame1 not satisfied, skipping ({'attempt': 1, 'namespace': 'default', 'run_id': '019bb603-cb51-7a46-a556-b7fbd5a84a49', 'task_queue': 'comfyui-gpu-farm', 'workflow_id': 'chain-image-edit-to-video-pipeline-720207e7-c6f3-4e67-b8a8-9501742f5b72', 'workflow_type': 'ChainExecutorWorkflow'})
2026-01-14 21:30:18,015 - temporalio.workflow - INFO - Step create_video: skipped_dependency ({'attempt': 1, 'namespace': 'default', 'run_id': '019bb603-cb51-7a46-a556-b7fbd5a84a49', 'task_queue': 'comfyui-gpu-farm', 'workflow_id': 'chain-image-edit-to-video-pipeline-720207e7-c6f3-4e67-b8a8-9501742f5b72', 'workflow_type': 'ChainExecutorWorkflow'})
2026-01-14 21:30:18,017 - temporalio.activity - INFO - Updating chain 1dc269df-cfd0-4593-8b1e-2efb50d23f4e status to: completed ({'activity_id': '20', 'activity_type': 'update_chain_status_activity', 'attempt': 1, 'namespace': 'default', 'task_queue': 'comfyui-gpu-farm', 'workflow_id': 'chain-image-edit-to-video-pipeline-2138f53c-660a-4f6d-97f4-2dc78604f757', 'workflow_run_id': '019bb5cd-2f2c-7e8d-9123-e929ca2fa67f', 'workflow_type': 'ChainExecutorWorkflow'})
2026-01-14 21:30:18,018 - temporalio.activity - INFO - ✓ Updated chain status ({'activity_id': '20', 'activity_type': 'update_chain_status_activity', 'attempt': 1, 'namespace': 'default', 'task_queue': 'comfyui-gpu-farm', 'workflow_id': 'chain-image-edit-to-video-pipeline-2138f53c-660a-4f6d-97f4-2dc78604f757', 'workflow_run_id': '019bb5cd-2f2c-7e8d-9123-e929ca2fa67f', 'workflow_type': 'ChainExecutorWorkflow'})
2026-01-14 21:30:18,018 - temporal_gateway.services.broadcast - INFO - Published chain_completed to chain:1dc269df-cfd0-4593-8b1e-2efb50d23f4e
2026-01-14 21:30:18,019 - temporalio.activity - INFO - Published chain_completed event for chain 1dc269df-cfd0-4593-8b1e-2efb50d23f4e ({'activity_id': '20', 'activity_type': 'update_chain_status_activity', 'attempt': 1, 'namespace': 'default', 'task_queue': 'comfyui-gpu-farm', 'workflow_id': 'chain-image-edit-to-video-pipeline-2138f53c-660a-4f6d-97f4-2dc78604f757', 'workflow_run_id': '019bb5cd-2f2c-7e8d-9123-e929ca2fa67f', 'workflow_type': 'ChainExecutorWorkflow'})
2026-01-14 21:30:18,028 - temporalio.activity - INFO - Updating chain ed4506aa-25cd-4c2b-8bae-c9352ab1f3c8 status to: completed ({'activity_id': '20', 'activity_type': 'update_chain_status_activity', 'attempt': 1, 'namespace': 'default', 'task_queue': 'comfyui-gpu-farm', 'workflow_id': 'chain-image-edit-to-video-pipeline-720207e7-c6f3-4e67-b8a8-9501742f5b72', 'workflow_run_id': '019bb603-cb51-7a46-a556-b7fbd5a84a49', 'workflow_type': 'ChainExecutorWorkflow'})
2026-01-14 21:30:18,032 - temporalio.activity - INFO - ✓ Updated chain status ({'activity_id': '20', 'activity_type': 'update_chain_status_activity', 'attempt': 1, 'namespace': 'default', 'task_queue': 'comfyui-gpu-farm', 'workflow_id': 'chain-image-edit-to-video-pipeline-720207e7-c6f3-4e67-b8a8-9501742f5b72', 'workflow_run_id': '019bb603-cb51-7a46-a556-b7fbd5a84a49', 'workflow_type': 'ChainExecutorWorkflow'})
2026-01-14 21:30:18,033 - temporal_gateway.services.broadcast - INFO - Published chain_completed to chain:ed4506aa-25cd-4c2b-8bae-c9352ab1f3c8
2026-01-14 21:30:18,034 - temporalio.activity - INFO - Published chain_completed event for chain ed4506aa-25cd-4c2b-8bae-c9352ab1f3c8 ({'activity_id': '20', 'activity_type': 'update_chain_status_activity', 'attempt': 1, 'namespace': 'default', 'task_queue': 'comfyui-gpu-farm', 'workflow_id': 'chain-image-edit-to-video-pipeline-720207e7-c6f3-4e67-b8a8-9501742f5b72', 'workflow_run_id': '019bb603-cb51-7a46-a556-b7fbd5a84a49', 'workflow_type': 'ChainExecutorWorkflow'})
2026-01-14 21:31:32,461 - temporalio.workflow - ERROR - Step extract_frame2 failed:  ({'attempt': 1, 'namespace': 'default', 'run_id': '019bb5d6-6346-728f-8703-1b87e07fb68a', 'task_queue': 'comfyui-gpu-farm', 'workflow_id': 'chain-image-edit-to-video-pipeline-57daefb4-a902-444c-a46e-d44e489df9f4', 'workflow_type': 'ChainExecutorWorkflow'})
2026-01-14 21:31:32,462 - temporalio.workflow - ERROR - Step extract_frame1 failed:  ({'attempt': 1, 'namespace': 'default', 'run_id': '019bb5d6-6346-728f-8703-1b87e07fb68a', 'task_queue': 'comfyui-gpu-farm', 'workflow_id': 'chain-image-edit-to-video-pipeline-57daefb4-a902-444c-a46e-d44e489df9f4', 'workflow_type': 'ChainExecutorWorkflow'})
2026-01-14 21:31:32,476 - temporalio.activity - INFO - Updating workflow ae95e9a0-41ac-4050-96cd-7d1da1ef136d status to: failed ({'activity_id': '17', 'activity_type': 'update_workflow_status_activity', 'attempt': 1, 'namespace': 'default', 'task_queue': 'comfyui-gpu-farm', 'workflow_id': 'chain-image-edit-to-video-pipeline-57daefb4-a902-444c-a46e-d44e489df9f4', 'workflow_run_id': '019bb5d6-6346-728f-8703-1b87e07fb68a', 'workflow_type': 'ChainExecutorWorkflow'})
2026-01-14 21:31:32,478 - temporalio.activity - INFO - ✓ Updated workflow status ({'activity_id': '17', 'activity_type': 'update_workflow_status_activity', 'attempt': 1, 'namespace': 'default', 'task_queue': 'comfyui-gpu-farm', 'workflow_id': 'chain-image-edit-to-video-pipeline-57daefb4-a902-444c-a46e-d44e489df9f4', 'workflow_run_id': '019bb5d6-6346-728f-8703-1b87e07fb68a', 'workflow_type': 'ChainExecutorWorkflow'})
2026-01-14 21:31:32,480 - temporalio.activity - INFO - Updating workflow 8820ab2e-7f75-41e0-a89a-023645a93ea7 status to: failed ({'activity_id': '16', 'activity_type': 'update_workflow_status_activity', 'attempt': 1, 'namespace': 'default', 'task_queue': 'comfyui-gpu-farm', 'workflow_id': 'chain-image-edit-to-video-pipeline-57daefb4-a902-444c-a46e-d44e489df9f4', 'workflow_run_id': '019bb5d6-6346-728f-8703-1b87e07fb68a', 'workflow_type': 'ChainExecutorWorkflow'})
2026-01-14 21:31:32,481 - temporalio.activity - INFO - ✓ Updated workflow status ({'activity_id': '16', 'activity_type': 'update_workflow_status_activity', 'attempt': 1, 'namespace': 'default', 'task_queue': 'comfyui-gpu-farm', 'workflow_id': 'chain-image-edit-to-video-pipeline-57daefb4-a902-444c-a46e-d44e489df9f4', 'workflow_run_id': '019bb5d6-6346-728f-8703-1b87e07fb68a', 'workflow_type': 'ChainExecutorWorkflow'})
2026-01-14 21:31:32,491 - temporalio.workflow - INFO - Step extract_frame1: failed ({'attempt': 1, 'namespace': 'default', 'run_id': '019bb5d6-6346-728f-8703-1b87e07fb68a', 'task_queue': 'comfyui-gpu-farm', 'workflow_id': 'chain-image-edit-to-video-pipeline-57daefb4-a902-444c-a46e-d44e489df9f4', 'workflow_type': 'ChainExecutorWorkflow'})
2026-01-14 21:31:32,492 - temporalio.workflow - ERROR - Step extract_frame1 failed:  ({'attempt': 1, 'namespace': 'default', 'run_id': '019bb604-5ac5-7ed9-8ba9-16b25817c3c4', 'task_queue': 'comfyui-gpu-farm', 'workflow_id': 'chain-image-edit-to-video-pipeline-256560d4-d19a-405f-85d1-a89289165fa2', 'workflow_type': 'ChainExecutorWorkflow'})
2026-01-14 21:31:32,492 - temporalio.workflow - INFO - Step extract_frame2: failed ({'attempt': 1, 'namespace': 'default', 'run_id': '019bb5d6-6346-728f-8703-1b87e07fb68a', 'task_queue': 'comfyui-gpu-farm', 'workflow_id': 'chain-image-edit-to-video-pipeline-57daefb4-a902-444c-a46e-d44e489df9f4', 'workflow_type': 'ChainExecutorWorkflow'})
2026-01-14 21:31:32,493 - temporalio.workflow - ERROR - Step extract_frame2 failed:  ({'attempt': 1, 'namespace': 'default', 'run_id': '019bb604-5ac5-7ed9-8ba9-16b25817c3c4', 'task_queue': 'comfyui-gpu-farm', 'workflow_id': 'chain-image-edit-to-video-pipeline-256560d4-d19a-405f-85d1-a89289165fa2', 'workflow_type': 'ChainExecutorWorkflow'})
2026-01-14 21:31:32,506 - temporalio.activity - INFO - Updating chain 8099e20b-4302-4e5b-bfe2-84aa0e5e8105 status to: executing_level_1 ({'activity_id': '18', 'activity_type': 'update_chain_status_activity', 'attempt': 1, 'namespace': 'default', 'task_queue': 'comfyui-gpu-farm', 'workflow_id': 'chain-image-edit-to-video-pipeline-57daefb4-a902-444c-a46e-d44e489df9f4', 'workflow_run_id': '019bb5d6-6346-728f-8703-1b87e07fb68a', 'workflow_type': 'ChainExecutorWorkflow'})
2026-01-14 21:31:32,507 - temporalio.activity - INFO - ✓ Updated chain status ({'activity_id': '18', 'activity_type': 'update_chain_status_activity', 'attempt': 1, 'namespace': 'default', 'task_queue': 'comfyui-gpu-farm', 'workflow_id': 'chain-image-edit-to-video-pipeline-57daefb4-a902-444c-a46e-d44e489df9f4', 'workflow_run_id': '019bb5d6-6346-728f-8703-1b87e07fb68a', 'workflow_type': 'ChainExecutorWorkflow'})
2026-01-14 21:31:32,509 - temporalio.activity - INFO - Updating workflow f6e626c8-0cdb-42e2-8dd6-846b5bb3f272 status to: failed ({'activity_id': '17', 'activity_type': 'update_workflow_status_activity', 'attempt': 1, 'namespace': 'default', 'task_queue': 'comfyui-gpu-farm', 'workflow_id': 'chain-image-edit-to-video-pipeline-256560d4-d19a-405f-85d1-a89289165fa2', 'workflow_run_id': '019bb604-5ac5-7ed9-8ba9-16b25817c3c4', 'workflow_type': 'ChainExecutorWorkflow'})
2026-01-14 21:31:32,513 - temporalio.activity - INFO - ✓ Updated workflow status ({'activity_id': '17', 'activity_type': 'update_workflow_status_activity', 'attempt': 1, 'namespace': 'default', 'task_queue': 'comfyui-gpu-farm', 'workflow_id': 'chain-image-edit-to-video-pipeline-256560d4-d19a-405f-85d1-a89289165fa2', 'workflow_run_id': '019bb604-5ac5-7ed9-8ba9-16b25817c3c4', 'workflow_type': 'ChainExecutorWorkflow'})
2026-01-14 21:31:32,515 - temporalio.activity - INFO - Updating workflow f808d68a-6cc8-4f1f-b19d-705e62effe58 status to: failed ({'activity_id': '16', 'activity_type': 'update_workflow_status_activity', 'attempt': 1, 'namespace': 'default', 'task_queue': 'comfyui-gpu-farm', 'workflow_id': 'chain-image-edit-to-video-pipeline-256560d4-d19a-405f-85d1-a89289165fa2', 'workflow_run_id': '019bb604-5ac5-7ed9-8ba9-16b25817c3c4', 'workflow_type': 'ChainExecutorWorkflow'})
2026-01-14 21:31:32,520 - temporalio.activity - INFO - ✓ Updated workflow status ({'activity_id': '16', 'activity_type': 'update_workflow_status_activity', 'attempt': 1, 'namespace': 'default', 'task_queue': 'comfyui-gpu-farm', 'workflow_id': 'chain-image-edit-to-video-pipeline-256560d4-d19a-405f-85d1-a89289165fa2', 'workflow_run_id': '019bb604-5ac5-7ed9-8ba9-16b25817c3c4', 'workflow_type': 'ChainExecutorWorkflow'})
2026-01-14 21:31:32,521 - temporalio.workflow - INFO - Level 1: Executing 2 step(s) ({'attempt': 1, 'namespace': 'default', 'run_id': '019bb5d6-6346-728f-8703-1b87e07fb68a', 'task_queue': 'comfyui-gpu-farm', 'workflow_id': 'chain-image-edit-to-video-pipeline-57daefb4-a902-444c-a46e-d44e489df9f4', 'workflow_type': 'ChainExecutorWorkflow'})
2026-01-14 21:31:32,522 - temporalio.workflow - WARNING - Step edit_frame1: Dependency extract_frame1 not satisfied, skipping ({'attempt': 1, 'namespace': 'default', 'run_id': '019bb5d6-6346-728f-8703-1b87e07fb68a', 'task_queue': 'comfyui-gpu-farm', 'workflow_id': 'chain-image-edit-to-video-pipeline-57daefb4-a902-444c-a46e-d44e489df9f4', 'workflow_type': 'ChainExecutorWorkflow'})
2026-01-14 21:31:32,522 - temporalio.workflow - WARNING - Step edit_frame2: Dependency extract_frame2 not satisfied, skipping ({'attempt': 1, 'namespace': 'default', 'run_id': '019bb5d6-6346-728f-8703-1b87e07fb68a', 'task_queue': 'comfyui-gpu-farm', 'workflow_id': 'chain-image-edit-to-video-pipeline-57daefb4-a902-444c-a46e-d44e489df9f4', 'workflow_type': 'ChainExecutorWorkflow'})
2026-01-14 21:31:32,522 - temporalio.workflow - INFO - Step edit_frame1: skipped_dependency ({'attempt': 1, 'namespace': 'default', 'run_id': '019bb5d6-6346-728f-8703-1b87e07fb68a', 'task_queue': 'comfyui-gpu-farm', 'workflow_id': 'chain-image-edit-to-video-pipeline-57daefb4-a902-444c-a46e-d44e489df9f4', 'workflow_type': 'ChainExecutorWorkflow'})
2026-01-14 21:31:32,523 - temporalio.workflow - INFO - Step edit_frame2: skipped_dependency ({'attempt': 1, 'namespace': 'default', 'run_id': '019bb5d6-6346-728f-8703-1b87e07fb68a', 'task_queue': 'comfyui-gpu-farm', 'workflow_id': 'chain-image-edit-to-video-pipeline-57daefb4-a902-444c-a46e-d44e489df9f4', 'workflow_type': 'ChainExecutorWorkflow'})
2026-01-14 21:31:32,531 - temporalio.workflow - INFO - Step extract_frame1: failed ({'attempt': 1, 'namespace': 'default', 'run_id': '019bb604-5ac5-7ed9-8ba9-16b25817c3c4', 'task_queue': 'comfyui-gpu-farm', 'workflow_id': 'chain-image-edit-to-video-pipeline-256560d4-d19a-405f-85d1-a89289165fa2', 'workflow_type': 'ChainExecutorWorkflow'})
2026-01-14 21:31:32,532 - temporalio.workflow - INFO - Step extract_frame2: failed ({'attempt': 1, 'namespace': 'default', 'run_id': '019bb604-5ac5-7ed9-8ba9-16b25817c3c4', 'task_queue': 'comfyui-gpu-farm', 'workflow_id': 'chain-image-edit-to-video-pipeline-256560d4-d19a-405f-85d1-a89289165fa2', 'workflow_type': 'ChainExecutorWorkflow'})
2026-01-14 21:31:32,537 - temporalio.activity - INFO - Updating chain 8099e20b-4302-4e5b-bfe2-84aa0e5e8105 status to: executing_level_2 ({'activity_id': '19', 'activity_type': 'update_chain_status_activity', 'attempt': 1, 'namespace': 'default', 'task_queue': 'comfyui-gpu-farm', 'workflow_id': 'chain-image-edit-to-video-pipeline-57daefb4-a902-444c-a46e-d44e489df9f4', 'workflow_run_id': '019bb5d6-6346-728f-8703-1b87e07fb68a', 'workflow_type': 'ChainExecutorWorkflow'})
2026-01-14 21:31:32,539 - temporalio.activity - INFO - ✓ Updated chain status ({'activity_id': '19', 'activity_type': 'update_chain_status_activity', 'attempt': 1, 'namespace': 'default', 'task_queue': 'comfyui-gpu-farm', 'workflow_id': 'chain-image-edit-to-video-pipeline-57daefb4-a902-444c-a46e-d44e489df9f4', 'workflow_run_id': '019bb5d6-6346-728f-8703-1b87e07fb68a', 'workflow_type': 'ChainExecutorWorkflow'})
2026-01-14 21:31:32,544 - temporalio.activity - INFO - Updating chain 37db8b48-3392-4f6c-b7d3-69696e7b1451 status to: executing_level_1 ({'activity_id': '18', 'activity_type': 'update_chain_status_activity', 'attempt': 1, 'namespace': 'default', 'task_queue': 'comfyui-gpu-farm', 'workflow_id': 'chain-image-edit-to-video-pipeline-256560d4-d19a-405f-85d1-a89289165fa2', 'workflow_run_id': '019bb604-5ac5-7ed9-8ba9-16b25817c3c4', 'workflow_type': 'ChainExecutorWorkflow'})
2026-01-14 21:31:32,548 - temporalio.activity - INFO - ✓ Updated chain status ({'activity_id': '18', 'activity_type': 'update_chain_status_activity', 'attempt': 1, 'namespace': 'default', 'task_queue': 'comfyui-gpu-farm', 'workflow_id': 'chain-image-edit-to-video-pipeline-256560d4-d19a-405f-85d1-a89289165fa2', 'workflow_run_id': '019bb604-5ac5-7ed9-8ba9-16b25817c3c4', 'workflow_type': 'ChainExecutorWorkflow'})
2026-01-14 21:31:32,551 - temporalio.workflow - INFO - Level 2: Executing 1 step(s) ({'attempt': 1, 'namespace': 'default', 'run_id': '019bb5d6-6346-728f-8703-1b87e07fb68a', 'task_queue': 'comfyui-gpu-farm', 'workflow_id': 'chain-image-edit-to-video-pipeline-57daefb4-a902-444c-a46e-d44e489df9f4', 'workflow_type': 'ChainExecutorWorkflow'})
2026-01-14 21:31:32,551 - temporalio.workflow - WARNING - Step create_video: Dependency edit_frame1 not satisfied, skipping ({'attempt': 1, 'namespace': 'default', 'run_id': '019bb5d6-6346-728f-8703-1b87e07fb68a', 'task_queue': 'comfyui-gpu-farm', 'workflow_id': 'chain-image-edit-to-video-pipeline-57daefb4-a902-444c-a46e-d44e489df9f4', 'workflow_type': 'ChainExecutorWorkflow'})
2026-01-14 21:31:32,552 - temporalio.workflow - INFO - Step create_video: skipped_dependency ({'attempt': 1, 'namespace': 'default', 'run_id': '019bb5d6-6346-728f-8703-1b87e07fb68a', 'task_queue': 'comfyui-gpu-farm', 'workflow_id': 'chain-image-edit-to-video-pipeline-57daefb4-a902-444c-a46e-d44e489df9f4', 'workflow_type': 'ChainExecutorWorkflow'})
2026-01-14 21:31:32,559 - temporalio.workflow - ERROR - Step edit_frame2 failed:  ({'attempt': 1, 'namespace': 'default', 'run_id': '019bb600-e472-7529-9d2c-872cc2561877', 'task_queue': 'comfyui-gpu-farm', 'workflow_id': 'chain-image-edit-to-video-pipeline-bf107773-1a6a-482d-89ce-c2fd841b6d4a', 'workflow_type': 'ChainExecutorWorkflow'})
2026-01-14 21:31:32,560 - temporalio.workflow - ERROR - Step edit_frame1 failed:  ({'attempt': 1, 'namespace': 'default', 'run_id': '019bb600-e472-7529-9d2c-872cc2561877', 'task_queue': 'comfyui-gpu-farm', 'workflow_id': 'chain-image-edit-to-video-pipeline-bf107773-1a6a-482d-89ce-c2fd841b6d4a', 'workflow_type': 'ChainExecutorWorkflow'})
2026-01-14 21:31:32,561 - temporalio.workflow - INFO - Level 1: Executing 2 step(s) ({'attempt': 1, 'namespace': 'default', 'run_id': '019bb604-5ac5-7ed9-8ba9-16b25817c3c4', 'task_queue': 'comfyui-gpu-farm', 'workflow_id': 'chain-image-edit-to-video-pipeline-256560d4-d19a-405f-85d1-a89289165fa2', 'workflow_type': 'ChainExecutorWorkflow'})
2026-01-14 21:31:32,561 - temporalio.workflow - WARNING - Step edit_frame1: Dependency extract_frame1 not satisfied, skipping ({'attempt': 1, 'namespace': 'default', 'run_id': '019bb604-5ac5-7ed9-8ba9-16b25817c3c4', 'task_queue': 'comfyui-gpu-farm', 'workflow_id': 'chain-image-edit-to-video-pipeline-256560d4-d19a-405f-85d1-a89289165fa2', 'workflow_type': 'ChainExecutorWorkflow'})
2026-01-14 21:31:32,561 - temporalio.workflow - WARNING - Step edit_frame2: Dependency extract_frame2 not satisfied, skipping ({'attempt': 1, 'namespace': 'default', 'run_id': '019bb604-5ac5-7ed9-8ba9-16b25817c3c4', 'task_queue': 'comfyui-gpu-farm', 'workflow_id': 'chain-image-edit-to-video-pipeline-256560d4-d19a-405f-85d1-a89289165fa2', 'workflow_type': 'ChainExecutorWorkflow'})
2026-01-14 21:31:32,561 - temporalio.workflow - INFO - Step edit_frame1: skipped_dependency ({'attempt': 1, 'namespace': 'default', 'run_id': '019bb604-5ac5-7ed9-8ba9-16b25817c3c4', 'task_queue': 'comfyui-gpu-farm', 'workflow_id': 'chain-image-edit-to-video-pipeline-256560d4-d19a-405f-85d1-a89289165fa2', 'workflow_type': 'ChainExecutorWorkflow'})
2026-01-14 21:31:32,561 - temporalio.workflow - INFO - Step edit_frame2: skipped_dependency ({'attempt': 1, 'namespace': 'default', 'run_id': '019bb604-5ac5-7ed9-8ba9-16b25817c3c4', 'task_queue': 'comfyui-gpu-farm', 'workflow_id': 'chain-image-edit-to-video-pipeline-256560d4-d19a-405f-85d1-a89289165fa2', 'workflow_type': 'ChainExecutorWorkflow'})
2026-01-14 21:31:32,568 - temporalio.activity - INFO - Updating chain 8099e20b-4302-4e5b-bfe2-84aa0e5e8105 status to: completed ({'activity_id': '20', 'activity_type': 'update_chain_status_activity', 'attempt': 1, 'namespace': 'default', 'task_queue': 'comfyui-gpu-farm', 'workflow_id': 'chain-image-edit-to-video-pipeline-57daefb4-a902-444c-a46e-d44e489df9f4', 'workflow_run_id': '019bb5d6-6346-728f-8703-1b87e07fb68a', 'workflow_type': 'ChainExecutorWorkflow'})
2026-01-14 21:31:32,569 - temporalio.activity - INFO - ✓ Updated chain status ({'activity_id': '20', 'activity_type': 'update_chain_status_activity', 'attempt': 1, 'namespace': 'default', 'task_queue': 'comfyui-gpu-farm', 'workflow_id': 'chain-image-edit-to-video-pipeline-57daefb4-a902-444c-a46e-d44e489df9f4', 'workflow_run_id': '019bb5d6-6346-728f-8703-1b87e07fb68a', 'workflow_type': 'ChainExecutorWorkflow'})
2026-01-14 21:31:32,570 - temporal_gateway.services.broadcast - INFO - Published chain_completed to chain:8099e20b-4302-4e5b-bfe2-84aa0e5e8105
2026-01-14 21:31:32,570 - temporalio.activity - INFO - Published chain_completed event for chain 8099e20b-4302-4e5b-bfe2-84aa0e5e8105 ({'activity_id': '20', 'activity_type': 'update_chain_status_activity', 'attempt': 1, 'namespace': 'default', 'task_queue': 'comfyui-gpu-farm', 'workflow_id': 'chain-image-edit-to-video-pipeline-57daefb4-a902-444c-a46e-d44e489df9f4', 'workflow_run_id': '019bb5d6-6346-728f-8703-1b87e07fb68a', 'workflow_type': 'ChainExecutorWorkflow'})
2026-01-14 21:31:32,573 - temporalio.activity - INFO - Updating workflow 912616c2-b0e0-4607-8ff3-597059e1e6bb status to: failed ({'activity_id': '46', 'activity_type': 'update_workflow_status_activity', 'attempt': 1, 'namespace': 'default', 'task_queue': 'comfyui-gpu-farm', 'workflow_id': 'chain-image-edit-to-video-pipeline-bf107773-1a6a-482d-89ce-c2fd841b6d4a', 'workflow_run_id': '019bb600-e472-7529-9d2c-872cc2561877', 'workflow_type': 'ChainExecutorWorkflow'})
2026-01-14 21:31:32,578 - temporalio.activity - INFO - ✓ Updated workflow status ({'activity_id': '46', 'activity_type': 'update_workflow_status_activity', 'attempt': 1, 'namespace': 'default', 'task_queue': 'comfyui-gpu-farm', 'workflow_id': 'chain-image-edit-to-video-pipeline-bf107773-1a6a-482d-89ce-c2fd841b6d4a', 'workflow_run_id': '019bb600-e472-7529-9d2c-872cc2561877', 'workflow_type': 'ChainExecutorWorkflow'})
2026-01-14 21:31:32,579 - temporalio.activity - INFO - Updating chain 37db8b48-3392-4f6c-b7d3-69696e7b1451 status to: executing_level_2 ({'activity_id': '19', 'activity_type': 'update_chain_status_activity', 'attempt': 1, 'namespace': 'default', 'task_queue': 'comfyui-gpu-farm', 'workflow_id': 'chain-image-edit-to-video-pipeline-256560d4-d19a-405f-85d1-a89289165fa2', 'workflow_run_id': '019bb604-5ac5-7ed9-8ba9-16b25817c3c4', 'workflow_type': 'ChainExecutorWorkflow'})
2026-01-14 21:31:32,582 - temporalio.activity - INFO - ✓ Updated chain status ({'activity_id': '19', 'activity_type': 'update_chain_status_activity', 'attempt': 1, 'namespace': 'default', 'task_queue': 'comfyui-gpu-farm', 'workflow_id': 'chain-image-edit-to-video-pipeline-256560d4-d19a-405f-85d1-a89289165fa2', 'workflow_run_id': '019bb604-5ac5-7ed9-8ba9-16b25817c3c4', 'workflow_type': 'ChainExecutorWorkflow'})
2026-01-14 21:31:32,583 - temporalio.activity - INFO - Updating workflow 63ff2261-13b5-4bbf-9f60-ad2d1b290a26 status to: failed ({'activity_id': '47', 'activity_type': 'update_workflow_status_activity', 'attempt': 1, 'namespace': 'default', 'task_queue': 'comfyui-gpu-farm', 'workflow_id': 'chain-image-edit-to-video-pipeline-bf107773-1a6a-482d-89ce-c2fd841b6d4a', 'workflow_run_id': '019bb600-e472-7529-9d2c-872cc2561877', 'workflow_type': 'ChainExecutorWorkflow'})
2026-01-14 21:31:32,587 - temporalio.activity - INFO - ✓ Updated workflow status ({'activity_id': '47', 'activity_type': 'update_workflow_status_activity', 'attempt': 1, 'namespace': 'default', 'task_queue': 'comfyui-gpu-farm', 'workflow_id': 'chain-image-edit-to-video-pipeline-bf107773-1a6a-482d-89ce-c2fd841b6d4a', 'workflow_run_id': '019bb600-e472-7529-9d2c-872cc2561877', 'workflow_type': 'ChainExecutorWorkflow'})
2026-01-14 21:31:32,600 - temporalio.workflow - INFO - Step edit_frame1: failed ({'attempt': 1, 'namespace': 'default', 'run_id': '019bb600-e472-7529-9d2c-872cc2561877', 'task_queue': 'comfyui-gpu-farm', 'workflow_id': 'chain-image-edit-to-video-pipeline-bf107773-1a6a-482d-89ce-c2fd841b6d4a', 'workflow_type': 'ChainExecutorWorkflow'})
2026-01-14 21:31:32,600 - temporalio.workflow - INFO - Step edit_frame2: failed ({'attempt': 1, 'namespace': 'default', 'run_id': '019bb600-e472-7529-9d2c-872cc2561877', 'task_queue': 'comfyui-gpu-farm', 'workflow_id': 'chain-image-edit-to-video-pipeline-bf107773-1a6a-482d-89ce-c2fd841b6d4a', 'workflow_type': 'ChainExecutorWorkflow'})
2026-01-14 21:31:32,610 - temporalio.workflow - INFO - Level 2: Executing 1 step(s) ({'attempt': 1, 'namespace': 'default', 'run_id': '019bb604-5ac5-7ed9-8ba9-16b25817c3c4', 'task_queue': 'comfyui-gpu-farm', 'workflow_id': 'chain-image-edit-to-video-pipeline-256560d4-d19a-405f-85d1-a89289165fa2', 'workflow_type': 'ChainExecutorWorkflow'})
2026-01-14 21:31:32,610 - temporalio.workflow - WARNING - Step create_video: Dependency edit_frame1 not satisfied, skipping ({'attempt': 1, 'namespace': 'default', 'run_id': '019bb604-5ac5-7ed9-8ba9-16b25817c3c4', 'task_queue': 'comfyui-gpu-farm', 'workflow_id': 'chain-image-edit-to-video-pipeline-256560d4-d19a-405f-85d1-a89289165fa2', 'workflow_type': 'ChainExecutorWorkflow'})
2026-01-14 21:31:32,610 - temporalio.workflow - INFO - Step create_video: skipped_dependency ({'attempt': 1, 'namespace': 'default', 'run_id': '019bb604-5ac5-7ed9-8ba9-16b25817c3c4', 'task_queue': 'comfyui-gpu-farm', 'workflow_id': 'chain-image-edit-to-video-pipeline-256560d4-d19a-405f-85d1-a89289165fa2', 'workflow_type': 'ChainExecutorWorkflow'})
2026-01-14 21:31:32,611 - temporalio.activity - INFO - Updating chain 64fe6d7c-29e9-40af-b076-dddd46317b8d status to: executing_level_2 ({'activity_id': '48', 'activity_type': 'update_chain_status_activity', 'attempt': 1, 'namespace': 'default', 'task_queue': 'comfyui-gpu-farm', 'workflow_id': 'chain-image-edit-to-video-pipeline-bf107773-1a6a-482d-89ce-c2fd841b6d4a', 'workflow_run_id': '019bb600-e472-7529-9d2c-872cc2561877', 'workflow_type': 'ChainExecutorWorkflow'})
2026-01-14 21:31:32,614 - temporalio.activity - INFO - ✓ Updated chain status ({'activity_id': '48', 'activity_type': 'update_chain_status_activity', 'attempt': 1, 'namespace': 'default', 'task_queue': 'comfyui-gpu-farm', 'workflow_id': 'chain-image-edit-to-video-pipeline-bf107773-1a6a-482d-89ce-c2fd841b6d4a', 'workflow_run_id': '019bb600-e472-7529-9d2c-872cc2561877', 'workflow_type': 'ChainExecutorWorkflow'})
2026-01-14 21:31:32,661 - temporalio.workflow - INFO - Level 2: Executing 1 step(s) ({'attempt': 1, 'namespace': 'default', 'run_id': '019bb600-e472-7529-9d2c-872cc2561877', 'task_queue': 'comfyui-gpu-farm', 'workflow_id': 'chain-image-edit-to-video-pipeline-bf107773-1a6a-482d-89ce-c2fd841b6d4a', 'workflow_type': 'ChainExecutorWorkflow'})
2026-01-14 21:31:32,661 - temporalio.workflow - WARNING - Step create_video: Dependency edit_frame1 not satisfied, skipping ({'attempt': 1, 'namespace': 'default', 'run_id': '019bb600-e472-7529-9d2c-872cc2561877', 'task_queue': 'comfyui-gpu-farm', 'workflow_id': 'chain-image-edit-to-video-pipeline-bf107773-1a6a-482d-89ce-c2fd841b6d4a', 'workflow_type': 'ChainExecutorWorkflow'})
2026-01-14 21:31:32,662 - temporalio.workflow - INFO - Step create_video: skipped_dependency ({'attempt': 1, 'namespace': 'default', 'run_id': '019bb600-e472-7529-9d2c-872cc2561877', 'task_queue': 'comfyui-gpu-farm', 'workflow_id': 'chain-image-edit-to-video-pipeline-bf107773-1a6a-482d-89ce-c2fd841b6d4a', 'workflow_type': 'ChainExecutorWorkflow'})
2026-01-14 21:31:32,663 - temporalio.activity - INFO - Updating chain 37db8b48-3392-4f6c-b7d3-69696e7b1451 status to: completed ({'activity_id': '20', 'activity_type': 'update_chain_status_activity', 'attempt': 1, 'namespace': 'default', 'task_queue': 'comfyui-gpu-farm', 'workflow_id': 'chain-image-edit-to-video-pipeline-256560d4-d19a-405f-85d1-a89289165fa2', 'workflow_run_id': '019bb604-5ac5-7ed9-8ba9-16b25817c3c4', 'workflow_type': 'ChainExecutorWorkflow'})
2026-01-14 21:31:32,666 - temporalio.activity - INFO - ✓ Updated chain status ({'activity_id': '20', 'activity_type': 'update_chain_status_activity', 'attempt': 1, 'namespace': 'default', 'task_queue': 'comfyui-gpu-farm', 'workflow_id': 'chain-image-edit-to-video-pipeline-256560d4-d19a-405f-85d1-a89289165fa2', 'workflow_run_id': '019bb604-5ac5-7ed9-8ba9-16b25817c3c4', 'workflow_type': 'ChainExecutorWorkflow'})
2026-01-14 21:31:32,667 - temporal_gateway.services.broadcast - INFO - Published chain_completed to chain:37db8b48-3392-4f6c-b7d3-69696e7b1451
2026-01-14 21:31:32,667 - temporalio.activity - INFO - Published chain_completed event for chain 37db8b48-3392-4f6c-b7d3-69696e7b1451 ({'activity_id': '20', 'activity_type': 'update_chain_status_activity', 'attempt': 1, 'namespace': 'default', 'task_queue': 'comfyui-gpu-farm', 'workflow_id': 'chain-image-edit-to-video-pipeline-256560d4-d19a-405f-85d1-a89289165fa2', 'workflow_run_id': '019bb604-5ac5-7ed9-8ba9-16b25817c3c4', 'workflow_type': 'ChainExecutorWorkflow'})
2026-01-14 21:31:32,712 - temporalio.activity - INFO - Updating chain 64fe6d7c-29e9-40af-b076-dddd46317b8d status to: completed ({'activity_id': '49', 'activity_type': 'update_chain_status_activity', 'attempt': 1, 'namespace': 'default', 'task_queue': 'comfyui-gpu-farm', 'workflow_id': 'chain-image-edit-to-video-pipeline-bf107773-1a6a-482d-89ce-c2fd841b6d4a', 'workflow_run_id': '019bb600-e472-7529-9d2c-872cc2561877', 'workflow_type': 'ChainExecutorWorkflow'})
2026-01-14 21:31:32,716 - temporalio.activity - INFO - ✓ Updated chain status ({'activity_id': '49', 'activity_type': 'update_chain_status_activity', 'attempt': 1, 'namespace': 'default', 'task_queue': 'comfyui-gpu-farm', 'workflow_id': 'chain-image-edit-to-video-pipeline-bf107773-1a6a-482d-89ce-c2fd841b6d4a', 'workflow_run_id': '019bb600-e472-7529-9d2c-872cc2561877', 'workflow_type': 'ChainExecutorWorkflow'})
2026-01-14 21:31:32,717 - temporal_gateway.services.broadcast - INFO - Published chain_completed to chain:64fe6d7c-29e9-40af-b076-dddd46317b8d
2026-01-14 21:31:32,717 - temporalio.activity - INFO - Published chain_completed event for chain 64fe6d7c-29e9-40af-b076-dddd46317b8d ({'activity_id': '49', 'activity_type': 'update_chain_status_activity', 'attempt': 1, 'namespace': 'default', 'task_queue': 'comfyui-gpu-farm', 'workflow_id': 'chain-image-edit-to-video-pipeline-bf107773-1a6a-482d-89ce-c2fd841b6d4a', 'workflow_run_id': '019bb600-e472-7529-9d2c-872cc2561877', 'workflow_type': 'ChainExecutorWorkflow'})
2026-01-14 21:31:56,186 - temporalio.workflow - ERROR - Step create_video failed:  ({'attempt': 1, 'namespace': 'default', 'run_id': '019bb5de-ddb3-73e4-aa40-638aaeb8574d', 'task_queue': 'comfyui-gpu-farm', 'workflow_id': 'chain-image-edit-to-video-pipeline-804d89cc-82d7-4262-9dd2-29a3c862dc3c', 'workflow_type': 'ChainExecutorWorkflow'})
2026-01-14 21:31:56,193 - temporalio.activity - INFO - Updating workflow 4c6f2aca-3998-4926-bb72-b19157082125 status to: failed ({'activity_id': '86', 'activity_type': 'update_workflow_status_activity', 'attempt': 1, 'namespace': 'default', 'task_queue': 'comfyui-gpu-farm', 'workflow_id': 'chain-image-edit-to-video-pipeline-804d89cc-82d7-4262-9dd2-29a3c862dc3c', 'workflow_run_id': '019bb5de-ddb3-73e4-aa40-638aaeb8574d', 'workflow_type': 'ChainExecutorWorkflow'})
2026-01-14 21:31:56,198 - temporalio.activity - INFO - ✓ Updated workflow status ({'activity_id': '86', 'activity_type': 'update_workflow_status_activity', 'attempt': 1, 'namespace': 'default', 'task_queue': 'comfyui-gpu-farm', 'workflow_id': 'chain-image-edit-to-video-pipeline-804d89cc-82d7-4262-9dd2-29a3c862dc3c', 'workflow_run_id': '019bb5de-ddb3-73e4-aa40-638aaeb8574d', 'workflow_type': 'ChainExecutorWorkflow'})
2026-01-14 21:31:56,206 - temporalio.workflow - INFO - Step create_video: failed ({'attempt': 1, 'namespace': 'default', 'run_id': '019bb5de-ddb3-73e4-aa40-638aaeb8574d', 'task_queue': 'comfyui-gpu-farm', 'workflow_id': 'chain-image-edit-to-video-pipeline-804d89cc-82d7-4262-9dd2-29a3c862dc3c', 'workflow_type': 'ChainExecutorWorkflow'})
2026-01-14 21:31:56,214 - temporalio.activity - INFO - Updating chain 9825eb5b-07c1-44d9-9f8d-349db41f70b7 status to: completed ({'activity_id': '87', 'activity_type': 'update_chain_status_activity', 'attempt': 1, 'namespace': 'default', 'task_queue': 'comfyui-gpu-farm', 'workflow_id': 'chain-image-edit-to-video-pipeline-804d89cc-82d7-4262-9dd2-29a3c862dc3c', 'workflow_run_id': '019bb5de-ddb3-73e4-aa40-638aaeb8574d', 'workflow_type': 'ChainExecutorWorkflow'})
2026-01-14 21:31:56,217 - temporalio.activity - INFO - ✓ Updated chain status ({'activity_id': '87', 'activity_type': 'update_chain_status_activity', 'attempt': 1, 'namespace': 'default', 'task_queue': 'comfyui-gpu-farm', 'workflow_id': 'chain-image-edit-to-video-pipeline-804d89cc-82d7-4262-9dd2-29a3c862dc3c', 'workflow_run_id': '019bb5de-ddb3-73e4-aa40-638aaeb8574d', 'workflow_type': 'ChainExecutorWorkflow'})
2026-01-14 21:31:56,218 - temporal_gateway.services.broadcast - INFO - Published chain_completed to chain:9825eb5b-07c1-44d9-9f8d-349db41f70b7
2026-01-14 21:31:56,218 - temporalio.activity - INFO - Published chain_completed event for chain 9825eb5b-07c1-44d9-9f8d-349db41f70b7 ({'activity_id': '87', 'activity_type': 'update_chain_status_activity', 'attempt': 1, 'namespace': 'default', 'task_queue': 'comfyui-gpu-farm', 'workflow_id': 'chain-image-edit-to-video-pipeline-804d89cc-82d7-4262-9dd2-29a3c862dc3c', 'workflow_run_id': '019bb5de-ddb3-73e4-aa40-638aaeb8574d', 'workflow_type': 'ChainExecutorWorkflow'})
2026-01-15 00:17:14,586 - temporalio.workflow - INFO - Starting chain execution: image-edit-to-video-pipeline ({'attempt': 1, 'namespace': 'default', 'run_id': '019bbdd5-5989-76fb-a0a9-74a6f50dbb98', 'task_queue': 'comfyui-gpu-farm', 'workflow_id': 'chain-image-edit-to-video-pipeline-4edbad98-71db-4423-a522-721419060832', 'workflow_type': 'ChainExecutorWorkflow'})
2026-01-15 00:17:14,586 - temporalio.workflow - INFO - Retry number: 0 ({'attempt': 1, 'namespace': 'default', 'run_id': '019bbdd5-5989-76fb-a0a9-74a6f50dbb98', 'task_queue': 'comfyui-gpu-farm', 'workflow_id': 'chain-image-edit-to-video-pipeline-4edbad98-71db-4423-a522-721419060832', 'workflow_type': 'ChainExecutorWorkflow'})
2026-01-15 00:17:14,586 - temporalio.workflow - INFO - Cached steps: [] ({'attempt': 1, 'namespace': 'default', 'run_id': '019bbdd5-5989-76fb-a0a9-74a6f50dbb98', 'task_queue': 'comfyui-gpu-farm', 'workflow_id': 'chain-image-edit-to-video-pipeline-4edbad98-71db-4423-a522-721419060832', 'workflow_type': 'ChainExecutorWorkflow'})
2026-01-15 00:17:14,587 - temporalio.workflow - INFO - Total levels: 3 ({'attempt': 1, 'namespace': 'default', 'run_id': '019bbdd5-5989-76fb-a0a9-74a6f50dbb98', 'task_queue': 'comfyui-gpu-farm', 'workflow_id': 'chain-image-edit-to-video-pipeline-4edbad98-71db-4423-a522-721419060832', 'workflow_type': 'ChainExecutorWorkflow'})
2026-01-15 00:17:14,587 - temporalio.workflow - INFO - Using chain ID: a6f400c0-ace1-46ea-ae9a-64e7226e0297 ({'attempt': 1, 'namespace': 'default', 'run_id': '019bbdd5-5989-76fb-a0a9-74a6f50dbb98', 'task_queue': 'comfyui-gpu-farm', 'workflow_id': 'chain-image-edit-to-video-pipeline-4edbad98-71db-4423-a522-721419060832', 'workflow_type': 'ChainExecutorWorkflow'})
2026-01-15 00:17:14,595 - temporalio.activity - INFO - Updating chain a6f400c0-ace1-46ea-ae9a-64e7226e0297 status to: executing_level_0 ({'activity_id': '1', 'activity_type': 'update_chain_status_activity', 'attempt': 1, 'namespace': 'default', 'task_queue': 'comfyui-gpu-farm', 'workflow_id': 'chain-image-edit-to-video-pipeline-4edbad98-71db-4423-a522-721419060832', 'workflow_run_id': '019bbdd5-5989-76fb-a0a9-74a6f50dbb98', 'workflow_type': 'ChainExecutorWorkflow'})
2026-01-15 00:17:14,598 - temporalio.activity - INFO - ✓ Updated chain status ({'activity_id': '1', 'activity_type': 'update_chain_status_activity', 'attempt': 1, 'namespace': 'default', 'task_queue': 'comfyui-gpu-farm', 'workflow_id': 'chain-image-edit-to-video-pipeline-4edbad98-71db-4423-a522-721419060832', 'workflow_run_id': '019bbdd5-5989-76fb-a0a9-74a6f50dbb98', 'workflow_type': 'ChainExecutorWorkflow'})
2026-01-15 00:17:14,608 - temporalio.workflow - INFO - Level 0: Executing 2 step(s) ({'attempt': 1, 'namespace': 'default', 'run_id': '019bbdd5-5989-76fb-a0a9-74a6f50dbb98', 'task_queue': 'comfyui-gpu-farm', 'workflow_id': 'chain-image-edit-to-video-pipeline-4edbad98-71db-4423-a522-721419060832', 'workflow_type': 'ChainExecutorWorkflow'})
2026-01-15 00:17:14,609 - temporalio.workflow - INFO - Executing step: extract_frame1 ({'attempt': 1, 'namespace': 'default', 'run_id': '019bbdd5-5989-76fb-a0a9-74a6f50dbb98', 'task_queue': 'comfyui-gpu-farm', 'workflow_id': 'chain-image-edit-to-video-pipeline-4edbad98-71db-4423-a522-721419060832', 'workflow_type': 'ChainExecutorWorkflow'})
2026-01-15 00:17:14,609 - temporalio.workflow - INFO - Executing step: extract_frame2 ({'attempt': 1, 'namespace': 'default', 'run_id': '019bbdd5-5989-76fb-a0a9-74a6f50dbb98', 'task_queue': 'comfyui-gpu-farm', 'workflow_id': 'chain-image-edit-to-video-pipeline-4edbad98-71db-4423-a522-721419060832', 'workflow_type': 'ChainExecutorWorkflow'})
2026-01-15 00:17:14,620 - temporalio.activity - INFO - Resolving templates in parameters ({'activity_id': '3', 'activity_type': 'resolve_chain_templates', 'attempt': 1, 'namespace': 'default', 'task_queue': 'comfyui-gpu-farm', 'workflow_id': 'chain-image-edit-to-video-pipeline-4edbad98-71db-4423-a522-721419060832', 'workflow_run_id': '019bbdd5-5989-76fb-a0a9-74a6f50dbb98', 'workflow_type': 'ChainExecutorWorkflow'})
2026-01-15 00:17:14,620 - temporalio.activity - INFO - Templates resolved successfully ({'activity_id': '3', 'activity_type': 'resolve_chain_templates', 'attempt': 1, 'namespace': 'default', 'task_queue': 'comfyui-gpu-farm', 'workflow_id': 'chain-image-edit-to-video-pipeline-4edbad98-71db-4423-a522-721419060832', 'workflow_run_id': '019bbdd5-5989-76fb-a0a9-74a6f50dbb98', 'workflow_type': 'ChainExecutorWorkflow'})
2026-01-15 00:17:14,622 - temporalio.activity - INFO - Resolving templates in parameters ({'activity_id': '2', 'activity_type': 'resolve_chain_templates', 'attempt': 1, 'namespace': 'default', 'task_queue': 'comfyui-gpu-farm', 'workflow_id': 'chain-image-edit-to-video-pipeline-4edbad98-71db-4423-a522-721419060832', 'workflow_run_id': '019bbdd5-5989-76fb-a0a9-74a6f50dbb98', 'workflow_type': 'ChainExecutorWorkflow'})
2026-01-15 00:17:14,622 - temporalio.activity - INFO - Templates resolved successfully ({'activity_id': '2', 'activity_type': 'resolve_chain_templates', 'attempt': 1, 'namespace': 'default', 'task_queue': 'comfyui-gpu-farm', 'workflow_id': 'chain-image-edit-to-video-pipeline-4edbad98-71db-4423-a522-721419060832', 'workflow_run_id': '019bbdd5-5989-76fb-a0a9-74a6f50dbb98', 'workflow_type': 'ChainExecutorWorkflow'})
2026-01-15 00:17:14,643 - temporalio.activity - INFO - Applying parameters to workflow: imageSave ({'activity_id': '4', 'activity_type': 'apply_workflow_parameters', 'attempt': 1, 'namespace': 'default', 'task_queue': 'comfyui-gpu-farm', 'workflow_id': 'chain-image-edit-to-video-pipeline-4edbad98-71db-4423-a522-721419060832', 'workflow_run_id': '019bbdd5-5989-76fb-a0a9-74a6f50dbb98', 'workflow_type': 'ChainExecutorWorkflow'})
2026-01-15 00:17:14,644 - temporal_gateway.registry - INFO - Applied override: 1.frame_load_cap = 1
2026-01-15 00:17:14,644 - temporal_gateway.registry - INFO - Applied override: 1.select_every_nth = 1
2026-01-15 00:17:14,644 - temporal_gateway.registry - INFO - Applied override: 1.skip_first_frames = 172
2026-01-15 00:17:14,644 - temporal_gateway.registry - INFO - Applied override: 1.video = ComfyUI_00012_.mp4
2026-01-15 00:17:14,644 - temporalio.activity - INFO - Parameters applied successfully ({'activity_id': '4', 'activity_type': 'apply_workflow_parameters', 'attempt': 1, 'namespace': 'default', 'task_queue': 'comfyui-gpu-farm', 'workflow_id': 'chain-image-edit-to-video-pipeline-4edbad98-71db-4423-a522-721419060832', 'workflow_run_id': '019bbdd5-5989-76fb-a0a9-74a6f50dbb98', 'workflow_type': 'ChainExecutorWorkflow'})
2026-01-15 00:17:14,646 - temporalio.activity - INFO - Applying parameters to workflow: imageSave ({'activity_id': '5', 'activity_type': 'apply_workflow_parameters', 'attempt': 1, 'namespace': 'default', 'task_queue': 'comfyui-gpu-farm', 'workflow_id': 'chain-image-edit-to-video-pipeline-4edbad98-71db-4423-a522-721419060832', 'workflow_run_id': '019bbdd5-5989-76fb-a0a9-74a6f50dbb98', 'workflow_type': 'ChainExecutorWorkflow'})
2026-01-15 00:17:14,646 - temporal_gateway.registry - INFO - Applied override: 1.frame_load_cap = 1
2026-01-15 00:17:14,646 - temporal_gateway.registry - INFO - Applied override: 1.select_every_nth = 1
2026-01-15 00:17:14,646 - temporal_gateway.registry - INFO - Applied override: 1.skip_first_frames = 0
2026-01-15 00:17:14,646 - temporal_gateway.registry - INFO - Applied override: 1.video = ComfyUI_00012_.mp4
2026-01-15 00:17:14,647 - temporalio.activity - INFO - Parameters applied successfully ({'activity_id': '5', 'activity_type': 'apply_workflow_parameters', 'attempt': 1, 'namespace': 'default', 'task_queue': 'comfyui-gpu-farm', 'workflow_id': 'chain-image-edit-to-video-pipeline-4edbad98-71db-4423-a522-721419060832', 'workflow_run_id': '019bbdd5-5989-76fb-a0a9-74a6f50dbb98', 'workflow_type': 'ChainExecutorWorkflow'})
2026-01-15 00:17:14,662 - temporalio.activity - INFO - Selecting server with strategy: least_loaded ({'activity_id': '6', 'activity_type': 'select_best_server', 'attempt': 1, 'namespace': 'default', 'task_queue': 'comfyui-gpu-farm', 'workflow_id': 'chain-image-edit-to-video-pipeline-4edbad98-71db-4423-a522-721419060832', 'workflow_run_id': '019bbdd5-5989-76fb-a0a9-74a6f50dbb98', 'workflow_type': 'ChainExecutorWorkflow'})
2026-01-15 00:17:14,707 - temporalio.activity - INFO - Selecting server with strategy: least_loaded ({'activity_id': '7', 'activity_type': 'select_best_server', 'attempt': 1, 'namespace': 'default', 'task_queue': 'comfyui-gpu-farm', 'workflow_id': 'chain-image-edit-to-video-pipeline-4edbad98-71db-4423-a522-721419060832', 'workflow_run_id': '019bbdd5-5989-76fb-a0a9-74a6f50dbb98', 'workflow_type': 'ChainExecutorWorkflow'})
2026-01-15 00:17:14,771 - httpx - INFO - HTTP Request: GET http://procure-x.testmcp.org/system_stats "HTTP/1.1 530 <none>"
2026-01-15 00:17:14,772 - httpx - INFO - HTTP Request: GET http://procure-x.testmcp.org/system_stats "HTTP/1.1 530 <none>"
2026-01-15 00:17:14,773 - temporal_gateway.servers.providers.comfyui - WARNING - Health check HTTP error for procure-x: Server error '530 <none>' for url 'http://procure-x.testmcp.org/system_stats'
For more information check: https://developer.mozilla.org/en-US/docs/Web/HTTP/Status/530
2026-01-15 00:17:14,773 - temporal_gateway.servers.providers.comfyui - WARNING - Health check HTTP error for procure-x: Server error '530 <none>' for url 'http://procure-x.testmcp.org/system_stats'
For more information check: https://developer.mozilla.org/en-US/docs/Web/HTTP/Status/530
2026-01-15 00:17:14,773 - temporalio.activity - ERROR - No servers available: No healthy servers available ({'activity_id': '6', 'activity_type': 'select_best_server', 'attempt': 1, 'namespace': 'default', 'task_queue': 'comfyui-gpu-farm', 'workflow_id': 'chain-image-edit-to-video-pipeline-4edbad98-71db-4423-a522-721419060832', 'workflow_run_id': '019bbdd5-5989-76fb-a0a9-74a6f50dbb98', 'workflow_type': 'ChainExecutorWorkflow'})
2026-01-15 00:17:14,774 - temporalio.activity - WARNING - Completing activity as failed ({'activity_id': '6', 'activity_type': 'select_best_server', 'attempt': 1, 'namespace': 'default', 'task_queue': 'comfyui-gpu-farm', 'workflow_id': 'chain-image-edit-to-video-pipeline-4edbad98-71db-4423-a522-721419060832', 'workflow_run_id': '019bbdd5-5989-76fb-a0a9-74a6f50dbb98', 'workflow_type': 'ChainExecutorWorkflow'})
Traceback (most recent call last):
  File "/home/jaskirat/Documents/comfyautomate/temporal_gateway/activities/select_server.py", line 37, in select_best_server
    server_info = await load_balancer.select_server()
  File "/home/jaskirat/Documents/comfyautomate/temporal_gateway/servers/load_balancer.py", line 70, in select_server
    raise NoServersAvailableError("No healthy servers available")
temporal_gateway.servers.load_balancer.NoServersAvailableError: No healthy servers available

During handling of the above exception, another exception occurred:

Traceback (most recent call last):
  File "/home/jaskirat/Documents/comfyautomate/.venv/lib/python3.10/site-packages/temporalio/worker/_activity.py", line 316, in _handle_start_activity_task
    result = await self._execute_activity(
  File "/home/jaskirat/Documents/comfyautomate/.venv/lib/python3.10/site-packages/temporalio/worker/_activity.py", line 628, in _execute_activity
    return await impl.execute_activity(input)
  File "/home/jaskirat/Documents/comfyautomate/.venv/lib/python3.10/site-packages/temporalio/worker/_activity.py", line 823, in execute_activity
    return await input.fn(*input.args)
  File "/home/jaskirat/Documents/comfyautomate/temporal_gateway/activities/select_server.py", line 47, in select_best_server
    raise Exception(f"No servers available: {e}")
Exception: No servers available: No healthy servers available
2026-01-15 00:17:14,774 - temporalio.activity - ERROR - No servers available: No healthy servers available ({'activity_id': '7', 'activity_type': 'select_best_server', 'attempt': 1, 'namespace': 'default', 'task_queue': 'comfyui-gpu-farm', 'workflow_id': 'chain-image-edit-to-video-pipeline-4edbad98-71db-4423-a522-721419060832', 'workflow_run_id': '019bbdd5-5989-76fb-a0a9-74a6f50dbb98', 'workflow_type': 'ChainExecutorWorkflow'})
2026-01-15 00:17:14,774 - temporalio.activity - WARNING - Completing activity as failed ({'activity_id': '7', 'activity_type': 'select_best_server', 'attempt': 1, 'namespace': 'default', 'task_queue': 'comfyui-gpu-farm', 'workflow_id': 'chain-image-edit-to-video-pipeline-4edbad98-71db-4423-a522-721419060832', 'workflow_run_id': '019bbdd5-5989-76fb-a0a9-74a6f50dbb98', 'workflow_type': 'ChainExecutorWorkflow'})
Traceback (most recent call last):
  File "/home/jaskirat/Documents/comfyautomate/temporal_gateway/activities/select_server.py", line 37, in select_best_server
    server_info = await load_balancer.select_server()
  File "/home/jaskirat/Documents/comfyautomate/temporal_gateway/servers/load_balancer.py", line 70, in select_server
    raise NoServersAvailableError("No healthy servers available")
temporal_gateway.servers.load_balancer.NoServersAvailableError: No healthy servers available

During handling of the above exception, another exception occurred:

Traceback (most recent call last):
  File "/home/jaskirat/Documents/comfyautomate/.venv/lib/python3.10/site-packages/temporalio/worker/_activity.py", line 316, in _handle_start_activity_task
    result = await self._execute_activity(
  File "/home/jaskirat/Documents/comfyautomate/.venv/lib/python3.10/site-packages/temporalio/worker/_activity.py", line 628, in _execute_activity
    return await impl.execute_activity(input)
  File "/home/jaskirat/Documents/comfyautomate/.venv/lib/python3.10/site-packages/temporalio/worker/_activity.py", line 823, in execute_activity
    return await input.fn(*input.args)
  File "/home/jaskirat/Documents/comfyautomate/temporal_gateway/activities/select_server.py", line 47, in select_best_server
    raise Exception(f"No servers available: {e}")
Exception: No servers available: No healthy servers available
2026-01-15 00:17:15,792 - temporalio.activity - INFO - Selecting server with strategy: least_loaded ({'activity_id': '6', 'activity_type': 'select_best_server', 'attempt': 2, 'namespace': 'default', 'task_queue': 'comfyui-gpu-farm', 'workflow_id': 'chain-image-edit-to-video-pipeline-4edbad98-71db-4423-a522-721419060832', 'workflow_run_id': '019bbdd5-5989-76fb-a0a9-74a6f50dbb98', 'workflow_type': 'ChainExecutorWorkflow'})
2026-01-15 00:17:15,838 - temporalio.activity - INFO - Selecting server with strategy: least_loaded ({'activity_id': '7', 'activity_type': 'select_best_server', 'attempt': 2, 'namespace': 'default', 'task_queue': 'comfyui-gpu-farm', 'workflow_id': 'chain-image-edit-to-video-pipeline-4edbad98-71db-4423-a522-721419060832', 'workflow_run_id': '019bbdd5-5989-76fb-a0a9-74a6f50dbb98', 'workflow_type': 'ChainExecutorWorkflow'})
2026-01-15 00:17:15,921 - httpx - INFO - HTTP Request: GET http://procure-x.testmcp.org/system_stats "HTTP/1.1 530 <none>"
2026-01-15 00:17:15,923 - temporal_gateway.servers.providers.comfyui - WARNING - Health check HTTP error for procure-x: Server error '530 <none>' for url 'http://procure-x.testmcp.org/system_stats'
For more information check: https://developer.mozilla.org/en-US/docs/Web/HTTP/Status/530
2026-01-15 00:17:15,924 - httpx - INFO - HTTP Request: GET http://procure-x.testmcp.org/system_stats "HTTP/1.1 530 <none>"
2026-01-15 00:17:15,924 - temporalio.activity - ERROR - No servers available: No healthy servers available ({'activity_id': '6', 'activity_type': 'select_best_server', 'attempt': 2, 'namespace': 'default', 'task_queue': 'comfyui-gpu-farm', 'workflow_id': 'chain-image-edit-to-video-pipeline-4edbad98-71db-4423-a522-721419060832', 'workflow_run_id': '019bbdd5-5989-76fb-a0a9-74a6f50dbb98', 'workflow_type': 'ChainExecutorWorkflow'})
2026-01-15 00:17:15,925 - temporalio.activity - WARNING - Completing activity as failed ({'activity_id': '6', 'activity_type': 'select_best_server', 'attempt': 2, 'namespace': 'default', 'task_queue': 'comfyui-gpu-farm', 'workflow_id': 'chain-image-edit-to-video-pipeline-4edbad98-71db-4423-a522-721419060832', 'workflow_run_id': '019bbdd5-5989-76fb-a0a9-74a6f50dbb98', 'workflow_type': 'ChainExecutorWorkflow'})
Traceback (most recent call last):
  File "/home/jaskirat/Documents/comfyautomate/temporal_gateway/activities/select_server.py", line 37, in select_best_server
    server_info = await load_balancer.select_server()
  File "/home/jaskirat/Documents/comfyautomate/temporal_gateway/servers/load_balancer.py", line 70, in select_server
    raise NoServersAvailableError("No healthy servers available")
temporal_gateway.servers.load_balancer.NoServersAvailableError: No healthy servers available

During handling of the above exception, another exception occurred:

Traceback (most recent call last):
  File "/home/jaskirat/Documents/comfyautomate/.venv/lib/python3.10/site-packages/temporalio/worker/_activity.py", line 316, in _handle_start_activity_task
    result = await self._execute_activity(
  File "/home/jaskirat/Documents/comfyautomate/.venv/lib/python3.10/site-packages/temporalio/worker/_activity.py", line 628, in _execute_activity
    return await impl.execute_activity(input)
  File "/home/jaskirat/Documents/comfyautomate/.venv/lib/python3.10/site-packages/temporalio/worker/_activity.py", line 823, in execute_activity
    return await input.fn(*input.args)
  File "/home/jaskirat/Documents/comfyautomate/temporal_gateway/activities/select_server.py", line 47, in select_best_server
    raise Exception(f"No servers available: {e}")
Exception: No servers available: No healthy servers available
2026-01-15 00:17:15,926 - temporal_gateway.servers.providers.comfyui - WARNING - Health check HTTP error for procure-x: Server error '530 <none>' for url 'http://procure-x.testmcp.org/system_stats'
For more information check: https://developer.mozilla.org/en-US/docs/Web/HTTP/Status/530
2026-01-15 00:17:15,927 - temporalio.activity - ERROR - No servers available: No healthy servers available ({'activity_id': '7', 'activity_type': 'select_best_server', 'attempt': 2, 'namespace': 'default', 'task_queue': 'comfyui-gpu-farm', 'workflow_id': 'chain-image-edit-to-video-pipeline-4edbad98-71db-4423-a522-721419060832', 'workflow_run_id': '019bbdd5-5989-76fb-a0a9-74a6f50dbb98', 'workflow_type': 'ChainExecutorWorkflow'})
2026-01-15 00:17:15,927 - temporalio.activity - WARNING - Completing activity as failed ({'activity_id': '7', 'activity_type': 'select_best_server', 'attempt': 2, 'namespace': 'default', 'task_queue': 'comfyui-gpu-farm', 'workflow_id': 'chain-image-edit-to-video-pipeline-4edbad98-71db-4423-a522-721419060832', 'workflow_run_id': '019bbdd5-5989-76fb-a0a9-74a6f50dbb98', 'workflow_type': 'ChainExecutorWorkflow'})
Traceback (most recent call last):
  File "/home/jaskirat/Documents/comfyautomate/temporal_gateway/activities/select_server.py", line 37, in select_best_server
    server_info = await load_balancer.select_server()
  File "/home/jaskirat/Documents/comfyautomate/temporal_gateway/servers/load_balancer.py", line 70, in select_server
    raise NoServersAvailableError("No healthy servers available")
temporal_gateway.servers.load_balancer.NoServersAvailableError: No healthy servers available

During handling of the above exception, another exception occurred:

Traceback (most recent call last):
  File "/home/jaskirat/Documents/comfyautomate/.venv/lib/python3.10/site-packages/temporalio/worker/_activity.py", line 316, in _handle_start_activity_task
    result = await self._execute_activity(
  File "/home/jaskirat/Documents/comfyautomate/.venv/lib/python3.10/site-packages/temporalio/worker/_activity.py", line 628, in _execute_activity
    return await impl.execute_activity(input)
  File "/home/jaskirat/Documents/comfyautomate/.venv/lib/python3.10/site-packages/temporalio/worker/_activity.py", line 823, in execute_activity
    return await input.fn(*input.args)
  File "/home/jaskirat/Documents/comfyautomate/temporal_gateway/activities/select_server.py", line 47, in select_best_server
    raise Exception(f"No servers available: {e}")
Exception: No servers available: No healthy servers available
2026-01-15 00:17:17,958 - temporalio.activity - INFO - Selecting server with strategy: least_loaded ({'activity_id': '6', 'activity_type': 'select_best_server', 'attempt': 3, 'namespace': 'default', 'task_queue': 'comfyui-gpu-farm', 'workflow_id': 'chain-image-edit-to-video-pipeline-4edbad98-71db-4423-a522-721419060832', 'workflow_run_id': '019bbdd5-5989-76fb-a0a9-74a6f50dbb98', 'workflow_type': 'ChainExecutorWorkflow'})
2026-01-15 00:17:18,013 - temporalio.activity - INFO - Selecting server with strategy: least_loaded ({'activity_id': '7', 'activity_type': 'select_best_server', 'attempt': 3, 'namespace': 'default', 'task_queue': 'comfyui-gpu-farm', 'workflow_id': 'chain-image-edit-to-video-pipeline-4edbad98-71db-4423-a522-721419060832', 'workflow_run_id': '019bbdd5-5989-76fb-a0a9-74a6f50dbb98', 'workflow_type': 'ChainExecutorWorkflow'})
2026-01-15 00:17:18,107 - httpx - INFO - HTTP Request: GET http://procure-x.testmcp.org/system_stats "HTTP/1.1 530 <none>"
2026-01-15 00:17:18,108 - temporal_gateway.servers.providers.comfyui - WARNING - Health check HTTP error for procure-x: Server error '530 <none>' for url 'http://procure-x.testmcp.org/system_stats'
For more information check: https://developer.mozilla.org/en-US/docs/Web/HTTP/Status/530
2026-01-15 00:17:18,108 - temporalio.activity - ERROR - No servers available: No healthy servers available ({'activity_id': '6', 'activity_type': 'select_best_server', 'attempt': 3, 'namespace': 'default', 'task_queue': 'comfyui-gpu-farm', 'workflow_id': 'chain-image-edit-to-video-pipeline-4edbad98-71db-4423-a522-721419060832', 'workflow_run_id': '019bbdd5-5989-76fb-a0a9-74a6f50dbb98', 'workflow_type': 'ChainExecutorWorkflow'})
2026-01-15 00:17:18,108 - temporalio.activity - WARNING - Completing activity as failed ({'activity_id': '6', 'activity_type': 'select_best_server', 'attempt': 3, 'namespace': 'default', 'task_queue': 'comfyui-gpu-farm', 'workflow_id': 'chain-image-edit-to-video-pipeline-4edbad98-71db-4423-a522-721419060832', 'workflow_run_id': '019bbdd5-5989-76fb-a0a9-74a6f50dbb98', 'workflow_type': 'ChainExecutorWorkflow'})
Traceback (most recent call last):
  File "/home/jaskirat/Documents/comfyautomate/temporal_gateway/activities/select_server.py", line 37, in select_best_server
    server_info = await load_balancer.select_server()
  File "/home/jaskirat/Documents/comfyautomate/temporal_gateway/servers/load_balancer.py", line 70, in select_server
    raise NoServersAvailableError("No healthy servers available")
temporal_gateway.servers.load_balancer.NoServersAvailableError: No healthy servers available

During handling of the above exception, another exception occurred:

Traceback (most recent call last):
  File "/home/jaskirat/Documents/comfyautomate/.venv/lib/python3.10/site-packages/temporalio/worker/_activity.py", line 316, in _handle_start_activity_task
    result = await self._execute_activity(
  File "/home/jaskirat/Documents/comfyautomate/.venv/lib/python3.10/site-packages/temporalio/worker/_activity.py", line 628, in _execute_activity
    return await impl.execute_activity(input)
  File "/home/jaskirat/Documents/comfyautomate/.venv/lib/python3.10/site-packages/temporalio/worker/_activity.py", line 823, in execute_activity
    return await input.fn(*input.args)
  File "/home/jaskirat/Documents/comfyautomate/temporal_gateway/activities/select_server.py", line 47, in select_best_server
    raise Exception(f"No servers available: {e}")
Exception: No servers available: No healthy servers available
2026-01-15 00:17:18,118 - temporalio.workflow - ERROR - Step extract_frame2 failed: Activity task failed ({'attempt': 1, 'namespace': 'default', 'run_id': '019bbdd5-5989-76fb-a0a9-74a6f50dbb98', 'task_queue': 'comfyui-gpu-farm', 'workflow_id': 'chain-image-edit-to-video-pipeline-4edbad98-71db-4423-a522-721419060832', 'workflow_type': 'ChainExecutorWorkflow'})
2026-01-15 00:17:18,136 - httpx - INFO - HTTP Request: GET http://procure-x.testmcp.org/system_stats "HTTP/1.1 530 <none>"
2026-01-15 00:17:18,138 - temporal_gateway.servers.providers.comfyui - WARNING - Health check HTTP error for procure-x: Server error '530 <none>' for url 'http://procure-x.testmcp.org/system_stats'
For more information check: https://developer.mozilla.org/en-US/docs/Web/HTTP/Status/530
2026-01-15 00:17:18,138 - temporalio.activity - ERROR - No servers available: No healthy servers available ({'activity_id': '7', 'activity_type': 'select_best_server', 'attempt': 3, 'namespace': 'default', 'task_queue': 'comfyui-gpu-farm', 'workflow_id': 'chain-image-edit-to-video-pipeline-4edbad98-71db-4423-a522-721419060832', 'workflow_run_id': '019bbdd5-5989-76fb-a0a9-74a6f50dbb98', 'workflow_type': 'ChainExecutorWorkflow'})
2026-01-15 00:17:18,138 - temporalio.activity - WARNING - Completing activity as failed ({'activity_id': '7', 'activity_type': 'select_best_server', 'attempt': 3, 'namespace': 'default', 'task_queue': 'comfyui-gpu-farm', 'workflow_id': 'chain-image-edit-to-video-pipeline-4edbad98-71db-4423-a522-721419060832', 'workflow_run_id': '019bbdd5-5989-76fb-a0a9-74a6f50dbb98', 'workflow_type': 'ChainExecutorWorkflow'})
Traceback (most recent call last):
  File "/home/jaskirat/Documents/comfyautomate/temporal_gateway/activities/select_server.py", line 37, in select_best_server
    server_info = await load_balancer.select_server()
  File "/home/jaskirat/Documents/comfyautomate/temporal_gateway/servers/load_balancer.py", line 70, in select_server
    raise NoServersAvailableError("No healthy servers available")
temporal_gateway.servers.load_balancer.NoServersAvailableError: No healthy servers available

During handling of the above exception, another exception occurred:

Traceback (most recent call last):
  File "/home/jaskirat/Documents/comfyautomate/.venv/lib/python3.10/site-packages/temporalio/worker/_activity.py", line 316, in _handle_start_activity_task
    result = await self._execute_activity(
  File "/home/jaskirat/Documents/comfyautomate/.venv/lib/python3.10/site-packages/temporalio/worker/_activity.py", line 628, in _execute_activity
    return await impl.execute_activity(input)
  File "/home/jaskirat/Documents/comfyautomate/.venv/lib/python3.10/site-packages/temporalio/worker/_activity.py", line 823, in execute_activity
    return await input.fn(*input.args)
  File "/home/jaskirat/Documents/comfyautomate/temporal_gateway/activities/select_server.py", line 47, in select_best_server
    raise Exception(f"No servers available: {e}")
Exception: No servers available: No healthy servers available
2026-01-15 00:17:18,147 - temporalio.workflow - ERROR - Step extract_frame1 failed: Activity task failed ({'attempt': 1, 'namespace': 'default', 'run_id': '019bbdd5-5989-76fb-a0a9-74a6f50dbb98', 'task_queue': 'comfyui-gpu-farm', 'workflow_id': 'chain-image-edit-to-video-pipeline-4edbad98-71db-4423-a522-721419060832', 'workflow_type': 'ChainExecutorWorkflow'})
2026-01-15 00:17:18,148 - temporalio.workflow - INFO - Step extract_frame1: failed ({'attempt': 1, 'namespace': 'default', 'run_id': '019bbdd5-5989-76fb-a0a9-74a6f50dbb98', 'task_queue': 'comfyui-gpu-farm', 'workflow_id': 'chain-image-edit-to-video-pipeline-4edbad98-71db-4423-a522-721419060832', 'workflow_type': 'ChainExecutorWorkflow'})
2026-01-15 00:17:18,148 - temporalio.workflow - INFO - Step extract_frame2: failed ({'attempt': 1, 'namespace': 'default', 'run_id': '019bbdd5-5989-76fb-a0a9-74a6f50dbb98', 'task_queue': 'comfyui-gpu-farm', 'workflow_id': 'chain-image-edit-to-video-pipeline-4edbad98-71db-4423-a522-721419060832', 'workflow_type': 'ChainExecutorWorkflow'})
2026-01-15 00:17:18,155 - temporalio.activity - INFO - Updating chain a6f400c0-ace1-46ea-ae9a-64e7226e0297 status to: executing_level_1 ({'activity_id': '8', 'activity_type': 'update_chain_status_activity', 'attempt': 1, 'namespace': 'default', 'task_queue': 'comfyui-gpu-farm', 'workflow_id': 'chain-image-edit-to-video-pipeline-4edbad98-71db-4423-a522-721419060832', 'workflow_run_id': '019bbdd5-5989-76fb-a0a9-74a6f50dbb98', 'workflow_type': 'ChainExecutorWorkflow'})
2026-01-15 00:17:18,159 - temporalio.activity - INFO - ✓ Updated chain status ({'activity_id': '8', 'activity_type': 'update_chain_status_activity', 'attempt': 1, 'namespace': 'default', 'task_queue': 'comfyui-gpu-farm', 'workflow_id': 'chain-image-edit-to-video-pipeline-4edbad98-71db-4423-a522-721419060832', 'workflow_run_id': '019bbdd5-5989-76fb-a0a9-74a6f50dbb98', 'workflow_type': 'ChainExecutorWorkflow'})
2026-01-15 00:17:18,167 - temporalio.workflow - INFO - Level 1: Executing 2 step(s) ({'attempt': 1, 'namespace': 'default', 'run_id': '019bbdd5-5989-76fb-a0a9-74a6f50dbb98', 'task_queue': 'comfyui-gpu-farm', 'workflow_id': 'chain-image-edit-to-video-pipeline-4edbad98-71db-4423-a522-721419060832', 'workflow_type': 'ChainExecutorWorkflow'})
2026-01-15 00:17:18,167 - temporalio.workflow - WARNING - Step edit_frame1: Dependency extract_frame1 not satisfied, skipping ({'attempt': 1, 'namespace': 'default', 'run_id': '019bbdd5-5989-76fb-a0a9-74a6f50dbb98', 'task_queue': 'comfyui-gpu-farm', 'workflow_id': 'chain-image-edit-to-video-pipeline-4edbad98-71db-4423-a522-721419060832', 'workflow_type': 'ChainExecutorWorkflow'})
2026-01-15 00:17:18,168 - temporalio.workflow - WARNING - Step edit_frame2: Dependency extract_frame2 not satisfied, skipping ({'attempt': 1, 'namespace': 'default', 'run_id': '019bbdd5-5989-76fb-a0a9-74a6f50dbb98', 'task_queue': 'comfyui-gpu-farm', 'workflow_id': 'chain-image-edit-to-video-pipeline-4edbad98-71db-4423-a522-721419060832', 'workflow_type': 'ChainExecutorWorkflow'})
2026-01-15 00:17:18,168 - temporalio.workflow - INFO - Step edit_frame1: skipped_dependency ({'attempt': 1, 'namespace': 'default', 'run_id': '019bbdd5-5989-76fb-a0a9-74a6f50dbb98', 'task_queue': 'comfyui-gpu-farm', 'workflow_id': 'chain-image-edit-to-video-pipeline-4edbad98-71db-4423-a522-721419060832', 'workflow_type': 'ChainExecutorWorkflow'})
2026-01-15 00:17:18,168 - temporalio.workflow - INFO - Step edit_frame2: skipped_dependency ({'attempt': 1, 'namespace': 'default', 'run_id': '019bbdd5-5989-76fb-a0a9-74a6f50dbb98', 'task_queue': 'comfyui-gpu-farm', 'workflow_id': 'chain-image-edit-to-video-pipeline-4edbad98-71db-4423-a522-721419060832', 'workflow_type': 'ChainExecutorWorkflow'})
2026-01-15 00:17:18,176 - temporalio.activity - INFO - Updating chain a6f400c0-ace1-46ea-ae9a-64e7226e0297 status to: executing_level_2 ({'activity_id': '9', 'activity_type': 'update_chain_status_activity', 'attempt': 1, 'namespace': 'default', 'task_queue': 'comfyui-gpu-farm', 'workflow_id': 'chain-image-edit-to-video-pipeline-4edbad98-71db-4423-a522-721419060832', 'workflow_run_id': '019bbdd5-5989-76fb-a0a9-74a6f50dbb98', 'workflow_type': 'ChainExecutorWorkflow'})
2026-01-15 00:17:18,179 - temporalio.activity - INFO - ✓ Updated chain status ({'activity_id': '9', 'activity_type': 'update_chain_status_activity', 'attempt': 1, 'namespace': 'default', 'task_queue': 'comfyui-gpu-farm', 'workflow_id': 'chain-image-edit-to-video-pipeline-4edbad98-71db-4423-a522-721419060832', 'workflow_run_id': '019bbdd5-5989-76fb-a0a9-74a6f50dbb98', 'workflow_type': 'ChainExecutorWorkflow'})
2026-01-15 00:17:18,188 - temporalio.workflow - INFO - Level 2: Executing 1 step(s) ({'attempt': 1, 'namespace': 'default', 'run_id': '019bbdd5-5989-76fb-a0a9-74a6f50dbb98', 'task_queue': 'comfyui-gpu-farm', 'workflow_id': 'chain-image-edit-to-video-pipeline-4edbad98-71db-4423-a522-721419060832', 'workflow_type': 'ChainExecutorWorkflow'})
2026-01-15 00:17:18,188 - temporalio.workflow - WARNING - Step create_video: Dependency edit_frame1 not satisfied, skipping ({'attempt': 1, 'namespace': 'default', 'run_id': '019bbdd5-5989-76fb-a0a9-74a6f50dbb98', 'task_queue': 'comfyui-gpu-farm', 'workflow_id': 'chain-image-edit-to-video-pipeline-4edbad98-71db-4423-a522-721419060832', 'workflow_type': 'ChainExecutorWorkflow'})
2026-01-15 00:17:18,188 - temporalio.workflow - INFO - Step create_video: skipped_dependency ({'attempt': 1, 'namespace': 'default', 'run_id': '019bbdd5-5989-76fb-a0a9-74a6f50dbb98', 'task_queue': 'comfyui-gpu-farm', 'workflow_id': 'chain-image-edit-to-video-pipeline-4edbad98-71db-4423-a522-721419060832', 'workflow_type': 'ChainExecutorWorkflow'})
2026-01-15 00:17:18,199 - temporalio.activity - INFO - Updating chain a6f400c0-ace1-46ea-ae9a-64e7226e0297 status to: completed ({'activity_id': '10', 'activity_type': 'update_chain_status_activity', 'attempt': 1, 'namespace': 'default', 'task_queue': 'comfyui-gpu-farm', 'workflow_id': 'chain-image-edit-to-video-pipeline-4edbad98-71db-4423-a522-721419060832', 'workflow_run_id': '019bbdd5-5989-76fb-a0a9-74a6f50dbb98', 'workflow_type': 'ChainExecutorWorkflow'})
2026-01-15 00:17:18,203 - temporalio.activity - INFO - ✓ Updated chain status ({'activity_id': '10', 'activity_type': 'update_chain_status_activity', 'attempt': 1, 'namespace': 'default', 'task_queue': 'comfyui-gpu-farm', 'workflow_id': 'chain-image-edit-to-video-pipeline-4edbad98-71db-4423-a522-721419060832', 'workflow_run_id': '019bbdd5-5989-76fb-a0a9-74a6f50dbb98', 'workflow_type': 'ChainExecutorWorkflow'})
2026-01-15 00:17:18,204 - temporal_gateway.services.broadcast - INFO - Published chain_completed to chain:a6f400c0-ace1-46ea-ae9a-64e7226e0297
2026-01-15 00:17:18,205 - temporalio.activity - INFO - Published chain_completed event for chain a6f400c0-ace1-46ea-ae9a-64e7226e0297 ({'activity_id': '10', 'activity_type': 'update_chain_status_activity', 'attempt': 1, 'namespace': 'default', 'task_queue': 'comfyui-gpu-farm', 'workflow_id': 'chain-image-edit-to-video-pipeline-4edbad98-71db-4423-a522-721419060832', 'workflow_run_id': '019bbdd5-5989-76fb-a0a9-74a6f50dbb98', 'workflow_type': 'ChainExecutorWorkflow'})
2026-01-15 00:19:28,832 - temporalio.workflow - INFO - Starting chain execution: image-edit-to-video-pipeline ({'attempt': 1, 'namespace': 'default', 'run_id': '019bbdd7-65ed-7c1d-8aeb-0cc2522aed74', 'task_queue': 'comfyui-gpu-farm', 'workflow_id': 'chain-image-edit-to-video-pipeline-c1d95503-67e2-430f-8a2d-a3a0741c5d26', 'workflow_type': 'ChainExecutorWorkflow'})
2026-01-15 00:19:28,832 - temporalio.workflow - INFO - Retry number: 0 ({'attempt': 1, 'namespace': 'default', 'run_id': '019bbdd7-65ed-7c1d-8aeb-0cc2522aed74', 'task_queue': 'comfyui-gpu-farm', 'workflow_id': 'chain-image-edit-to-video-pipeline-c1d95503-67e2-430f-8a2d-a3a0741c5d26', 'workflow_type': 'ChainExecutorWorkflow'})
2026-01-15 00:19:28,832 - temporalio.workflow - INFO - Cached steps: [] ({'attempt': 1, 'namespace': 'default', 'run_id': '019bbdd7-65ed-7c1d-8aeb-0cc2522aed74', 'task_queue': 'comfyui-gpu-farm', 'workflow_id': 'chain-image-edit-to-video-pipeline-c1d95503-67e2-430f-8a2d-a3a0741c5d26', 'workflow_type': 'ChainExecutorWorkflow'})
2026-01-15 00:19:28,832 - temporalio.workflow - INFO - Total levels: 3 ({'attempt': 1, 'namespace': 'default', 'run_id': '019bbdd7-65ed-7c1d-8aeb-0cc2522aed74', 'task_queue': 'comfyui-gpu-farm', 'workflow_id': 'chain-image-edit-to-video-pipeline-c1d95503-67e2-430f-8a2d-a3a0741c5d26', 'workflow_type': 'ChainExecutorWorkflow'})
2026-01-15 00:19:28,832 - temporalio.workflow - INFO - Using chain ID: 7368a39c-112d-4600-acc4-03339a2f5fda ({'attempt': 1, 'namespace': 'default', 'run_id': '019bbdd7-65ed-7c1d-8aeb-0cc2522aed74', 'task_queue': 'comfyui-gpu-farm', 'workflow_id': 'chain-image-edit-to-video-pipeline-c1d95503-67e2-430f-8a2d-a3a0741c5d26', 'workflow_type': 'ChainExecutorWorkflow'})
2026-01-15 00:19:28,842 - temporalio.activity - INFO - Updating chain 7368a39c-112d-4600-acc4-03339a2f5fda status to: executing_level_0 ({'activity_id': '1', 'activity_type': 'update_chain_status_activity', 'attempt': 1, 'namespace': 'default', 'task_queue': 'comfyui-gpu-farm', 'workflow_id': 'chain-image-edit-to-video-pipeline-c1d95503-67e2-430f-8a2d-a3a0741c5d26', 'workflow_run_id': '019bbdd7-65ed-7c1d-8aeb-0cc2522aed74', 'workflow_type': 'ChainExecutorWorkflow'})
2026-01-15 00:19:28,846 - temporalio.activity - INFO - ✓ Updated chain status ({'activity_id': '1', 'activity_type': 'update_chain_status_activity', 'attempt': 1, 'namespace': 'default', 'task_queue': 'comfyui-gpu-farm', 'workflow_id': 'chain-image-edit-to-video-pipeline-c1d95503-67e2-430f-8a2d-a3a0741c5d26', 'workflow_run_id': '019bbdd7-65ed-7c1d-8aeb-0cc2522aed74', 'workflow_type': 'ChainExecutorWorkflow'})
2026-01-15 00:19:28,855 - temporalio.workflow - INFO - Level 0: Executing 2 step(s) ({'attempt': 1, 'namespace': 'default', 'run_id': '019bbdd7-65ed-7c1d-8aeb-0cc2522aed74', 'task_queue': 'comfyui-gpu-farm', 'workflow_id': 'chain-image-edit-to-video-pipeline-c1d95503-67e2-430f-8a2d-a3a0741c5d26', 'workflow_type': 'ChainExecutorWorkflow'})
2026-01-15 00:19:28,855 - temporalio.workflow - INFO - Executing step: extract_frame1 ({'attempt': 1, 'namespace': 'default', 'run_id': '019bbdd7-65ed-7c1d-8aeb-0cc2522aed74', 'task_queue': 'comfyui-gpu-farm', 'workflow_id': 'chain-image-edit-to-video-pipeline-c1d95503-67e2-430f-8a2d-a3a0741c5d26', 'workflow_type': 'ChainExecutorWorkflow'})
2026-01-15 00:19:28,856 - temporalio.workflow - INFO - Executing step: extract_frame2 ({'attempt': 1, 'namespace': 'default', 'run_id': '019bbdd7-65ed-7c1d-8aeb-0cc2522aed74', 'task_queue': 'comfyui-gpu-farm', 'workflow_id': 'chain-image-edit-to-video-pipeline-c1d95503-67e2-430f-8a2d-a3a0741c5d26', 'workflow_type': 'ChainExecutorWorkflow'})
2026-01-15 00:19:28,864 - temporalio.activity - INFO - Resolving templates in parameters ({'activity_id': '3', 'activity_type': 'resolve_chain_templates', 'attempt': 1, 'namespace': 'default', 'task_queue': 'comfyui-gpu-farm', 'workflow_id': 'chain-image-edit-to-video-pipeline-c1d95503-67e2-430f-8a2d-a3a0741c5d26', 'workflow_run_id': '019bbdd7-65ed-7c1d-8aeb-0cc2522aed74', 'workflow_type': 'ChainExecutorWorkflow'})
2026-01-15 00:19:28,864 - temporalio.activity - INFO - Templates resolved successfully ({'activity_id': '3', 'activity_type': 'resolve_chain_templates', 'attempt': 1, 'namespace': 'default', 'task_queue': 'comfyui-gpu-farm', 'workflow_id': 'chain-image-edit-to-video-pipeline-c1d95503-67e2-430f-8a2d-a3a0741c5d26', 'workflow_run_id': '019bbdd7-65ed-7c1d-8aeb-0cc2522aed74', 'workflow_type': 'ChainExecutorWorkflow'})
2026-01-15 00:19:28,866 - temporalio.activity - INFO - Resolving templates in parameters ({'activity_id': '2', 'activity_type': 'resolve_chain_templates', 'attempt': 1, 'namespace': 'default', 'task_queue': 'comfyui-gpu-farm', 'workflow_id': 'chain-image-edit-to-video-pipeline-c1d95503-67e2-430f-8a2d-a3a0741c5d26', 'workflow_run_id': '019bbdd7-65ed-7c1d-8aeb-0cc2522aed74', 'workflow_type': 'ChainExecutorWorkflow'})
2026-01-15 00:19:28,866 - temporalio.activity - INFO - Templates resolved successfully ({'activity_id': '2', 'activity_type': 'resolve_chain_templates', 'attempt': 1, 'namespace': 'default', 'task_queue': 'comfyui-gpu-farm', 'workflow_id': 'chain-image-edit-to-video-pipeline-c1d95503-67e2-430f-8a2d-a3a0741c5d26', 'workflow_run_id': '019bbdd7-65ed-7c1d-8aeb-0cc2522aed74', 'workflow_type': 'ChainExecutorWorkflow'})
2026-01-15 00:19:28,884 - temporalio.activity - INFO - Applying parameters to workflow: imageSave ({'activity_id': '5', 'activity_type': 'apply_workflow_parameters', 'attempt': 1, 'namespace': 'default', 'task_queue': 'comfyui-gpu-farm', 'workflow_id': 'chain-image-edit-to-video-pipeline-c1d95503-67e2-430f-8a2d-a3a0741c5d26', 'workflow_run_id': '019bbdd7-65ed-7c1d-8aeb-0cc2522aed74', 'workflow_type': 'ChainExecutorWorkflow'})
2026-01-15 00:19:28,885 - temporal_gateway.registry - INFO - Applied override: 1.frame_load_cap = 1
2026-01-15 00:19:28,885 - temporal_gateway.registry - INFO - Applied override: 1.select_every_nth = 1
2026-01-15 00:19:28,885 - temporal_gateway.registry - INFO - Applied override: 1.skip_first_frames = 0
2026-01-15 00:19:28,885 - temporal_gateway.registry - INFO - Applied override: 1.video = ComfyUI_00012_.mp4
2026-01-15 00:19:28,885 - temporalio.activity - INFO - Parameters applied successfully ({'activity_id': '5', 'activity_type': 'apply_workflow_parameters', 'attempt': 1, 'namespace': 'default', 'task_queue': 'comfyui-gpu-farm', 'workflow_id': 'chain-image-edit-to-video-pipeline-c1d95503-67e2-430f-8a2d-a3a0741c5d26', 'workflow_run_id': '019bbdd7-65ed-7c1d-8aeb-0cc2522aed74', 'workflow_type': 'ChainExecutorWorkflow'})
2026-01-15 00:19:28,887 - temporalio.activity - INFO - Applying parameters to workflow: imageSave ({'activity_id': '4', 'activity_type': 'apply_workflow_parameters', 'attempt': 1, 'namespace': 'default', 'task_queue': 'comfyui-gpu-farm', 'workflow_id': 'chain-image-edit-to-video-pipeline-c1d95503-67e2-430f-8a2d-a3a0741c5d26', 'workflow_run_id': '019bbdd7-65ed-7c1d-8aeb-0cc2522aed74', 'workflow_type': 'ChainExecutorWorkflow'})
2026-01-15 00:19:28,887 - temporal_gateway.registry - INFO - Applied override: 1.frame_load_cap = 1
2026-01-15 00:19:28,887 - temporal_gateway.registry - INFO - Applied override: 1.select_every_nth = 1
2026-01-15 00:19:28,887 - temporal_gateway.registry - INFO - Applied override: 1.skip_first_frames = 172
2026-01-15 00:19:28,887 - temporal_gateway.registry - INFO - Applied override: 1.video = ComfyUI_00012_.mp4
2026-01-15 00:19:28,887 - temporalio.activity - INFO - Parameters applied successfully ({'activity_id': '4', 'activity_type': 'apply_workflow_parameters', 'attempt': 1, 'namespace': 'default', 'task_queue': 'comfyui-gpu-farm', 'workflow_id': 'chain-image-edit-to-video-pipeline-c1d95503-67e2-430f-8a2d-a3a0741c5d26', 'workflow_run_id': '019bbdd7-65ed-7c1d-8aeb-0cc2522aed74', 'workflow_type': 'ChainExecutorWorkflow'})
2026-01-15 00:19:28,903 - temporalio.activity - INFO - Selecting server with strategy: least_loaded ({'activity_id': '7', 'activity_type': 'select_best_server', 'attempt': 1, 'namespace': 'default', 'task_queue': 'comfyui-gpu-farm', 'workflow_id': 'chain-image-edit-to-video-pipeline-c1d95503-67e2-430f-8a2d-a3a0741c5d26', 'workflow_run_id': '019bbdd7-65ed-7c1d-8aeb-0cc2522aed74', 'workflow_type': 'ChainExecutorWorkflow'})
2026-01-15 00:19:28,948 - temporalio.activity - INFO - Selecting server with strategy: least_loaded ({'activity_id': '6', 'activity_type': 'select_best_server', 'attempt': 1, 'namespace': 'default', 'task_queue': 'comfyui-gpu-farm', 'workflow_id': 'chain-image-edit-to-video-pipeline-c1d95503-67e2-430f-8a2d-a3a0741c5d26', 'workflow_run_id': '019bbdd7-65ed-7c1d-8aeb-0cc2522aed74', 'workflow_type': 'ChainExecutorWorkflow'})
2026-01-15 00:19:29,043 - httpx - INFO - HTTP Request: GET http://procure-x.testmcp.org/system_stats "HTTP/1.1 200 OK"
2026-01-15 00:19:29,054 - httpx - INFO - HTTP Request: GET http://procure-x.testmcp.org/system_stats "HTTP/1.1 200 OK"
2026-01-15 00:19:29,057 - httpx - INFO - HTTP Request: GET http://procure-x.testmcp.org/queue "HTTP/1.1 200 OK"
2026-01-15 00:19:29,059 - temporal_gateway.servers.load_balancer - INFO - Selected server procure-x (queue_depth=0, gpu_mem=0.0%)
2026-01-15 00:19:29,059 - temporalio.activity - INFO - Selected server: procure-x (http://procure-x.testmcp.org) ({'activity_id': '6', 'activity_type': 'select_best_server', 'attempt': 1, 'namespace': 'default', 'task_queue': 'comfyui-gpu-farm', 'workflow_id': 'chain-image-edit-to-video-pipeline-c1d95503-67e2-430f-8a2d-a3a0741c5d26', 'workflow_run_id': '019bbdd7-65ed-7c1d-8aeb-0cc2522aed74', 'workflow_type': 'ChainExecutorWorkflow'})
2026-01-15 00:19:29,068 - temporalio.workflow - INFO - Step extract_frame1: Server http://procure-x.testmcp.org ({'attempt': 1, 'namespace': 'default', 'run_id': '019bbdd7-65ed-7c1d-8aeb-0cc2522aed74', 'task_queue': 'comfyui-gpu-farm', 'workflow_id': 'chain-image-edit-to-video-pipeline-c1d95503-67e2-430f-8a2d-a3a0741c5d26', 'workflow_type': 'ChainExecutorWorkflow'})
2026-01-15 00:19:29,069 - httpx - INFO - HTTP Request: GET http://procure-x.testmcp.org/queue "HTTP/1.1 200 OK"
2026-01-15 00:19:29,071 - temporal_gateway.servers.load_balancer - INFO - Selected server procure-x (queue_depth=0, gpu_mem=0.0%)
2026-01-15 00:19:29,071 - temporalio.activity - INFO - Selected server: procure-x (http://procure-x.testmcp.org) ({'activity_id': '7', 'activity_type': 'select_best_server', 'attempt': 1, 'namespace': 'default', 'task_queue': 'comfyui-gpu-farm', 'workflow_id': 'chain-image-edit-to-video-pipeline-c1d95503-67e2-430f-8a2d-a3a0741c5d26', 'workflow_run_id': '019bbdd7-65ed-7c1d-8aeb-0cc2522aed74', 'workflow_type': 'ChainExecutorWorkflow'})
2026-01-15 00:19:29,081 - temporalio.activity - INFO - Creating workflow record: imageSave (prompt: pending) ({'activity_id': '8', 'activity_type': 'create_workflow_record', 'attempt': 1, 'namespace': 'default', 'task_queue': 'comfyui-gpu-farm', 'workflow_id': 'chain-image-edit-to-video-pipeline-c1d95503-67e2-430f-8a2d-a3a0741c5d26', 'workflow_run_id': '019bbdd7-65ed-7c1d-8aeb-0cc2522aed74', 'workflow_type': 'ChainExecutorWorkflow'})
2026-01-15 00:19:29,086 - temporalio.activity - INFO - ✓ Created workflow record: 9852d6b4-e808-443e-be39-96c1025aeb6c ({'activity_id': '8', 'activity_type': 'create_workflow_record', 'attempt': 1, 'namespace': 'default', 'task_queue': 'comfyui-gpu-farm', 'workflow_id': 'chain-image-edit-to-video-pipeline-c1d95503-67e2-430f-8a2d-a3a0741c5d26', 'workflow_run_id': '019bbdd7-65ed-7c1d-8aeb-0cc2522aed74', 'workflow_type': 'ChainExecutorWorkflow'})
2026-01-15 00:19:29,087 - temporalio.workflow - INFO - Step extract_frame2: Server http://procure-x.testmcp.org ({'attempt': 1, 'namespace': 'default', 'run_id': '019bbdd7-65ed-7c1d-8aeb-0cc2522aed74', 'task_queue': 'comfyui-gpu-farm', 'workflow_id': 'chain-image-edit-to-video-pipeline-c1d95503-67e2-430f-8a2d-a3a0741c5d26', 'workflow_type': 'ChainExecutorWorkflow'})
2026-01-15 00:19:29,097 - temporalio.activity - INFO - Creating workflow record: imageSave (prompt: pending) ({'activity_id': '9', 'activity_type': 'create_workflow_record', 'attempt': 1, 'namespace': 'default', 'task_queue': 'comfyui-gpu-farm', 'workflow_id': 'chain-image-edit-to-video-pipeline-c1d95503-67e2-430f-8a2d-a3a0741c5d26', 'workflow_run_id': '019bbdd7-65ed-7c1d-8aeb-0cc2522aed74', 'workflow_type': 'ChainExecutorWorkflow'})
2026-01-15 00:19:29,101 - temporalio.activity - INFO - ✓ Created workflow record: d10e42ed-2f66-46dc-be6c-6697e1d872f0 ({'activity_id': '9', 'activity_type': 'create_workflow_record', 'attempt': 1, 'namespace': 'default', 'task_queue': 'comfyui-gpu-farm', 'workflow_id': 'chain-image-edit-to-video-pipeline-c1d95503-67e2-430f-8a2d-a3a0741c5d26', 'workflow_run_id': '019bbdd7-65ed-7c1d-8aeb-0cc2522aed74', 'workflow_type': 'ChainExecutorWorkflow'})
2026-01-15 00:19:29,125 - temporalio.workflow - INFO - Starting ComfyUI workflow execution ({'attempt': 1, 'namespace': 'default', 'run_id': '019bbdd7-670d-704d-b0d3-d06b532b2dab', 'task_queue': 'comfyui-gpu-farm', 'workflow_id': 'chain-image-edit-to-video-pipeline-c1d95503-67e2-430f-8a2d-a3a0741c5d26-extract_frame1', 'workflow_type': 'ComfyUIWorkflow'})
2026-01-15 00:19:29,125 - temporalio.workflow - INFO - Generated client_id: 0626a53f-3ca6-4c5b-a6d9-5c4fefbef169 ({'attempt': 1, 'namespace': 'default', 'run_id': '019bbdd7-670d-704d-b0d3-d06b532b2dab', 'task_queue': 'comfyui-gpu-farm', 'workflow_id': 'chain-image-edit-to-video-pipeline-c1d95503-67e2-430f-8a2d-a3a0741c5d26-extract_frame1', 'workflow_type': 'ComfyUIWorkflow'})
2026-01-15 00:19:29,125 - temporalio.workflow - INFO - Using pre-selected server: http://procure-x.testmcp.org ({'attempt': 1, 'namespace': 'default', 'run_id': '019bbdd7-670d-704d-b0d3-d06b532b2dab', 'task_queue': 'comfyui-gpu-farm', 'workflow_id': 'chain-image-edit-to-video-pipeline-c1d95503-67e2-430f-8a2d-a3a0741c5d26-extract_frame1', 'workflow_type': 'ComfyUIWorkflow'})
2026-01-15 00:19:29,166 - temporalio.activity - INFO - [V3] Executing workflow on http://procure-x.testmcp.org ({'activity_id': '1', 'activity_type': 'execute_and_track_workflow', 'attempt': 1, 'namespace': 'default', 'task_queue': 'comfyui-gpu-farm', 'workflow_id': 'chain-image-edit-to-video-pipeline-c1d95503-67e2-430f-8a2d-a3a0741c5d26-extract_frame1', 'workflow_run_id': '019bbdd7-670d-704d-b0d3-d06b532b2dab', 'workflow_type': 'ComfyUIWorkflow'})
2026-01-15 00:19:29,167 - temporalio.activity - INFO - [V3] Workflow name: imageSave ({'activity_id': '1', 'activity_type': 'execute_and_track_workflow', 'attempt': 1, 'namespace': 'default', 'task_queue': 'comfyui-gpu-farm', 'workflow_id': 'chain-image-edit-to-video-pipeline-c1d95503-67e2-430f-8a2d-a3a0741c5d26-extract_frame1', 'workflow_run_id': '019bbdd7-670d-704d-b0d3-d06b532b2dab', 'workflow_type': 'ComfyUIWorkflow'})
2026-01-15 00:19:29,210 - temporal_gateway.clients.comfy.client - INFO - ComfyUI client initialized for http://procure-x.testmcp.org
2026-01-15 00:19:29,210 - temporal_gateway.clients.comfy.client - INFO - Submitting workflow to ComfyUI
2026-01-15 00:19:29,220 - temporalio.workflow - INFO - Starting ComfyUI workflow execution ({'attempt': 1, 'namespace': 'default', 'run_id': '019bbdd7-6725-70c4-9e3a-c28d70551410', 'task_queue': 'comfyui-gpu-farm', 'workflow_id': 'chain-image-edit-to-video-pipeline-c1d95503-67e2-430f-8a2d-a3a0741c5d26-extract_frame2', 'workflow_type': 'ComfyUIWorkflow'})
2026-01-15 00:19:29,220 - temporalio.workflow - INFO - Generated client_id: b1ed990b-9b97-4015-b6f6-4ee68a7eef12 ({'attempt': 1, 'namespace': 'default', 'run_id': '019bbdd7-6725-70c4-9e3a-c28d70551410', 'task_queue': 'comfyui-gpu-farm', 'workflow_id': 'chain-image-edit-to-video-pipeline-c1d95503-67e2-430f-8a2d-a3a0741c5d26-extract_frame2', 'workflow_type': 'ComfyUIWorkflow'})
2026-01-15 00:19:29,220 - temporalio.workflow - INFO - Using pre-selected server: http://procure-x.testmcp.org ({'attempt': 1, 'namespace': 'default', 'run_id': '019bbdd7-6725-70c4-9e3a-c28d70551410', 'task_queue': 'comfyui-gpu-farm', 'workflow_id': 'chain-image-edit-to-video-pipeline-c1d95503-67e2-430f-8a2d-a3a0741c5d26-extract_frame2', 'workflow_type': 'ComfyUIWorkflow'})
2026-01-15 00:19:29,229 - temporalio.activity - INFO - [V3] Executing workflow on http://procure-x.testmcp.org ({'activity_id': '1', 'activity_type': 'execute_and_track_workflow', 'attempt': 1, 'namespace': 'default', 'task_queue': 'comfyui-gpu-farm', 'workflow_id': 'chain-image-edit-to-video-pipeline-c1d95503-67e2-430f-8a2d-a3a0741c5d26-extract_frame2', 'workflow_run_id': '019bbdd7-6725-70c4-9e3a-c28d70551410', 'workflow_type': 'ComfyUIWorkflow'})
2026-01-15 00:19:29,229 - temporalio.activity - INFO - [V3] Workflow name: imageSave ({'activity_id': '1', 'activity_type': 'execute_and_track_workflow', 'attempt': 1, 'namespace': 'default', 'task_queue': 'comfyui-gpu-farm', 'workflow_id': 'chain-image-edit-to-video-pipeline-c1d95503-67e2-430f-8a2d-a3a0741c5d26-extract_frame2', 'workflow_run_id': '019bbdd7-6725-70c4-9e3a-c28d70551410', 'workflow_type': 'ComfyUIWorkflow'})
2026-01-15 00:19:29,270 - temporal_gateway.clients.comfy.client - INFO - ComfyUI client initialized for http://procure-x.testmcp.org
2026-01-15 00:19:29,270 - temporal_gateway.clients.comfy.client - INFO - Submitting workflow to ComfyUI
2026-01-15 00:19:29,272 - httpx - INFO - HTTP Request: POST http://procure-x.testmcp.org/prompt "HTTP/1.1 200 OK"
2026-01-15 00:19:29,273 - temporal_gateway.clients.comfy.client - INFO - Workflow queued with prompt_id: efb151d1-5370-4727-b38e-8342b77ed9a0
2026-01-15 00:19:29,273 - temporal_gateway.clients.comfy.tracker - INFO - Starting execution tracking for prompt efb151d1-5370-4727-b38e-8342b77ed9a0
2026-01-15 00:19:29,273 - temporal_gateway.clients.comfy.tracker - INFO - Starting history polling
2026-01-15 00:19:29,274 - temporal_gateway.clients.comfy.tracker - INFO - Starting WebSocket listener
2026-01-15 00:19:29,274 - temporal_gateway.clients.comfy.websocket - INFO - Connecting to WebSocket: ws://procure-x.testmcp.org/ws?clientId=31bf2ca2-fdf8-4990-b24f-de115fa626aa
2026-01-15 00:19:29,286 - httpx - INFO - HTTP Request: GET http://procure-x.testmcp.org/history/efb151d1-5370-4727-b38e-8342b77ed9a0 "HTTP/1.1 200 OK"
2026-01-15 00:19:29,329 - httpx - INFO - HTTP Request: POST http://procure-x.testmcp.org/prompt "HTTP/1.1 200 OK"
2026-01-15 00:19:29,330 - temporal_gateway.clients.comfy.client - INFO - Workflow queued with prompt_id: 7c183a9e-e2d0-41d8-acc3-5f6a0f6b287b
2026-01-15 00:19:29,330 - temporal_gateway.clients.comfy.tracker - INFO - Starting execution tracking for prompt 7c183a9e-e2d0-41d8-acc3-5f6a0f6b287b
2026-01-15 00:19:29,331 - temporal_gateway.clients.comfy.tracker - INFO - Starting history polling
2026-01-15 00:19:29,332 - temporal_gateway.clients.comfy.tracker - INFO - Starting WebSocket listener
2026-01-15 00:19:29,332 - temporal_gateway.clients.comfy.websocket - INFO - Connecting to WebSocket: ws://procure-x.testmcp.org/ws?clientId=b005afdc-6769-43a5-892e-f78a362be196
2026-01-15 00:19:29,333 - temporal_gateway.clients.comfy.websocket - INFO - WebSocket connected successfully
2026-01-15 00:19:29,348 - httpx - INFO - HTTP Request: GET http://procure-x.testmcp.org/history/7c183a9e-e2d0-41d8-acc3-5f6a0f6b287b "HTTP/1.1 200 OK"
2026-01-15 00:19:29,857 - temporal_gateway.clients.comfy.websocket - INFO - WebSocket connected successfully
2026-01-15 00:19:30,163 - temporal_gateway.clients.comfy.tracker - INFO - [WS] Execution completed successfully
2026-01-15 00:19:30,413 - httpx - INFO - HTTP Request: GET http://procure-x.testmcp.org/history/efb151d1-5370-4727-b38e-8342b77ed9a0 "HTTP/1.1 200 OK"
2026-01-15 00:19:30,414 - temporal_gateway.clients.comfy.tracker - INFO - Tracking completed: success (took 1.14s)
2026-01-15 00:19:30,415 - temporalio.activity - INFO - [V3] Workflow completed successfully ({'activity_id': '1', 'activity_type': 'execute_and_track_workflow', 'attempt': 1, 'namespace': 'default', 'task_queue': 'comfyui-gpu-farm', 'workflow_id': 'chain-image-edit-to-video-pipeline-c1d95503-67e2-430f-8a2d-a3a0741c5d26-extract_frame1', 'workflow_run_id': '019bbdd7-670d-704d-b0d3-d06b532b2dab', 'workflow_type': 'ComfyUIWorkflow'})
2026-01-15 00:19:30,416 - httpx - INFO - HTTP Request: GET http://procure-x.testmcp.org/history/7c183a9e-e2d0-41d8-acc3-5f6a0f6b287b "HTTP/1.1 200 OK"
2026-01-15 00:19:30,425 - temporalio.workflow - INFO - Execution completed successfully ({'attempt': 1, 'namespace': 'default', 'run_id': '019bbdd7-670d-704d-b0d3-d06b532b2dab', 'task_queue': 'comfyui-gpu-farm', 'workflow_id': 'chain-image-edit-to-video-pipeline-c1d95503-67e2-430f-8a2d-a3a0741c5d26-extract_frame1', 'workflow_type': 'ComfyUIWorkflow'})
2026-01-15 00:19:30,433 - temporalio.activity - INFO - Extracting server output files ({'activity_id': '2', 'activity_type': 'get_server_output_files', 'attempt': 1, 'namespace': 'default', 'task_queue': 'comfyui-gpu-farm', 'workflow_id': 'chain-image-edit-to-video-pipeline-c1d95503-67e2-430f-8a2d-a3a0741c5d26-extract_frame1', 'workflow_run_id': '019bbdd7-670d-704d-b0d3-d06b532b2dab', 'workflow_type': 'ComfyUIWorkflow'})
2026-01-15 00:19:30,433 - temporalio.activity - INFO - Found 1 output file(s) ({'activity_id': '2', 'activity_type': 'get_server_output_files', 'attempt': 1, 'namespace': 'default', 'task_queue': 'comfyui-gpu-farm', 'workflow_id': 'chain-image-edit-to-video-pipeline-c1d95503-67e2-430f-8a2d-a3a0741c5d26-extract_frame1', 'workflow_run_id': '019bbdd7-670d-704d-b0d3-d06b532b2dab', 'workflow_type': 'ComfyUIWorkflow'})
2026-01-15 00:19:30,442 - temporalio.workflow - INFO - Found 1 server output file(s) ({'attempt': 1, 'namespace': 'default', 'run_id': '019bbdd7-670d-704d-b0d3-d06b532b2dab', 'task_queue': 'comfyui-gpu-farm', 'workflow_id': 'chain-image-edit-to-video-pipeline-c1d95503-67e2-430f-8a2d-a3a0741c5d26-extract_frame1', 'workflow_type': 'ComfyUIWorkflow'})
2026-01-15 00:19:30,450 - temporalio.activity - INFO - Downloading and persisting 1 artifact(s) for workflow 9852d6b4-e808-443e-be39-96c1025aeb6c ({'activity_id': '3', 'activity_type': 'download_and_store_artifacts', 'attempt': 1, 'namespace': 'default', 'task_queue': 'comfyui-gpu-farm', 'workflow_id': 'chain-image-edit-to-video-pipeline-c1d95503-67e2-430f-8a2d-a3a0741c5d26-extract_frame1', 'workflow_run_id': '019bbdd7-670d-704d-b0d3-d06b532b2dab', 'workflow_type': 'ComfyUIWorkflow'})
2026-01-15 00:19:30,493 - temporal_gateway.clients.comfy.client - INFO - ComfyUI client initialized for http://procure-x.testmcp.org
2026-01-15 00:19:30,533 - temporal_gateway.clients.comfy.tracker - INFO - [WS] Execution completed successfully
2026-01-15 00:19:30,537 - httpx - INFO - HTTP Request: GET http://procure-x.testmcp.org/view?filename=ComfyUI_00277_.png&type=output "HTTP/1.1 200 OK"
2026-01-15 00:19:30,553 - temporalio.activity - INFO - ✓ Saved artifact to DB: e1e72562-6afe-4d07-9e84-0f97c3e911e9 (ComfyUI_00277_.png) ({'activity_id': '3', 'activity_type': 'download_and_store_artifacts', 'attempt': 1, 'namespace': 'default', 'task_queue': 'comfyui-gpu-farm', 'workflow_id': 'chain-image-edit-to-video-pipeline-c1d95503-67e2-430f-8a2d-a3a0741c5d26-extract_frame1', 'workflow_run_id': '019bbdd7-670d-704d-b0d3-d06b532b2dab', 'workflow_type': 'ComfyUIWorkflow'})
2026-01-15 00:19:30,554 - temporalio.activity - INFO - Downloaded and persisted 1 artifact(s) ({'activity_id': '3', 'activity_type': 'download_and_store_artifacts', 'attempt': 1, 'namespace': 'default', 'task_queue': 'comfyui-gpu-farm', 'workflow_id': 'chain-image-edit-to-video-pipeline-c1d95503-67e2-430f-8a2d-a3a0741c5d26-extract_frame1', 'workflow_run_id': '019bbdd7-670d-704d-b0d3-d06b532b2dab', 'workflow_type': 'ComfyUIWorkflow'})
2026-01-15 00:19:30,554 - httpx - INFO - HTTP Request: GET http://procure-x.testmcp.org/history/7c183a9e-e2d0-41d8-acc3-5f6a0f6b287b "HTTP/1.1 200 OK"
2026-01-15 00:19:30,555 - temporal_gateway.clients.comfy.tracker - INFO - Tracking completed: success (took 1.23s)
2026-01-15 00:19:30,556 - temporalio.activity - INFO - [V3] Workflow completed successfully ({'activity_id': '1', 'activity_type': 'execute_and_track_workflow', 'attempt': 1, 'namespace': 'default', 'task_queue': 'comfyui-gpu-farm', 'workflow_id': 'chain-image-edit-to-video-pipeline-c1d95503-67e2-430f-8a2d-a3a0741c5d26-extract_frame2', 'workflow_run_id': '019bbdd7-6725-70c4-9e3a-c28d70551410', 'workflow_type': 'ComfyUIWorkflow'})
2026-01-15 00:19:30,566 - temporalio.workflow - INFO - Downloaded 1 file(s) locally ({'attempt': 1, 'namespace': 'default', 'run_id': '019bbdd7-670d-704d-b0d3-d06b532b2dab', 'task_queue': 'comfyui-gpu-farm', 'workflow_id': 'chain-image-edit-to-video-pipeline-c1d95503-67e2-430f-8a2d-a3a0741c5d26-extract_frame1', 'workflow_type': 'ComfyUIWorkflow'})
2026-01-15 00:19:30,569 - temporalio.workflow - INFO - Execution completed successfully ({'attempt': 1, 'namespace': 'default', 'run_id': '019bbdd7-6725-70c4-9e3a-c28d70551410', 'task_queue': 'comfyui-gpu-farm', 'workflow_id': 'chain-image-edit-to-video-pipeline-c1d95503-67e2-430f-8a2d-a3a0741c5d26-extract_frame2', 'workflow_type': 'ComfyUIWorkflow'})
2026-01-15 00:19:30,581 - temporalio.activity - INFO - Extracting server output files ({'activity_id': '2', 'activity_type': 'get_server_output_files', 'attempt': 1, 'namespace': 'default', 'task_queue': 'comfyui-gpu-farm', 'workflow_id': 'chain-image-edit-to-video-pipeline-c1d95503-67e2-430f-8a2d-a3a0741c5d26-extract_frame2', 'workflow_run_id': '019bbdd7-6725-70c4-9e3a-c28d70551410', 'workflow_type': 'ComfyUIWorkflow'})
2026-01-15 00:19:30,581 - temporalio.activity - INFO - Found 1 output file(s) ({'activity_id': '2', 'activity_type': 'get_server_output_files', 'attempt': 1, 'namespace': 'default', 'task_queue': 'comfyui-gpu-farm', 'workflow_id': 'chain-image-edit-to-video-pipeline-c1d95503-67e2-430f-8a2d-a3a0741c5d26-extract_frame2', 'workflow_run_id': '019bbdd7-6725-70c4-9e3a-c28d70551410', 'workflow_type': 'ComfyUIWorkflow'})
2026-01-15 00:19:30,591 - temporalio.workflow - INFO - Found 1 server output file(s) ({'attempt': 1, 'namespace': 'default', 'run_id': '019bbdd7-6725-70c4-9e3a-c28d70551410', 'task_queue': 'comfyui-gpu-farm', 'workflow_id': 'chain-image-edit-to-video-pipeline-c1d95503-67e2-430f-8a2d-a3a0741c5d26-extract_frame2', 'workflow_type': 'ComfyUIWorkflow'})
2026-01-15 00:19:30,592 - temporalio.activity - INFO - Updating workflow 9852d6b4-e808-443e-be39-96c1025aeb6c status to: completed ({'activity_id': '10', 'activity_type': 'update_workflow_status_activity', 'attempt': 1, 'namespace': 'default', 'task_queue': 'comfyui-gpu-farm', 'workflow_id': 'chain-image-edit-to-video-pipeline-c1d95503-67e2-430f-8a2d-a3a0741c5d26', 'workflow_run_id': '019bbdd7-65ed-7c1d-8aeb-0cc2522aed74', 'workflow_type': 'ChainExecutorWorkflow'})
2026-01-15 00:19:30,597 - temporalio.activity - INFO - ✓ Updated workflow status ({'activity_id': '10', 'activity_type': 'update_workflow_status_activity', 'attempt': 1, 'namespace': 'default', 'task_queue': 'comfyui-gpu-farm', 'workflow_id': 'chain-image-edit-to-video-pipeline-c1d95503-67e2-430f-8a2d-a3a0741c5d26', 'workflow_run_id': '019bbdd7-65ed-7c1d-8aeb-0cc2522aed74', 'workflow_type': 'ChainExecutorWorkflow'})
2026-01-15 00:19:30,601 - temporalio.activity - INFO - Downloading and persisting 1 artifact(s) for workflow d10e42ed-2f66-46dc-be6c-6697e1d872f0 ({'activity_id': '3', 'activity_type': 'download_and_store_artifacts', 'attempt': 1, 'namespace': 'default', 'task_queue': 'comfyui-gpu-farm', 'workflow_id': 'chain-image-edit-to-video-pipeline-c1d95503-67e2-430f-8a2d-a3a0741c5d26-extract_frame2', 'workflow_run_id': '019bbdd7-6725-70c4-9e3a-c28d70551410', 'workflow_type': 'ComfyUIWorkflow'})
2026-01-15 00:19:30,650 - temporal_gateway.clients.comfy.client - INFO - ComfyUI client initialized for http://procure-x.testmcp.org
2026-01-15 00:19:30,661 - temporalio.activity - INFO - Getting artifacts for workflow: 9852d6b4-e808-443e-be39-96c1025aeb6c ({'activity_id': '11', 'activity_type': 'get_workflow_artifacts', 'attempt': 1, 'namespace': 'default', 'task_queue': 'comfyui-gpu-farm', 'workflow_id': 'chain-image-edit-to-video-pipeline-c1d95503-67e2-430f-8a2d-a3a0741c5d26', 'workflow_run_id': '019bbdd7-65ed-7c1d-8aeb-0cc2522aed74', 'workflow_type': 'ChainExecutorWorkflow'})
2026-01-15 00:19:30,678 - temporalio.activity - INFO - Creating approval request for artifact: e1e72562-6afe-4d07-9e84-0f97c3e911e9 ({'activity_id': '12', 'activity_type': 'create_approval_request_activity', 'attempt': 1, 'namespace': 'default', 'task_queue': 'comfyui-gpu-farm', 'workflow_id': 'chain-image-edit-to-video-pipeline-c1d95503-67e2-430f-8a2d-a3a0741c5d26', 'workflow_run_id': '019bbdd7-65ed-7c1d-8aeb-0cc2522aed74', 'workflow_type': 'ChainExecutorWorkflow'})
2026-01-15 00:19:30,682 - temporalio.activity - INFO - ✓ Created approval request: f7559a8b-cc44-4679-8683-7e1e90a71185, token: OM60kNrqIb49rZFB... ({'activity_id': '12', 'activity_type': 'create_approval_request_activity', 'attempt': 1, 'namespace': 'default', 'task_queue': 'comfyui-gpu-farm', 'workflow_id': 'chain-image-edit-to-video-pipeline-c1d95503-67e2-430f-8a2d-a3a0741c5d26', 'workflow_run_id': '019bbdd7-65ed-7c1d-8aeb-0cc2522aed74', 'workflow_type': 'ChainExecutorWorkflow'})
2026-01-15 00:19:30,683 - temporal_gateway.services.broadcast - INFO - Published approval_requested to chain:7368a39c-112d-4600-acc4-03339a2f5fda
2026-01-15 00:19:30,683 - temporalio.activity - INFO - Published approval_requested event for chain 7368a39c-112d-4600-acc4-03339a2f5fda ({'activity_id': '12', 'activity_type': 'create_approval_request_activity', 'attempt': 1, 'namespace': 'default', 'task_queue': 'comfyui-gpu-farm', 'workflow_id': 'chain-image-edit-to-video-pipeline-c1d95503-67e2-430f-8a2d-a3a0741c5d26', 'workflow_run_id': '019bbdd7-65ed-7c1d-8aeb-0cc2522aed74', 'workflow_type': 'ChainExecutorWorkflow'})
2026-01-15 00:19:30,692 - httpx - INFO - HTTP Request: GET http://procure-x.testmcp.org/view?filename=ComfyUI_00278_.png&type=output "HTTP/1.1 200 OK"
2026-01-15 00:19:30,693 - temporalio.workflow - INFO - Step extract_frame1: Approval request created, token: OM60kNrqIb49rZFB... ({'attempt': 1, 'namespace': 'default', 'run_id': '019bbdd7-65ed-7c1d-8aeb-0cc2522aed74', 'task_queue': 'comfyui-gpu-farm', 'workflow_id': 'chain-image-edit-to-video-pipeline-c1d95503-67e2-430f-8a2d-a3a0741c5d26', 'workflow_type': 'ChainExecutorWorkflow'})
2026-01-15 00:19:30,712 - temporalio.activity - INFO - ✓ Saved artifact to DB: 8d31bcf3-fd0f-416a-952f-157b8bdd1451 (ComfyUI_00278_.png) ({'activity_id': '3', 'activity_type': 'download_and_store_artifacts', 'attempt': 1, 'namespace': 'default', 'task_queue': 'comfyui-gpu-farm', 'workflow_id': 'chain-image-edit-to-video-pipeline-c1d95503-67e2-430f-8a2d-a3a0741c5d26-extract_frame2', 'workflow_run_id': '019bbdd7-6725-70c4-9e3a-c28d70551410', 'workflow_type': 'ComfyUIWorkflow'})
2026-01-15 00:19:30,713 - temporalio.activity - INFO - Downloaded and persisted 1 artifact(s) ({'activity_id': '3', 'activity_type': 'download_and_store_artifacts', 'attempt': 1, 'namespace': 'default', 'task_queue': 'comfyui-gpu-farm', 'workflow_id': 'chain-image-edit-to-video-pipeline-c1d95503-67e2-430f-8a2d-a3a0741c5d26-extract_frame2', 'workflow_run_id': '019bbdd7-6725-70c4-9e3a-c28d70551410', 'workflow_type': 'ComfyUIWorkflow'})
2026-01-15 00:19:30,723 - temporalio.workflow - INFO - Downloaded 1 file(s) locally ({'attempt': 1, 'namespace': 'default', 'run_id': '019bbdd7-6725-70c4-9e3a-c28d70551410', 'task_queue': 'comfyui-gpu-farm', 'workflow_id': 'chain-image-edit-to-video-pipeline-c1d95503-67e2-430f-8a2d-a3a0741c5d26-extract_frame2', 'workflow_type': 'ComfyUIWorkflow'})
2026-01-15 00:19:30,744 - temporalio.activity - INFO - Updating workflow d10e42ed-2f66-46dc-be6c-6697e1d872f0 status to: completed ({'activity_id': '13', 'activity_type': 'update_workflow_status_activity', 'attempt': 1, 'namespace': 'default', 'task_queue': 'comfyui-gpu-farm', 'workflow_id': 'chain-image-edit-to-video-pipeline-c1d95503-67e2-430f-8a2d-a3a0741c5d26', 'workflow_run_id': '019bbdd7-65ed-7c1d-8aeb-0cc2522aed74', 'workflow_type': 'ChainExecutorWorkflow'})
2026-01-15 00:19:30,748 - temporalio.activity - INFO - ✓ Updated workflow status ({'activity_id': '13', 'activity_type': 'update_workflow_status_activity', 'attempt': 1, 'namespace': 'default', 'task_queue': 'comfyui-gpu-farm', 'workflow_id': 'chain-image-edit-to-video-pipeline-c1d95503-67e2-430f-8a2d-a3a0741c5d26', 'workflow_run_id': '019bbdd7-65ed-7c1d-8aeb-0cc2522aed74', 'workflow_type': 'ChainExecutorWorkflow'})
2026-01-15 00:19:30,765 - temporalio.activity - INFO - Getting artifacts for workflow: d10e42ed-2f66-46dc-be6c-6697e1d872f0 ({'activity_id': '14', 'activity_type': 'get_workflow_artifacts', 'attempt': 1, 'namespace': 'default', 'task_queue': 'comfyui-gpu-farm', 'workflow_id': 'chain-image-edit-to-video-pipeline-c1d95503-67e2-430f-8a2d-a3a0741c5d26', 'workflow_run_id': '019bbdd7-65ed-7c1d-8aeb-0cc2522aed74', 'workflow_type': 'ChainExecutorWorkflow'})
2026-01-15 00:19:30,783 - temporalio.activity - INFO - Creating approval request for artifact: 8d31bcf3-fd0f-416a-952f-157b8bdd1451 ({'activity_id': '15', 'activity_type': 'create_approval_request_activity', 'attempt': 1, 'namespace': 'default', 'task_queue': 'comfyui-gpu-farm', 'workflow_id': 'chain-image-edit-to-video-pipeline-c1d95503-67e2-430f-8a2d-a3a0741c5d26', 'workflow_run_id': '019bbdd7-65ed-7c1d-8aeb-0cc2522aed74', 'workflow_type': 'ChainExecutorWorkflow'})
2026-01-15 00:19:30,786 - temporalio.activity - INFO - ✓ Created approval request: 37ac17fe-42d9-44a2-9ae0-351507c53565, token: -OoqMHrVE4_Un6i2... ({'activity_id': '15', 'activity_type': 'create_approval_request_activity', 'attempt': 1, 'namespace': 'default', 'task_queue': 'comfyui-gpu-farm', 'workflow_id': 'chain-image-edit-to-video-pipeline-c1d95503-67e2-430f-8a2d-a3a0741c5d26', 'workflow_run_id': '019bbdd7-65ed-7c1d-8aeb-0cc2522aed74', 'workflow_type': 'ChainExecutorWorkflow'})
2026-01-15 00:19:30,787 - temporal_gateway.services.broadcast - INFO - Published approval_requested to chain:7368a39c-112d-4600-acc4-03339a2f5fda
2026-01-15 00:19:30,787 - temporalio.activity - INFO - Published approval_requested event for chain 7368a39c-112d-4600-acc4-03339a2f5fda ({'activity_id': '15', 'activity_type': 'create_approval_request_activity', 'attempt': 1, 'namespace': 'default', 'task_queue': 'comfyui-gpu-farm', 'workflow_id': 'chain-image-edit-to-video-pipeline-c1d95503-67e2-430f-8a2d-a3a0741c5d26', 'workflow_run_id': '019bbdd7-65ed-7c1d-8aeb-0cc2522aed74', 'workflow_type': 'ChainExecutorWorkflow'})
2026-01-15 00:19:30,796 - temporalio.workflow - INFO - Step extract_frame2: Approval request created, token: -OoqMHrVE4_Un6i2... ({'attempt': 1, 'namespace': 'default', 'run_id': '019bbdd7-65ed-7c1d-8aeb-0cc2522aed74', 'task_queue': 'comfyui-gpu-farm', 'workflow_id': 'chain-image-edit-to-video-pipeline-c1d95503-67e2-430f-8a2d-a3a0741c5d26', 'workflow_type': 'ChainExecutorWorkflow'})
2026-01-15 00:19:39,652 - temporalio.workflow - INFO - Received approval decision for step extract_frame1: approved by cli-user ({'attempt': 1, 'namespace': 'default', 'run_id': '019bbdd7-65ed-7c1d-8aeb-0cc2522aed74', 'task_queue': 'comfyui-gpu-farm', 'workflow_id': 'chain-image-edit-to-video-pipeline-c1d95503-67e2-430f-8a2d-a3a0741c5d26', 'workflow_type': 'ChainExecutorWorkflow'})
2026-01-15 00:19:39,652 - temporalio.workflow - INFO - Step extract_frame1: Approved by cli-user ({'attempt': 1, 'namespace': 'default', 'run_id': '019bbdd7-65ed-7c1d-8aeb-0cc2522aed74', 'task_queue': 'comfyui-gpu-farm', 'workflow_id': 'chain-image-edit-to-video-pipeline-c1d95503-67e2-430f-8a2d-a3a0741c5d26', 'workflow_type': 'ChainExecutorWorkflow'})
2026-01-15 00:19:39,652 - temporalio.workflow - INFO - Step extract_frame1: Approved ({'attempt': 1, 'namespace': 'default', 'run_id': '019bbdd7-65ed-7c1d-8aeb-0cc2522aed74', 'task_queue': 'comfyui-gpu-farm', 'workflow_id': 'chain-image-edit-to-video-pipeline-c1d95503-67e2-430f-8a2d-a3a0741c5d26', 'workflow_type': 'ChainExecutorWorkflow'})
2026-01-15 00:19:39,663 - temporalio.activity - INFO - Getting artifacts for workflow: 9852d6b4-e808-443e-be39-96c1025aeb6c ({'activity_id': '16', 'activity_type': 'get_workflow_artifacts', 'attempt': 1, 'namespace': 'default', 'task_queue': 'comfyui-gpu-farm', 'workflow_id': 'chain-image-edit-to-video-pipeline-c1d95503-67e2-430f-8a2d-a3a0741c5d26', 'workflow_run_id': '019bbdd7-65ed-7c1d-8aeb-0cc2522aed74', 'workflow_type': 'ChainExecutorWorkflow'})
2026-01-15 00:19:39,682 - temporal_gateway.services.broadcast - INFO - Published step_completed to chain:7368a39c-112d-4600-acc4-03339a2f5fda
2026-01-15 00:19:39,682 - temporalio.activity - INFO - Published step_completed event for extract_frame1 in chain 7368a39c-112d-4600-acc4-03339a2f5fda ({'activity_id': '17', 'activity_type': 'publish_step_completed_activity', 'attempt': 1, 'namespace': 'default', 'task_queue': 'comfyui-gpu-farm', 'workflow_id': 'chain-image-edit-to-video-pipeline-c1d95503-67e2-430f-8a2d-a3a0741c5d26', 'workflow_run_id': '019bbdd7-65ed-7c1d-8aeb-0cc2522aed74', 'workflow_type': 'ChainExecutorWorkflow'})
2026-01-15 00:19:40,561 - temporalio.workflow - INFO - Received approval decision for step extract_frame2: approved by cli-user ({'attempt': 1, 'namespace': 'default', 'run_id': '019bbdd7-65ed-7c1d-8aeb-0cc2522aed74', 'task_queue': 'comfyui-gpu-farm', 'workflow_id': 'chain-image-edit-to-video-pipeline-c1d95503-67e2-430f-8a2d-a3a0741c5d26', 'workflow_type': 'ChainExecutorWorkflow'})
2026-01-15 00:19:40,562 - temporalio.workflow - INFO - Step extract_frame2: Approved by cli-user ({'attempt': 1, 'namespace': 'default', 'run_id': '019bbdd7-65ed-7c1d-8aeb-0cc2522aed74', 'task_queue': 'comfyui-gpu-farm', 'workflow_id': 'chain-image-edit-to-video-pipeline-c1d95503-67e2-430f-8a2d-a3a0741c5d26', 'workflow_type': 'ChainExecutorWorkflow'})
2026-01-15 00:19:40,562 - temporalio.workflow - INFO - Step extract_frame2: Approved ({'attempt': 1, 'namespace': 'default', 'run_id': '019bbdd7-65ed-7c1d-8aeb-0cc2522aed74', 'task_queue': 'comfyui-gpu-farm', 'workflow_id': 'chain-image-edit-to-video-pipeline-c1d95503-67e2-430f-8a2d-a3a0741c5d26', 'workflow_type': 'ChainExecutorWorkflow'})
2026-01-15 00:19:40,571 - temporalio.activity - INFO - Getting artifacts for workflow: d10e42ed-2f66-46dc-be6c-6697e1d872f0 ({'activity_id': '18', 'activity_type': 'get_workflow_artifacts', 'attempt': 1, 'namespace': 'default', 'task_queue': 'comfyui-gpu-farm', 'workflow_id': 'chain-image-edit-to-video-pipeline-c1d95503-67e2-430f-8a2d-a3a0741c5d26', 'workflow_run_id': '019bbdd7-65ed-7c1d-8aeb-0cc2522aed74', 'workflow_type': 'ChainExecutorWorkflow'})
2026-01-15 00:19:40,590 - temporal_gateway.services.broadcast - INFO - Published step_completed to chain:7368a39c-112d-4600-acc4-03339a2f5fda
2026-01-15 00:19:40,590 - temporalio.activity - INFO - Published step_completed event for extract_frame2 in chain 7368a39c-112d-4600-acc4-03339a2f5fda ({'activity_id': '19', 'activity_type': 'publish_step_completed_activity', 'attempt': 1, 'namespace': 'default', 'task_queue': 'comfyui-gpu-farm', 'workflow_id': 'chain-image-edit-to-video-pipeline-c1d95503-67e2-430f-8a2d-a3a0741c5d26', 'workflow_run_id': '019bbdd7-65ed-7c1d-8aeb-0cc2522aed74', 'workflow_type': 'ChainExecutorWorkflow'})
2026-01-15 00:19:40,599 - temporalio.workflow - INFO - Step extract_frame1: completed ({'attempt': 1, 'namespace': 'default', 'run_id': '019bbdd7-65ed-7c1d-8aeb-0cc2522aed74', 'task_queue': 'comfyui-gpu-farm', 'workflow_id': 'chain-image-edit-to-video-pipeline-c1d95503-67e2-430f-8a2d-a3a0741c5d26', 'workflow_type': 'ChainExecutorWorkflow'})
2026-01-15 00:19:40,599 - temporalio.workflow - INFO - Step extract_frame2: completed ({'attempt': 1, 'namespace': 'default', 'run_id': '019bbdd7-65ed-7c1d-8aeb-0cc2522aed74', 'task_queue': 'comfyui-gpu-farm', 'workflow_id': 'chain-image-edit-to-video-pipeline-c1d95503-67e2-430f-8a2d-a3a0741c5d26', 'workflow_type': 'ChainExecutorWorkflow'})
2026-01-15 00:19:40,608 - temporalio.activity - INFO - Updating chain 7368a39c-112d-4600-acc4-03339a2f5fda status to: executing_level_1 ({'activity_id': '20', 'activity_type': 'update_chain_status_activity', 'attempt': 1, 'namespace': 'default', 'task_queue': 'comfyui-gpu-farm', 'workflow_id': 'chain-image-edit-to-video-pipeline-c1d95503-67e2-430f-8a2d-a3a0741c5d26', 'workflow_run_id': '019bbdd7-65ed-7c1d-8aeb-0cc2522aed74', 'workflow_type': 'ChainExecutorWorkflow'})
2026-01-15 00:19:40,611 - temporalio.activity - INFO - ✓ Updated chain status ({'activity_id': '20', 'activity_type': 'update_chain_status_activity', 'attempt': 1, 'namespace': 'default', 'task_queue': 'comfyui-gpu-farm', 'workflow_id': 'chain-image-edit-to-video-pipeline-c1d95503-67e2-430f-8a2d-a3a0741c5d26', 'workflow_run_id': '019bbdd7-65ed-7c1d-8aeb-0cc2522aed74', 'workflow_type': 'ChainExecutorWorkflow'})
2026-01-15 00:19:40,620 - temporalio.workflow - INFO - Level 1: Executing 2 step(s) ({'attempt': 1, 'namespace': 'default', 'run_id': '019bbdd7-65ed-7c1d-8aeb-0cc2522aed74', 'task_queue': 'comfyui-gpu-farm', 'workflow_id': 'chain-image-edit-to-video-pipeline-c1d95503-67e2-430f-8a2d-a3a0741c5d26', 'workflow_type': 'ChainExecutorWorkflow'})
2026-01-15 00:19:40,620 - temporalio.workflow - INFO - Executing step: edit_frame1 ({'attempt': 1, 'namespace': 'default', 'run_id': '019bbdd7-65ed-7c1d-8aeb-0cc2522aed74', 'task_queue': 'comfyui-gpu-farm', 'workflow_id': 'chain-image-edit-to-video-pipeline-c1d95503-67e2-430f-8a2d-a3a0741c5d26', 'workflow_type': 'ChainExecutorWorkflow'})
2026-01-15 00:19:40,621 - temporalio.workflow - INFO - Executing step: edit_frame2 ({'attempt': 1, 'namespace': 'default', 'run_id': '019bbdd7-65ed-7c1d-8aeb-0cc2522aed74', 'task_queue': 'comfyui-gpu-farm', 'workflow_id': 'chain-image-edit-to-video-pipeline-c1d95503-67e2-430f-8a2d-a3a0741c5d26', 'workflow_type': 'ChainExecutorWorkflow'})
2026-01-15 00:19:40,631 - temporalio.activity - INFO - Resolving templates in parameters ({'activity_id': '22', 'activity_type': 'resolve_chain_templates', 'attempt': 1, 'namespace': 'default', 'task_queue': 'comfyui-gpu-farm', 'workflow_id': 'chain-image-edit-to-video-pipeline-c1d95503-67e2-430f-8a2d-a3a0741c5d26', 'workflow_run_id': '019bbdd7-65ed-7c1d-8aeb-0cc2522aed74', 'workflow_type': 'ChainExecutorWorkflow'})
2026-01-15 00:19:40,632 - temporalio.activity - INFO - Templates resolved successfully ({'activity_id': '22', 'activity_type': 'resolve_chain_templates', 'attempt': 1, 'namespace': 'default', 'task_queue': 'comfyui-gpu-farm', 'workflow_id': 'chain-image-edit-to-video-pipeline-c1d95503-67e2-430f-8a2d-a3a0741c5d26', 'workflow_run_id': '019bbdd7-65ed-7c1d-8aeb-0cc2522aed74', 'workflow_type': 'ChainExecutorWorkflow'})
2026-01-15 00:19:40,633 - temporalio.activity - INFO - Resolving templates in parameters ({'activity_id': '21', 'activity_type': 'resolve_chain_templates', 'attempt': 1, 'namespace': 'default', 'task_queue': 'comfyui-gpu-farm', 'workflow_id': 'chain-image-edit-to-video-pipeline-c1d95503-67e2-430f-8a2d-a3a0741c5d26', 'workflow_run_id': '019bbdd7-65ed-7c1d-8aeb-0cc2522aed74', 'workflow_type': 'ChainExecutorWorkflow'})
2026-01-15 00:19:40,634 - temporalio.activity - INFO - Templates resolved successfully ({'activity_id': '21', 'activity_type': 'resolve_chain_templates', 'attempt': 1, 'namespace': 'default', 'task_queue': 'comfyui-gpu-farm', 'workflow_id': 'chain-image-edit-to-video-pipeline-c1d95503-67e2-430f-8a2d-a3a0741c5d26', 'workflow_run_id': '019bbdd7-65ed-7c1d-8aeb-0cc2522aed74', 'workflow_type': 'ChainExecutorWorkflow'})
2026-01-15 00:19:40,653 - temporalio.activity - INFO - Applying parameters to workflow: qwen_image_edit ({'activity_id': '24', 'activity_type': 'apply_workflow_parameters', 'attempt': 1, 'namespace': 'default', 'task_queue': 'comfyui-gpu-farm', 'workflow_id': 'chain-image-edit-to-video-pipeline-c1d95503-67e2-430f-8a2d-a3a0741c5d26', 'workflow_run_id': '019bbdd7-65ed-7c1d-8aeb-0cc2522aed74', 'workflow_type': 'ChainExecutorWorkflow'})
2026-01-15 00:19:40,653 - temporal_gateway.registry - INFO - Applied override: 111.prompt = Make the scene more vibrant and colorful with enhanced details
2026-01-15 00:19:40,653 - temporal_gateway.registry - INFO - Applied override: 78.image = ComfyUI_00277_.png
2026-01-15 00:19:40,654 - temporalio.activity - INFO - Parameters applied successfully ({'activity_id': '24', 'activity_type': 'apply_workflow_parameters', 'attempt': 1, 'namespace': 'default', 'task_queue': 'comfyui-gpu-farm', 'workflow_id': 'chain-image-edit-to-video-pipeline-c1d95503-67e2-430f-8a2d-a3a0741c5d26', 'workflow_run_id': '019bbdd7-65ed-7c1d-8aeb-0cc2522aed74', 'workflow_type': 'ChainExecutorWorkflow'})
2026-01-15 00:19:40,656 - temporalio.activity - INFO - Applying parameters to workflow: qwen_image_edit ({'activity_id': '23', 'activity_type': 'apply_workflow_parameters', 'attempt': 1, 'namespace': 'default', 'task_queue': 'comfyui-gpu-farm', 'workflow_id': 'chain-image-edit-to-video-pipeline-c1d95503-67e2-430f-8a2d-a3a0741c5d26', 'workflow_run_id': '019bbdd7-65ed-7c1d-8aeb-0cc2522aed74', 'workflow_type': 'ChainExecutorWorkflow'})
2026-01-15 00:19:40,656 - temporal_gateway.registry - INFO - Applied override: 111.prompt = Make the scene more vibrant and colorful with enhanced details
2026-01-15 00:19:40,656 - temporal_gateway.registry - INFO - Applied override: 78.image = ComfyUI_00278_.png
2026-01-15 00:19:40,656 - temporalio.activity - INFO - Parameters applied successfully ({'activity_id': '23', 'activity_type': 'apply_workflow_parameters', 'attempt': 1, 'namespace': 'default', 'task_queue': 'comfyui-gpu-farm', 'workflow_id': 'chain-image-edit-to-video-pipeline-c1d95503-67e2-430f-8a2d-a3a0741c5d26', 'workflow_run_id': '019bbdd7-65ed-7c1d-8aeb-0cc2522aed74', 'workflow_type': 'ChainExecutorWorkflow'})
2026-01-15 00:19:40,674 - temporalio.activity - INFO - Selecting server with strategy: least_loaded ({'activity_id': '25', 'activity_type': 'select_best_server', 'attempt': 1, 'namespace': 'default', 'task_queue': 'comfyui-gpu-farm', 'workflow_id': 'chain-image-edit-to-video-pipeline-c1d95503-67e2-430f-8a2d-a3a0741c5d26', 'workflow_run_id': '019bbdd7-65ed-7c1d-8aeb-0cc2522aed74', 'workflow_type': 'ChainExecutorWorkflow'})
2026-01-15 00:19:40,719 - temporalio.activity - INFO - Selecting server with strategy: least_loaded ({'activity_id': '26', 'activity_type': 'select_best_server', 'attempt': 1, 'namespace': 'default', 'task_queue': 'comfyui-gpu-farm', 'workflow_id': 'chain-image-edit-to-video-pipeline-c1d95503-67e2-430f-8a2d-a3a0741c5d26', 'workflow_run_id': '019bbdd7-65ed-7c1d-8aeb-0cc2522aed74', 'workflow_type': 'ChainExecutorWorkflow'})
2026-01-15 00:19:40,807 - httpx - INFO - HTTP Request: GET http://procure-x.testmcp.org/system_stats "HTTP/1.1 200 OK"
2026-01-15 00:19:40,823 - httpx - INFO - HTTP Request: GET http://procure-x.testmcp.org/system_stats "HTTP/1.1 200 OK"
2026-01-15 00:19:40,825 - httpx - INFO - HTTP Request: GET http://procure-x.testmcp.org/queue "HTTP/1.1 200 OK"
2026-01-15 00:19:40,839 - temporal_gateway.servers.load_balancer - INFO - Selected server procure-x (queue_depth=0, gpu_mem=0.0%)
2026-01-15 00:19:40,840 - temporalio.activity - INFO - Selected server: procure-x (http://procure-x.testmcp.org) ({'activity_id': '25', 'activity_type': 'select_best_server', 'attempt': 1, 'namespace': 'default', 'task_queue': 'comfyui-gpu-farm', 'workflow_id': 'chain-image-edit-to-video-pipeline-c1d95503-67e2-430f-8a2d-a3a0741c5d26', 'workflow_run_id': '019bbdd7-65ed-7c1d-8aeb-0cc2522aed74', 'workflow_type': 'ChainExecutorWorkflow'})
2026-01-15 00:19:40,852 - httpx - INFO - HTTP Request: GET http://procure-x.testmcp.org/queue "HTTP/1.1 200 OK"
2026-01-15 00:19:40,855 - temporal_gateway.servers.load_balancer - INFO - Selected server procure-x (queue_depth=0, gpu_mem=0.0%)
2026-01-15 00:19:40,855 - temporalio.activity - INFO - Selected server: procure-x (http://procure-x.testmcp.org) ({'activity_id': '26', 'activity_type': 'select_best_server', 'attempt': 1, 'namespace': 'default', 'task_queue': 'comfyui-gpu-farm', 'workflow_id': 'chain-image-edit-to-video-pipeline-c1d95503-67e2-430f-8a2d-a3a0741c5d26', 'workflow_run_id': '019bbdd7-65ed-7c1d-8aeb-0cc2522aed74', 'workflow_type': 'ChainExecutorWorkflow'})
2026-01-15 00:19:40,860 - temporalio.workflow - INFO - Step edit_frame1: Server http://procure-x.testmcp.org ({'attempt': 1, 'namespace': 'default', 'run_id': '019bbdd7-65ed-7c1d-8aeb-0cc2522aed74', 'task_queue': 'comfyui-gpu-farm', 'workflow_id': 'chain-image-edit-to-video-pipeline-c1d95503-67e2-430f-8a2d-a3a0741c5d26', 'workflow_type': 'ChainExecutorWorkflow'})
2026-01-15 00:19:40,866 - temporalio.workflow - INFO - Step edit_frame2: Server http://procure-x.testmcp.org ({'attempt': 1, 'namespace': 'default', 'run_id': '019bbdd7-65ed-7c1d-8aeb-0cc2522aed74', 'task_queue': 'comfyui-gpu-farm', 'workflow_id': 'chain-image-edit-to-video-pipeline-c1d95503-67e2-430f-8a2d-a3a0741c5d26', 'workflow_type': 'ChainExecutorWorkflow'})
2026-01-15 00:19:40,869 - temporalio.activity - INFO - Getting artifacts for workflow: 9852d6b4-e808-443e-be39-96c1025aeb6c ({'activity_id': '27', 'activity_type': 'get_workflow_artifacts', 'attempt': 1, 'namespace': 'default', 'task_queue': 'comfyui-gpu-farm', 'workflow_id': 'chain-image-edit-to-video-pipeline-c1d95503-67e2-430f-8a2d-a3a0741c5d26', 'workflow_run_id': '019bbdd7-65ed-7c1d-8aeb-0cc2522aed74', 'workflow_type': 'ChainExecutorWorkflow'})
2026-01-15 00:19:40,878 - temporalio.activity - INFO - Getting artifacts for workflow: d10e42ed-2f66-46dc-be6c-6697e1d872f0 ({'activity_id': '28', 'activity_type': 'get_workflow_artifacts', 'attempt': 1, 'namespace': 'default', 'task_queue': 'comfyui-gpu-farm', 'workflow_id': 'chain-image-edit-to-video-pipeline-c1d95503-67e2-430f-8a2d-a3a0741c5d26', 'workflow_run_id': '019bbdd7-65ed-7c1d-8aeb-0cc2522aed74', 'workflow_type': 'ChainExecutorWorkflow'})
2026-01-15 00:19:40,881 - temporalio.workflow - INFO - Transferring 1 artifact(s) from extract_frame1 ({'attempt': 1, 'namespace': 'default', 'run_id': '019bbdd7-65ed-7c1d-8aeb-0cc2522aed74', 'task_queue': 'comfyui-gpu-farm', 'workflow_id': 'chain-image-edit-to-video-pipeline-c1d95503-67e2-430f-8a2d-a3a0741c5d26', 'workflow_type': 'ChainExecutorWorkflow'})
2026-01-15 00:19:40,888 - temporalio.workflow - INFO - Transferring 1 artifact(s) from extract_frame2 ({'attempt': 1, 'namespace': 'default', 'run_id': '019bbdd7-65ed-7c1d-8aeb-0cc2522aed74', 'task_queue': 'comfyui-gpu-farm', 'workflow_id': 'chain-image-edit-to-video-pipeline-c1d95503-67e2-430f-8a2d-a3a0741c5d26', 'workflow_type': 'ChainExecutorWorkflow'})
2026-01-15 00:19:40,890 - temporalio.activity - INFO - Transferring 1 artifact(s) from workflow 9852d6b4-e808-443e-be39-96c1025aeb6c to http://procure-x.testmcp.org ({'activity_id': '29', 'activity_type': 'transfer_artifacts_from_storage', 'attempt': 1, 'namespace': 'default', 'task_queue': 'comfyui-gpu-farm', 'workflow_id': 'chain-image-edit-to-video-pipeline-c1d95503-67e2-430f-8a2d-a3a0741c5d26', 'workflow_run_id': '019bbdd7-65ed-7c1d-8aeb-0cc2522aed74', 'workflow_type': 'ChainExecutorWorkflow'})
2026-01-15 00:19:40,934 - temporal_gateway.clients.comfy.client - INFO - ComfyUI client initialized for http://procure-x.testmcp.org
2026-01-15 00:19:40,938 - temporalio.activity - INFO - Uploading: ComfyUI_00277_.png from local storage to http://procure-x.testmcp.org/input/ ({'activity_id': '29', 'activity_type': 'transfer_artifacts_from_storage', 'attempt': 1, 'namespace': 'default', 'task_queue': 'comfyui-gpu-farm', 'workflow_id': 'chain-image-edit-to-video-pipeline-c1d95503-67e2-430f-8a2d-a3a0741c5d26', 'workflow_run_id': '019bbdd7-65ed-7c1d-8aeb-0cc2522aed74', 'workflow_type': 'ChainExecutorWorkflow'})
2026-01-15 00:19:40,941 - temporalio.activity - INFO - Transferring 1 artifact(s) from workflow d10e42ed-2f66-46dc-be6c-6697e1d872f0 to http://procure-x.testmcp.org ({'activity_id': '30', 'activity_type': 'transfer_artifacts_from_storage', 'attempt': 1, 'namespace': 'default', 'task_queue': 'comfyui-gpu-farm', 'workflow_id': 'chain-image-edit-to-video-pipeline-c1d95503-67e2-430f-8a2d-a3a0741c5d26', 'workflow_run_id': '019bbdd7-65ed-7c1d-8aeb-0cc2522aed74', 'workflow_type': 'ChainExecutorWorkflow'})
2026-01-15 00:19:40,980 - temporal_gateway.clients.comfy.client - INFO - ComfyUI client initialized for http://procure-x.testmcp.org
2026-01-15 00:19:40,984 - temporalio.activity - INFO - Uploading: ComfyUI_00278_.png from local storage to http://procure-x.testmcp.org/input/ ({'activity_id': '30', 'activity_type': 'transfer_artifacts_from_storage', 'attempt': 1, 'namespace': 'default', 'task_queue': 'comfyui-gpu-farm', 'workflow_id': 'chain-image-edit-to-video-pipeline-c1d95503-67e2-430f-8a2d-a3a0741c5d26', 'workflow_run_id': '019bbdd7-65ed-7c1d-8aeb-0cc2522aed74', 'workflow_type': 'ChainExecutorWorkflow'})
2026-01-15 00:19:41,051 - httpx - INFO - HTTP Request: POST http://procure-x.testmcp.org/upload/image "HTTP/1.1 200 OK"
2026-01-15 00:19:41,055 - temporalio.activity - INFO - ✓ Uploaded: ComfyUI_00277_.png (105368 bytes) ({'activity_id': '29', 'activity_type': 'transfer_artifacts_from_storage', 'attempt': 1, 'namespace': 'default', 'task_queue': 'comfyui-gpu-farm', 'workflow_id': 'chain-image-edit-to-video-pipeline-c1d95503-67e2-430f-8a2d-a3a0741c5d26', 'workflow_run_id': '019bbdd7-65ed-7c1d-8aeb-0cc2522aed74', 'workflow_type': 'ChainExecutorWorkflow'})
2026-01-15 00:19:41,068 - temporalio.activity - INFO - Successfully transferred 1 file(s) ({'activity_id': '29', 'activity_type': 'transfer_artifacts_from_storage', 'attempt': 1, 'namespace': 'default', 'task_queue': 'comfyui-gpu-farm', 'workflow_id': 'chain-image-edit-to-video-pipeline-c1d95503-67e2-430f-8a2d-a3a0741c5d26', 'workflow_run_id': '019bbdd7-65ed-7c1d-8aeb-0cc2522aed74', 'workflow_type': 'ChainExecutorWorkflow'})
2026-01-15 00:19:41,071 - httpx - INFO - HTTP Request: POST http://procure-x.testmcp.org/upload/image "HTTP/1.1 200 OK"
2026-01-15 00:19:41,075 - temporalio.activity - INFO - ✓ Uploaded: ComfyUI_00278_.png (119859 bytes) ({'activity_id': '30', 'activity_type': 'transfer_artifacts_from_storage', 'attempt': 1, 'namespace': 'default', 'task_queue': 'comfyui-gpu-farm', 'workflow_id': 'chain-image-edit-to-video-pipeline-c1d95503-67e2-430f-8a2d-a3a0741c5d26', 'workflow_run_id': '019bbdd7-65ed-7c1d-8aeb-0cc2522aed74', 'workflow_type': 'ChainExecutorWorkflow'})
2026-01-15 00:19:41,085 - temporalio.activity - INFO - Successfully transferred 1 file(s) ({'activity_id': '30', 'activity_type': 'transfer_artifacts_from_storage', 'attempt': 1, 'namespace': 'default', 'task_queue': 'comfyui-gpu-farm', 'workflow_id': 'chain-image-edit-to-video-pipeline-c1d95503-67e2-430f-8a2d-a3a0741c5d26', 'workflow_run_id': '019bbdd7-65ed-7c1d-8aeb-0cc2522aed74', 'workflow_type': 'ChainExecutorWorkflow'})
2026-01-15 00:19:41,103 - temporalio.activity - INFO - Creating workflow record: qwen_image_edit (prompt: pending) ({'activity_id': '31', 'activity_type': 'create_workflow_record', 'attempt': 1, 'namespace': 'default', 'task_queue': 'comfyui-gpu-farm', 'workflow_id': 'chain-image-edit-to-video-pipeline-c1d95503-67e2-430f-8a2d-a3a0741c5d26', 'workflow_run_id': '019bbdd7-65ed-7c1d-8aeb-0cc2522aed74', 'workflow_type': 'ChainExecutorWorkflow'})
2026-01-15 00:19:41,107 - temporalio.activity - INFO - ✓ Created workflow record: 0df43b9d-00a1-4dc7-93ba-05e68a5fa0b5 ({'activity_id': '31', 'activity_type': 'create_workflow_record', 'attempt': 1, 'namespace': 'default', 'task_queue': 'comfyui-gpu-farm', 'workflow_id': 'chain-image-edit-to-video-pipeline-c1d95503-67e2-430f-8a2d-a3a0741c5d26', 'workflow_run_id': '019bbdd7-65ed-7c1d-8aeb-0cc2522aed74', 'workflow_type': 'ChainExecutorWorkflow'})
2026-01-15 00:19:41,108 - temporalio.activity - INFO - Creating workflow record: qwen_image_edit (prompt: pending) ({'activity_id': '32', 'activity_type': 'create_workflow_record', 'attempt': 1, 'namespace': 'default', 'task_queue': 'comfyui-gpu-farm', 'workflow_id': 'chain-image-edit-to-video-pipeline-c1d95503-67e2-430f-8a2d-a3a0741c5d26', 'workflow_run_id': '019bbdd7-65ed-7c1d-8aeb-0cc2522aed74', 'workflow_type': 'ChainExecutorWorkflow'})
2026-01-15 00:19:41,112 - temporalio.activity - INFO - ✓ Created workflow record: 56a101ba-0a81-44d9-9a87-63de02158a06 ({'activity_id': '32', 'activity_type': 'create_workflow_record', 'attempt': 1, 'namespace': 'default', 'task_queue': 'comfyui-gpu-farm', 'workflow_id': 'chain-image-edit-to-video-pipeline-c1d95503-67e2-430f-8a2d-a3a0741c5d26', 'workflow_run_id': '019bbdd7-65ed-7c1d-8aeb-0cc2522aed74', 'workflow_type': 'ChainExecutorWorkflow'})
2026-01-15 00:19:41,144 - temporalio.workflow - INFO - Starting ComfyUI workflow execution ({'attempt': 1, 'namespace': 'default', 'run_id': '019bbdd7-9603-7687-8703-dadf4f7d8ae0', 'task_queue': 'comfyui-gpu-farm', 'workflow_id': 'chain-image-edit-to-video-pipeline-c1d95503-67e2-430f-8a2d-a3a0741c5d26-edit_frame1', 'workflow_type': 'ComfyUIWorkflow'})
2026-01-15 00:19:41,145 - temporalio.workflow - INFO - Generated client_id: 9eb0d492-2645-4619-aac1-113036fa5180 ({'attempt': 1, 'namespace': 'default', 'run_id': '019bbdd7-9603-7687-8703-dadf4f7d8ae0', 'task_queue': 'comfyui-gpu-farm', 'workflow_id': 'chain-image-edit-to-video-pipeline-c1d95503-67e2-430f-8a2d-a3a0741c5d26-edit_frame1', 'workflow_type': 'ComfyUIWorkflow'})
2026-01-15 00:19:41,145 - temporalio.workflow - INFO - Using pre-selected server: http://procure-x.testmcp.org ({'attempt': 1, 'namespace': 'default', 'run_id': '019bbdd7-9603-7687-8703-dadf4f7d8ae0', 'task_queue': 'comfyui-gpu-farm', 'workflow_id': 'chain-image-edit-to-video-pipeline-c1d95503-67e2-430f-8a2d-a3a0741c5d26-edit_frame1', 'workflow_type': 'ComfyUIWorkflow'})
2026-01-15 00:19:41,155 - temporalio.workflow - INFO - Starting ComfyUI workflow execution ({'attempt': 1, 'namespace': 'default', 'run_id': '019bbdd7-960c-7026-a9e2-e56ece67771e', 'task_queue': 'comfyui-gpu-farm', 'workflow_id': 'chain-image-edit-to-video-pipeline-c1d95503-67e2-430f-8a2d-a3a0741c5d26-edit_frame2', 'workflow_type': 'ComfyUIWorkflow'})
2026-01-15 00:19:41,155 - temporalio.workflow - INFO - Generated client_id: 94290138-8663-43fd-8638-8e71abfdf67b ({'attempt': 1, 'namespace': 'default', 'run_id': '019bbdd7-960c-7026-a9e2-e56ece67771e', 'task_queue': 'comfyui-gpu-farm', 'workflow_id': 'chain-image-edit-to-video-pipeline-c1d95503-67e2-430f-8a2d-a3a0741c5d26-edit_frame2', 'workflow_type': 'ComfyUIWorkflow'})
2026-01-15 00:19:41,155 - temporalio.workflow - INFO - Using pre-selected server: http://procure-x.testmcp.org ({'attempt': 1, 'namespace': 'default', 'run_id': '019bbdd7-960c-7026-a9e2-e56ece67771e', 'task_queue': 'comfyui-gpu-farm', 'workflow_id': 'chain-image-edit-to-video-pipeline-c1d95503-67e2-430f-8a2d-a3a0741c5d26-edit_frame2', 'workflow_type': 'ComfyUIWorkflow'})
2026-01-15 00:19:41,163 - temporalio.activity - INFO - [V3] Executing workflow on http://procure-x.testmcp.org ({'activity_id': '1', 'activity_type': 'execute_and_track_workflow', 'attempt': 1, 'namespace': 'default', 'task_queue': 'comfyui-gpu-farm', 'workflow_id': 'chain-image-edit-to-video-pipeline-c1d95503-67e2-430f-8a2d-a3a0741c5d26-edit_frame1', 'workflow_run_id': '019bbdd7-9603-7687-8703-dadf4f7d8ae0', 'workflow_type': 'ComfyUIWorkflow'})
2026-01-15 00:19:41,163 - temporalio.activity - INFO - [V3] Workflow name: qwen_image_edit ({'activity_id': '1', 'activity_type': 'execute_and_track_workflow', 'attempt': 1, 'namespace': 'default', 'task_queue': 'comfyui-gpu-farm', 'workflow_id': 'chain-image-edit-to-video-pipeline-c1d95503-67e2-430f-8a2d-a3a0741c5d26-edit_frame1', 'workflow_run_id': '019bbdd7-9603-7687-8703-dadf4f7d8ae0', 'workflow_type': 'ComfyUIWorkflow'})
2026-01-15 00:19:41,205 - temporal_gateway.clients.comfy.client - INFO - ComfyUI client initialized for http://procure-x.testmcp.org
2026-01-15 00:19:41,205 - temporal_gateway.clients.comfy.client - INFO - Submitting workflow to ComfyUI
2026-01-15 00:19:41,207 - temporalio.activity - INFO - [V3] Executing workflow on http://procure-x.testmcp.org ({'activity_id': '1', 'activity_type': 'execute_and_track_workflow', 'attempt': 1, 'namespace': 'default', 'task_queue': 'comfyui-gpu-farm', 'workflow_id': 'chain-image-edit-to-video-pipeline-c1d95503-67e2-430f-8a2d-a3a0741c5d26-edit_frame2', 'workflow_run_id': '019bbdd7-960c-7026-a9e2-e56ece67771e', 'workflow_type': 'ComfyUIWorkflow'})
2026-01-15 00:19:41,207 - temporalio.activity - INFO - [V3] Workflow name: qwen_image_edit ({'activity_id': '1', 'activity_type': 'execute_and_track_workflow', 'attempt': 1, 'namespace': 'default', 'task_queue': 'comfyui-gpu-farm', 'workflow_id': 'chain-image-edit-to-video-pipeline-c1d95503-67e2-430f-8a2d-a3a0741c5d26-edit_frame2', 'workflow_run_id': '019bbdd7-960c-7026-a9e2-e56ece67771e', 'workflow_type': 'ComfyUIWorkflow'})
2026-01-15 00:19:41,245 - temporal_gateway.clients.comfy.client - INFO - ComfyUI client initialized for http://procure-x.testmcp.org
2026-01-15 00:19:41,245 - temporal_gateway.clients.comfy.client - INFO - Submitting workflow to ComfyUI
2026-01-15 00:19:41,298 - httpx - INFO - HTTP Request: POST http://procure-x.testmcp.org/prompt "HTTP/1.1 200 OK"
2026-01-15 00:19:41,299 - temporal_gateway.clients.comfy.client - INFO - Workflow queued with prompt_id: ef3e055c-34ec-4004-8d4a-75f9e3ec31f9
2026-01-15 00:19:41,299 - temporal_gateway.clients.comfy.tracker - INFO - Starting execution tracking for prompt ef3e055c-34ec-4004-8d4a-75f9e3ec31f9
2026-01-15 00:19:41,299 - temporal_gateway.clients.comfy.tracker - INFO - Starting history polling
2026-01-15 00:19:41,300 - temporal_gateway.clients.comfy.tracker - INFO - Starting WebSocket listener
2026-01-15 00:19:41,300 - temporal_gateway.clients.comfy.websocket - INFO - Connecting to WebSocket: ws://procure-x.testmcp.org/ws?clientId=2b6d90da-6ded-4199-a5b5-d517b5143e1d
2026-01-15 00:19:41,337 - httpx - INFO - HTTP Request: POST http://procure-x.testmcp.org/prompt "HTTP/1.1 200 OK"
2026-01-15 00:19:41,341 - temporal_gateway.clients.comfy.client - INFO - Workflow queued with prompt_id: 3aba3694-79e8-4e49-9074-21eeb674dca0
2026-01-15 00:19:41,341 - temporal_gateway.clients.comfy.tracker - INFO - Starting execution tracking for prompt 3aba3694-79e8-4e49-9074-21eeb674dca0
2026-01-15 00:19:41,343 - temporal_gateway.clients.comfy.tracker - INFO - Starting history polling
2026-01-15 00:19:41,346 - temporal_gateway.clients.comfy.tracker - INFO - Starting WebSocket listener
2026-01-15 00:19:41,346 - temporal_gateway.clients.comfy.websocket - INFO - Connecting to WebSocket: ws://procure-x.testmcp.org/ws?clientId=7ad066ba-47c2-4eeb-bd95-28a7ef7c6f11
2026-01-15 00:19:41,350 - httpx - INFO - HTTP Request: GET http://procure-x.testmcp.org/history/ef3e055c-34ec-4004-8d4a-75f9e3ec31f9 "HTTP/1.1 200 OK"
2026-01-15 00:19:41,353 - temporal_gateway.clients.comfy.websocket - INFO - WebSocket connected successfully
2026-01-15 00:19:41,371 - httpx - INFO - HTTP Request: GET http://procure-x.testmcp.org/history/3aba3694-79e8-4e49-9074-21eeb674dca0 "HTTP/1.1 200 OK"
2026-01-15 00:19:41,393 - temporal_gateway.clients.comfy.websocket - INFO - WebSocket connected successfully
2026-01-15 00:19:42,374 - httpx - INFO - HTTP Request: GET http://procure-x.testmcp.org/history/ef3e055c-34ec-4004-8d4a-75f9e3ec31f9 "HTTP/1.1 200 OK"
2026-01-15 00:19:42,388 - httpx - INFO - HTTP Request: GET http://procure-x.testmcp.org/history/3aba3694-79e8-4e49-9074-21eeb674dca0 "HTTP/1.1 200 OK"
2026-01-15 00:19:43,397 - httpx - INFO - HTTP Request: GET http://procure-x.testmcp.org/history/ef3e055c-34ec-4004-8d4a-75f9e3ec31f9 "HTTP/1.1 200 OK"
2026-01-15 00:19:43,407 - httpx - INFO - HTTP Request: GET http://procure-x.testmcp.org/history/3aba3694-79e8-4e49-9074-21eeb674dca0 "HTTP/1.1 200 OK"
2026-01-15 00:19:44,423 - httpx - INFO - HTTP Request: GET http://procure-x.testmcp.org/history/ef3e055c-34ec-4004-8d4a-75f9e3ec31f9 "HTTP/1.1 200 OK"
2026-01-15 00:19:44,428 - httpx - INFO - HTTP Request: GET http://procure-x.testmcp.org/history/3aba3694-79e8-4e49-9074-21eeb674dca0 "HTTP/1.1 200 OK"
2026-01-15 00:19:45,443 - httpx - INFO - HTTP Request: GET http://procure-x.testmcp.org/history/ef3e055c-34ec-4004-8d4a-75f9e3ec31f9 "HTTP/1.1 200 OK"
2026-01-15 00:19:45,446 - httpx - INFO - HTTP Request: GET http://procure-x.testmcp.org/history/3aba3694-79e8-4e49-9074-21eeb674dca0 "HTTP/1.1 200 OK"
2026-01-15 00:19:46,467 - httpx - INFO - HTTP Request: GET http://procure-x.testmcp.org/history/ef3e055c-34ec-4004-8d4a-75f9e3ec31f9 "HTTP/1.1 200 OK"
2026-01-15 00:19:46,471 - httpx - INFO - HTTP Request: GET http://procure-x.testmcp.org/history/3aba3694-79e8-4e49-9074-21eeb674dca0 "HTTP/1.1 200 OK"
2026-01-15 00:19:47,492 - httpx - INFO - HTTP Request: GET http://procure-x.testmcp.org/history/ef3e055c-34ec-4004-8d4a-75f9e3ec31f9 "HTTP/1.1 200 OK"
2026-01-15 00:19:47,497 - httpx - INFO - HTTP Request: GET http://procure-x.testmcp.org/history/3aba3694-79e8-4e49-9074-21eeb674dca0 "HTTP/1.1 200 OK"
2026-01-15 00:19:48,514 - httpx - INFO - HTTP Request: GET http://procure-x.testmcp.org/history/ef3e055c-34ec-4004-8d4a-75f9e3ec31f9 "HTTP/1.1 200 OK"
2026-01-15 00:19:48,519 - httpx - INFO - HTTP Request: GET http://procure-x.testmcp.org/history/3aba3694-79e8-4e49-9074-21eeb674dca0 "HTTP/1.1 200 OK"
2026-01-15 00:19:49,540 - httpx - INFO - HTTP Request: GET http://procure-x.testmcp.org/history/ef3e055c-34ec-4004-8d4a-75f9e3ec31f9 "HTTP/1.1 200 OK"
2026-01-15 00:19:49,558 - httpx - INFO - HTTP Request: GET http://procure-x.testmcp.org/history/3aba3694-79e8-4e49-9074-21eeb674dca0 "HTTP/1.1 200 OK"
2026-01-15 00:19:50,595 - httpx - INFO - HTTP Request: GET http://procure-x.testmcp.org/history/ef3e055c-34ec-4004-8d4a-75f9e3ec31f9 "HTTP/1.1 200 OK"
2026-01-15 00:19:50,599 - httpx - INFO - HTTP Request: GET http://procure-x.testmcp.org/history/3aba3694-79e8-4e49-9074-21eeb674dca0 "HTTP/1.1 200 OK"
2026-01-15 00:19:51,621 - httpx - INFO - HTTP Request: GET http://procure-x.testmcp.org/history/ef3e055c-34ec-4004-8d4a-75f9e3ec31f9 "HTTP/1.1 200 OK"
2026-01-15 00:19:51,624 - httpx - INFO - HTTP Request: GET http://procure-x.testmcp.org/history/3aba3694-79e8-4e49-9074-21eeb674dca0 "HTTP/1.1 200 OK"
2026-01-15 00:19:52,650 - httpx - INFO - HTTP Request: GET http://procure-x.testmcp.org/history/ef3e055c-34ec-4004-8d4a-75f9e3ec31f9 "HTTP/1.1 200 OK"
2026-01-15 00:19:52,654 - httpx - INFO - HTTP Request: GET http://procure-x.testmcp.org/history/3aba3694-79e8-4e49-9074-21eeb674dca0 "HTTP/1.1 200 OK"
2026-01-15 00:19:53,693 - httpx - INFO - HTTP Request: GET http://procure-x.testmcp.org/history/ef3e055c-34ec-4004-8d4a-75f9e3ec31f9 "HTTP/1.1 200 OK"
2026-01-15 00:19:53,697 - httpx - INFO - HTTP Request: GET http://procure-x.testmcp.org/history/3aba3694-79e8-4e49-9074-21eeb674dca0 "HTTP/1.1 200 OK"
2026-01-15 00:19:54,719 - httpx - INFO - HTTP Request: GET http://procure-x.testmcp.org/history/ef3e055c-34ec-4004-8d4a-75f9e3ec31f9 "HTTP/1.1 200 OK"
2026-01-15 00:19:54,724 - httpx - INFO - HTTP Request: GET http://procure-x.testmcp.org/history/3aba3694-79e8-4e49-9074-21eeb674dca0 "HTTP/1.1 200 OK"
2026-01-15 00:19:55,740 - httpx - INFO - HTTP Request: GET http://procure-x.testmcp.org/history/ef3e055c-34ec-4004-8d4a-75f9e3ec31f9 "HTTP/1.1 200 OK"
2026-01-15 00:19:55,742 - httpx - INFO - HTTP Request: GET http://procure-x.testmcp.org/history/3aba3694-79e8-4e49-9074-21eeb674dca0 "HTTP/1.1 200 OK"
2026-01-15 00:19:56,768 - httpx - INFO - HTTP Request: GET http://procure-x.testmcp.org/history/3aba3694-79e8-4e49-9074-21eeb674dca0 "HTTP/1.1 200 OK"
2026-01-15 00:19:56,774 - httpx - INFO - HTTP Request: GET http://procure-x.testmcp.org/history/ef3e055c-34ec-4004-8d4a-75f9e3ec31f9 "HTTP/1.1 200 OK"
2026-01-15 00:19:57,793 - httpx - INFO - HTTP Request: GET http://procure-x.testmcp.org/history/ef3e055c-34ec-4004-8d4a-75f9e3ec31f9 "HTTP/1.1 200 OK"
2026-01-15 00:19:57,794 - httpx - INFO - HTTP Request: GET http://procure-x.testmcp.org/history/3aba3694-79e8-4e49-9074-21eeb674dca0 "HTTP/1.1 200 OK"
2026-01-15 00:19:58,815 - httpx - INFO - HTTP Request: GET http://procure-x.testmcp.org/history/ef3e055c-34ec-4004-8d4a-75f9e3ec31f9 "HTTP/1.1 200 OK"
2026-01-15 00:19:58,816 - httpx - INFO - HTTP Request: GET http://procure-x.testmcp.org/history/3aba3694-79e8-4e49-9074-21eeb674dca0 "HTTP/1.1 200 OK"
2026-01-15 00:19:59,854 - httpx - INFO - HTTP Request: GET http://procure-x.testmcp.org/history/3aba3694-79e8-4e49-9074-21eeb674dca0 "HTTP/1.1 200 OK"
2026-01-15 00:19:59,860 - httpx - INFO - HTTP Request: GET http://procure-x.testmcp.org/history/ef3e055c-34ec-4004-8d4a-75f9e3ec31f9 "HTTP/1.1 200 OK"
2026-01-15 00:20:00,878 - httpx - INFO - HTTP Request: GET http://procure-x.testmcp.org/history/3aba3694-79e8-4e49-9074-21eeb674dca0 "HTTP/1.1 200 OK"
2026-01-15 00:20:00,883 - httpx - INFO - HTTP Request: GET http://procure-x.testmcp.org/history/ef3e055c-34ec-4004-8d4a-75f9e3ec31f9 "HTTP/1.1 200 OK"
2026-01-15 00:20:01,904 - httpx - INFO - HTTP Request: GET http://procure-x.testmcp.org/history/3aba3694-79e8-4e49-9074-21eeb674dca0 "HTTP/1.1 200 OK"
2026-01-15 00:20:01,909 - httpx - INFO - HTTP Request: GET http://procure-x.testmcp.org/history/ef3e055c-34ec-4004-8d4a-75f9e3ec31f9 "HTTP/1.1 200 OK"
2026-01-15 00:20:02,927 - httpx - INFO - HTTP Request: GET http://procure-x.testmcp.org/history/3aba3694-79e8-4e49-9074-21eeb674dca0 "HTTP/1.1 200 OK"
2026-01-15 00:20:02,932 - httpx - INFO - HTTP Request: GET http://procure-x.testmcp.org/history/ef3e055c-34ec-4004-8d4a-75f9e3ec31f9 "HTTP/1.1 200 OK"
2026-01-15 00:20:03,950 - httpx - INFO - HTTP Request: GET http://procure-x.testmcp.org/history/3aba3694-79e8-4e49-9074-21eeb674dca0 "HTTP/1.1 200 OK"
2026-01-15 00:20:03,955 - httpx - INFO - HTTP Request: GET http://procure-x.testmcp.org/history/ef3e055c-34ec-4004-8d4a-75f9e3ec31f9 "HTTP/1.1 200 OK"
2026-01-15 00:20:04,975 - httpx - INFO - HTTP Request: GET http://procure-x.testmcp.org/history/3aba3694-79e8-4e49-9074-21eeb674dca0 "HTTP/1.1 200 OK"
2026-01-15 00:20:04,979 - httpx - INFO - HTTP Request: GET http://procure-x.testmcp.org/history/ef3e055c-34ec-4004-8d4a-75f9e3ec31f9 "HTTP/1.1 200 OK"
2026-01-15 00:20:06,016 - httpx - INFO - HTTP Request: GET http://procure-x.testmcp.org/history/3aba3694-79e8-4e49-9074-21eeb674dca0 "HTTP/1.1 200 OK"
2026-01-15 00:20:06,020 - httpx - INFO - HTTP Request: GET http://procure-x.testmcp.org/history/ef3e055c-34ec-4004-8d4a-75f9e3ec31f9 "HTTP/1.1 200 OK"
2026-01-15 00:20:07,047 - httpx - INFO - HTTP Request: GET http://procure-x.testmcp.org/history/3aba3694-79e8-4e49-9074-21eeb674dca0 "HTTP/1.1 200 OK"
2026-01-15 00:20:07,054 - httpx - INFO - HTTP Request: GET http://procure-x.testmcp.org/history/ef3e055c-34ec-4004-8d4a-75f9e3ec31f9 "HTTP/1.1 200 OK"
2026-01-15 00:20:08,071 - httpx - INFO - HTTP Request: GET http://procure-x.testmcp.org/history/3aba3694-79e8-4e49-9074-21eeb674dca0 "HTTP/1.1 200 OK"
2026-01-15 00:20:08,079 - httpx - INFO - HTTP Request: GET http://procure-x.testmcp.org/history/ef3e055c-34ec-4004-8d4a-75f9e3ec31f9 "HTTP/1.1 200 OK"
2026-01-15 00:20:09,097 - httpx - INFO - HTTP Request: GET http://procure-x.testmcp.org/history/3aba3694-79e8-4e49-9074-21eeb674dca0 "HTTP/1.1 200 OK"
2026-01-15 00:20:09,101 - httpx - INFO - HTTP Request: GET http://procure-x.testmcp.org/history/ef3e055c-34ec-4004-8d4a-75f9e3ec31f9 "HTTP/1.1 200 OK"
2026-01-15 00:20:10,124 - httpx - INFO - HTTP Request: GET http://procure-x.testmcp.org/history/3aba3694-79e8-4e49-9074-21eeb674dca0 "HTTP/1.1 200 OK"
2026-01-15 00:20:10,128 - httpx - INFO - HTTP Request: GET http://procure-x.testmcp.org/history/ef3e055c-34ec-4004-8d4a-75f9e3ec31f9 "HTTP/1.1 200 OK"
2026-01-15 00:20:11,149 - httpx - INFO - HTTP Request: GET http://procure-x.testmcp.org/history/ef3e055c-34ec-4004-8d4a-75f9e3ec31f9 "HTTP/1.1 200 OK"
2026-01-15 00:20:11,154 - httpx - INFO - HTTP Request: GET http://procure-x.testmcp.org/history/3aba3694-79e8-4e49-9074-21eeb674dca0 "HTTP/1.1 200 OK"
2026-01-15 00:20:12,174 - httpx - INFO - HTTP Request: GET http://procure-x.testmcp.org/history/ef3e055c-34ec-4004-8d4a-75f9e3ec31f9 "HTTP/1.1 200 OK"
2026-01-15 00:20:12,178 - httpx - INFO - HTTP Request: GET http://procure-x.testmcp.org/history/3aba3694-79e8-4e49-9074-21eeb674dca0 "HTTP/1.1 200 OK"
2026-01-15 00:20:13,201 - httpx - INFO - HTTP Request: GET http://procure-x.testmcp.org/history/ef3e055c-34ec-4004-8d4a-75f9e3ec31f9 "HTTP/1.1 200 OK"
2026-01-15 00:20:13,206 - httpx - INFO - HTTP Request: GET http://procure-x.testmcp.org/history/3aba3694-79e8-4e49-9074-21eeb674dca0 "HTTP/1.1 200 OK"
2026-01-15 00:20:14,219 - httpx - INFO - HTTP Request: GET http://procure-x.testmcp.org/history/ef3e055c-34ec-4004-8d4a-75f9e3ec31f9 "HTTP/1.1 200 OK"
2026-01-15 00:20:14,222 - httpx - INFO - HTTP Request: GET http://procure-x.testmcp.org/history/3aba3694-79e8-4e49-9074-21eeb674dca0 "HTTP/1.1 200 OK"
2026-01-15 00:20:15,248 - httpx - INFO - HTTP Request: GET http://procure-x.testmcp.org/history/3aba3694-79e8-4e49-9074-21eeb674dca0 "HTTP/1.1 200 OK"
2026-01-15 00:20:15,252 - httpx - INFO - HTTP Request: GET http://procure-x.testmcp.org/history/ef3e055c-34ec-4004-8d4a-75f9e3ec31f9 "HTTP/1.1 200 OK"
2026-01-15 00:20:16,282 - httpx - INFO - HTTP Request: GET http://procure-x.testmcp.org/history/ef3e055c-34ec-4004-8d4a-75f9e3ec31f9 "HTTP/1.1 200 OK"
2026-01-15 00:20:16,287 - httpx - INFO - HTTP Request: GET http://procure-x.testmcp.org/history/3aba3694-79e8-4e49-9074-21eeb674dca0 "HTTP/1.1 200 OK"
2026-01-15 00:20:17,312 - httpx - INFO - HTTP Request: GET http://procure-x.testmcp.org/history/ef3e055c-34ec-4004-8d4a-75f9e3ec31f9 "HTTP/1.1 200 OK"
2026-01-15 00:20:17,317 - httpx - INFO - HTTP Request: GET http://procure-x.testmcp.org/history/3aba3694-79e8-4e49-9074-21eeb674dca0 "HTTP/1.1 200 OK"
2026-01-15 00:20:18,335 - httpx - INFO - HTTP Request: GET http://procure-x.testmcp.org/history/ef3e055c-34ec-4004-8d4a-75f9e3ec31f9 "HTTP/1.1 200 OK"
2026-01-15 00:20:18,343 - httpx - INFO - HTTP Request: GET http://procure-x.testmcp.org/history/3aba3694-79e8-4e49-9074-21eeb674dca0 "HTTP/1.1 200 OK"
2026-01-15 00:20:19,357 - httpx - INFO - HTTP Request: GET http://procure-x.testmcp.org/history/ef3e055c-34ec-4004-8d4a-75f9e3ec31f9 "HTTP/1.1 200 OK"
2026-01-15 00:20:19,362 - httpx - INFO - HTTP Request: GET http://procure-x.testmcp.org/history/3aba3694-79e8-4e49-9074-21eeb674dca0 "HTTP/1.1 200 OK"
2026-01-15 00:20:20,386 - httpx - INFO - HTTP Request: GET http://procure-x.testmcp.org/history/3aba3694-79e8-4e49-9074-21eeb674dca0 "HTTP/1.1 200 OK"
2026-01-15 00:20:20,391 - httpx - INFO - HTTP Request: GET http://procure-x.testmcp.org/history/ef3e055c-34ec-4004-8d4a-75f9e3ec31f9 "HTTP/1.1 200 OK"
2026-01-15 00:20:21,413 - httpx - INFO - HTTP Request: GET http://procure-x.testmcp.org/history/3aba3694-79e8-4e49-9074-21eeb674dca0 "HTTP/1.1 200 OK"
2026-01-15 00:20:21,417 - httpx - INFO - HTTP Request: GET http://procure-x.testmcp.org/history/ef3e055c-34ec-4004-8d4a-75f9e3ec31f9 "HTTP/1.1 200 OK"
2026-01-15 00:20:22,442 - httpx - INFO - HTTP Request: GET http://procure-x.testmcp.org/history/3aba3694-79e8-4e49-9074-21eeb674dca0 "HTTP/1.1 200 OK"
2026-01-15 00:20:22,447 - httpx - INFO - HTTP Request: GET http://procure-x.testmcp.org/history/ef3e055c-34ec-4004-8d4a-75f9e3ec31f9 "HTTP/1.1 200 OK"
2026-01-15 00:20:23,469 - httpx - INFO - HTTP Request: GET http://procure-x.testmcp.org/history/3aba3694-79e8-4e49-9074-21eeb674dca0 "HTTP/1.1 200 OK"
2026-01-15 00:20:23,472 - httpx - INFO - HTTP Request: GET http://procure-x.testmcp.org/history/ef3e055c-34ec-4004-8d4a-75f9e3ec31f9 "HTTP/1.1 200 OK"
2026-01-15 00:20:24,497 - httpx - INFO - HTTP Request: GET http://procure-x.testmcp.org/history/3aba3694-79e8-4e49-9074-21eeb674dca0 "HTTP/1.1 200 OK"
2026-01-15 00:20:24,502 - httpx - INFO - HTTP Request: GET http://procure-x.testmcp.org/history/ef3e055c-34ec-4004-8d4a-75f9e3ec31f9 "HTTP/1.1 200 OK"
2026-01-15 00:20:25,522 - httpx - INFO - HTTP Request: GET http://procure-x.testmcp.org/history/3aba3694-79e8-4e49-9074-21eeb674dca0 "HTTP/1.1 200 OK"
2026-01-15 00:20:25,527 - httpx - INFO - HTTP Request: GET http://procure-x.testmcp.org/history/ef3e055c-34ec-4004-8d4a-75f9e3ec31f9 "HTTP/1.1 200 OK"
2026-01-15 00:20:26,546 - httpx - INFO - HTTP Request: GET http://procure-x.testmcp.org/history/ef3e055c-34ec-4004-8d4a-75f9e3ec31f9 "HTTP/1.1 200 OK"
2026-01-15 00:20:26,551 - httpx - INFO - HTTP Request: GET http://procure-x.testmcp.org/history/3aba3694-79e8-4e49-9074-21eeb674dca0 "HTTP/1.1 200 OK"
2026-01-15 00:20:27,568 - httpx - INFO - HTTP Request: GET http://procure-x.testmcp.org/history/ef3e055c-34ec-4004-8d4a-75f9e3ec31f9 "HTTP/1.1 200 OK"
2026-01-15 00:20:27,572 - httpx - INFO - HTTP Request: GET http://procure-x.testmcp.org/history/3aba3694-79e8-4e49-9074-21eeb674dca0 "HTTP/1.1 200 OK"
2026-01-15 00:20:28,621 - httpx - INFO - HTTP Request: GET http://procure-x.testmcp.org/history/ef3e055c-34ec-4004-8d4a-75f9e3ec31f9 "HTTP/1.1 200 OK"
2026-01-15 00:20:28,624 - httpx - INFO - HTTP Request: GET http://procure-x.testmcp.org/history/3aba3694-79e8-4e49-9074-21eeb674dca0 "HTTP/1.1 200 OK"
2026-01-15 00:20:29,651 - httpx - INFO - HTTP Request: GET http://procure-x.testmcp.org/history/3aba3694-79e8-4e49-9074-21eeb674dca0 "HTTP/1.1 200 OK"
2026-01-15 00:20:29,656 - httpx - INFO - HTTP Request: GET http://procure-x.testmcp.org/history/ef3e055c-34ec-4004-8d4a-75f9e3ec31f9 "HTTP/1.1 200 OK"
2026-01-15 00:20:30,677 - httpx - INFO - HTTP Request: GET http://procure-x.testmcp.org/history/3aba3694-79e8-4e49-9074-21eeb674dca0 "HTTP/1.1 200 OK"
2026-01-15 00:20:30,682 - httpx - INFO - HTTP Request: GET http://procure-x.testmcp.org/history/ef3e055c-34ec-4004-8d4a-75f9e3ec31f9 "HTTP/1.1 200 OK"
2026-01-15 00:20:31,699 - httpx - INFO - HTTP Request: GET http://procure-x.testmcp.org/history/3aba3694-79e8-4e49-9074-21eeb674dca0 "HTTP/1.1 200 OK"
2026-01-15 00:20:31,707 - httpx - INFO - HTTP Request: GET http://procure-x.testmcp.org/history/ef3e055c-34ec-4004-8d4a-75f9e3ec31f9 "HTTP/1.1 200 OK"
2026-01-15 00:20:32,721 - httpx - INFO - HTTP Request: GET http://procure-x.testmcp.org/history/3aba3694-79e8-4e49-9074-21eeb674dca0 "HTTP/1.1 200 OK"
2026-01-15 00:20:32,730 - httpx - INFO - HTTP Request: GET http://procure-x.testmcp.org/history/ef3e055c-34ec-4004-8d4a-75f9e3ec31f9 "HTTP/1.1 200 OK"
2026-01-15 00:20:33,750 - httpx - INFO - HTTP Request: GET http://procure-x.testmcp.org/history/3aba3694-79e8-4e49-9074-21eeb674dca0 "HTTP/1.1 200 OK"
2026-01-15 00:20:33,755 - httpx - INFO - HTTP Request: GET http://procure-x.testmcp.org/history/ef3e055c-34ec-4004-8d4a-75f9e3ec31f9 "HTTP/1.1 200 OK"
2026-01-15 00:20:34,783 - httpx - INFO - HTTP Request: GET http://procure-x.testmcp.org/history/ef3e055c-34ec-4004-8d4a-75f9e3ec31f9 "HTTP/1.1 200 OK"
2026-01-15 00:20:34,787 - httpx - INFO - HTTP Request: GET http://procure-x.testmcp.org/history/3aba3694-79e8-4e49-9074-21eeb674dca0 "HTTP/1.1 200 OK"
2026-01-15 00:20:35,802 - temporal_gateway.clients.comfy.tracker - INFO - [WS] Execution completed successfully
2026-01-15 00:20:36,314 - httpx - INFO - HTTP Request: GET http://procure-x.testmcp.org/history/3aba3694-79e8-4e49-9074-21eeb674dca0 "HTTP/1.1 200 OK"
2026-01-15 00:20:36,317 - httpx - INFO - HTTP Request: GET http://procure-x.testmcp.org/history/ef3e055c-34ec-4004-8d4a-75f9e3ec31f9 "HTTP/1.1 200 OK"
2026-01-15 00:20:36,323 - temporal_gateway.clients.comfy.tracker - INFO - [POLL] Found in history: success
2026-01-15 00:20:36,323 - temporal_gateway.clients.comfy.tracker - INFO - Tracking completed: success (took 55.02s)
2026-01-15 00:20:36,325 - httpx - INFO - HTTP Request: GET http://procure-x.testmcp.org/history/ef3e055c-34ec-4004-8d4a-75f9e3ec31f9 "HTTP/1.1 200 OK"
2026-01-15 00:20:36,329 - temporalio.activity - INFO - [V3] Workflow completed successfully ({'activity_id': '1', 'activity_type': 'execute_and_track_workflow', 'attempt': 1, 'namespace': 'default', 'task_queue': 'comfyui-gpu-farm', 'workflow_id': 'chain-image-edit-to-video-pipeline-c1d95503-67e2-430f-8a2d-a3a0741c5d26-edit_frame1', 'workflow_run_id': '019bbdd7-9603-7687-8703-dadf4f7d8ae0', 'workflow_type': 'ComfyUIWorkflow'})
2026-01-15 00:20:36,357 - temporalio.workflow - INFO - Execution completed successfully ({'attempt': 1, 'namespace': 'default', 'run_id': '019bbdd7-9603-7687-8703-dadf4f7d8ae0', 'task_queue': 'comfyui-gpu-farm', 'workflow_id': 'chain-image-edit-to-video-pipeline-c1d95503-67e2-430f-8a2d-a3a0741c5d26-edit_frame1', 'workflow_type': 'ComfyUIWorkflow'})
2026-01-15 00:20:36,365 - temporalio.activity - INFO - Extracting server output files ({'activity_id': '2', 'activity_type': 'get_server_output_files', 'attempt': 1, 'namespace': 'default', 'task_queue': 'comfyui-gpu-farm', 'workflow_id': 'chain-image-edit-to-video-pipeline-c1d95503-67e2-430f-8a2d-a3a0741c5d26-edit_frame1', 'workflow_run_id': '019bbdd7-9603-7687-8703-dadf4f7d8ae0', 'workflow_type': 'ComfyUIWorkflow'})
2026-01-15 00:20:36,365 - temporalio.activity - INFO - Found 1 output file(s) ({'activity_id': '2', 'activity_type': 'get_server_output_files', 'attempt': 1, 'namespace': 'default', 'task_queue': 'comfyui-gpu-farm', 'workflow_id': 'chain-image-edit-to-video-pipeline-c1d95503-67e2-430f-8a2d-a3a0741c5d26-edit_frame1', 'workflow_run_id': '019bbdd7-9603-7687-8703-dadf4f7d8ae0', 'workflow_type': 'ComfyUIWorkflow'})
2026-01-15 00:20:36,374 - temporalio.workflow - INFO - Found 1 server output file(s) ({'attempt': 1, 'namespace': 'default', 'run_id': '019bbdd7-9603-7687-8703-dadf4f7d8ae0', 'task_queue': 'comfyui-gpu-farm', 'workflow_id': 'chain-image-edit-to-video-pipeline-c1d95503-67e2-430f-8a2d-a3a0741c5d26-edit_frame1', 'workflow_type': 'ComfyUIWorkflow'})
2026-01-15 00:20:36,382 - temporalio.activity - INFO - Downloading and persisting 1 artifact(s) for workflow 0df43b9d-00a1-4dc7-93ba-05e68a5fa0b5 ({'activity_id': '3', 'activity_type': 'download_and_store_artifacts', 'attempt': 1, 'namespace': 'default', 'task_queue': 'comfyui-gpu-farm', 'workflow_id': 'chain-image-edit-to-video-pipeline-c1d95503-67e2-430f-8a2d-a3a0741c5d26-edit_frame1', 'workflow_run_id': '019bbdd7-9603-7687-8703-dadf4f7d8ae0', 'workflow_type': 'ComfyUIWorkflow'})
2026-01-15 00:20:36,426 - temporal_gateway.clients.comfy.client - INFO - ComfyUI client initialized for http://procure-x.testmcp.org
2026-01-15 00:20:36,478 - httpx - INFO - HTTP Request: GET http://procure-x.testmcp.org/view?filename=ComfyUI_00279_.png&type=output "HTTP/1.1 200 OK"
2026-01-15 00:20:36,539 - temporalio.activity - INFO - ✓ Saved artifact to DB: f468b1e1-8fdf-4429-bac5-f5451ecddf26 (ComfyUI_00279_.png) ({'activity_id': '3', 'activity_type': 'download_and_store_artifacts', 'attempt': 1, 'namespace': 'default', 'task_queue': 'comfyui-gpu-farm', 'workflow_id': 'chain-image-edit-to-video-pipeline-c1d95503-67e2-430f-8a2d-a3a0741c5d26-edit_frame1', 'workflow_run_id': '019bbdd7-9603-7687-8703-dadf4f7d8ae0', 'workflow_type': 'ComfyUIWorkflow'})
2026-01-15 00:20:36,541 - temporalio.activity - INFO - Downloaded and persisted 1 artifact(s) ({'activity_id': '3', 'activity_type': 'download_and_store_artifacts', 'attempt': 1, 'namespace': 'default', 'task_queue': 'comfyui-gpu-farm', 'workflow_id': 'chain-image-edit-to-video-pipeline-c1d95503-67e2-430f-8a2d-a3a0741c5d26-edit_frame1', 'workflow_run_id': '019bbdd7-9603-7687-8703-dadf4f7d8ae0', 'workflow_type': 'ComfyUIWorkflow'})
2026-01-15 00:20:36,552 - temporalio.workflow - INFO - Downloaded 1 file(s) locally ({'attempt': 1, 'namespace': 'default', 'run_id': '019bbdd7-9603-7687-8703-dadf4f7d8ae0', 'task_queue': 'comfyui-gpu-farm', 'workflow_id': 'chain-image-edit-to-video-pipeline-c1d95503-67e2-430f-8a2d-a3a0741c5d26-edit_frame1', 'workflow_type': 'ComfyUIWorkflow'})
2026-01-15 00:20:36,572 - temporalio.activity - INFO - Updating workflow 0df43b9d-00a1-4dc7-93ba-05e68a5fa0b5 status to: completed ({'activity_id': '33', 'activity_type': 'update_workflow_status_activity', 'attempt': 1, 'namespace': 'default', 'task_queue': 'comfyui-gpu-farm', 'workflow_id': 'chain-image-edit-to-video-pipeline-c1d95503-67e2-430f-8a2d-a3a0741c5d26', 'workflow_run_id': '019bbdd7-65ed-7c1d-8aeb-0cc2522aed74', 'workflow_type': 'ChainExecutorWorkflow'})
2026-01-15 00:20:36,575 - temporalio.activity - INFO - ✓ Updated workflow status ({'activity_id': '33', 'activity_type': 'update_workflow_status_activity', 'attempt': 1, 'namespace': 'default', 'task_queue': 'comfyui-gpu-farm', 'workflow_id': 'chain-image-edit-to-video-pipeline-c1d95503-67e2-430f-8a2d-a3a0741c5d26', 'workflow_run_id': '019bbdd7-65ed-7c1d-8aeb-0cc2522aed74', 'workflow_type': 'ChainExecutorWorkflow'})
2026-01-15 00:20:36,591 - temporalio.activity - INFO - Getting artifacts for workflow: 0df43b9d-00a1-4dc7-93ba-05e68a5fa0b5 ({'activity_id': '34', 'activity_type': 'get_workflow_artifacts', 'attempt': 1, 'namespace': 'default', 'task_queue': 'comfyui-gpu-farm', 'workflow_id': 'chain-image-edit-to-video-pipeline-c1d95503-67e2-430f-8a2d-a3a0741c5d26', 'workflow_run_id': '019bbdd7-65ed-7c1d-8aeb-0cc2522aed74', 'workflow_type': 'ChainExecutorWorkflow'})
2026-01-15 00:20:36,607 - temporalio.activity - INFO - Creating approval request for artifact: f468b1e1-8fdf-4429-bac5-f5451ecddf26 ({'activity_id': '35', 'activity_type': 'create_approval_request_activity', 'attempt': 1, 'namespace': 'default', 'task_queue': 'comfyui-gpu-farm', 'workflow_id': 'chain-image-edit-to-video-pipeline-c1d95503-67e2-430f-8a2d-a3a0741c5d26', 'workflow_run_id': '019bbdd7-65ed-7c1d-8aeb-0cc2522aed74', 'workflow_type': 'ChainExecutorWorkflow'})
2026-01-15 00:20:36,611 - temporalio.activity - INFO - ✓ Created approval request: 7e7e6eb6-7b1e-44f8-a1b0-98cc929d8048, token: J3jl2Ou4b5nbP0C7... ({'activity_id': '35', 'activity_type': 'create_approval_request_activity', 'attempt': 1, 'namespace': 'default', 'task_queue': 'comfyui-gpu-farm', 'workflow_id': 'chain-image-edit-to-video-pipeline-c1d95503-67e2-430f-8a2d-a3a0741c5d26', 'workflow_run_id': '019bbdd7-65ed-7c1d-8aeb-0cc2522aed74', 'workflow_type': 'ChainExecutorWorkflow'})
2026-01-15 00:20:36,611 - temporal_gateway.services.broadcast - INFO - Published approval_requested to chain:7368a39c-112d-4600-acc4-03339a2f5fda
2026-01-15 00:20:36,612 - temporalio.activity - INFO - Published approval_requested event for chain 7368a39c-112d-4600-acc4-03339a2f5fda ({'activity_id': '35', 'activity_type': 'create_approval_request_activity', 'attempt': 1, 'namespace': 'default', 'task_queue': 'comfyui-gpu-farm', 'workflow_id': 'chain-image-edit-to-video-pipeline-c1d95503-67e2-430f-8a2d-a3a0741c5d26', 'workflow_run_id': '019bbdd7-65ed-7c1d-8aeb-0cc2522aed74', 'workflow_type': 'ChainExecutorWorkflow'})
2026-01-15 00:20:36,622 - temporalio.workflow - INFO - Step edit_frame1: Approval request created, token: J3jl2Ou4b5nbP0C7... ({'attempt': 1, 'namespace': 'default', 'run_id': '019bbdd7-65ed-7c1d-8aeb-0cc2522aed74', 'task_queue': 'comfyui-gpu-farm', 'workflow_id': 'chain-image-edit-to-video-pipeline-c1d95503-67e2-430f-8a2d-a3a0741c5d26', 'workflow_type': 'ChainExecutorWorkflow'})
2026-01-15 00:20:37,346 - httpx - INFO - HTTP Request: GET http://procure-x.testmcp.org/history/3aba3694-79e8-4e49-9074-21eeb674dca0 "HTTP/1.1 200 OK"
2026-01-15 00:20:38,144 - temporalio.workflow - INFO - Received approval decision for step edit_frame1: approved by cli-user ({'attempt': 1, 'namespace': 'default', 'run_id': '019bbdd7-65ed-7c1d-8aeb-0cc2522aed74', 'task_queue': 'comfyui-gpu-farm', 'workflow_id': 'chain-image-edit-to-video-pipeline-c1d95503-67e2-430f-8a2d-a3a0741c5d26', 'workflow_type': 'ChainExecutorWorkflow'})
2026-01-15 00:20:38,144 - temporalio.workflow - INFO - Step edit_frame1: Approved by cli-user ({'attempt': 1, 'namespace': 'default', 'run_id': '019bbdd7-65ed-7c1d-8aeb-0cc2522aed74', 'task_queue': 'comfyui-gpu-farm', 'workflow_id': 'chain-image-edit-to-video-pipeline-c1d95503-67e2-430f-8a2d-a3a0741c5d26', 'workflow_type': 'ChainExecutorWorkflow'})
2026-01-15 00:20:38,144 - temporalio.workflow - INFO - Step edit_frame1: Approved ({'attempt': 1, 'namespace': 'default', 'run_id': '019bbdd7-65ed-7c1d-8aeb-0cc2522aed74', 'task_queue': 'comfyui-gpu-farm', 'workflow_id': 'chain-image-edit-to-video-pipeline-c1d95503-67e2-430f-8a2d-a3a0741c5d26', 'workflow_type': 'ChainExecutorWorkflow'})
2026-01-15 00:20:38,154 - temporalio.activity - INFO - Getting artifacts for workflow: 0df43b9d-00a1-4dc7-93ba-05e68a5fa0b5 ({'activity_id': '36', 'activity_type': 'get_workflow_artifacts', 'attempt': 1, 'namespace': 'default', 'task_queue': 'comfyui-gpu-farm', 'workflow_id': 'chain-image-edit-to-video-pipeline-c1d95503-67e2-430f-8a2d-a3a0741c5d26', 'workflow_run_id': '019bbdd7-65ed-7c1d-8aeb-0cc2522aed74', 'workflow_type': 'ChainExecutorWorkflow'})
2026-01-15 00:20:38,172 - temporal_gateway.services.broadcast - INFO - Published step_completed to chain:7368a39c-112d-4600-acc4-03339a2f5fda
2026-01-15 00:20:38,172 - temporalio.activity - INFO - Published step_completed event for edit_frame1 in chain 7368a39c-112d-4600-acc4-03339a2f5fda ({'activity_id': '37', 'activity_type': 'publish_step_completed_activity', 'attempt': 1, 'namespace': 'default', 'task_queue': 'comfyui-gpu-farm', 'workflow_id': 'chain-image-edit-to-video-pipeline-c1d95503-67e2-430f-8a2d-a3a0741c5d26', 'workflow_run_id': '019bbdd7-65ed-7c1d-8aeb-0cc2522aed74', 'workflow_type': 'ChainExecutorWorkflow'})
2026-01-15 00:20:38,374 - httpx - INFO - HTTP Request: GET http://procure-x.testmcp.org/history/3aba3694-79e8-4e49-9074-21eeb674dca0 "HTTP/1.1 200 OK"
2026-01-15 00:20:39,400 - httpx - INFO - HTTP Request: GET http://procure-x.testmcp.org/history/3aba3694-79e8-4e49-9074-21eeb674dca0 "HTTP/1.1 200 OK"
2026-01-15 00:20:40,419 - httpx - INFO - HTTP Request: GET http://procure-x.testmcp.org/history/3aba3694-79e8-4e49-9074-21eeb674dca0 "HTTP/1.1 200 OK"
2026-01-15 00:20:41,447 - httpx - INFO - HTTP Request: GET http://procure-x.testmcp.org/history/3aba3694-79e8-4e49-9074-21eeb674dca0 "HTTP/1.1 200 OK"
2026-01-15 00:20:42,476 - httpx - INFO - HTTP Request: GET http://procure-x.testmcp.org/history/3aba3694-79e8-4e49-9074-21eeb674dca0 "HTTP/1.1 200 OK"
2026-01-15 00:20:43,502 - httpx - INFO - HTTP Request: GET http://procure-x.testmcp.org/history/3aba3694-79e8-4e49-9074-21eeb674dca0 "HTTP/1.1 200 OK"
2026-01-15 00:20:44,523 - httpx - INFO - HTTP Request: GET http://procure-x.testmcp.org/history/3aba3694-79e8-4e49-9074-21eeb674dca0 "HTTP/1.1 200 OK"
2026-01-15 00:20:45,543 - httpx - INFO - HTTP Request: GET http://procure-x.testmcp.org/history/3aba3694-79e8-4e49-9074-21eeb674dca0 "HTTP/1.1 200 OK"
2026-01-15 00:20:46,565 - httpx - INFO - HTTP Request: GET http://procure-x.testmcp.org/history/3aba3694-79e8-4e49-9074-21eeb674dca0 "HTTP/1.1 200 OK"
2026-01-15 00:20:47,592 - httpx - INFO - HTTP Request: GET http://procure-x.testmcp.org/history/3aba3694-79e8-4e49-9074-21eeb674dca0 "HTTP/1.1 200 OK"
2026-01-15 00:20:48,616 - httpx - INFO - HTTP Request: GET http://procure-x.testmcp.org/history/3aba3694-79e8-4e49-9074-21eeb674dca0 "HTTP/1.1 200 OK"
2026-01-15 00:20:49,417 - temporalio.worker._worker - INFO - Worker cancelled, shutting down
2026-01-15 00:20:49,417 - temporalio.worker._worker - INFO - Beginning worker shutdown, will wait 0:00:00 before cancelling activities
2026-01-15 00:20:49,420 - temporalio.activity - WARNING - Completing activity as failed ({'activity_id': '1', 'activity_type': 'execute_and_track_workflow', 'attempt': 1, 'namespace': 'default', 'task_queue': 'comfyui-gpu-farm', 'workflow_id': 'chain-image-edit-to-video-pipeline-c1d95503-67e2-430f-8a2d-a3a0741c5d26-edit_frame2', 'workflow_run_id': '019bbdd7-960c-7026-a9e2-e56ece67771e', 'workflow_type': 'ComfyUIWorkflow'})
Traceback (most recent call last):
  File "/usr/lib/python3.10/asyncio/runners.py", line 44, in run
    return loop.run_until_complete(main)
  File "/usr/lib/python3.10/asyncio/base_events.py", line 636, in run_until_complete
    self.run_forever()
  File "/usr/lib/python3.10/asyncio/base_events.py", line 603, in run_forever
    self._run_once()
  File "/usr/lib/python3.10/asyncio/base_events.py", line 1871, in _run_once
    event_list = self._selector.select(timeout)
  File "/usr/lib/python3.10/selectors.py", line 469, in select
    fd_event_list = self._selector.poll(timeout, max_ev)
KeyboardInterrupt

During handling of the above exception, another exception occurred:

Traceback (most recent call last):
  File "/usr/lib/python3.10/asyncio/locks.py", line 214, in wait
    await fut
asyncio.exceptions.CancelledError

During handling of the above exception, another exception occurred:

Traceback (most recent call last):
  File "/home/jaskirat/Documents/comfyautomate/.venv/lib/python3.10/site-packages/temporalio/worker/_activity.py", line 316, in _handle_start_activity_task
    result = await self._execute_activity(
  File "/home/jaskirat/Documents/comfyautomate/.venv/lib/python3.10/site-packages/temporalio/worker/_activity.py", line 628, in _execute_activity
    return await impl.execute_activity(input)
  File "/home/jaskirat/Documents/comfyautomate/.venv/lib/python3.10/site-packages/temporalio/worker/_activity.py", line 823, in execute_activity
    return await input.fn(*input.args)
  File "/home/jaskirat/Documents/comfyautomate/temporal_gateway/activities/execute_workflow.py", line 61, in execute_and_track_workflow
    result = await client.execute_workflow(
  File "/home/jaskirat/Documents/comfyautomate/temporal_gateway/clients/comfy/client.py", line 97, in execute_workflow
    tracking_result = await tracker.track()
  File "/home/jaskirat/Documents/comfyautomate/temporal_gateway/clients/comfy/tracker.py", line 77, in track
    await asyncio.wait_for(
  File "/usr/lib/python3.10/asyncio/tasks.py", line 435, in wait_for
    return fut.result()
asyncio.exceptions.CancelledError
