2026-01-15 00:21:53,625 - worker - INFO - Initializing artifact database...
2026-01-15 00:21:53,629 - worker - INFO - Database initialized
2026-01-15 00:21:53,629 - worker - INFO - Connecting to Redis for event broadcasting...
2026-01-15 00:21:53,678 - temporal_gateway.services.broadcast - INFO - Created broadcast instance for redis://localhost:6379
2026-01-15 00:21:53,682 - temporal_gateway.services.broadcast - INFO - Broadcast connected to Redis
2026-01-15 00:21:53,682 - worker - INFO - Redis broadcast connected
2026-01-15 00:21:53,682 - worker - INFO - Loading server registry...
2026-01-15 00:21:53,682 - temporal_gateway.servers.registry - INFO - Registered server: procure-x (comfyui)
2026-01-15 00:21:53,682 - temporal_gateway.servers.registry - INFO - Loaded 1 servers from config
2026-01-15 00:21:53,682 - worker - INFO - Registered 1 servers
2026-01-15 00:21:53,682 - worker - INFO -   Server: procure-x (comfyui)
2026-01-15 00:21:53,870 - worker - INFO - ============================================================
2026-01-15 00:21:53,870 - worker - INFO - 🔧 Temporal Worker Started
2026-01-15 00:21:53,870 - worker - INFO - ============================================================
2026-01-15 00:21:53,870 - worker - INFO - Connected to Temporal: localhost:7233
2026-01-15 00:21:53,871 - worker - INFO - Task Queue: comfyui-gpu-farm
2026-01-15 00:21:53,871 - worker - INFO - Workflows: ['ComfyUIWorkflow', 'ChainExecutorWorkflow']
2026-01-15 00:21:53,871 - worker - INFO - Log file: /home/jaskirat/Documents/comfyautomate/temporal_gateway/logs/worker_20260114_185153.log
2026-01-15 00:21:53,871 - worker - INFO - ============================================================
2026-01-15 00:21:53,871 - worker - INFO - Worker is running. Press Ctrl+C to stop.
2026-01-15 00:24:19,225 - temporalio.workflow - INFO - Starting chain execution: image-edit-to-video-pipeline ({'attempt': 1, 'namespace': 'default', 'run_id': '019bbddb-d447-712c-879a-fbc3ba1b92ea', 'task_queue': 'comfyui-gpu-farm', 'workflow_id': 'chain-image-edit-to-video-pipeline-c544ce1f-b051-49d8-bbb7-4e882b0dff7c', 'workflow_type': 'ChainExecutorWorkflow'})
2026-01-15 00:24:19,225 - temporalio.workflow - INFO - Retry number: 0 ({'attempt': 1, 'namespace': 'default', 'run_id': '019bbddb-d447-712c-879a-fbc3ba1b92ea', 'task_queue': 'comfyui-gpu-farm', 'workflow_id': 'chain-image-edit-to-video-pipeline-c544ce1f-b051-49d8-bbb7-4e882b0dff7c', 'workflow_type': 'ChainExecutorWorkflow'})
2026-01-15 00:24:19,225 - temporalio.workflow - INFO - Cached steps: [] ({'attempt': 1, 'namespace': 'default', 'run_id': '019bbddb-d447-712c-879a-fbc3ba1b92ea', 'task_queue': 'comfyui-gpu-farm', 'workflow_id': 'chain-image-edit-to-video-pipeline-c544ce1f-b051-49d8-bbb7-4e882b0dff7c', 'workflow_type': 'ChainExecutorWorkflow'})
2026-01-15 00:24:19,225 - temporalio.workflow - INFO - Total levels: 3 ({'attempt': 1, 'namespace': 'default', 'run_id': '019bbddb-d447-712c-879a-fbc3ba1b92ea', 'task_queue': 'comfyui-gpu-farm', 'workflow_id': 'chain-image-edit-to-video-pipeline-c544ce1f-b051-49d8-bbb7-4e882b0dff7c', 'workflow_type': 'ChainExecutorWorkflow'})
2026-01-15 00:24:19,226 - temporalio.workflow - INFO - Using chain ID: 6dd30b03-1cd4-4472-9c01-fbd2a5d1da29 ({'attempt': 1, 'namespace': 'default', 'run_id': '019bbddb-d447-712c-879a-fbc3ba1b92ea', 'task_queue': 'comfyui-gpu-farm', 'workflow_id': 'chain-image-edit-to-video-pipeline-c544ce1f-b051-49d8-bbb7-4e882b0dff7c', 'workflow_type': 'ChainExecutorWorkflow'})
2026-01-15 00:24:19,237 - temporalio.activity - INFO - Updating chain 6dd30b03-1cd4-4472-9c01-fbd2a5d1da29 status to: executing_level_0 ({'activity_id': '1', 'activity_type': 'update_chain_status_activity', 'attempt': 1, 'namespace': 'default', 'task_queue': 'comfyui-gpu-farm', 'workflow_id': 'chain-image-edit-to-video-pipeline-c544ce1f-b051-49d8-bbb7-4e882b0dff7c', 'workflow_run_id': '019bbddb-d447-712c-879a-fbc3ba1b92ea', 'workflow_type': 'ChainExecutorWorkflow'})
2026-01-15 00:24:19,279 - temporalio.activity - INFO - ✓ Updated chain status ({'activity_id': '1', 'activity_type': 'update_chain_status_activity', 'attempt': 1, 'namespace': 'default', 'task_queue': 'comfyui-gpu-farm', 'workflow_id': 'chain-image-edit-to-video-pipeline-c544ce1f-b051-49d8-bbb7-4e882b0dff7c', 'workflow_run_id': '019bbddb-d447-712c-879a-fbc3ba1b92ea', 'workflow_type': 'ChainExecutorWorkflow'})
2026-01-15 00:24:19,288 - temporalio.workflow - INFO - Level 0: Executing 2 step(s) ({'attempt': 1, 'namespace': 'default', 'run_id': '019bbddb-d447-712c-879a-fbc3ba1b92ea', 'task_queue': 'comfyui-gpu-farm', 'workflow_id': 'chain-image-edit-to-video-pipeline-c544ce1f-b051-49d8-bbb7-4e882b0dff7c', 'workflow_type': 'ChainExecutorWorkflow'})
2026-01-15 00:24:19,289 - temporalio.workflow - INFO - Executing step: extract_frame1 ({'attempt': 1, 'namespace': 'default', 'run_id': '019bbddb-d447-712c-879a-fbc3ba1b92ea', 'task_queue': 'comfyui-gpu-farm', 'workflow_id': 'chain-image-edit-to-video-pipeline-c544ce1f-b051-49d8-bbb7-4e882b0dff7c', 'workflow_type': 'ChainExecutorWorkflow'})
2026-01-15 00:24:19,289 - temporalio.workflow - INFO - Executing step: extract_frame2 ({'attempt': 1, 'namespace': 'default', 'run_id': '019bbddb-d447-712c-879a-fbc3ba1b92ea', 'task_queue': 'comfyui-gpu-farm', 'workflow_id': 'chain-image-edit-to-video-pipeline-c544ce1f-b051-49d8-bbb7-4e882b0dff7c', 'workflow_type': 'ChainExecutorWorkflow'})
2026-01-15 00:24:19,297 - temporalio.activity - INFO - Resolving templates in parameters ({'activity_id': '3', 'activity_type': 'resolve_chain_templates', 'attempt': 1, 'namespace': 'default', 'task_queue': 'comfyui-gpu-farm', 'workflow_id': 'chain-image-edit-to-video-pipeline-c544ce1f-b051-49d8-bbb7-4e882b0dff7c', 'workflow_run_id': '019bbddb-d447-712c-879a-fbc3ba1b92ea', 'workflow_type': 'ChainExecutorWorkflow'})
2026-01-15 00:24:19,297 - temporalio.activity - INFO - Templates resolved successfully ({'activity_id': '3', 'activity_type': 'resolve_chain_templates', 'attempt': 1, 'namespace': 'default', 'task_queue': 'comfyui-gpu-farm', 'workflow_id': 'chain-image-edit-to-video-pipeline-c544ce1f-b051-49d8-bbb7-4e882b0dff7c', 'workflow_run_id': '019bbddb-d447-712c-879a-fbc3ba1b92ea', 'workflow_type': 'ChainExecutorWorkflow'})
2026-01-15 00:24:19,300 - temporalio.activity - INFO - Resolving templates in parameters ({'activity_id': '2', 'activity_type': 'resolve_chain_templates', 'attempt': 1, 'namespace': 'default', 'task_queue': 'comfyui-gpu-farm', 'workflow_id': 'chain-image-edit-to-video-pipeline-c544ce1f-b051-49d8-bbb7-4e882b0dff7c', 'workflow_run_id': '019bbddb-d447-712c-879a-fbc3ba1b92ea', 'workflow_type': 'ChainExecutorWorkflow'})
2026-01-15 00:24:19,300 - temporalio.activity - INFO - Templates resolved successfully ({'activity_id': '2', 'activity_type': 'resolve_chain_templates', 'attempt': 1, 'namespace': 'default', 'task_queue': 'comfyui-gpu-farm', 'workflow_id': 'chain-image-edit-to-video-pipeline-c544ce1f-b051-49d8-bbb7-4e882b0dff7c', 'workflow_run_id': '019bbddb-d447-712c-879a-fbc3ba1b92ea', 'workflow_type': 'ChainExecutorWorkflow'})
2026-01-15 00:24:19,318 - temporalio.activity - INFO - Applying parameters to workflow: imageSave ({'activity_id': '5', 'activity_type': 'apply_workflow_parameters', 'attempt': 1, 'namespace': 'default', 'task_queue': 'comfyui-gpu-farm', 'workflow_id': 'chain-image-edit-to-video-pipeline-c544ce1f-b051-49d8-bbb7-4e882b0dff7c', 'workflow_run_id': '019bbddb-d447-712c-879a-fbc3ba1b92ea', 'workflow_type': 'ChainExecutorWorkflow'})
2026-01-15 00:24:19,318 - temporal_gateway.registry - INFO - WorkflowRegistry initialized: /home/jaskirat/Documents/comfyautomate/templates
2026-01-15 00:24:19,319 - temporal_gateway.registry - INFO - ✓ fluxdev: Loading from override file
2026-01-15 00:24:19,319 - temporal_gateway.registry - INFO -   Loaded 13 parameters from override file
2026-01-15 00:24:19,319 - temporal_gateway.registry - INFO - ✓ firstEndTovideo: Loading from override file
2026-01-15 00:24:19,319 - temporal_gateway.registry - INFO -   Loaded 44 parameters from override file
2026-01-15 00:24:19,320 - temporal_gateway.registry - INFO - ✓ image_qwen_edit: Loading from override file
2026-01-15 00:24:19,321 - temporal_gateway.registry - INFO -   Loaded 27 parameters from override file
2026-01-15 00:24:19,322 - temporal_gateway.registry - INFO - ✓ video_wan2_2_14B_fun_camera_test: Loading from override file
2026-01-15 00:24:19,322 - temporal_gateway.registry - INFO -   Loaded 49 parameters from override file
2026-01-15 00:24:19,322 - temporal_gateway.registry - INFO - ✓ qwen_image_edit: Loading from override file
2026-01-15 00:24:19,323 - temporal_gateway.registry - INFO -   Loaded 25 parameters from override file
2026-01-15 00:24:19,323 - temporal_gateway.registry - INFO - ✓ video_wan2_2_14B_i2v: Loading from override file
2026-01-15 00:24:19,323 - temporal_gateway.registry - INFO -   Loaded 43 parameters from override file
2026-01-15 00:24:19,323 - temporal_gateway.registry - INFO - ✓ imageSave: Loading from override file
2026-01-15 00:24:19,324 - temporal_gateway.registry - INFO -   Loaded 9 parameters from override file
2026-01-15 00:24:19,324 - temporal_gateway.registry - INFO - Discovery complete: 7 workflows, 0 generated, 7 loaded, 0 regenerated
2026-01-15 00:24:19,324 - temporal_gateway.registry - INFO - Applied override: 1.frame_load_cap = 1
2026-01-15 00:24:19,324 - temporal_gateway.registry - INFO - Applied override: 1.select_every_nth = 1
2026-01-15 00:24:19,324 - temporal_gateway.registry - INFO - Applied override: 1.skip_first_frames = 0
2026-01-15 00:24:19,324 - temporal_gateway.registry - INFO - Applied override: 1.video = ComfyUI_00012_.mp4
2026-01-15 00:24:19,324 - temporalio.activity - INFO - Parameters applied successfully ({'activity_id': '5', 'activity_type': 'apply_workflow_parameters', 'attempt': 1, 'namespace': 'default', 'task_queue': 'comfyui-gpu-farm', 'workflow_id': 'chain-image-edit-to-video-pipeline-c544ce1f-b051-49d8-bbb7-4e882b0dff7c', 'workflow_run_id': '019bbddb-d447-712c-879a-fbc3ba1b92ea', 'workflow_type': 'ChainExecutorWorkflow'})
2026-01-15 00:24:19,325 - temporalio.activity - INFO - Applying parameters to workflow: imageSave ({'activity_id': '4', 'activity_type': 'apply_workflow_parameters', 'attempt': 1, 'namespace': 'default', 'task_queue': 'comfyui-gpu-farm', 'workflow_id': 'chain-image-edit-to-video-pipeline-c544ce1f-b051-49d8-bbb7-4e882b0dff7c', 'workflow_run_id': '019bbddb-d447-712c-879a-fbc3ba1b92ea', 'workflow_type': 'ChainExecutorWorkflow'})
2026-01-15 00:24:19,325 - temporal_gateway.registry - INFO - Applied override: 1.frame_load_cap = 1
2026-01-15 00:24:19,325 - temporal_gateway.registry - INFO - Applied override: 1.select_every_nth = 1
2026-01-15 00:24:19,325 - temporal_gateway.registry - INFO - Applied override: 1.skip_first_frames = 172
2026-01-15 00:24:19,325 - temporal_gateway.registry - INFO - Applied override: 1.video = ComfyUI_00012_.mp4
2026-01-15 00:24:19,325 - temporalio.activity - INFO - Parameters applied successfully ({'activity_id': '4', 'activity_type': 'apply_workflow_parameters', 'attempt': 1, 'namespace': 'default', 'task_queue': 'comfyui-gpu-farm', 'workflow_id': 'chain-image-edit-to-video-pipeline-c544ce1f-b051-49d8-bbb7-4e882b0dff7c', 'workflow_run_id': '019bbddb-d447-712c-879a-fbc3ba1b92ea', 'workflow_type': 'ChainExecutorWorkflow'})
2026-01-15 00:24:19,342 - temporalio.activity - INFO - Selecting server with strategy: least_loaded ({'activity_id': '7', 'activity_type': 'select_best_server', 'attempt': 1, 'namespace': 'default', 'task_queue': 'comfyui-gpu-farm', 'workflow_id': 'chain-image-edit-to-video-pipeline-c544ce1f-b051-49d8-bbb7-4e882b0dff7c', 'workflow_run_id': '019bbddb-d447-712c-879a-fbc3ba1b92ea', 'workflow_type': 'ChainExecutorWorkflow'})
2026-01-15 00:24:19,421 - temporalio.activity - INFO - Selecting server with strategy: least_loaded ({'activity_id': '6', 'activity_type': 'select_best_server', 'attempt': 1, 'namespace': 'default', 'task_queue': 'comfyui-gpu-farm', 'workflow_id': 'chain-image-edit-to-video-pipeline-c544ce1f-b051-49d8-bbb7-4e882b0dff7c', 'workflow_run_id': '019bbddb-d447-712c-879a-fbc3ba1b92ea', 'workflow_type': 'ChainExecutorWorkflow'})
2026-01-15 00:24:19,514 - httpx - INFO - HTTP Request: GET http://procure-x.testmcp.org/system_stats "HTTP/1.1 200 OK"
2026-01-15 00:24:19,525 - httpx - INFO - HTTP Request: GET http://procure-x.testmcp.org/system_stats "HTTP/1.1 200 OK"
2026-01-15 00:24:19,534 - httpx - INFO - HTTP Request: GET http://procure-x.testmcp.org/queue "HTTP/1.1 200 OK"
2026-01-15 00:24:19,539 - temporal_gateway.servers.load_balancer - INFO - Selected server procure-x (queue_depth=0, gpu_mem=0.0%)
2026-01-15 00:24:19,539 - temporalio.activity - INFO - Selected server: procure-x (http://procure-x.testmcp.org) ({'activity_id': '6', 'activity_type': 'select_best_server', 'attempt': 1, 'namespace': 'default', 'task_queue': 'comfyui-gpu-farm', 'workflow_id': 'chain-image-edit-to-video-pipeline-c544ce1f-b051-49d8-bbb7-4e882b0dff7c', 'workflow_run_id': '019bbddb-d447-712c-879a-fbc3ba1b92ea', 'workflow_type': 'ChainExecutorWorkflow'})
2026-01-15 00:24:19,544 - httpx - INFO - HTTP Request: GET http://procure-x.testmcp.org/queue "HTTP/1.1 200 OK"
2026-01-15 00:24:19,546 - temporal_gateway.servers.load_balancer - INFO - Selected server procure-x (queue_depth=0, gpu_mem=0.0%)
2026-01-15 00:24:19,546 - temporalio.activity - INFO - Selected server: procure-x (http://procure-x.testmcp.org) ({'activity_id': '7', 'activity_type': 'select_best_server', 'attempt': 1, 'namespace': 'default', 'task_queue': 'comfyui-gpu-farm', 'workflow_id': 'chain-image-edit-to-video-pipeline-c544ce1f-b051-49d8-bbb7-4e882b0dff7c', 'workflow_run_id': '019bbddb-d447-712c-879a-fbc3ba1b92ea', 'workflow_type': 'ChainExecutorWorkflow'})
2026-01-15 00:24:19,554 - temporalio.workflow - INFO - Step extract_frame1: Server http://procure-x.testmcp.org ({'attempt': 1, 'namespace': 'default', 'run_id': '019bbddb-d447-712c-879a-fbc3ba1b92ea', 'task_queue': 'comfyui-gpu-farm', 'workflow_id': 'chain-image-edit-to-video-pipeline-c544ce1f-b051-49d8-bbb7-4e882b0dff7c', 'workflow_type': 'ChainExecutorWorkflow'})
2026-01-15 00:24:19,555 - temporalio.workflow - INFO - Step extract_frame2: Server http://procure-x.testmcp.org ({'attempt': 1, 'namespace': 'default', 'run_id': '019bbddb-d447-712c-879a-fbc3ba1b92ea', 'task_queue': 'comfyui-gpu-farm', 'workflow_id': 'chain-image-edit-to-video-pipeline-c544ce1f-b051-49d8-bbb7-4e882b0dff7c', 'workflow_type': 'ChainExecutorWorkflow'})
2026-01-15 00:24:19,563 - temporalio.activity - INFO - Creating workflow record: imageSave (prompt: pending) ({'activity_id': '8', 'activity_type': 'create_workflow_record', 'attempt': 1, 'namespace': 'default', 'task_queue': 'comfyui-gpu-farm', 'workflow_id': 'chain-image-edit-to-video-pipeline-c544ce1f-b051-49d8-bbb7-4e882b0dff7c', 'workflow_run_id': '019bbddb-d447-712c-879a-fbc3ba1b92ea', 'workflow_type': 'ChainExecutorWorkflow'})
2026-01-15 00:24:19,571 - temporalio.activity - INFO - ✓ Created workflow record: d920a58f-e311-424b-8a00-ad8fe8f4e8a0 ({'activity_id': '8', 'activity_type': 'create_workflow_record', 'attempt': 1, 'namespace': 'default', 'task_queue': 'comfyui-gpu-farm', 'workflow_id': 'chain-image-edit-to-video-pipeline-c544ce1f-b051-49d8-bbb7-4e882b0dff7c', 'workflow_run_id': '019bbddb-d447-712c-879a-fbc3ba1b92ea', 'workflow_type': 'ChainExecutorWorkflow'})
2026-01-15 00:24:19,572 - temporalio.activity - INFO - Creating workflow record: imageSave (prompt: pending) ({'activity_id': '9', 'activity_type': 'create_workflow_record', 'attempt': 1, 'namespace': 'default', 'task_queue': 'comfyui-gpu-farm', 'workflow_id': 'chain-image-edit-to-video-pipeline-c544ce1f-b051-49d8-bbb7-4e882b0dff7c', 'workflow_run_id': '019bbddb-d447-712c-879a-fbc3ba1b92ea', 'workflow_type': 'ChainExecutorWorkflow'})
2026-01-15 00:24:19,576 - temporalio.activity - INFO - ✓ Created workflow record: 34dd9512-abde-4edc-9af0-58dc3ecef071 ({'activity_id': '9', 'activity_type': 'create_workflow_record', 'attempt': 1, 'namespace': 'default', 'task_queue': 'comfyui-gpu-farm', 'workflow_id': 'chain-image-edit-to-video-pipeline-c544ce1f-b051-49d8-bbb7-4e882b0dff7c', 'workflow_run_id': '019bbddb-d447-712c-879a-fbc3ba1b92ea', 'workflow_type': 'ChainExecutorWorkflow'})
2026-01-15 00:24:19,608 - temporalio.workflow - INFO - Starting ComfyUI workflow execution ({'attempt': 1, 'namespace': 'default', 'run_id': '019bbddb-d5c2-7741-ab0a-39e00672e478', 'task_queue': 'comfyui-gpu-farm', 'workflow_id': 'chain-image-edit-to-video-pipeline-c544ce1f-b051-49d8-bbb7-4e882b0dff7c-extract_frame1', 'workflow_type': 'ComfyUIWorkflow'})
2026-01-15 00:24:19,609 - temporalio.workflow - INFO - Generated client_id: b85dd8bd-2b9c-472d-b6e4-06a2a1be360c ({'attempt': 1, 'namespace': 'default', 'run_id': '019bbddb-d5c2-7741-ab0a-39e00672e478', 'task_queue': 'comfyui-gpu-farm', 'workflow_id': 'chain-image-edit-to-video-pipeline-c544ce1f-b051-49d8-bbb7-4e882b0dff7c-extract_frame1', 'workflow_type': 'ComfyUIWorkflow'})
2026-01-15 00:24:19,610 - temporalio.workflow - INFO - Using pre-selected server: http://procure-x.testmcp.org ({'attempt': 1, 'namespace': 'default', 'run_id': '019bbddb-d5c2-7741-ab0a-39e00672e478', 'task_queue': 'comfyui-gpu-farm', 'workflow_id': 'chain-image-edit-to-video-pipeline-c544ce1f-b051-49d8-bbb7-4e882b0dff7c-extract_frame1', 'workflow_type': 'ComfyUIWorkflow'})
2026-01-15 00:24:19,620 - temporalio.workflow - INFO - Starting ComfyUI workflow execution ({'attempt': 1, 'namespace': 'default', 'run_id': '019bbddb-d5ca-7c6e-bd2b-43236fb65abf', 'task_queue': 'comfyui-gpu-farm', 'workflow_id': 'chain-image-edit-to-video-pipeline-c544ce1f-b051-49d8-bbb7-4e882b0dff7c-extract_frame2', 'workflow_type': 'ComfyUIWorkflow'})
2026-01-15 00:24:19,620 - temporalio.workflow - INFO - Generated client_id: f313f6bc-1454-4893-ba53-2d7deac42699 ({'attempt': 1, 'namespace': 'default', 'run_id': '019bbddb-d5ca-7c6e-bd2b-43236fb65abf', 'task_queue': 'comfyui-gpu-farm', 'workflow_id': 'chain-image-edit-to-video-pipeline-c544ce1f-b051-49d8-bbb7-4e882b0dff7c-extract_frame2', 'workflow_type': 'ComfyUIWorkflow'})
2026-01-15 00:24:19,621 - temporalio.activity - INFO - [V3] Executing workflow on http://procure-x.testmcp.org ({'activity_id': '1', 'activity_type': 'execute_and_track_workflow', 'attempt': 1, 'namespace': 'default', 'task_queue': 'comfyui-gpu-farm', 'workflow_id': 'chain-image-edit-to-video-pipeline-c544ce1f-b051-49d8-bbb7-4e882b0dff7c-extract_frame1', 'workflow_run_id': '019bbddb-d5c2-7741-ab0a-39e00672e478', 'workflow_type': 'ComfyUIWorkflow'})
2026-01-15 00:24:19,621 - temporalio.workflow - INFO - Using pre-selected server: http://procure-x.testmcp.org ({'attempt': 1, 'namespace': 'default', 'run_id': '019bbddb-d5ca-7c6e-bd2b-43236fb65abf', 'task_queue': 'comfyui-gpu-farm', 'workflow_id': 'chain-image-edit-to-video-pipeline-c544ce1f-b051-49d8-bbb7-4e882b0dff7c-extract_frame2', 'workflow_type': 'ComfyUIWorkflow'})
2026-01-15 00:24:19,621 - temporalio.activity - INFO - [V3] Workflow name: imageSave ({'activity_id': '1', 'activity_type': 'execute_and_track_workflow', 'attempt': 1, 'namespace': 'default', 'task_queue': 'comfyui-gpu-farm', 'workflow_id': 'chain-image-edit-to-video-pipeline-c544ce1f-b051-49d8-bbb7-4e882b0dff7c-extract_frame1', 'workflow_run_id': '019bbddb-d5c2-7741-ab0a-39e00672e478', 'workflow_type': 'ComfyUIWorkflow'})
2026-01-15 00:24:19,663 - temporal_gateway.clients.comfy.client - INFO - ComfyUI client initialized for http://procure-x.testmcp.org
2026-01-15 00:24:19,663 - temporal_gateway.clients.comfy.client - INFO - Submitting workflow to ComfyUI
2026-01-15 00:24:19,673 - temporalio.activity - INFO - [V3] Executing workflow on http://procure-x.testmcp.org ({'activity_id': '1', 'activity_type': 'execute_and_track_workflow', 'attempt': 1, 'namespace': 'default', 'task_queue': 'comfyui-gpu-farm', 'workflow_id': 'chain-image-edit-to-video-pipeline-c544ce1f-b051-49d8-bbb7-4e882b0dff7c-extract_frame2', 'workflow_run_id': '019bbddb-d5ca-7c6e-bd2b-43236fb65abf', 'workflow_type': 'ComfyUIWorkflow'})
2026-01-15 00:24:19,674 - temporalio.activity - INFO - [V3] Workflow name: imageSave ({'activity_id': '1', 'activity_type': 'execute_and_track_workflow', 'attempt': 1, 'namespace': 'default', 'task_queue': 'comfyui-gpu-farm', 'workflow_id': 'chain-image-edit-to-video-pipeline-c544ce1f-b051-49d8-bbb7-4e882b0dff7c-extract_frame2', 'workflow_run_id': '019bbddb-d5ca-7c6e-bd2b-43236fb65abf', 'workflow_type': 'ComfyUIWorkflow'})
2026-01-15 00:24:19,716 - temporal_gateway.clients.comfy.client - INFO - ComfyUI client initialized for http://procure-x.testmcp.org
2026-01-15 00:24:19,716 - temporal_gateway.clients.comfy.client - INFO - Submitting workflow to ComfyUI
2026-01-15 00:24:19,718 - httpx - INFO - HTTP Request: POST http://procure-x.testmcp.org/prompt "HTTP/1.1 200 OK"
2026-01-15 00:24:19,719 - temporal_gateway.clients.comfy.client - INFO - Workflow queued with prompt_id: 6cc8d0ee-ef7e-4f22-acba-8015b008def3
2026-01-15 00:24:19,719 - temporal_gateway.clients.comfy.tracker - INFO - Starting execution tracking for prompt 6cc8d0ee-ef7e-4f22-acba-8015b008def3
2026-01-15 00:24:19,719 - temporal_gateway.clients.comfy.tracker - INFO - Starting history polling
2026-01-15 00:24:19,720 - temporal_gateway.clients.comfy.tracker - INFO - Starting WebSocket listener
2026-01-15 00:24:19,720 - temporal_gateway.clients.comfy.websocket - INFO - Connecting to WebSocket: ws://procure-x.testmcp.org/ws?clientId=b4d28fb1-03d3-4719-b553-3e5d71e30dc5
2026-01-15 00:24:19,765 - httpx - INFO - HTTP Request: GET http://procure-x.testmcp.org/history/6cc8d0ee-ef7e-4f22-acba-8015b008def3 "HTTP/1.1 200 OK"
2026-01-15 00:24:19,786 - temporal_gateway.clients.comfy.websocket - INFO - WebSocket connected successfully
2026-01-15 00:24:19,787 - httpx - INFO - HTTP Request: POST http://procure-x.testmcp.org/prompt "HTTP/1.1 200 OK"
2026-01-15 00:24:19,788 - temporal_gateway.clients.comfy.client - INFO - Workflow queued with prompt_id: 92883b29-177e-423e-a7f3-b5b54be56b9f
2026-01-15 00:24:19,788 - temporal_gateway.clients.comfy.tracker - INFO - Starting execution tracking for prompt 92883b29-177e-423e-a7f3-b5b54be56b9f
2026-01-15 00:24:19,788 - temporal_gateway.clients.comfy.tracker - INFO - Starting history polling
2026-01-15 00:24:19,789 - temporal_gateway.clients.comfy.tracker - INFO - Starting WebSocket listener
2026-01-15 00:24:19,789 - temporal_gateway.clients.comfy.websocket - INFO - Connecting to WebSocket: ws://procure-x.testmcp.org/ws?clientId=1299a9d9-dead-4516-87ec-804bc51cf4c6
2026-01-15 00:24:19,801 - httpx - INFO - HTTP Request: GET http://procure-x.testmcp.org/history/92883b29-177e-423e-a7f3-b5b54be56b9f "HTTP/1.1 200 OK"
2026-01-15 00:24:19,826 - temporal_gateway.clients.comfy.websocket - INFO - WebSocket connected successfully
2026-01-15 00:24:20,787 - httpx - INFO - HTTP Request: GET http://procure-x.testmcp.org/history/6cc8d0ee-ef7e-4f22-acba-8015b008def3 "HTTP/1.1 200 OK"
2026-01-15 00:24:20,836 - httpx - INFO - HTTP Request: GET http://procure-x.testmcp.org/history/92883b29-177e-423e-a7f3-b5b54be56b9f "HTTP/1.1 200 OK"
2026-01-15 00:24:21,196 - temporal_gateway.clients.comfy.tracker - INFO - [WS] Execution completed successfully
2026-01-15 00:24:21,704 - httpx - INFO - HTTP Request: GET http://procure-x.testmcp.org/history/6cc8d0ee-ef7e-4f22-acba-8015b008def3 "HTTP/1.1 200 OK"
2026-01-15 00:24:21,705 - temporal_gateway.clients.comfy.tracker - INFO - Tracking completed: success (took 1.99s)
2026-01-15 00:24:21,706 - temporalio.activity - INFO - [V3] Workflow completed successfully ({'activity_id': '1', 'activity_type': 'execute_and_track_workflow', 'attempt': 1, 'namespace': 'default', 'task_queue': 'comfyui-gpu-farm', 'workflow_id': 'chain-image-edit-to-video-pipeline-c544ce1f-b051-49d8-bbb7-4e882b0dff7c-extract_frame1', 'workflow_run_id': '019bbddb-d5c2-7741-ab0a-39e00672e478', 'workflow_type': 'ComfyUIWorkflow'})
2026-01-15 00:24:21,717 - temporalio.workflow - INFO - Execution completed successfully ({'attempt': 1, 'namespace': 'default', 'run_id': '019bbddb-d5c2-7741-ab0a-39e00672e478', 'task_queue': 'comfyui-gpu-farm', 'workflow_id': 'chain-image-edit-to-video-pipeline-c544ce1f-b051-49d8-bbb7-4e882b0dff7c-extract_frame1', 'workflow_type': 'ComfyUIWorkflow'})
2026-01-15 00:24:21,720 - temporal_gateway.clients.comfy.tracker - INFO - [WS] Execution completed successfully
2026-01-15 00:24:21,725 - temporalio.activity - INFO - Extracting server output files ({'activity_id': '2', 'activity_type': 'get_server_output_files', 'attempt': 1, 'namespace': 'default', 'task_queue': 'comfyui-gpu-farm', 'workflow_id': 'chain-image-edit-to-video-pipeline-c544ce1f-b051-49d8-bbb7-4e882b0dff7c-extract_frame1', 'workflow_run_id': '019bbddb-d5c2-7741-ab0a-39e00672e478', 'workflow_type': 'ComfyUIWorkflow'})
2026-01-15 00:24:21,726 - temporalio.activity - INFO - Found 1 output file(s) ({'activity_id': '2', 'activity_type': 'get_server_output_files', 'attempt': 1, 'namespace': 'default', 'task_queue': 'comfyui-gpu-farm', 'workflow_id': 'chain-image-edit-to-video-pipeline-c544ce1f-b051-49d8-bbb7-4e882b0dff7c-extract_frame1', 'workflow_run_id': '019bbddb-d5c2-7741-ab0a-39e00672e478', 'workflow_type': 'ComfyUIWorkflow'})
2026-01-15 00:24:21,734 - temporalio.workflow - INFO - Found 1 server output file(s) ({'attempt': 1, 'namespace': 'default', 'run_id': '019bbddb-d5c2-7741-ab0a-39e00672e478', 'task_queue': 'comfyui-gpu-farm', 'workflow_id': 'chain-image-edit-to-video-pipeline-c544ce1f-b051-49d8-bbb7-4e882b0dff7c-extract_frame1', 'workflow_type': 'ComfyUIWorkflow'})
2026-01-15 00:24:21,735 - httpx - INFO - HTTP Request: GET http://procure-x.testmcp.org/history/92883b29-177e-423e-a7f3-b5b54be56b9f "HTTP/1.1 200 OK"
2026-01-15 00:24:21,736 - temporal_gateway.clients.comfy.tracker - INFO - Tracking completed: success (took 1.95s)
2026-01-15 00:24:21,736 - temporalio.activity - INFO - [V3] Workflow completed successfully ({'activity_id': '1', 'activity_type': 'execute_and_track_workflow', 'attempt': 1, 'namespace': 'default', 'task_queue': 'comfyui-gpu-farm', 'workflow_id': 'chain-image-edit-to-video-pipeline-c544ce1f-b051-49d8-bbb7-4e882b0dff7c-extract_frame2', 'workflow_run_id': '019bbddb-d5ca-7c6e-bd2b-43236fb65abf', 'workflow_type': 'ComfyUIWorkflow'})
2026-01-15 00:24:21,744 - temporalio.activity - INFO - Downloading and persisting 1 artifact(s) for workflow d920a58f-e311-424b-8a00-ad8fe8f4e8a0 ({'activity_id': '3', 'activity_type': 'download_and_store_artifacts', 'attempt': 1, 'namespace': 'default', 'task_queue': 'comfyui-gpu-farm', 'workflow_id': 'chain-image-edit-to-video-pipeline-c544ce1f-b051-49d8-bbb7-4e882b0dff7c-extract_frame1', 'workflow_run_id': '019bbddb-d5c2-7741-ab0a-39e00672e478', 'workflow_type': 'ComfyUIWorkflow'})
2026-01-15 00:24:21,788 - temporal_gateway.clients.comfy.client - INFO - ComfyUI client initialized for http://procure-x.testmcp.org
2026-01-15 00:24:21,791 - temporalio.workflow - INFO - Execution completed successfully ({'attempt': 1, 'namespace': 'default', 'run_id': '019bbddb-d5ca-7c6e-bd2b-43236fb65abf', 'task_queue': 'comfyui-gpu-farm', 'workflow_id': 'chain-image-edit-to-video-pipeline-c544ce1f-b051-49d8-bbb7-4e882b0dff7c-extract_frame2', 'workflow_type': 'ComfyUIWorkflow'})
2026-01-15 00:24:21,799 - temporalio.activity - INFO - Extracting server output files ({'activity_id': '2', 'activity_type': 'get_server_output_files', 'attempt': 1, 'namespace': 'default', 'task_queue': 'comfyui-gpu-farm', 'workflow_id': 'chain-image-edit-to-video-pipeline-c544ce1f-b051-49d8-bbb7-4e882b0dff7c-extract_frame2', 'workflow_run_id': '019bbddb-d5ca-7c6e-bd2b-43236fb65abf', 'workflow_type': 'ComfyUIWorkflow'})
2026-01-15 00:24:21,799 - temporalio.activity - INFO - Found 1 output file(s) ({'activity_id': '2', 'activity_type': 'get_server_output_files', 'attempt': 1, 'namespace': 'default', 'task_queue': 'comfyui-gpu-farm', 'workflow_id': 'chain-image-edit-to-video-pipeline-c544ce1f-b051-49d8-bbb7-4e882b0dff7c-extract_frame2', 'workflow_run_id': '019bbddb-d5ca-7c6e-bd2b-43236fb65abf', 'workflow_type': 'ComfyUIWorkflow'})
2026-01-15 00:24:21,807 - temporalio.workflow - INFO - Found 1 server output file(s) ({'attempt': 1, 'namespace': 'default', 'run_id': '019bbddb-d5ca-7c6e-bd2b-43236fb65abf', 'task_queue': 'comfyui-gpu-farm', 'workflow_id': 'chain-image-edit-to-video-pipeline-c544ce1f-b051-49d8-bbb7-4e882b0dff7c-extract_frame2', 'workflow_type': 'ComfyUIWorkflow'})
2026-01-15 00:24:21,815 - temporalio.activity - INFO - Downloading and persisting 1 artifact(s) for workflow 34dd9512-abde-4edc-9af0-58dc3ecef071 ({'activity_id': '3', 'activity_type': 'download_and_store_artifacts', 'attempt': 1, 'namespace': 'default', 'task_queue': 'comfyui-gpu-farm', 'workflow_id': 'chain-image-edit-to-video-pipeline-c544ce1f-b051-49d8-bbb7-4e882b0dff7c-extract_frame2', 'workflow_run_id': '019bbddb-d5ca-7c6e-bd2b-43236fb65abf', 'workflow_type': 'ComfyUIWorkflow'})
2026-01-15 00:24:21,856 - temporal_gateway.clients.comfy.client - INFO - ComfyUI client initialized for http://procure-x.testmcp.org
2026-01-15 00:24:21,858 - httpx - INFO - HTTP Request: GET http://procure-x.testmcp.org/view?filename=ComfyUI_00281_.png&type=output "HTTP/1.1 200 OK"
2026-01-15 00:24:21,874 - temporalio.activity - INFO - ✓ Saved artifact to DB: d3fdd9d4-184d-457d-a061-3b21e9dd7362 (ComfyUI_00281_.png) ({'activity_id': '3', 'activity_type': 'download_and_store_artifacts', 'attempt': 1, 'namespace': 'default', 'task_queue': 'comfyui-gpu-farm', 'workflow_id': 'chain-image-edit-to-video-pipeline-c544ce1f-b051-49d8-bbb7-4e882b0dff7c-extract_frame1', 'workflow_run_id': '019bbddb-d5c2-7741-ab0a-39e00672e478', 'workflow_type': 'ComfyUIWorkflow'})
2026-01-15 00:24:21,875 - temporalio.activity - INFO - Downloaded and persisted 1 artifact(s) ({'activity_id': '3', 'activity_type': 'download_and_store_artifacts', 'attempt': 1, 'namespace': 'default', 'task_queue': 'comfyui-gpu-farm', 'workflow_id': 'chain-image-edit-to-video-pipeline-c544ce1f-b051-49d8-bbb7-4e882b0dff7c-extract_frame1', 'workflow_run_id': '019bbddb-d5c2-7741-ab0a-39e00672e478', 'workflow_type': 'ComfyUIWorkflow'})
2026-01-15 00:24:21,884 - temporalio.workflow - INFO - Downloaded 1 file(s) locally ({'attempt': 1, 'namespace': 'default', 'run_id': '019bbddb-d5c2-7741-ab0a-39e00672e478', 'task_queue': 'comfyui-gpu-farm', 'workflow_id': 'chain-image-edit-to-video-pipeline-c544ce1f-b051-49d8-bbb7-4e882b0dff7c-extract_frame1', 'workflow_type': 'ComfyUIWorkflow'})
2026-01-15 00:24:21,903 - temporalio.activity - INFO - Updating workflow d920a58f-e311-424b-8a00-ad8fe8f4e8a0 status to: completed ({'activity_id': '10', 'activity_type': 'update_workflow_status_activity', 'attempt': 1, 'namespace': 'default', 'task_queue': 'comfyui-gpu-farm', 'workflow_id': 'chain-image-edit-to-video-pipeline-c544ce1f-b051-49d8-bbb7-4e882b0dff7c', 'workflow_run_id': '019bbddb-d447-712c-879a-fbc3ba1b92ea', 'workflow_type': 'ChainExecutorWorkflow'})
2026-01-15 00:24:21,907 - temporalio.activity - INFO - ✓ Updated workflow status ({'activity_id': '10', 'activity_type': 'update_workflow_status_activity', 'attempt': 1, 'namespace': 'default', 'task_queue': 'comfyui-gpu-farm', 'workflow_id': 'chain-image-edit-to-video-pipeline-c544ce1f-b051-49d8-bbb7-4e882b0dff7c', 'workflow_run_id': '019bbddb-d447-712c-879a-fbc3ba1b92ea', 'workflow_type': 'ChainExecutorWorkflow'})
2026-01-15 00:24:21,907 - httpx - INFO - HTTP Request: GET http://procure-x.testmcp.org/view?filename=ComfyUI_00282_.png&type=output "HTTP/1.1 200 OK"
2026-01-15 00:24:21,924 - temporalio.activity - INFO - ✓ Saved artifact to DB: dfaa3fa8-6585-4486-9b12-1dc74aae5fe8 (ComfyUI_00282_.png) ({'activity_id': '3', 'activity_type': 'download_and_store_artifacts', 'attempt': 1, 'namespace': 'default', 'task_queue': 'comfyui-gpu-farm', 'workflow_id': 'chain-image-edit-to-video-pipeline-c544ce1f-b051-49d8-bbb7-4e882b0dff7c-extract_frame2', 'workflow_run_id': '019bbddb-d5ca-7c6e-bd2b-43236fb65abf', 'workflow_type': 'ComfyUIWorkflow'})
2026-01-15 00:24:21,925 - temporalio.activity - INFO - Downloaded and persisted 1 artifact(s) ({'activity_id': '3', 'activity_type': 'download_and_store_artifacts', 'attempt': 1, 'namespace': 'default', 'task_queue': 'comfyui-gpu-farm', 'workflow_id': 'chain-image-edit-to-video-pipeline-c544ce1f-b051-49d8-bbb7-4e882b0dff7c-extract_frame2', 'workflow_run_id': '019bbddb-d5ca-7c6e-bd2b-43236fb65abf', 'workflow_type': 'ComfyUIWorkflow'})
2026-01-15 00:24:21,925 - temporalio.activity - INFO - Getting artifacts for workflow: d920a58f-e311-424b-8a00-ad8fe8f4e8a0 ({'activity_id': '11', 'activity_type': 'get_workflow_artifacts', 'attempt': 1, 'namespace': 'default', 'task_queue': 'comfyui-gpu-farm', 'workflow_id': 'chain-image-edit-to-video-pipeline-c544ce1f-b051-49d8-bbb7-4e882b0dff7c', 'workflow_run_id': '019bbddb-d447-712c-879a-fbc3ba1b92ea', 'workflow_type': 'ChainExecutorWorkflow'})
2026-01-15 00:24:21,935 - temporalio.workflow - INFO - Downloaded 1 file(s) locally ({'attempt': 1, 'namespace': 'default', 'run_id': '019bbddb-d5ca-7c6e-bd2b-43236fb65abf', 'task_queue': 'comfyui-gpu-farm', 'workflow_id': 'chain-image-edit-to-video-pipeline-c544ce1f-b051-49d8-bbb7-4e882b0dff7c-extract_frame2', 'workflow_type': 'ComfyUIWorkflow'})
2026-01-15 00:24:21,948 - temporalio.activity - INFO - Creating approval request for artifact: d3fdd9d4-184d-457d-a061-3b21e9dd7362 ({'activity_id': '12', 'activity_type': 'create_approval_request_activity', 'attempt': 1, 'namespace': 'default', 'task_queue': 'comfyui-gpu-farm', 'workflow_id': 'chain-image-edit-to-video-pipeline-c544ce1f-b051-49d8-bbb7-4e882b0dff7c', 'workflow_run_id': '019bbddb-d447-712c-879a-fbc3ba1b92ea', 'workflow_type': 'ChainExecutorWorkflow'})
2026-01-15 00:24:21,958 - temporalio.activity - INFO - ✓ Created approval request: ff31ab9d-9420-4848-be3d-1d4ded292d94, token: OUaWedrrxLy2kbNF... ({'activity_id': '12', 'activity_type': 'create_approval_request_activity', 'attempt': 1, 'namespace': 'default', 'task_queue': 'comfyui-gpu-farm', 'workflow_id': 'chain-image-edit-to-video-pipeline-c544ce1f-b051-49d8-bbb7-4e882b0dff7c', 'workflow_run_id': '019bbddb-d447-712c-879a-fbc3ba1b92ea', 'workflow_type': 'ChainExecutorWorkflow'})
2026-01-15 00:24:21,961 - temporal_gateway.services.broadcast - INFO - Published approval_requested to chain:6dd30b03-1cd4-4472-9c01-fbd2a5d1da29
2026-01-15 00:24:21,961 - temporalio.activity - INFO - Published approval_requested event for chain 6dd30b03-1cd4-4472-9c01-fbd2a5d1da29 ({'activity_id': '12', 'activity_type': 'create_approval_request_activity', 'attempt': 1, 'namespace': 'default', 'task_queue': 'comfyui-gpu-farm', 'workflow_id': 'chain-image-edit-to-video-pipeline-c544ce1f-b051-49d8-bbb7-4e882b0dff7c', 'workflow_run_id': '019bbddb-d447-712c-879a-fbc3ba1b92ea', 'workflow_type': 'ChainExecutorWorkflow'})
2026-01-15 00:24:21,971 - temporalio.activity - INFO - Updating workflow 34dd9512-abde-4edc-9af0-58dc3ecef071 status to: completed ({'activity_id': '13', 'activity_type': 'update_workflow_status_activity', 'attempt': 1, 'namespace': 'default', 'task_queue': 'comfyui-gpu-farm', 'workflow_id': 'chain-image-edit-to-video-pipeline-c544ce1f-b051-49d8-bbb7-4e882b0dff7c', 'workflow_run_id': '019bbddb-d447-712c-879a-fbc3ba1b92ea', 'workflow_type': 'ChainExecutorWorkflow'})
2026-01-15 00:24:21,975 - temporalio.activity - INFO - ✓ Updated workflow status ({'activity_id': '13', 'activity_type': 'update_workflow_status_activity', 'attempt': 1, 'namespace': 'default', 'task_queue': 'comfyui-gpu-farm', 'workflow_id': 'chain-image-edit-to-video-pipeline-c544ce1f-b051-49d8-bbb7-4e882b0dff7c', 'workflow_run_id': '019bbddb-d447-712c-879a-fbc3ba1b92ea', 'workflow_type': 'ChainExecutorWorkflow'})
2026-01-15 00:24:21,976 - temporalio.workflow - INFO - Step extract_frame1: Approval request created, token: OUaWedrrxLy2kbNF... ({'attempt': 1, 'namespace': 'default', 'run_id': '019bbddb-d447-712c-879a-fbc3ba1b92ea', 'task_queue': 'comfyui-gpu-farm', 'workflow_id': 'chain-image-edit-to-video-pipeline-c544ce1f-b051-49d8-bbb7-4e882b0dff7c', 'workflow_type': 'ChainExecutorWorkflow'})
2026-01-15 00:24:21,991 - temporalio.activity - INFO - Getting artifacts for workflow: 34dd9512-abde-4edc-9af0-58dc3ecef071 ({'activity_id': '14', 'activity_type': 'get_workflow_artifacts', 'attempt': 1, 'namespace': 'default', 'task_queue': 'comfyui-gpu-farm', 'workflow_id': 'chain-image-edit-to-video-pipeline-c544ce1f-b051-49d8-bbb7-4e882b0dff7c', 'workflow_run_id': '019bbddb-d447-712c-879a-fbc3ba1b92ea', 'workflow_type': 'ChainExecutorWorkflow'})
2026-01-15 00:24:22,009 - temporalio.activity - INFO - Creating approval request for artifact: dfaa3fa8-6585-4486-9b12-1dc74aae5fe8 ({'activity_id': '15', 'activity_type': 'create_approval_request_activity', 'attempt': 1, 'namespace': 'default', 'task_queue': 'comfyui-gpu-farm', 'workflow_id': 'chain-image-edit-to-video-pipeline-c544ce1f-b051-49d8-bbb7-4e882b0dff7c', 'workflow_run_id': '019bbddb-d447-712c-879a-fbc3ba1b92ea', 'workflow_type': 'ChainExecutorWorkflow'})
2026-01-15 00:24:22,013 - temporalio.activity - INFO - ✓ Created approval request: 10a80e9f-7a49-4303-aeaf-b3aff075bad7, token: kOk2v_JcyAQsodmh... ({'activity_id': '15', 'activity_type': 'create_approval_request_activity', 'attempt': 1, 'namespace': 'default', 'task_queue': 'comfyui-gpu-farm', 'workflow_id': 'chain-image-edit-to-video-pipeline-c544ce1f-b051-49d8-bbb7-4e882b0dff7c', 'workflow_run_id': '019bbddb-d447-712c-879a-fbc3ba1b92ea', 'workflow_type': 'ChainExecutorWorkflow'})
2026-01-15 00:24:22,013 - temporal_gateway.services.broadcast - INFO - Published approval_requested to chain:6dd30b03-1cd4-4472-9c01-fbd2a5d1da29
2026-01-15 00:24:22,013 - temporalio.activity - INFO - Published approval_requested event for chain 6dd30b03-1cd4-4472-9c01-fbd2a5d1da29 ({'activity_id': '15', 'activity_type': 'create_approval_request_activity', 'attempt': 1, 'namespace': 'default', 'task_queue': 'comfyui-gpu-farm', 'workflow_id': 'chain-image-edit-to-video-pipeline-c544ce1f-b051-49d8-bbb7-4e882b0dff7c', 'workflow_run_id': '019bbddb-d447-712c-879a-fbc3ba1b92ea', 'workflow_type': 'ChainExecutorWorkflow'})
2026-01-15 00:24:22,022 - temporalio.workflow - INFO - Step extract_frame2: Approval request created, token: kOk2v_JcyAQsodmh... ({'attempt': 1, 'namespace': 'default', 'run_id': '019bbddb-d447-712c-879a-fbc3ba1b92ea', 'task_queue': 'comfyui-gpu-farm', 'workflow_id': 'chain-image-edit-to-video-pipeline-c544ce1f-b051-49d8-bbb7-4e882b0dff7c', 'workflow_type': 'ChainExecutorWorkflow'})
2026-01-15 00:24:25,524 - temporalio.workflow - INFO - Received approval decision for step extract_frame1: approved by cli-user ({'attempt': 1, 'namespace': 'default', 'run_id': '019bbddb-d447-712c-879a-fbc3ba1b92ea', 'task_queue': 'comfyui-gpu-farm', 'workflow_id': 'chain-image-edit-to-video-pipeline-c544ce1f-b051-49d8-bbb7-4e882b0dff7c', 'workflow_type': 'ChainExecutorWorkflow'})
2026-01-15 00:24:25,524 - temporalio.workflow - INFO - Step extract_frame1: Approved by cli-user ({'attempt': 1, 'namespace': 'default', 'run_id': '019bbddb-d447-712c-879a-fbc3ba1b92ea', 'task_queue': 'comfyui-gpu-farm', 'workflow_id': 'chain-image-edit-to-video-pipeline-c544ce1f-b051-49d8-bbb7-4e882b0dff7c', 'workflow_type': 'ChainExecutorWorkflow'})
2026-01-15 00:24:25,524 - temporalio.workflow - INFO - Step extract_frame1: Approved ({'attempt': 1, 'namespace': 'default', 'run_id': '019bbddb-d447-712c-879a-fbc3ba1b92ea', 'task_queue': 'comfyui-gpu-farm', 'workflow_id': 'chain-image-edit-to-video-pipeline-c544ce1f-b051-49d8-bbb7-4e882b0dff7c', 'workflow_type': 'ChainExecutorWorkflow'})
2026-01-15 00:24:25,534 - temporalio.activity - INFO - Getting artifacts for workflow: d920a58f-e311-424b-8a00-ad8fe8f4e8a0 ({'activity_id': '16', 'activity_type': 'get_workflow_artifacts', 'attempt': 1, 'namespace': 'default', 'task_queue': 'comfyui-gpu-farm', 'workflow_id': 'chain-image-edit-to-video-pipeline-c544ce1f-b051-49d8-bbb7-4e882b0dff7c', 'workflow_run_id': '019bbddb-d447-712c-879a-fbc3ba1b92ea', 'workflow_type': 'ChainExecutorWorkflow'})
2026-01-15 00:24:25,553 - temporal_gateway.services.broadcast - INFO - Published step_completed to chain:6dd30b03-1cd4-4472-9c01-fbd2a5d1da29
2026-01-15 00:24:25,553 - temporalio.activity - INFO - Published step_completed event for extract_frame1 in chain 6dd30b03-1cd4-4472-9c01-fbd2a5d1da29 ({'activity_id': '17', 'activity_type': 'publish_step_completed_activity', 'attempt': 1, 'namespace': 'default', 'task_queue': 'comfyui-gpu-farm', 'workflow_id': 'chain-image-edit-to-video-pipeline-c544ce1f-b051-49d8-bbb7-4e882b0dff7c', 'workflow_run_id': '019bbddb-d447-712c-879a-fbc3ba1b92ea', 'workflow_type': 'ChainExecutorWorkflow'})
2026-01-15 00:24:26,208 - temporalio.workflow - INFO - Received approval decision for step extract_frame2: approved by cli-user ({'attempt': 1, 'namespace': 'default', 'run_id': '019bbddb-d447-712c-879a-fbc3ba1b92ea', 'task_queue': 'comfyui-gpu-farm', 'workflow_id': 'chain-image-edit-to-video-pipeline-c544ce1f-b051-49d8-bbb7-4e882b0dff7c', 'workflow_type': 'ChainExecutorWorkflow'})
2026-01-15 00:24:26,208 - temporalio.workflow - INFO - Step extract_frame2: Approved by cli-user ({'attempt': 1, 'namespace': 'default', 'run_id': '019bbddb-d447-712c-879a-fbc3ba1b92ea', 'task_queue': 'comfyui-gpu-farm', 'workflow_id': 'chain-image-edit-to-video-pipeline-c544ce1f-b051-49d8-bbb7-4e882b0dff7c', 'workflow_type': 'ChainExecutorWorkflow'})
2026-01-15 00:24:26,208 - temporalio.workflow - INFO - Step extract_frame2: Approved ({'attempt': 1, 'namespace': 'default', 'run_id': '019bbddb-d447-712c-879a-fbc3ba1b92ea', 'task_queue': 'comfyui-gpu-farm', 'workflow_id': 'chain-image-edit-to-video-pipeline-c544ce1f-b051-49d8-bbb7-4e882b0dff7c', 'workflow_type': 'ChainExecutorWorkflow'})
2026-01-15 00:24:26,218 - temporalio.activity - INFO - Getting artifacts for workflow: 34dd9512-abde-4edc-9af0-58dc3ecef071 ({'activity_id': '18', 'activity_type': 'get_workflow_artifacts', 'attempt': 1, 'namespace': 'default', 'task_queue': 'comfyui-gpu-farm', 'workflow_id': 'chain-image-edit-to-video-pipeline-c544ce1f-b051-49d8-bbb7-4e882b0dff7c', 'workflow_run_id': '019bbddb-d447-712c-879a-fbc3ba1b92ea', 'workflow_type': 'ChainExecutorWorkflow'})
2026-01-15 00:24:26,238 - temporal_gateway.services.broadcast - INFO - Published step_completed to chain:6dd30b03-1cd4-4472-9c01-fbd2a5d1da29
2026-01-15 00:24:26,238 - temporalio.activity - INFO - Published step_completed event for extract_frame2 in chain 6dd30b03-1cd4-4472-9c01-fbd2a5d1da29 ({'activity_id': '19', 'activity_type': 'publish_step_completed_activity', 'attempt': 1, 'namespace': 'default', 'task_queue': 'comfyui-gpu-farm', 'workflow_id': 'chain-image-edit-to-video-pipeline-c544ce1f-b051-49d8-bbb7-4e882b0dff7c', 'workflow_run_id': '019bbddb-d447-712c-879a-fbc3ba1b92ea', 'workflow_type': 'ChainExecutorWorkflow'})
2026-01-15 00:24:26,247 - temporalio.workflow - INFO - Step extract_frame1: completed ({'attempt': 1, 'namespace': 'default', 'run_id': '019bbddb-d447-712c-879a-fbc3ba1b92ea', 'task_queue': 'comfyui-gpu-farm', 'workflow_id': 'chain-image-edit-to-video-pipeline-c544ce1f-b051-49d8-bbb7-4e882b0dff7c', 'workflow_type': 'ChainExecutorWorkflow'})
2026-01-15 00:24:26,248 - temporalio.workflow - INFO - Step extract_frame2: completed ({'attempt': 1, 'namespace': 'default', 'run_id': '019bbddb-d447-712c-879a-fbc3ba1b92ea', 'task_queue': 'comfyui-gpu-farm', 'workflow_id': 'chain-image-edit-to-video-pipeline-c544ce1f-b051-49d8-bbb7-4e882b0dff7c', 'workflow_type': 'ChainExecutorWorkflow'})
2026-01-15 00:24:26,257 - temporalio.activity - INFO - Updating chain 6dd30b03-1cd4-4472-9c01-fbd2a5d1da29 status to: executing_level_1 ({'activity_id': '20', 'activity_type': 'update_chain_status_activity', 'attempt': 1, 'namespace': 'default', 'task_queue': 'comfyui-gpu-farm', 'workflow_id': 'chain-image-edit-to-video-pipeline-c544ce1f-b051-49d8-bbb7-4e882b0dff7c', 'workflow_run_id': '019bbddb-d447-712c-879a-fbc3ba1b92ea', 'workflow_type': 'ChainExecutorWorkflow'})
2026-01-15 00:24:26,260 - temporalio.activity - INFO - ✓ Updated chain status ({'activity_id': '20', 'activity_type': 'update_chain_status_activity', 'attempt': 1, 'namespace': 'default', 'task_queue': 'comfyui-gpu-farm', 'workflow_id': 'chain-image-edit-to-video-pipeline-c544ce1f-b051-49d8-bbb7-4e882b0dff7c', 'workflow_run_id': '019bbddb-d447-712c-879a-fbc3ba1b92ea', 'workflow_type': 'ChainExecutorWorkflow'})
2026-01-15 00:24:26,270 - temporalio.workflow - INFO - Level 1: Executing 2 step(s) ({'attempt': 1, 'namespace': 'default', 'run_id': '019bbddb-d447-712c-879a-fbc3ba1b92ea', 'task_queue': 'comfyui-gpu-farm', 'workflow_id': 'chain-image-edit-to-video-pipeline-c544ce1f-b051-49d8-bbb7-4e882b0dff7c', 'workflow_type': 'ChainExecutorWorkflow'})
2026-01-15 00:24:26,271 - temporalio.workflow - INFO - Executing step: edit_frame1 ({'attempt': 1, 'namespace': 'default', 'run_id': '019bbddb-d447-712c-879a-fbc3ba1b92ea', 'task_queue': 'comfyui-gpu-farm', 'workflow_id': 'chain-image-edit-to-video-pipeline-c544ce1f-b051-49d8-bbb7-4e882b0dff7c', 'workflow_type': 'ChainExecutorWorkflow'})
2026-01-15 00:24:26,271 - temporalio.workflow - INFO - Executing step: edit_frame2 ({'attempt': 1, 'namespace': 'default', 'run_id': '019bbddb-d447-712c-879a-fbc3ba1b92ea', 'task_queue': 'comfyui-gpu-farm', 'workflow_id': 'chain-image-edit-to-video-pipeline-c544ce1f-b051-49d8-bbb7-4e882b0dff7c', 'workflow_type': 'ChainExecutorWorkflow'})
2026-01-15 00:24:26,280 - temporalio.activity - INFO - Resolving templates in parameters ({'activity_id': '22', 'activity_type': 'resolve_chain_templates', 'attempt': 1, 'namespace': 'default', 'task_queue': 'comfyui-gpu-farm', 'workflow_id': 'chain-image-edit-to-video-pipeline-c544ce1f-b051-49d8-bbb7-4e882b0dff7c', 'workflow_run_id': '019bbddb-d447-712c-879a-fbc3ba1b92ea', 'workflow_type': 'ChainExecutorWorkflow'})
2026-01-15 00:24:26,282 - temporalio.activity - INFO - Templates resolved successfully ({'activity_id': '22', 'activity_type': 'resolve_chain_templates', 'attempt': 1, 'namespace': 'default', 'task_queue': 'comfyui-gpu-farm', 'workflow_id': 'chain-image-edit-to-video-pipeline-c544ce1f-b051-49d8-bbb7-4e882b0dff7c', 'workflow_run_id': '019bbddb-d447-712c-879a-fbc3ba1b92ea', 'workflow_type': 'ChainExecutorWorkflow'})
2026-01-15 00:24:26,283 - temporalio.activity - INFO - Resolving templates in parameters ({'activity_id': '21', 'activity_type': 'resolve_chain_templates', 'attempt': 1, 'namespace': 'default', 'task_queue': 'comfyui-gpu-farm', 'workflow_id': 'chain-image-edit-to-video-pipeline-c544ce1f-b051-49d8-bbb7-4e882b0dff7c', 'workflow_run_id': '019bbddb-d447-712c-879a-fbc3ba1b92ea', 'workflow_type': 'ChainExecutorWorkflow'})
2026-01-15 00:24:26,284 - temporalio.activity - INFO - Templates resolved successfully ({'activity_id': '21', 'activity_type': 'resolve_chain_templates', 'attempt': 1, 'namespace': 'default', 'task_queue': 'comfyui-gpu-farm', 'workflow_id': 'chain-image-edit-to-video-pipeline-c544ce1f-b051-49d8-bbb7-4e882b0dff7c', 'workflow_run_id': '019bbddb-d447-712c-879a-fbc3ba1b92ea', 'workflow_type': 'ChainExecutorWorkflow'})
2026-01-15 00:24:26,301 - temporalio.activity - INFO - Applying parameters to workflow: qwen_image_edit ({'activity_id': '24', 'activity_type': 'apply_workflow_parameters', 'attempt': 1, 'namespace': 'default', 'task_queue': 'comfyui-gpu-farm', 'workflow_id': 'chain-image-edit-to-video-pipeline-c544ce1f-b051-49d8-bbb7-4e882b0dff7c', 'workflow_run_id': '019bbddb-d447-712c-879a-fbc3ba1b92ea', 'workflow_type': 'ChainExecutorWorkflow'})
2026-01-15 00:24:26,301 - temporal_gateway.registry - INFO - Applied override: 111.prompt = Make the scene more vibrant and colorful with enhanced details
2026-01-15 00:24:26,302 - temporal_gateway.registry - INFO - Applied override: 78.image = ComfyUI_00281_.png
2026-01-15 00:24:26,302 - temporalio.activity - INFO - Parameters applied successfully ({'activity_id': '24', 'activity_type': 'apply_workflow_parameters', 'attempt': 1, 'namespace': 'default', 'task_queue': 'comfyui-gpu-farm', 'workflow_id': 'chain-image-edit-to-video-pipeline-c544ce1f-b051-49d8-bbb7-4e882b0dff7c', 'workflow_run_id': '019bbddb-d447-712c-879a-fbc3ba1b92ea', 'workflow_type': 'ChainExecutorWorkflow'})
2026-01-15 00:24:26,303 - temporalio.activity - INFO - Applying parameters to workflow: qwen_image_edit ({'activity_id': '23', 'activity_type': 'apply_workflow_parameters', 'attempt': 1, 'namespace': 'default', 'task_queue': 'comfyui-gpu-farm', 'workflow_id': 'chain-image-edit-to-video-pipeline-c544ce1f-b051-49d8-bbb7-4e882b0dff7c', 'workflow_run_id': '019bbddb-d447-712c-879a-fbc3ba1b92ea', 'workflow_type': 'ChainExecutorWorkflow'})
2026-01-15 00:24:26,304 - temporal_gateway.registry - INFO - Applied override: 111.prompt = Make the scene more vibrant and colorful with enhanced details
2026-01-15 00:24:26,304 - temporal_gateway.registry - INFO - Applied override: 78.image = ComfyUI_00282_.png
2026-01-15 00:24:26,304 - temporalio.activity - INFO - Parameters applied successfully ({'activity_id': '23', 'activity_type': 'apply_workflow_parameters', 'attempt': 1, 'namespace': 'default', 'task_queue': 'comfyui-gpu-farm', 'workflow_id': 'chain-image-edit-to-video-pipeline-c544ce1f-b051-49d8-bbb7-4e882b0dff7c', 'workflow_run_id': '019bbddb-d447-712c-879a-fbc3ba1b92ea', 'workflow_type': 'ChainExecutorWorkflow'})
2026-01-15 00:24:26,320 - temporalio.activity - INFO - Selecting server with strategy: least_loaded ({'activity_id': '26', 'activity_type': 'select_best_server', 'attempt': 1, 'namespace': 'default', 'task_queue': 'comfyui-gpu-farm', 'workflow_id': 'chain-image-edit-to-video-pipeline-c544ce1f-b051-49d8-bbb7-4e882b0dff7c', 'workflow_run_id': '019bbddb-d447-712c-879a-fbc3ba1b92ea', 'workflow_type': 'ChainExecutorWorkflow'})
2026-01-15 00:24:26,364 - temporalio.activity - INFO - Selecting server with strategy: least_loaded ({'activity_id': '25', 'activity_type': 'select_best_server', 'attempt': 1, 'namespace': 'default', 'task_queue': 'comfyui-gpu-farm', 'workflow_id': 'chain-image-edit-to-video-pipeline-c544ce1f-b051-49d8-bbb7-4e882b0dff7c', 'workflow_run_id': '019bbddb-d447-712c-879a-fbc3ba1b92ea', 'workflow_type': 'ChainExecutorWorkflow'})
2026-01-15 00:24:26,467 - httpx - INFO - HTTP Request: GET http://procure-x.testmcp.org/system_stats "HTTP/1.1 200 OK"
2026-01-15 00:24:26,478 - httpx - INFO - HTTP Request: GET http://procure-x.testmcp.org/system_stats "HTTP/1.1 200 OK"
2026-01-15 00:24:26,490 - httpx - INFO - HTTP Request: GET http://procure-x.testmcp.org/queue "HTTP/1.1 200 OK"
2026-01-15 00:24:26,495 - temporal_gateway.servers.load_balancer - INFO - Selected server procure-x (queue_depth=0, gpu_mem=0.0%)
2026-01-15 00:24:26,496 - temporalio.activity - INFO - Selected server: procure-x (http://procure-x.testmcp.org) ({'activity_id': '26', 'activity_type': 'select_best_server', 'attempt': 1, 'namespace': 'default', 'task_queue': 'comfyui-gpu-farm', 'workflow_id': 'chain-image-edit-to-video-pipeline-c544ce1f-b051-49d8-bbb7-4e882b0dff7c', 'workflow_run_id': '019bbddb-d447-712c-879a-fbc3ba1b92ea', 'workflow_type': 'ChainExecutorWorkflow'})
2026-01-15 00:24:26,499 - httpx - INFO - HTTP Request: GET http://procure-x.testmcp.org/queue "HTTP/1.1 200 OK"
2026-01-15 00:24:26,503 - temporal_gateway.servers.load_balancer - INFO - Selected server procure-x (queue_depth=0, gpu_mem=0.0%)
2026-01-15 00:24:26,503 - temporalio.activity - INFO - Selected server: procure-x (http://procure-x.testmcp.org) ({'activity_id': '25', 'activity_type': 'select_best_server', 'attempt': 1, 'namespace': 'default', 'task_queue': 'comfyui-gpu-farm', 'workflow_id': 'chain-image-edit-to-video-pipeline-c544ce1f-b051-49d8-bbb7-4e882b0dff7c', 'workflow_run_id': '019bbddb-d447-712c-879a-fbc3ba1b92ea', 'workflow_type': 'ChainExecutorWorkflow'})
2026-01-15 00:24:26,515 - temporalio.workflow - INFO - Step edit_frame2: Server http://procure-x.testmcp.org ({'attempt': 1, 'namespace': 'default', 'run_id': '019bbddb-d447-712c-879a-fbc3ba1b92ea', 'task_queue': 'comfyui-gpu-farm', 'workflow_id': 'chain-image-edit-to-video-pipeline-c544ce1f-b051-49d8-bbb7-4e882b0dff7c', 'workflow_type': 'ChainExecutorWorkflow'})
2026-01-15 00:24:26,515 - temporalio.workflow - INFO - Step edit_frame1: Server http://procure-x.testmcp.org ({'attempt': 1, 'namespace': 'default', 'run_id': '019bbddb-d447-712c-879a-fbc3ba1b92ea', 'task_queue': 'comfyui-gpu-farm', 'workflow_id': 'chain-image-edit-to-video-pipeline-c544ce1f-b051-49d8-bbb7-4e882b0dff7c', 'workflow_type': 'ChainExecutorWorkflow'})
2026-01-15 00:24:26,524 - temporalio.activity - INFO - Getting artifacts for workflow: 34dd9512-abde-4edc-9af0-58dc3ecef071 ({'activity_id': '27', 'activity_type': 'get_workflow_artifacts', 'attempt': 1, 'namespace': 'default', 'task_queue': 'comfyui-gpu-farm', 'workflow_id': 'chain-image-edit-to-video-pipeline-c544ce1f-b051-49d8-bbb7-4e882b0dff7c', 'workflow_run_id': '019bbddb-d447-712c-879a-fbc3ba1b92ea', 'workflow_type': 'ChainExecutorWorkflow'})
2026-01-15 00:24:26,526 - temporalio.activity - INFO - Getting artifacts for workflow: d920a58f-e311-424b-8a00-ad8fe8f4e8a0 ({'activity_id': '28', 'activity_type': 'get_workflow_artifacts', 'attempt': 1, 'namespace': 'default', 'task_queue': 'comfyui-gpu-farm', 'workflow_id': 'chain-image-edit-to-video-pipeline-c544ce1f-b051-49d8-bbb7-4e882b0dff7c', 'workflow_run_id': '019bbddb-d447-712c-879a-fbc3ba1b92ea', 'workflow_type': 'ChainExecutorWorkflow'})
2026-01-15 00:24:26,536 - temporalio.workflow - INFO - Transferring 1 artifact(s) from extract_frame2 ({'attempt': 1, 'namespace': 'default', 'run_id': '019bbddb-d447-712c-879a-fbc3ba1b92ea', 'task_queue': 'comfyui-gpu-farm', 'workflow_id': 'chain-image-edit-to-video-pipeline-c544ce1f-b051-49d8-bbb7-4e882b0dff7c', 'workflow_type': 'ChainExecutorWorkflow'})
2026-01-15 00:24:26,536 - temporalio.workflow - INFO - Transferring 1 artifact(s) from extract_frame1 ({'attempt': 1, 'namespace': 'default', 'run_id': '019bbddb-d447-712c-879a-fbc3ba1b92ea', 'task_queue': 'comfyui-gpu-farm', 'workflow_id': 'chain-image-edit-to-video-pipeline-c544ce1f-b051-49d8-bbb7-4e882b0dff7c', 'workflow_type': 'ChainExecutorWorkflow'})
2026-01-15 00:24:26,544 - temporalio.activity - INFO - Transferring 1 artifact(s) from workflow 34dd9512-abde-4edc-9af0-58dc3ecef071 to http://procure-x.testmcp.org ({'activity_id': '29', 'activity_type': 'transfer_artifacts_from_storage', 'attempt': 1, 'namespace': 'default', 'task_queue': 'comfyui-gpu-farm', 'workflow_id': 'chain-image-edit-to-video-pipeline-c544ce1f-b051-49d8-bbb7-4e882b0dff7c', 'workflow_run_id': '019bbddb-d447-712c-879a-fbc3ba1b92ea', 'workflow_type': 'ChainExecutorWorkflow'})
2026-01-15 00:24:26,588 - temporal_gateway.clients.comfy.client - INFO - ComfyUI client initialized for http://procure-x.testmcp.org
2026-01-15 00:24:26,598 - temporalio.activity - INFO - Uploading: ComfyUI_00282_.png from local storage to http://procure-x.testmcp.org/input/ ({'activity_id': '29', 'activity_type': 'transfer_artifacts_from_storage', 'attempt': 1, 'namespace': 'default', 'task_queue': 'comfyui-gpu-farm', 'workflow_id': 'chain-image-edit-to-video-pipeline-c544ce1f-b051-49d8-bbb7-4e882b0dff7c', 'workflow_run_id': '019bbddb-d447-712c-879a-fbc3ba1b92ea', 'workflow_type': 'ChainExecutorWorkflow'})
2026-01-15 00:24:26,600 - temporalio.activity - INFO - Transferring 1 artifact(s) from workflow d920a58f-e311-424b-8a00-ad8fe8f4e8a0 to http://procure-x.testmcp.org ({'activity_id': '30', 'activity_type': 'transfer_artifacts_from_storage', 'attempt': 1, 'namespace': 'default', 'task_queue': 'comfyui-gpu-farm', 'workflow_id': 'chain-image-edit-to-video-pipeline-c544ce1f-b051-49d8-bbb7-4e882b0dff7c', 'workflow_run_id': '019bbddb-d447-712c-879a-fbc3ba1b92ea', 'workflow_type': 'ChainExecutorWorkflow'})
2026-01-15 00:24:26,642 - temporal_gateway.clients.comfy.client - INFO - ComfyUI client initialized for http://procure-x.testmcp.org
2026-01-15 00:24:26,646 - temporalio.activity - INFO - Uploading: ComfyUI_00281_.png from local storage to http://procure-x.testmcp.org/input/ ({'activity_id': '30', 'activity_type': 'transfer_artifacts_from_storage', 'attempt': 1, 'namespace': 'default', 'task_queue': 'comfyui-gpu-farm', 'workflow_id': 'chain-image-edit-to-video-pipeline-c544ce1f-b051-49d8-bbb7-4e882b0dff7c', 'workflow_run_id': '019bbddb-d447-712c-879a-fbc3ba1b92ea', 'workflow_type': 'ChainExecutorWorkflow'})
2026-01-15 00:24:26,707 - httpx - INFO - HTTP Request: POST http://procure-x.testmcp.org/upload/image "HTTP/1.1 200 OK"
2026-01-15 00:24:26,709 - temporalio.activity - INFO - ✓ Uploaded: ComfyUI_00282_.png (119859 bytes) ({'activity_id': '29', 'activity_type': 'transfer_artifacts_from_storage', 'attempt': 1, 'namespace': 'default', 'task_queue': 'comfyui-gpu-farm', 'workflow_id': 'chain-image-edit-to-video-pipeline-c544ce1f-b051-49d8-bbb7-4e882b0dff7c', 'workflow_run_id': '019bbddb-d447-712c-879a-fbc3ba1b92ea', 'workflow_type': 'ChainExecutorWorkflow'})
2026-01-15 00:24:26,716 - temporalio.activity - INFO - Successfully transferred 1 file(s) ({'activity_id': '29', 'activity_type': 'transfer_artifacts_from_storage', 'attempt': 1, 'namespace': 'default', 'task_queue': 'comfyui-gpu-farm', 'workflow_id': 'chain-image-edit-to-video-pipeline-c544ce1f-b051-49d8-bbb7-4e882b0dff7c', 'workflow_run_id': '019bbddb-d447-712c-879a-fbc3ba1b92ea', 'workflow_type': 'ChainExecutorWorkflow'})
2026-01-15 00:24:26,718 - httpx - INFO - HTTP Request: POST http://procure-x.testmcp.org/upload/image "HTTP/1.1 200 OK"
2026-01-15 00:24:26,719 - temporalio.activity - INFO - ✓ Uploaded: ComfyUI_00281_.png (105368 bytes) ({'activity_id': '30', 'activity_type': 'transfer_artifacts_from_storage', 'attempt': 1, 'namespace': 'default', 'task_queue': 'comfyui-gpu-farm', 'workflow_id': 'chain-image-edit-to-video-pipeline-c544ce1f-b051-49d8-bbb7-4e882b0dff7c', 'workflow_run_id': '019bbddb-d447-712c-879a-fbc3ba1b92ea', 'workflow_type': 'ChainExecutorWorkflow'})
2026-01-15 00:24:26,725 - temporalio.activity - INFO - Successfully transferred 1 file(s) ({'activity_id': '30', 'activity_type': 'transfer_artifacts_from_storage', 'attempt': 1, 'namespace': 'default', 'task_queue': 'comfyui-gpu-farm', 'workflow_id': 'chain-image-edit-to-video-pipeline-c544ce1f-b051-49d8-bbb7-4e882b0dff7c', 'workflow_run_id': '019bbddb-d447-712c-879a-fbc3ba1b92ea', 'workflow_type': 'ChainExecutorWorkflow'})
2026-01-15 00:24:26,740 - temporalio.activity - INFO - Creating workflow record: qwen_image_edit (prompt: pending) ({'activity_id': '31', 'activity_type': 'create_workflow_record', 'attempt': 1, 'namespace': 'default', 'task_queue': 'comfyui-gpu-farm', 'workflow_id': 'chain-image-edit-to-video-pipeline-c544ce1f-b051-49d8-bbb7-4e882b0dff7c', 'workflow_run_id': '019bbddb-d447-712c-879a-fbc3ba1b92ea', 'workflow_type': 'ChainExecutorWorkflow'})
2026-01-15 00:24:26,743 - temporalio.activity - INFO - ✓ Created workflow record: ba0820e8-2661-4595-87e5-d8c0e0a5b4ac ({'activity_id': '31', 'activity_type': 'create_workflow_record', 'attempt': 1, 'namespace': 'default', 'task_queue': 'comfyui-gpu-farm', 'workflow_id': 'chain-image-edit-to-video-pipeline-c544ce1f-b051-49d8-bbb7-4e882b0dff7c', 'workflow_run_id': '019bbddb-d447-712c-879a-fbc3ba1b92ea', 'workflow_type': 'ChainExecutorWorkflow'})
2026-01-15 00:24:26,746 - temporalio.activity - INFO - Creating workflow record: qwen_image_edit (prompt: pending) ({'activity_id': '32', 'activity_type': 'create_workflow_record', 'attempt': 1, 'namespace': 'default', 'task_queue': 'comfyui-gpu-farm', 'workflow_id': 'chain-image-edit-to-video-pipeline-c544ce1f-b051-49d8-bbb7-4e882b0dff7c', 'workflow_run_id': '019bbddb-d447-712c-879a-fbc3ba1b92ea', 'workflow_type': 'ChainExecutorWorkflow'})
2026-01-15 00:24:26,750 - temporalio.activity - INFO - ✓ Created workflow record: 36d359f7-addc-46e0-862b-a1715ac60cf6 ({'activity_id': '32', 'activity_type': 'create_workflow_record', 'attempt': 1, 'namespace': 'default', 'task_queue': 'comfyui-gpu-farm', 'workflow_id': 'chain-image-edit-to-video-pipeline-c544ce1f-b051-49d8-bbb7-4e882b0dff7c', 'workflow_run_id': '019bbddb-d447-712c-879a-fbc3ba1b92ea', 'workflow_type': 'ChainExecutorWorkflow'})
2026-01-15 00:24:26,779 - temporalio.workflow - INFO - Starting ComfyUI workflow execution ({'attempt': 1, 'namespace': 'default', 'run_id': '019bbddb-f1c8-7534-b05a-7bcd8dbe7cb4', 'task_queue': 'comfyui-gpu-farm', 'workflow_id': 'chain-image-edit-to-video-pipeline-c544ce1f-b051-49d8-bbb7-4e882b0dff7c-edit_frame2', 'workflow_type': 'ComfyUIWorkflow'})
2026-01-15 00:24:26,780 - temporalio.workflow - INFO - Generated client_id: b07052d4-1911-41b1-88d6-d1b14897e041 ({'attempt': 1, 'namespace': 'default', 'run_id': '019bbddb-f1c8-7534-b05a-7bcd8dbe7cb4', 'task_queue': 'comfyui-gpu-farm', 'workflow_id': 'chain-image-edit-to-video-pipeline-c544ce1f-b051-49d8-bbb7-4e882b0dff7c-edit_frame2', 'workflow_type': 'ComfyUIWorkflow'})
2026-01-15 00:24:26,780 - temporalio.workflow - INFO - Using pre-selected server: http://procure-x.testmcp.org ({'attempt': 1, 'namespace': 'default', 'run_id': '019bbddb-f1c8-7534-b05a-7bcd8dbe7cb4', 'task_queue': 'comfyui-gpu-farm', 'workflow_id': 'chain-image-edit-to-video-pipeline-c544ce1f-b051-49d8-bbb7-4e882b0dff7c-edit_frame2', 'workflow_type': 'ComfyUIWorkflow'})
2026-01-15 00:24:26,793 - temporalio.workflow - INFO - Starting ComfyUI workflow execution ({'attempt': 1, 'namespace': 'default', 'run_id': '019bbddb-f1d1-76aa-8b70-60402c2d786c', 'task_queue': 'comfyui-gpu-farm', 'workflow_id': 'chain-image-edit-to-video-pipeline-c544ce1f-b051-49d8-bbb7-4e882b0dff7c-edit_frame1', 'workflow_type': 'ComfyUIWorkflow'})
2026-01-15 00:24:26,793 - temporalio.activity - INFO - [V3] Executing workflow on http://procure-x.testmcp.org ({'activity_id': '1', 'activity_type': 'execute_and_track_workflow', 'attempt': 1, 'namespace': 'default', 'task_queue': 'comfyui-gpu-farm', 'workflow_id': 'chain-image-edit-to-video-pipeline-c544ce1f-b051-49d8-bbb7-4e882b0dff7c-edit_frame2', 'workflow_run_id': '019bbddb-f1c8-7534-b05a-7bcd8dbe7cb4', 'workflow_type': 'ComfyUIWorkflow'})
2026-01-15 00:24:26,794 - temporalio.workflow - INFO - Generated client_id: 59f61d8b-2611-472d-8e63-b1b6ab6b95ee ({'attempt': 1, 'namespace': 'default', 'run_id': '019bbddb-f1d1-76aa-8b70-60402c2d786c', 'task_queue': 'comfyui-gpu-farm', 'workflow_id': 'chain-image-edit-to-video-pipeline-c544ce1f-b051-49d8-bbb7-4e882b0dff7c-edit_frame1', 'workflow_type': 'ComfyUIWorkflow'})
2026-01-15 00:24:26,794 - temporalio.activity - INFO - [V3] Workflow name: qwen_image_edit ({'activity_id': '1', 'activity_type': 'execute_and_track_workflow', 'attempt': 1, 'namespace': 'default', 'task_queue': 'comfyui-gpu-farm', 'workflow_id': 'chain-image-edit-to-video-pipeline-c544ce1f-b051-49d8-bbb7-4e882b0dff7c-edit_frame2', 'workflow_run_id': '019bbddb-f1c8-7534-b05a-7bcd8dbe7cb4', 'workflow_type': 'ComfyUIWorkflow'})
2026-01-15 00:24:26,794 - temporalio.workflow - INFO - Using pre-selected server: http://procure-x.testmcp.org ({'attempt': 1, 'namespace': 'default', 'run_id': '019bbddb-f1d1-76aa-8b70-60402c2d786c', 'task_queue': 'comfyui-gpu-farm', 'workflow_id': 'chain-image-edit-to-video-pipeline-c544ce1f-b051-49d8-bbb7-4e882b0dff7c-edit_frame1', 'workflow_type': 'ComfyUIWorkflow'})
2026-01-15 00:24:26,835 - temporal_gateway.clients.comfy.client - INFO - ComfyUI client initialized for http://procure-x.testmcp.org
2026-01-15 00:24:26,836 - temporal_gateway.clients.comfy.client - INFO - Submitting workflow to ComfyUI
2026-01-15 00:24:26,845 - temporalio.activity - INFO - [V3] Executing workflow on http://procure-x.testmcp.org ({'activity_id': '1', 'activity_type': 'execute_and_track_workflow', 'attempt': 1, 'namespace': 'default', 'task_queue': 'comfyui-gpu-farm', 'workflow_id': 'chain-image-edit-to-video-pipeline-c544ce1f-b051-49d8-bbb7-4e882b0dff7c-edit_frame1', 'workflow_run_id': '019bbddb-f1d1-76aa-8b70-60402c2d786c', 'workflow_type': 'ComfyUIWorkflow'})
2026-01-15 00:24:26,845 - temporalio.activity - INFO - [V3] Workflow name: qwen_image_edit ({'activity_id': '1', 'activity_type': 'execute_and_track_workflow', 'attempt': 1, 'namespace': 'default', 'task_queue': 'comfyui-gpu-farm', 'workflow_id': 'chain-image-edit-to-video-pipeline-c544ce1f-b051-49d8-bbb7-4e882b0dff7c-edit_frame1', 'workflow_run_id': '019bbddb-f1d1-76aa-8b70-60402c2d786c', 'workflow_type': 'ComfyUIWorkflow'})
2026-01-15 00:24:26,884 - temporal_gateway.clients.comfy.client - INFO - ComfyUI client initialized for http://procure-x.testmcp.org
2026-01-15 00:24:26,884 - temporal_gateway.clients.comfy.client - INFO - Submitting workflow to ComfyUI
2026-01-15 00:24:26,931 - httpx - INFO - HTTP Request: POST http://procure-x.testmcp.org/prompt "HTTP/1.1 200 OK"
2026-01-15 00:24:26,932 - temporal_gateway.clients.comfy.client - INFO - Workflow queued with prompt_id: 69127308-6596-4f62-a57e-0e0007132306
2026-01-15 00:24:26,932 - temporal_gateway.clients.comfy.tracker - INFO - Starting execution tracking for prompt 69127308-6596-4f62-a57e-0e0007132306
2026-01-15 00:24:26,932 - temporal_gateway.clients.comfy.tracker - INFO - Starting history polling
2026-01-15 00:24:26,933 - temporal_gateway.clients.comfy.tracker - INFO - Starting WebSocket listener
2026-01-15 00:24:26,933 - temporal_gateway.clients.comfy.websocket - INFO - Connecting to WebSocket: ws://procure-x.testmcp.org/ws?clientId=a353875a-c984-45f0-b052-4a7d7c368b44
2026-01-15 00:24:26,974 - httpx - INFO - HTTP Request: POST http://procure-x.testmcp.org/prompt "HTTP/1.1 200 OK"
2026-01-15 00:24:26,978 - temporal_gateway.clients.comfy.client - INFO - Workflow queued with prompt_id: 604363c0-dd13-4711-84b5-8e9149928a74
2026-01-15 00:24:26,979 - temporal_gateway.clients.comfy.tracker - INFO - Starting execution tracking for prompt 604363c0-dd13-4711-84b5-8e9149928a74
2026-01-15 00:24:26,981 - temporal_gateway.clients.comfy.tracker - INFO - Starting history polling
2026-01-15 00:24:26,985 - temporal_gateway.clients.comfy.tracker - INFO - Starting WebSocket listener
2026-01-15 00:24:26,986 - temporal_gateway.clients.comfy.websocket - INFO - Connecting to WebSocket: ws://procure-x.testmcp.org/ws?clientId=438551c7-ced5-4792-a1a2-051354210dfe
2026-01-15 00:24:26,989 - httpx - INFO - HTTP Request: GET http://procure-x.testmcp.org/history/69127308-6596-4f62-a57e-0e0007132306 "HTTP/1.1 200 OK"
2026-01-15 00:24:26,993 - temporal_gateway.clients.comfy.websocket - INFO - WebSocket connected successfully
2026-01-15 00:24:27,009 - httpx - INFO - HTTP Request: GET http://procure-x.testmcp.org/history/604363c0-dd13-4711-84b5-8e9149928a74 "HTTP/1.1 200 OK"
2026-01-15 00:24:27,031 - temporal_gateway.clients.comfy.websocket - INFO - WebSocket connected successfully
2026-01-15 00:24:28,017 - httpx - INFO - HTTP Request: GET http://procure-x.testmcp.org/history/69127308-6596-4f62-a57e-0e0007132306 "HTTP/1.1 200 OK"
2026-01-15 00:24:28,028 - httpx - INFO - HTTP Request: GET http://procure-x.testmcp.org/history/604363c0-dd13-4711-84b5-8e9149928a74 "HTTP/1.1 200 OK"
2026-01-15 00:24:29,040 - httpx - INFO - HTTP Request: GET http://procure-x.testmcp.org/history/69127308-6596-4f62-a57e-0e0007132306 "HTTP/1.1 200 OK"
2026-01-15 00:24:29,049 - httpx - INFO - HTTP Request: GET http://procure-x.testmcp.org/history/604363c0-dd13-4711-84b5-8e9149928a74 "HTTP/1.1 200 OK"
2026-01-15 00:24:30,064 - httpx - INFO - HTTP Request: GET http://procure-x.testmcp.org/history/69127308-6596-4f62-a57e-0e0007132306 "HTTP/1.1 200 OK"
2026-01-15 00:24:30,069 - httpx - INFO - HTTP Request: GET http://procure-x.testmcp.org/history/604363c0-dd13-4711-84b5-8e9149928a74 "HTTP/1.1 200 OK"
2026-01-15 00:24:31,087 - httpx - INFO - HTTP Request: GET http://procure-x.testmcp.org/history/69127308-6596-4f62-a57e-0e0007132306 "HTTP/1.1 200 OK"
2026-01-15 00:24:31,092 - httpx - INFO - HTTP Request: GET http://procure-x.testmcp.org/history/604363c0-dd13-4711-84b5-8e9149928a74 "HTTP/1.1 200 OK"
2026-01-15 00:24:32,108 - httpx - INFO - HTTP Request: GET http://procure-x.testmcp.org/history/69127308-6596-4f62-a57e-0e0007132306 "HTTP/1.1 200 OK"
2026-01-15 00:24:32,111 - httpx - INFO - HTTP Request: GET http://procure-x.testmcp.org/history/604363c0-dd13-4711-84b5-8e9149928a74 "HTTP/1.1 200 OK"
2026-01-15 00:24:33,136 - httpx - INFO - HTTP Request: GET http://procure-x.testmcp.org/history/69127308-6596-4f62-a57e-0e0007132306 "HTTP/1.1 200 OK"
2026-01-15 00:24:33,141 - httpx - INFO - HTTP Request: GET http://procure-x.testmcp.org/history/604363c0-dd13-4711-84b5-8e9149928a74 "HTTP/1.1 200 OK"
2026-01-15 00:24:34,159 - httpx - INFO - HTTP Request: GET http://procure-x.testmcp.org/history/69127308-6596-4f62-a57e-0e0007132306 "HTTP/1.1 200 OK"
2026-01-15 00:24:34,164 - httpx - INFO - HTTP Request: GET http://procure-x.testmcp.org/history/604363c0-dd13-4711-84b5-8e9149928a74 "HTTP/1.1 200 OK"
2026-01-15 00:24:35,180 - httpx - INFO - HTTP Request: GET http://procure-x.testmcp.org/history/69127308-6596-4f62-a57e-0e0007132306 "HTTP/1.1 200 OK"
2026-01-15 00:24:35,189 - httpx - INFO - HTTP Request: GET http://procure-x.testmcp.org/history/604363c0-dd13-4711-84b5-8e9149928a74 "HTTP/1.1 200 OK"
2026-01-15 00:24:36,207 - httpx - INFO - HTTP Request: GET http://procure-x.testmcp.org/history/69127308-6596-4f62-a57e-0e0007132306 "HTTP/1.1 200 OK"
2026-01-15 00:24:36,212 - httpx - INFO - HTTP Request: GET http://procure-x.testmcp.org/history/604363c0-dd13-4711-84b5-8e9149928a74 "HTTP/1.1 200 OK"
2026-01-15 00:24:37,231 - httpx - INFO - HTTP Request: GET http://procure-x.testmcp.org/history/69127308-6596-4f62-a57e-0e0007132306 "HTTP/1.1 200 OK"
2026-01-15 00:24:37,236 - httpx - INFO - HTTP Request: GET http://procure-x.testmcp.org/history/604363c0-dd13-4711-84b5-8e9149928a74 "HTTP/1.1 200 OK"
2026-01-15 00:24:38,258 - httpx - INFO - HTTP Request: GET http://procure-x.testmcp.org/history/69127308-6596-4f62-a57e-0e0007132306 "HTTP/1.1 200 OK"
2026-01-15 00:24:38,268 - httpx - INFO - HTTP Request: GET http://procure-x.testmcp.org/history/604363c0-dd13-4711-84b5-8e9149928a74 "HTTP/1.1 200 OK"
2026-01-15 00:24:39,283 - httpx - INFO - HTTP Request: GET http://procure-x.testmcp.org/history/69127308-6596-4f62-a57e-0e0007132306 "HTTP/1.1 200 OK"
2026-01-15 00:24:39,289 - httpx - INFO - HTTP Request: GET http://procure-x.testmcp.org/history/604363c0-dd13-4711-84b5-8e9149928a74 "HTTP/1.1 200 OK"
2026-01-15 00:24:40,306 - httpx - INFO - HTTP Request: GET http://procure-x.testmcp.org/history/69127308-6596-4f62-a57e-0e0007132306 "HTTP/1.1 200 OK"
2026-01-15 00:24:40,307 - httpx - INFO - HTTP Request: GET http://procure-x.testmcp.org/history/604363c0-dd13-4711-84b5-8e9149928a74 "HTTP/1.1 200 OK"
2026-01-15 00:24:41,331 - httpx - INFO - HTTP Request: GET http://procure-x.testmcp.org/history/604363c0-dd13-4711-84b5-8e9149928a74 "HTTP/1.1 200 OK"
2026-01-15 00:24:41,335 - httpx - INFO - HTTP Request: GET http://procure-x.testmcp.org/history/69127308-6596-4f62-a57e-0e0007132306 "HTTP/1.1 200 OK"
2026-01-15 00:24:42,362 - httpx - INFO - HTTP Request: GET http://procure-x.testmcp.org/history/604363c0-dd13-4711-84b5-8e9149928a74 "HTTP/1.1 200 OK"
2026-01-15 00:24:42,367 - httpx - INFO - HTTP Request: GET http://procure-x.testmcp.org/history/69127308-6596-4f62-a57e-0e0007132306 "HTTP/1.1 200 OK"
2026-01-15 00:24:43,386 - httpx - INFO - HTTP Request: GET http://procure-x.testmcp.org/history/604363c0-dd13-4711-84b5-8e9149928a74 "HTTP/1.1 200 OK"
2026-01-15 00:24:43,391 - httpx - INFO - HTTP Request: GET http://procure-x.testmcp.org/history/69127308-6596-4f62-a57e-0e0007132306 "HTTP/1.1 200 OK"
2026-01-15 00:24:44,417 - httpx - INFO - HTTP Request: GET http://procure-x.testmcp.org/history/604363c0-dd13-4711-84b5-8e9149928a74 "HTTP/1.1 200 OK"
2026-01-15 00:24:44,418 - httpx - INFO - HTTP Request: GET http://procure-x.testmcp.org/history/69127308-6596-4f62-a57e-0e0007132306 "HTTP/1.1 200 OK"
2026-01-15 00:24:45,441 - httpx - INFO - HTTP Request: GET http://procure-x.testmcp.org/history/604363c0-dd13-4711-84b5-8e9149928a74 "HTTP/1.1 200 OK"
2026-01-15 00:24:45,445 - httpx - INFO - HTTP Request: GET http://procure-x.testmcp.org/history/69127308-6596-4f62-a57e-0e0007132306 "HTTP/1.1 200 OK"
2026-01-15 00:24:46,477 - httpx - INFO - HTTP Request: GET http://procure-x.testmcp.org/history/604363c0-dd13-4711-84b5-8e9149928a74 "HTTP/1.1 200 OK"
2026-01-15 00:24:46,694 - httpx - INFO - HTTP Request: GET http://procure-x.testmcp.org/history/69127308-6596-4f62-a57e-0e0007132306 "HTTP/1.1 200 OK"
2026-01-15 00:24:47,502 - httpx - INFO - HTTP Request: GET http://procure-x.testmcp.org/history/604363c0-dd13-4711-84b5-8e9149928a74 "HTTP/1.1 200 OK"
2026-01-15 00:24:47,716 - httpx - INFO - HTTP Request: GET http://procure-x.testmcp.org/history/69127308-6596-4f62-a57e-0e0007132306 "HTTP/1.1 200 OK"
2026-01-15 00:24:48,525 - httpx - INFO - HTTP Request: GET http://procure-x.testmcp.org/history/604363c0-dd13-4711-84b5-8e9149928a74 "HTTP/1.1 200 OK"
2026-01-15 00:24:48,737 - httpx - INFO - HTTP Request: GET http://procure-x.testmcp.org/history/69127308-6596-4f62-a57e-0e0007132306 "HTTP/1.1 200 OK"
2026-01-15 00:24:49,547 - httpx - INFO - HTTP Request: GET http://procure-x.testmcp.org/history/604363c0-dd13-4711-84b5-8e9149928a74 "HTTP/1.1 200 OK"
2026-01-15 00:24:49,762 - httpx - INFO - HTTP Request: GET http://procure-x.testmcp.org/history/69127308-6596-4f62-a57e-0e0007132306 "HTTP/1.1 200 OK"
2026-01-15 00:24:50,568 - httpx - INFO - HTTP Request: GET http://procure-x.testmcp.org/history/604363c0-dd13-4711-84b5-8e9149928a74 "HTTP/1.1 200 OK"
2026-01-15 00:24:50,788 - httpx - INFO - HTTP Request: GET http://procure-x.testmcp.org/history/69127308-6596-4f62-a57e-0e0007132306 "HTTP/1.1 200 OK"
2026-01-15 00:24:51,597 - httpx - INFO - HTTP Request: GET http://procure-x.testmcp.org/history/604363c0-dd13-4711-84b5-8e9149928a74 "HTTP/1.1 200 OK"
2026-01-15 00:24:51,814 - httpx - INFO - HTTP Request: GET http://procure-x.testmcp.org/history/69127308-6596-4f62-a57e-0e0007132306 "HTTP/1.1 200 OK"
2026-01-15 00:24:52,621 - httpx - INFO - HTTP Request: GET http://procure-x.testmcp.org/history/604363c0-dd13-4711-84b5-8e9149928a74 "HTTP/1.1 200 OK"
2026-01-15 00:24:52,852 - httpx - INFO - HTTP Request: GET http://procure-x.testmcp.org/history/69127308-6596-4f62-a57e-0e0007132306 "HTTP/1.1 200 OK"
2026-01-15 00:24:53,861 - httpx - INFO - HTTP Request: GET http://procure-x.testmcp.org/history/604363c0-dd13-4711-84b5-8e9149928a74 "HTTP/1.1 200 OK"
2026-01-15 00:24:53,877 - httpx - INFO - HTTP Request: GET http://procure-x.testmcp.org/history/69127308-6596-4f62-a57e-0e0007132306 "HTTP/1.1 200 OK"
2026-01-15 00:24:54,892 - httpx - INFO - HTTP Request: GET http://procure-x.testmcp.org/history/604363c0-dd13-4711-84b5-8e9149928a74 "HTTP/1.1 200 OK"
2026-01-15 00:24:54,901 - httpx - INFO - HTTP Request: GET http://procure-x.testmcp.org/history/69127308-6596-4f62-a57e-0e0007132306 "HTTP/1.1 200 OK"
2026-01-15 00:24:55,916 - httpx - INFO - HTTP Request: GET http://procure-x.testmcp.org/history/604363c0-dd13-4711-84b5-8e9149928a74 "HTTP/1.1 200 OK"
2026-01-15 00:24:55,922 - httpx - INFO - HTTP Request: GET http://procure-x.testmcp.org/history/69127308-6596-4f62-a57e-0e0007132306 "HTTP/1.1 200 OK"
2026-01-15 00:24:56,940 - httpx - INFO - HTTP Request: GET http://procure-x.testmcp.org/history/604363c0-dd13-4711-84b5-8e9149928a74 "HTTP/1.1 200 OK"
2026-01-15 00:24:56,946 - httpx - INFO - HTTP Request: GET http://procure-x.testmcp.org/history/69127308-6596-4f62-a57e-0e0007132306 "HTTP/1.1 200 OK"
2026-01-15 00:24:57,965 - httpx - INFO - HTTP Request: GET http://procure-x.testmcp.org/history/604363c0-dd13-4711-84b5-8e9149928a74 "HTTP/1.1 200 OK"
2026-01-15 00:24:57,970 - httpx - INFO - HTTP Request: GET http://procure-x.testmcp.org/history/69127308-6596-4f62-a57e-0e0007132306 "HTTP/1.1 200 OK"
2026-01-15 00:24:58,990 - httpx - INFO - HTTP Request: GET http://procure-x.testmcp.org/history/604363c0-dd13-4711-84b5-8e9149928a74 "HTTP/1.1 200 OK"
2026-01-15 00:24:58,997 - httpx - INFO - HTTP Request: GET http://procure-x.testmcp.org/history/69127308-6596-4f62-a57e-0e0007132306 "HTTP/1.1 200 OK"
2026-01-15 00:25:00,014 - httpx - INFO - HTTP Request: GET http://procure-x.testmcp.org/history/604363c0-dd13-4711-84b5-8e9149928a74 "HTTP/1.1 200 OK"
2026-01-15 00:25:00,023 - httpx - INFO - HTTP Request: GET http://procure-x.testmcp.org/history/69127308-6596-4f62-a57e-0e0007132306 "HTTP/1.1 200 OK"
2026-01-15 00:25:01,041 - httpx - INFO - HTTP Request: GET http://procure-x.testmcp.org/history/604363c0-dd13-4711-84b5-8e9149928a74 "HTTP/1.1 200 OK"
2026-01-15 00:25:01,061 - httpx - INFO - HTTP Request: GET http://procure-x.testmcp.org/history/69127308-6596-4f62-a57e-0e0007132306 "HTTP/1.1 200 OK"
2026-01-15 00:25:02,074 - httpx - INFO - HTTP Request: GET http://procure-x.testmcp.org/history/604363c0-dd13-4711-84b5-8e9149928a74 "HTTP/1.1 200 OK"
2026-01-15 00:25:02,090 - httpx - INFO - HTTP Request: GET http://procure-x.testmcp.org/history/69127308-6596-4f62-a57e-0e0007132306 "HTTP/1.1 200 OK"
2026-01-15 00:25:03,104 - httpx - INFO - HTTP Request: GET http://procure-x.testmcp.org/history/604363c0-dd13-4711-84b5-8e9149928a74 "HTTP/1.1 200 OK"
2026-01-15 00:25:03,113 - httpx - INFO - HTTP Request: GET http://procure-x.testmcp.org/history/69127308-6596-4f62-a57e-0e0007132306 "HTTP/1.1 200 OK"
2026-01-15 00:25:04,126 - httpx - INFO - HTTP Request: GET http://procure-x.testmcp.org/history/604363c0-dd13-4711-84b5-8e9149928a74 "HTTP/1.1 200 OK"
2026-01-15 00:25:04,138 - httpx - INFO - HTTP Request: GET http://procure-x.testmcp.org/history/69127308-6596-4f62-a57e-0e0007132306 "HTTP/1.1 200 OK"
2026-01-15 00:25:05,150 - httpx - INFO - HTTP Request: GET http://procure-x.testmcp.org/history/604363c0-dd13-4711-84b5-8e9149928a74 "HTTP/1.1 200 OK"
2026-01-15 00:25:05,158 - httpx - INFO - HTTP Request: GET http://procure-x.testmcp.org/history/69127308-6596-4f62-a57e-0e0007132306 "HTTP/1.1 200 OK"
2026-01-15 00:25:06,175 - httpx - INFO - HTTP Request: GET http://procure-x.testmcp.org/history/604363c0-dd13-4711-84b5-8e9149928a74 "HTTP/1.1 200 OK"
2026-01-15 00:25:06,182 - httpx - INFO - HTTP Request: GET http://procure-x.testmcp.org/history/69127308-6596-4f62-a57e-0e0007132306 "HTTP/1.1 200 OK"
2026-01-15 00:25:07,199 - httpx - INFO - HTTP Request: GET http://procure-x.testmcp.org/history/604363c0-dd13-4711-84b5-8e9149928a74 "HTTP/1.1 200 OK"
2026-01-15 00:25:07,204 - httpx - INFO - HTTP Request: GET http://procure-x.testmcp.org/history/69127308-6596-4f62-a57e-0e0007132306 "HTTP/1.1 200 OK"
2026-01-15 00:25:08,223 - httpx - INFO - HTTP Request: GET http://procure-x.testmcp.org/history/604363c0-dd13-4711-84b5-8e9149928a74 "HTTP/1.1 200 OK"
2026-01-15 00:25:08,230 - httpx - INFO - HTTP Request: GET http://procure-x.testmcp.org/history/69127308-6596-4f62-a57e-0e0007132306 "HTTP/1.1 200 OK"
2026-01-15 00:25:09,247 - httpx - INFO - HTTP Request: GET http://procure-x.testmcp.org/history/604363c0-dd13-4711-84b5-8e9149928a74 "HTTP/1.1 200 OK"
2026-01-15 00:25:09,252 - httpx - INFO - HTTP Request: GET http://procure-x.testmcp.org/history/69127308-6596-4f62-a57e-0e0007132306 "HTTP/1.1 200 OK"
2026-01-15 00:25:10,273 - httpx - INFO - HTTP Request: GET http://procure-x.testmcp.org/history/604363c0-dd13-4711-84b5-8e9149928a74 "HTTP/1.1 200 OK"
2026-01-15 00:25:10,275 - httpx - INFO - HTTP Request: GET http://procure-x.testmcp.org/history/69127308-6596-4f62-a57e-0e0007132306 "HTTP/1.1 200 OK"
2026-01-15 00:25:11,297 - httpx - INFO - HTTP Request: GET http://procure-x.testmcp.org/history/69127308-6596-4f62-a57e-0e0007132306 "HTTP/1.1 200 OK"
2026-01-15 00:25:11,302 - httpx - INFO - HTTP Request: GET http://procure-x.testmcp.org/history/604363c0-dd13-4711-84b5-8e9149928a74 "HTTP/1.1 200 OK"
2026-01-15 00:25:12,320 - httpx - INFO - HTTP Request: GET http://procure-x.testmcp.org/history/69127308-6596-4f62-a57e-0e0007132306 "HTTP/1.1 200 OK"
2026-01-15 00:25:12,325 - httpx - INFO - HTTP Request: GET http://procure-x.testmcp.org/history/604363c0-dd13-4711-84b5-8e9149928a74 "HTTP/1.1 200 OK"
2026-01-15 00:25:13,344 - httpx - INFO - HTTP Request: GET http://procure-x.testmcp.org/history/69127308-6596-4f62-a57e-0e0007132306 "HTTP/1.1 200 OK"
2026-01-15 00:25:13,349 - httpx - INFO - HTTP Request: GET http://procure-x.testmcp.org/history/604363c0-dd13-4711-84b5-8e9149928a74 "HTTP/1.1 200 OK"
2026-01-15 00:25:14,367 - httpx - INFO - HTTP Request: GET http://procure-x.testmcp.org/history/69127308-6596-4f62-a57e-0e0007132306 "HTTP/1.1 200 OK"
2026-01-15 00:25:14,370 - httpx - INFO - HTTP Request: GET http://procure-x.testmcp.org/history/604363c0-dd13-4711-84b5-8e9149928a74 "HTTP/1.1 200 OK"
2026-01-15 00:25:15,386 - httpx - INFO - HTTP Request: GET http://procure-x.testmcp.org/history/604363c0-dd13-4711-84b5-8e9149928a74 "HTTP/1.1 200 OK"
2026-01-15 00:25:15,602 - httpx - INFO - HTTP Request: GET http://procure-x.testmcp.org/history/69127308-6596-4f62-a57e-0e0007132306 "HTTP/1.1 200 OK"
2026-01-15 00:25:16,407 - httpx - INFO - HTTP Request: GET http://procure-x.testmcp.org/history/604363c0-dd13-4711-84b5-8e9149928a74 "HTTP/1.1 200 OK"
2026-01-15 00:25:16,625 - httpx - INFO - HTTP Request: GET http://procure-x.testmcp.org/history/69127308-6596-4f62-a57e-0e0007132306 "HTTP/1.1 200 OK"
2026-01-15 00:25:17,430 - httpx - INFO - HTTP Request: GET http://procure-x.testmcp.org/history/604363c0-dd13-4711-84b5-8e9149928a74 "HTTP/1.1 200 OK"
2026-01-15 00:25:17,649 - httpx - INFO - HTTP Request: GET http://procure-x.testmcp.org/history/69127308-6596-4f62-a57e-0e0007132306 "HTTP/1.1 200 OK"
2026-01-15 00:25:18,453 - httpx - INFO - HTTP Request: GET http://procure-x.testmcp.org/history/604363c0-dd13-4711-84b5-8e9149928a74 "HTTP/1.1 200 OK"
2026-01-15 00:25:18,672 - httpx - INFO - HTTP Request: GET http://procure-x.testmcp.org/history/69127308-6596-4f62-a57e-0e0007132306 "HTTP/1.1 200 OK"
2026-01-15 00:25:19,477 - httpx - INFO - HTTP Request: GET http://procure-x.testmcp.org/history/604363c0-dd13-4711-84b5-8e9149928a74 "HTTP/1.1 200 OK"
2026-01-15 00:25:19,700 - httpx - INFO - HTTP Request: GET http://procure-x.testmcp.org/history/69127308-6596-4f62-a57e-0e0007132306 "HTTP/1.1 200 OK"
2026-01-15 00:25:20,497 - httpx - INFO - HTTP Request: GET http://procure-x.testmcp.org/history/604363c0-dd13-4711-84b5-8e9149928a74 "HTTP/1.1 200 OK"
2026-01-15 00:25:20,729 - httpx - INFO - HTTP Request: GET http://procure-x.testmcp.org/history/69127308-6596-4f62-a57e-0e0007132306 "HTTP/1.1 200 OK"
2026-01-15 00:25:21,519 - httpx - INFO - HTTP Request: GET http://procure-x.testmcp.org/history/604363c0-dd13-4711-84b5-8e9149928a74 "HTTP/1.1 200 OK"
2026-01-15 00:25:21,753 - httpx - INFO - HTTP Request: GET http://procure-x.testmcp.org/history/69127308-6596-4f62-a57e-0e0007132306 "HTTP/1.1 200 OK"
2026-01-15 00:25:22,543 - httpx - INFO - HTTP Request: GET http://procure-x.testmcp.org/history/604363c0-dd13-4711-84b5-8e9149928a74 "HTTP/1.1 200 OK"
2026-01-15 00:25:22,779 - httpx - INFO - HTTP Request: GET http://procure-x.testmcp.org/history/69127308-6596-4f62-a57e-0e0007132306 "HTTP/1.1 200 OK"
2026-01-15 00:25:23,566 - httpx - INFO - HTTP Request: GET http://procure-x.testmcp.org/history/604363c0-dd13-4711-84b5-8e9149928a74 "HTTP/1.1 200 OK"
2026-01-15 00:25:23,803 - httpx - INFO - HTTP Request: GET http://procure-x.testmcp.org/history/69127308-6596-4f62-a57e-0e0007132306 "HTTP/1.1 200 OK"
2026-01-15 00:25:24,590 - httpx - INFO - HTTP Request: GET http://procure-x.testmcp.org/history/604363c0-dd13-4711-84b5-8e9149928a74 "HTTP/1.1 200 OK"
2026-01-15 00:25:24,827 - httpx - INFO - HTTP Request: GET http://procure-x.testmcp.org/history/69127308-6596-4f62-a57e-0e0007132306 "HTTP/1.1 200 OK"
2026-01-15 00:25:24,893 - temporal_gateway.clients.comfy.tracker - INFO - [WS] Execution completed successfully
2026-01-15 00:25:25,296 - httpx - INFO - HTTP Request: GET http://procure-x.testmcp.org/history/69127308-6596-4f62-a57e-0e0007132306 "HTTP/1.1 200 OK"
2026-01-15 00:25:25,300 - temporal_gateway.clients.comfy.tracker - INFO - Tracking completed: success (took 58.37s)
2026-01-15 00:25:25,301 - temporalio.activity - INFO - [V3] Workflow completed successfully ({'activity_id': '1', 'activity_type': 'execute_and_track_workflow', 'attempt': 1, 'namespace': 'default', 'task_queue': 'comfyui-gpu-farm', 'workflow_id': 'chain-image-edit-to-video-pipeline-c544ce1f-b051-49d8-bbb7-4e882b0dff7c-edit_frame2', 'workflow_run_id': '019bbddb-f1c8-7534-b05a-7bcd8dbe7cb4', 'workflow_type': 'ComfyUIWorkflow'})
2026-01-15 00:25:25,317 - temporalio.workflow - INFO - Execution completed successfully ({'attempt': 1, 'namespace': 'default', 'run_id': '019bbddb-f1c8-7534-b05a-7bcd8dbe7cb4', 'task_queue': 'comfyui-gpu-farm', 'workflow_id': 'chain-image-edit-to-video-pipeline-c544ce1f-b051-49d8-bbb7-4e882b0dff7c-edit_frame2', 'workflow_type': 'ComfyUIWorkflow'})
2026-01-15 00:25:25,326 - temporalio.activity - INFO - Extracting server output files ({'activity_id': '2', 'activity_type': 'get_server_output_files', 'attempt': 1, 'namespace': 'default', 'task_queue': 'comfyui-gpu-farm', 'workflow_id': 'chain-image-edit-to-video-pipeline-c544ce1f-b051-49d8-bbb7-4e882b0dff7c-edit_frame2', 'workflow_run_id': '019bbddb-f1c8-7534-b05a-7bcd8dbe7cb4', 'workflow_type': 'ComfyUIWorkflow'})
2026-01-15 00:25:25,326 - temporalio.activity - INFO - Found 1 output file(s) ({'activity_id': '2', 'activity_type': 'get_server_output_files', 'attempt': 1, 'namespace': 'default', 'task_queue': 'comfyui-gpu-farm', 'workflow_id': 'chain-image-edit-to-video-pipeline-c544ce1f-b051-49d8-bbb7-4e882b0dff7c-edit_frame2', 'workflow_run_id': '019bbddb-f1c8-7534-b05a-7bcd8dbe7cb4', 'workflow_type': 'ComfyUIWorkflow'})
2026-01-15 00:25:25,339 - temporalio.workflow - INFO - Found 1 server output file(s) ({'attempt': 1, 'namespace': 'default', 'run_id': '019bbddb-f1c8-7534-b05a-7bcd8dbe7cb4', 'task_queue': 'comfyui-gpu-farm', 'workflow_id': 'chain-image-edit-to-video-pipeline-c544ce1f-b051-49d8-bbb7-4e882b0dff7c-edit_frame2', 'workflow_type': 'ComfyUIWorkflow'})
2026-01-15 00:25:25,347 - temporalio.activity - INFO - Downloading and persisting 1 artifact(s) for workflow ba0820e8-2661-4595-87e5-d8c0e0a5b4ac ({'activity_id': '3', 'activity_type': 'download_and_store_artifacts', 'attempt': 1, 'namespace': 'default', 'task_queue': 'comfyui-gpu-farm', 'workflow_id': 'chain-image-edit-to-video-pipeline-c544ce1f-b051-49d8-bbb7-4e882b0dff7c-edit_frame2', 'workflow_run_id': '019bbddb-f1c8-7534-b05a-7bcd8dbe7cb4', 'workflow_type': 'ComfyUIWorkflow'})
2026-01-15 00:25:25,391 - temporal_gateway.clients.comfy.client - INFO - ComfyUI client initialized for http://procure-x.testmcp.org
2026-01-15 00:25:25,429 - httpx - INFO - HTTP Request: GET http://procure-x.testmcp.org/view?filename=ComfyUI_00283_.png&type=output "HTTP/1.1 200 OK"
2026-01-15 00:25:25,500 - temporalio.activity - INFO - ✓ Saved artifact to DB: 33f87c1d-346e-411f-b10a-862a978107c8 (ComfyUI_00283_.png) ({'activity_id': '3', 'activity_type': 'download_and_store_artifacts', 'attempt': 1, 'namespace': 'default', 'task_queue': 'comfyui-gpu-farm', 'workflow_id': 'chain-image-edit-to-video-pipeline-c544ce1f-b051-49d8-bbb7-4e882b0dff7c-edit_frame2', 'workflow_run_id': '019bbddb-f1c8-7534-b05a-7bcd8dbe7cb4', 'workflow_type': 'ComfyUIWorkflow'})
2026-01-15 00:25:25,502 - temporalio.activity - INFO - Downloaded and persisted 1 artifact(s) ({'activity_id': '3', 'activity_type': 'download_and_store_artifacts', 'attempt': 1, 'namespace': 'default', 'task_queue': 'comfyui-gpu-farm', 'workflow_id': 'chain-image-edit-to-video-pipeline-c544ce1f-b051-49d8-bbb7-4e882b0dff7c-edit_frame2', 'workflow_run_id': '019bbddb-f1c8-7534-b05a-7bcd8dbe7cb4', 'workflow_type': 'ComfyUIWorkflow'})
2026-01-15 00:25:25,514 - temporalio.workflow - INFO - Downloaded 1 file(s) locally ({'attempt': 1, 'namespace': 'default', 'run_id': '019bbddb-f1c8-7534-b05a-7bcd8dbe7cb4', 'task_queue': 'comfyui-gpu-farm', 'workflow_id': 'chain-image-edit-to-video-pipeline-c544ce1f-b051-49d8-bbb7-4e882b0dff7c-edit_frame2', 'workflow_type': 'ComfyUIWorkflow'})
2026-01-15 00:25:25,534 - temporalio.activity - INFO - Updating workflow ba0820e8-2661-4595-87e5-d8c0e0a5b4ac status to: completed ({'activity_id': '33', 'activity_type': 'update_workflow_status_activity', 'attempt': 1, 'namespace': 'default', 'task_queue': 'comfyui-gpu-farm', 'workflow_id': 'chain-image-edit-to-video-pipeline-c544ce1f-b051-49d8-bbb7-4e882b0dff7c', 'workflow_run_id': '019bbddb-d447-712c-879a-fbc3ba1b92ea', 'workflow_type': 'ChainExecutorWorkflow'})
2026-01-15 00:25:25,537 - temporalio.activity - INFO - ✓ Updated workflow status ({'activity_id': '33', 'activity_type': 'update_workflow_status_activity', 'attempt': 1, 'namespace': 'default', 'task_queue': 'comfyui-gpu-farm', 'workflow_id': 'chain-image-edit-to-video-pipeline-c544ce1f-b051-49d8-bbb7-4e882b0dff7c', 'workflow_run_id': '019bbddb-d447-712c-879a-fbc3ba1b92ea', 'workflow_type': 'ChainExecutorWorkflow'})
2026-01-15 00:25:25,552 - temporalio.activity - INFO - Getting artifacts for workflow: ba0820e8-2661-4595-87e5-d8c0e0a5b4ac ({'activity_id': '34', 'activity_type': 'get_workflow_artifacts', 'attempt': 1, 'namespace': 'default', 'task_queue': 'comfyui-gpu-farm', 'workflow_id': 'chain-image-edit-to-video-pipeline-c544ce1f-b051-49d8-bbb7-4e882b0dff7c', 'workflow_run_id': '019bbddb-d447-712c-879a-fbc3ba1b92ea', 'workflow_type': 'ChainExecutorWorkflow'})
2026-01-15 00:25:25,569 - temporalio.activity - INFO - Creating approval request for artifact: 33f87c1d-346e-411f-b10a-862a978107c8 ({'activity_id': '35', 'activity_type': 'create_approval_request_activity', 'attempt': 1, 'namespace': 'default', 'task_queue': 'comfyui-gpu-farm', 'workflow_id': 'chain-image-edit-to-video-pipeline-c544ce1f-b051-49d8-bbb7-4e882b0dff7c', 'workflow_run_id': '019bbddb-d447-712c-879a-fbc3ba1b92ea', 'workflow_type': 'ChainExecutorWorkflow'})
2026-01-15 00:25:25,572 - temporalio.activity - INFO - ✓ Created approval request: eb424e69-5aa7-4d93-bc30-47b43e83de0f, token: b_brOSdP0duKZEGx... ({'activity_id': '35', 'activity_type': 'create_approval_request_activity', 'attempt': 1, 'namespace': 'default', 'task_queue': 'comfyui-gpu-farm', 'workflow_id': 'chain-image-edit-to-video-pipeline-c544ce1f-b051-49d8-bbb7-4e882b0dff7c', 'workflow_run_id': '019bbddb-d447-712c-879a-fbc3ba1b92ea', 'workflow_type': 'ChainExecutorWorkflow'})
2026-01-15 00:25:25,573 - temporal_gateway.services.broadcast - INFO - Published approval_requested to chain:6dd30b03-1cd4-4472-9c01-fbd2a5d1da29
2026-01-15 00:25:25,573 - temporalio.activity - INFO - Published approval_requested event for chain 6dd30b03-1cd4-4472-9c01-fbd2a5d1da29 ({'activity_id': '35', 'activity_type': 'create_approval_request_activity', 'attempt': 1, 'namespace': 'default', 'task_queue': 'comfyui-gpu-farm', 'workflow_id': 'chain-image-edit-to-video-pipeline-c544ce1f-b051-49d8-bbb7-4e882b0dff7c', 'workflow_run_id': '019bbddb-d447-712c-879a-fbc3ba1b92ea', 'workflow_type': 'ChainExecutorWorkflow'})
2026-01-15 00:25:25,582 - temporalio.workflow - INFO - Step edit_frame2: Approval request created, token: b_brOSdP0duKZEGx... ({'attempt': 1, 'namespace': 'default', 'run_id': '019bbddb-d447-712c-879a-fbc3ba1b92ea', 'task_queue': 'comfyui-gpu-farm', 'workflow_id': 'chain-image-edit-to-video-pipeline-c544ce1f-b051-49d8-bbb7-4e882b0dff7c', 'workflow_type': 'ChainExecutorWorkflow'})
2026-01-15 00:25:25,616 - httpx - INFO - HTTP Request: GET http://procure-x.testmcp.org/history/604363c0-dd13-4711-84b5-8e9149928a74 "HTTP/1.1 200 OK"
2026-01-15 00:25:26,640 - httpx - INFO - HTTP Request: GET http://procure-x.testmcp.org/history/604363c0-dd13-4711-84b5-8e9149928a74 "HTTP/1.1 200 OK"
2026-01-15 00:25:27,664 - httpx - INFO - HTTP Request: GET http://procure-x.testmcp.org/history/604363c0-dd13-4711-84b5-8e9149928a74 "HTTP/1.1 200 OK"
2026-01-15 00:25:28,691 - httpx - INFO - HTTP Request: GET http://procure-x.testmcp.org/history/604363c0-dd13-4711-84b5-8e9149928a74 "HTTP/1.1 200 OK"
2026-01-15 00:25:29,714 - httpx - INFO - HTTP Request: GET http://procure-x.testmcp.org/history/604363c0-dd13-4711-84b5-8e9149928a74 "HTTP/1.1 200 OK"
2026-01-15 00:25:30,738 - httpx - INFO - HTTP Request: GET http://procure-x.testmcp.org/history/604363c0-dd13-4711-84b5-8e9149928a74 "HTTP/1.1 200 OK"
2026-01-15 00:25:31,758 - httpx - INFO - HTTP Request: GET http://procure-x.testmcp.org/history/604363c0-dd13-4711-84b5-8e9149928a74 "HTTP/1.1 200 OK"
2026-01-15 00:25:32,780 - httpx - INFO - HTTP Request: GET http://procure-x.testmcp.org/history/604363c0-dd13-4711-84b5-8e9149928a74 "HTTP/1.1 200 OK"
2026-01-15 00:25:33,802 - httpx - INFO - HTTP Request: GET http://procure-x.testmcp.org/history/604363c0-dd13-4711-84b5-8e9149928a74 "HTTP/1.1 200 OK"
2026-01-15 00:25:34,824 - httpx - INFO - HTTP Request: GET http://procure-x.testmcp.org/history/604363c0-dd13-4711-84b5-8e9149928a74 "HTTP/1.1 200 OK"
2026-01-15 00:25:35,855 - httpx - INFO - HTTP Request: GET http://procure-x.testmcp.org/history/604363c0-dd13-4711-84b5-8e9149928a74 "HTTP/1.1 200 OK"
2026-01-15 00:25:35,943 - temporalio.workflow - INFO - Received approval decision for step edit_frame2: approved by cli-user ({'attempt': 1, 'namespace': 'default', 'run_id': '019bbddb-d447-712c-879a-fbc3ba1b92ea', 'task_queue': 'comfyui-gpu-farm', 'workflow_id': 'chain-image-edit-to-video-pipeline-c544ce1f-b051-49d8-bbb7-4e882b0dff7c', 'workflow_type': 'ChainExecutorWorkflow'})
2026-01-15 00:25:35,943 - temporalio.workflow - INFO - Step edit_frame2: Approved by cli-user ({'attempt': 1, 'namespace': 'default', 'run_id': '019bbddb-d447-712c-879a-fbc3ba1b92ea', 'task_queue': 'comfyui-gpu-farm', 'workflow_id': 'chain-image-edit-to-video-pipeline-c544ce1f-b051-49d8-bbb7-4e882b0dff7c', 'workflow_type': 'ChainExecutorWorkflow'})
2026-01-15 00:25:35,944 - temporalio.workflow - INFO - Step edit_frame2: Approved ({'attempt': 1, 'namespace': 'default', 'run_id': '019bbddb-d447-712c-879a-fbc3ba1b92ea', 'task_queue': 'comfyui-gpu-farm', 'workflow_id': 'chain-image-edit-to-video-pipeline-c544ce1f-b051-49d8-bbb7-4e882b0dff7c', 'workflow_type': 'ChainExecutorWorkflow'})
2026-01-15 00:25:35,953 - temporalio.activity - INFO - Getting artifacts for workflow: ba0820e8-2661-4595-87e5-d8c0e0a5b4ac ({'activity_id': '36', 'activity_type': 'get_workflow_artifacts', 'attempt': 1, 'namespace': 'default', 'task_queue': 'comfyui-gpu-farm', 'workflow_id': 'chain-image-edit-to-video-pipeline-c544ce1f-b051-49d8-bbb7-4e882b0dff7c', 'workflow_run_id': '019bbddb-d447-712c-879a-fbc3ba1b92ea', 'workflow_type': 'ChainExecutorWorkflow'})
2026-01-15 00:25:35,975 - temporal_gateway.services.broadcast - INFO - Published step_completed to chain:6dd30b03-1cd4-4472-9c01-fbd2a5d1da29
2026-01-15 00:25:35,975 - temporalio.activity - INFO - Published step_completed event for edit_frame2 in chain 6dd30b03-1cd4-4472-9c01-fbd2a5d1da29 ({'activity_id': '37', 'activity_type': 'publish_step_completed_activity', 'attempt': 1, 'namespace': 'default', 'task_queue': 'comfyui-gpu-farm', 'workflow_id': 'chain-image-edit-to-video-pipeline-c544ce1f-b051-49d8-bbb7-4e882b0dff7c', 'workflow_run_id': '019bbddb-d447-712c-879a-fbc3ba1b92ea', 'workflow_type': 'ChainExecutorWorkflow'})
2026-01-15 00:25:36,880 - httpx - INFO - HTTP Request: GET http://procure-x.testmcp.org/history/604363c0-dd13-4711-84b5-8e9149928a74 "HTTP/1.1 200 OK"
2026-01-15 00:25:37,905 - httpx - INFO - HTTP Request: GET http://procure-x.testmcp.org/history/604363c0-dd13-4711-84b5-8e9149928a74 "HTTP/1.1 200 OK"
2026-01-15 00:25:38,930 - httpx - INFO - HTTP Request: GET http://procure-x.testmcp.org/history/604363c0-dd13-4711-84b5-8e9149928a74 "HTTP/1.1 200 OK"
2026-01-15 00:25:39,986 - httpx - INFO - HTTP Request: GET http://procure-x.testmcp.org/history/604363c0-dd13-4711-84b5-8e9149928a74 "HTTP/1.1 200 OK"
2026-01-15 00:25:41,007 - httpx - INFO - HTTP Request: GET http://procure-x.testmcp.org/history/604363c0-dd13-4711-84b5-8e9149928a74 "HTTP/1.1 200 OK"
2026-01-15 00:25:42,031 - httpx - INFO - HTTP Request: GET http://procure-x.testmcp.org/history/604363c0-dd13-4711-84b5-8e9149928a74 "HTTP/1.1 200 OK"
2026-01-15 00:25:43,057 - httpx - INFO - HTTP Request: GET http://procure-x.testmcp.org/history/604363c0-dd13-4711-84b5-8e9149928a74 "HTTP/1.1 200 OK"
2026-01-15 00:25:44,083 - httpx - INFO - HTTP Request: GET http://procure-x.testmcp.org/history/604363c0-dd13-4711-84b5-8e9149928a74 "HTTP/1.1 200 OK"
2026-01-15 00:25:45,108 - httpx - INFO - HTTP Request: GET http://procure-x.testmcp.org/history/604363c0-dd13-4711-84b5-8e9149928a74 "HTTP/1.1 200 OK"
2026-01-15 00:25:46,131 - httpx - INFO - HTTP Request: GET http://procure-x.testmcp.org/history/604363c0-dd13-4711-84b5-8e9149928a74 "HTTP/1.1 200 OK"
2026-01-15 00:25:47,147 - httpx - INFO - HTTP Request: GET http://procure-x.testmcp.org/history/604363c0-dd13-4711-84b5-8e9149928a74 "HTTP/1.1 200 OK"
2026-01-15 00:25:48,168 - httpx - INFO - HTTP Request: GET http://procure-x.testmcp.org/history/604363c0-dd13-4711-84b5-8e9149928a74 "HTTP/1.1 200 OK"
2026-01-15 00:25:49,187 - httpx - INFO - HTTP Request: GET http://procure-x.testmcp.org/history/604363c0-dd13-4711-84b5-8e9149928a74 "HTTP/1.1 200 OK"
2026-01-15 00:25:50,210 - httpx - INFO - HTTP Request: GET http://procure-x.testmcp.org/history/604363c0-dd13-4711-84b5-8e9149928a74 "HTTP/1.1 200 OK"
2026-01-15 00:25:51,234 - httpx - INFO - HTTP Request: GET http://procure-x.testmcp.org/history/604363c0-dd13-4711-84b5-8e9149928a74 "HTTP/1.1 200 OK"
2026-01-15 00:25:51,924 - temporal_gateway.clients.comfy.tracker - INFO - [WS] Execution completed successfully
2026-01-15 00:25:52,251 - httpx - INFO - HTTP Request: GET http://procure-x.testmcp.org/history/604363c0-dd13-4711-84b5-8e9149928a74 "HTTP/1.1 200 OK"
2026-01-15 00:25:52,255 - temporal_gateway.clients.comfy.tracker - INFO - Tracking completed: success (took 85.28s)
2026-01-15 00:25:52,257 - temporalio.activity - INFO - [V3] Workflow completed successfully ({'activity_id': '1', 'activity_type': 'execute_and_track_workflow', 'attempt': 1, 'namespace': 'default', 'task_queue': 'comfyui-gpu-farm', 'workflow_id': 'chain-image-edit-to-video-pipeline-c544ce1f-b051-49d8-bbb7-4e882b0dff7c-edit_frame1', 'workflow_run_id': '019bbddb-f1d1-76aa-8b70-60402c2d786c', 'workflow_type': 'ComfyUIWorkflow'})
2026-01-15 00:25:52,279 - temporalio.workflow - INFO - Execution completed successfully ({'attempt': 1, 'namespace': 'default', 'run_id': '019bbddb-f1d1-76aa-8b70-60402c2d786c', 'task_queue': 'comfyui-gpu-farm', 'workflow_id': 'chain-image-edit-to-video-pipeline-c544ce1f-b051-49d8-bbb7-4e882b0dff7c-edit_frame1', 'workflow_type': 'ComfyUIWorkflow'})
2026-01-15 00:25:52,287 - temporalio.activity - INFO - Extracting server output files ({'activity_id': '2', 'activity_type': 'get_server_output_files', 'attempt': 1, 'namespace': 'default', 'task_queue': 'comfyui-gpu-farm', 'workflow_id': 'chain-image-edit-to-video-pipeline-c544ce1f-b051-49d8-bbb7-4e882b0dff7c-edit_frame1', 'workflow_run_id': '019bbddb-f1d1-76aa-8b70-60402c2d786c', 'workflow_type': 'ComfyUIWorkflow'})
2026-01-15 00:25:52,287 - temporalio.activity - INFO - Found 1 output file(s) ({'activity_id': '2', 'activity_type': 'get_server_output_files', 'attempt': 1, 'namespace': 'default', 'task_queue': 'comfyui-gpu-farm', 'workflow_id': 'chain-image-edit-to-video-pipeline-c544ce1f-b051-49d8-bbb7-4e882b0dff7c-edit_frame1', 'workflow_run_id': '019bbddb-f1d1-76aa-8b70-60402c2d786c', 'workflow_type': 'ComfyUIWorkflow'})
2026-01-15 00:25:52,295 - temporalio.workflow - INFO - Found 1 server output file(s) ({'attempt': 1, 'namespace': 'default', 'run_id': '019bbddb-f1d1-76aa-8b70-60402c2d786c', 'task_queue': 'comfyui-gpu-farm', 'workflow_id': 'chain-image-edit-to-video-pipeline-c544ce1f-b051-49d8-bbb7-4e882b0dff7c-edit_frame1', 'workflow_type': 'ComfyUIWorkflow'})
2026-01-15 00:25:52,303 - temporalio.activity - INFO - Downloading and persisting 1 artifact(s) for workflow 36d359f7-addc-46e0-862b-a1715ac60cf6 ({'activity_id': '3', 'activity_type': 'download_and_store_artifacts', 'attempt': 1, 'namespace': 'default', 'task_queue': 'comfyui-gpu-farm', 'workflow_id': 'chain-image-edit-to-video-pipeline-c544ce1f-b051-49d8-bbb7-4e882b0dff7c-edit_frame1', 'workflow_run_id': '019bbddb-f1d1-76aa-8b70-60402c2d786c', 'workflow_type': 'ComfyUIWorkflow'})
2026-01-15 00:25:52,346 - temporal_gateway.clients.comfy.client - INFO - ComfyUI client initialized for http://procure-x.testmcp.org
2026-01-15 00:25:52,382 - httpx - INFO - HTTP Request: GET http://procure-x.testmcp.org/view?filename=ComfyUI_00284_.png&type=output "HTTP/1.1 200 OK"
2026-01-15 00:25:52,457 - temporalio.activity - INFO - ✓ Saved artifact to DB: 92bc8560-77f8-4818-a796-90a869df6b02 (ComfyUI_00284_.png) ({'activity_id': '3', 'activity_type': 'download_and_store_artifacts', 'attempt': 1, 'namespace': 'default', 'task_queue': 'comfyui-gpu-farm', 'workflow_id': 'chain-image-edit-to-video-pipeline-c544ce1f-b051-49d8-bbb7-4e882b0dff7c-edit_frame1', 'workflow_run_id': '019bbddb-f1d1-76aa-8b70-60402c2d786c', 'workflow_type': 'ComfyUIWorkflow'})
2026-01-15 00:25:52,459 - temporalio.activity - INFO - Downloaded and persisted 1 artifact(s) ({'activity_id': '3', 'activity_type': 'download_and_store_artifacts', 'attempt': 1, 'namespace': 'default', 'task_queue': 'comfyui-gpu-farm', 'workflow_id': 'chain-image-edit-to-video-pipeline-c544ce1f-b051-49d8-bbb7-4e882b0dff7c-edit_frame1', 'workflow_run_id': '019bbddb-f1d1-76aa-8b70-60402c2d786c', 'workflow_type': 'ComfyUIWorkflow'})
2026-01-15 00:25:52,469 - temporalio.workflow - INFO - Downloaded 1 file(s) locally ({'attempt': 1, 'namespace': 'default', 'run_id': '019bbddb-f1d1-76aa-8b70-60402c2d786c', 'task_queue': 'comfyui-gpu-farm', 'workflow_id': 'chain-image-edit-to-video-pipeline-c544ce1f-b051-49d8-bbb7-4e882b0dff7c-edit_frame1', 'workflow_type': 'ComfyUIWorkflow'})
2026-01-15 00:25:52,489 - temporalio.activity - INFO - Updating workflow 36d359f7-addc-46e0-862b-a1715ac60cf6 status to: completed ({'activity_id': '38', 'activity_type': 'update_workflow_status_activity', 'attempt': 1, 'namespace': 'default', 'task_queue': 'comfyui-gpu-farm', 'workflow_id': 'chain-image-edit-to-video-pipeline-c544ce1f-b051-49d8-bbb7-4e882b0dff7c', 'workflow_run_id': '019bbddb-d447-712c-879a-fbc3ba1b92ea', 'workflow_type': 'ChainExecutorWorkflow'})
2026-01-15 00:25:52,492 - temporalio.activity - INFO - ✓ Updated workflow status ({'activity_id': '38', 'activity_type': 'update_workflow_status_activity', 'attempt': 1, 'namespace': 'default', 'task_queue': 'comfyui-gpu-farm', 'workflow_id': 'chain-image-edit-to-video-pipeline-c544ce1f-b051-49d8-bbb7-4e882b0dff7c', 'workflow_run_id': '019bbddb-d447-712c-879a-fbc3ba1b92ea', 'workflow_type': 'ChainExecutorWorkflow'})
2026-01-15 00:25:52,507 - temporalio.activity - INFO - Getting artifacts for workflow: 36d359f7-addc-46e0-862b-a1715ac60cf6 ({'activity_id': '39', 'activity_type': 'get_workflow_artifacts', 'attempt': 1, 'namespace': 'default', 'task_queue': 'comfyui-gpu-farm', 'workflow_id': 'chain-image-edit-to-video-pipeline-c544ce1f-b051-49d8-bbb7-4e882b0dff7c', 'workflow_run_id': '019bbddb-d447-712c-879a-fbc3ba1b92ea', 'workflow_type': 'ChainExecutorWorkflow'})
2026-01-15 00:25:52,524 - temporalio.activity - INFO - Creating approval request for artifact: 92bc8560-77f8-4818-a796-90a869df6b02 ({'activity_id': '40', 'activity_type': 'create_approval_request_activity', 'attempt': 1, 'namespace': 'default', 'task_queue': 'comfyui-gpu-farm', 'workflow_id': 'chain-image-edit-to-video-pipeline-c544ce1f-b051-49d8-bbb7-4e882b0dff7c', 'workflow_run_id': '019bbddb-d447-712c-879a-fbc3ba1b92ea', 'workflow_type': 'ChainExecutorWorkflow'})
2026-01-15 00:25:52,532 - temporalio.activity - INFO - ✓ Created approval request: eac69e79-b7f5-42b0-b60f-a35efe9e63a4, token: T7HcKOZfMicR-uZl... ({'activity_id': '40', 'activity_type': 'create_approval_request_activity', 'attempt': 1, 'namespace': 'default', 'task_queue': 'comfyui-gpu-farm', 'workflow_id': 'chain-image-edit-to-video-pipeline-c544ce1f-b051-49d8-bbb7-4e882b0dff7c', 'workflow_run_id': '019bbddb-d447-712c-879a-fbc3ba1b92ea', 'workflow_type': 'ChainExecutorWorkflow'})
2026-01-15 00:25:52,532 - temporal_gateway.services.broadcast - INFO - Published approval_requested to chain:6dd30b03-1cd4-4472-9c01-fbd2a5d1da29
2026-01-15 00:25:52,533 - temporalio.activity - INFO - Published approval_requested event for chain 6dd30b03-1cd4-4472-9c01-fbd2a5d1da29 ({'activity_id': '40', 'activity_type': 'create_approval_request_activity', 'attempt': 1, 'namespace': 'default', 'task_queue': 'comfyui-gpu-farm', 'workflow_id': 'chain-image-edit-to-video-pipeline-c544ce1f-b051-49d8-bbb7-4e882b0dff7c', 'workflow_run_id': '019bbddb-d447-712c-879a-fbc3ba1b92ea', 'workflow_type': 'ChainExecutorWorkflow'})
2026-01-15 00:25:52,542 - temporalio.workflow - INFO - Step edit_frame1: Approval request created, token: T7HcKOZfMicR-uZl... ({'attempt': 1, 'namespace': 'default', 'run_id': '019bbddb-d447-712c-879a-fbc3ba1b92ea', 'task_queue': 'comfyui-gpu-farm', 'workflow_id': 'chain-image-edit-to-video-pipeline-c544ce1f-b051-49d8-bbb7-4e882b0dff7c', 'workflow_type': 'ChainExecutorWorkflow'})
2026-01-15 00:26:24,443 - temporalio.workflow - INFO - Received approval decision for step edit_frame1: rejected by cli-user ({'attempt': 1, 'namespace': 'default', 'run_id': '019bbddb-d447-712c-879a-fbc3ba1b92ea', 'task_queue': 'comfyui-gpu-farm', 'workflow_id': 'chain-image-edit-to-video-pipeline-c544ce1f-b051-49d8-bbb7-4e882b0dff7c', 'workflow_type': 'ChainExecutorWorkflow'})
2026-01-15 00:26:24,443 - temporalio.workflow - INFO - Step edit_frame1: Rejected by cli-user with comment: None ({'attempt': 1, 'namespace': 'default', 'run_id': '019bbddb-d447-712c-879a-fbc3ba1b92ea', 'task_queue': 'comfyui-gpu-farm', 'workflow_id': 'chain-image-edit-to-video-pipeline-c544ce1f-b051-49d8-bbb7-4e882b0dff7c', 'workflow_type': 'ChainExecutorWorkflow'})
2026-01-15 00:26:24,443 - temporalio.workflow - INFO - Step edit_frame1: Rejected, retry 1/3 ({'attempt': 1, 'namespace': 'default', 'run_id': '019bbddb-d447-712c-879a-fbc3ba1b92ea', 'task_queue': 'comfyui-gpu-farm', 'workflow_id': 'chain-image-edit-to-video-pipeline-c544ce1f-b051-49d8-bbb7-4e882b0dff7c', 'workflow_type': 'ChainExecutorWorkflow'})
2026-01-15 00:26:24,454 - temporalio.activity - INFO - Resolving templates in parameters ({'activity_id': '41', 'activity_type': 'resolve_chain_templates', 'attempt': 1, 'namespace': 'default', 'task_queue': 'comfyui-gpu-farm', 'workflow_id': 'chain-image-edit-to-video-pipeline-c544ce1f-b051-49d8-bbb7-4e882b0dff7c', 'workflow_run_id': '019bbddb-d447-712c-879a-fbc3ba1b92ea', 'workflow_type': 'ChainExecutorWorkflow'})
2026-01-15 00:26:24,455 - temporalio.activity - INFO - Templates resolved successfully ({'activity_id': '41', 'activity_type': 'resolve_chain_templates', 'attempt': 1, 'namespace': 'default', 'task_queue': 'comfyui-gpu-farm', 'workflow_id': 'chain-image-edit-to-video-pipeline-c544ce1f-b051-49d8-bbb7-4e882b0dff7c', 'workflow_run_id': '019bbddb-d447-712c-879a-fbc3ba1b92ea', 'workflow_type': 'ChainExecutorWorkflow'})
2026-01-15 00:26:24,472 - temporalio.activity - INFO - Applying parameters to workflow: qwen_image_edit ({'activity_id': '42', 'activity_type': 'apply_workflow_parameters', 'attempt': 1, 'namespace': 'default', 'task_queue': 'comfyui-gpu-farm', 'workflow_id': 'chain-image-edit-to-video-pipeline-c544ce1f-b051-49d8-bbb7-4e882b0dff7c', 'workflow_run_id': '019bbddb-d447-712c-879a-fbc3ba1b92ea', 'workflow_type': 'ChainExecutorWorkflow'})
2026-01-15 00:26:24,472 - temporal_gateway.registry - INFO - Applied override: 111.prompt = Make it white and black
2026-01-15 00:26:24,472 - temporal_gateway.registry - INFO - Applied override: 78.image = ComfyUI_00281_.png
2026-01-15 00:26:24,472 - temporalio.activity - INFO - Parameters applied successfully ({'activity_id': '42', 'activity_type': 'apply_workflow_parameters', 'attempt': 1, 'namespace': 'default', 'task_queue': 'comfyui-gpu-farm', 'workflow_id': 'chain-image-edit-to-video-pipeline-c544ce1f-b051-49d8-bbb7-4e882b0dff7c', 'workflow_run_id': '019bbddb-d447-712c-879a-fbc3ba1b92ea', 'workflow_type': 'ChainExecutorWorkflow'})
2026-01-15 00:26:24,490 - temporalio.activity - INFO - Selecting server with strategy: least_loaded ({'activity_id': '43', 'activity_type': 'select_best_server', 'attempt': 1, 'namespace': 'default', 'task_queue': 'comfyui-gpu-farm', 'workflow_id': 'chain-image-edit-to-video-pipeline-c544ce1f-b051-49d8-bbb7-4e882b0dff7c', 'workflow_run_id': '019bbddb-d447-712c-879a-fbc3ba1b92ea', 'workflow_type': 'ChainExecutorWorkflow'})
2026-01-15 00:26:24,575 - httpx - INFO - HTTP Request: GET http://procure-x.testmcp.org/system_stats "HTTP/1.1 200 OK"
2026-01-15 00:26:24,589 - httpx - INFO - HTTP Request: GET http://procure-x.testmcp.org/queue "HTTP/1.1 200 OK"
2026-01-15 00:26:24,591 - temporal_gateway.servers.load_balancer - INFO - Selected server procure-x (queue_depth=0, gpu_mem=0.0%)
2026-01-15 00:26:24,591 - temporalio.activity - INFO - Selected server: procure-x (http://procure-x.testmcp.org) ({'activity_id': '43', 'activity_type': 'select_best_server', 'attempt': 1, 'namespace': 'default', 'task_queue': 'comfyui-gpu-farm', 'workflow_id': 'chain-image-edit-to-video-pipeline-c544ce1f-b051-49d8-bbb7-4e882b0dff7c', 'workflow_run_id': '019bbddb-d447-712c-879a-fbc3ba1b92ea', 'workflow_type': 'ChainExecutorWorkflow'})
2026-01-15 00:26:24,600 - temporalio.workflow - INFO - Step edit_frame1: Server http://procure-x.testmcp.org ({'attempt': 1, 'namespace': 'default', 'run_id': '019bbddb-d447-712c-879a-fbc3ba1b92ea', 'task_queue': 'comfyui-gpu-farm', 'workflow_id': 'chain-image-edit-to-video-pipeline-c544ce1f-b051-49d8-bbb7-4e882b0dff7c', 'workflow_type': 'ChainExecutorWorkflow'})
2026-01-15 00:26:24,608 - temporalio.activity - INFO - Getting artifacts for workflow: d920a58f-e311-424b-8a00-ad8fe8f4e8a0 ({'activity_id': '44', 'activity_type': 'get_workflow_artifacts', 'attempt': 1, 'namespace': 'default', 'task_queue': 'comfyui-gpu-farm', 'workflow_id': 'chain-image-edit-to-video-pipeline-c544ce1f-b051-49d8-bbb7-4e882b0dff7c', 'workflow_run_id': '019bbddb-d447-712c-879a-fbc3ba1b92ea', 'workflow_type': 'ChainExecutorWorkflow'})
2026-01-15 00:26:24,617 - temporalio.workflow - INFO - Transferring 1 artifact(s) from extract_frame1 ({'attempt': 1, 'namespace': 'default', 'run_id': '019bbddb-d447-712c-879a-fbc3ba1b92ea', 'task_queue': 'comfyui-gpu-farm', 'workflow_id': 'chain-image-edit-to-video-pipeline-c544ce1f-b051-49d8-bbb7-4e882b0dff7c', 'workflow_type': 'ChainExecutorWorkflow'})
2026-01-15 00:26:24,625 - temporalio.activity - INFO - Transferring 1 artifact(s) from workflow d920a58f-e311-424b-8a00-ad8fe8f4e8a0 to http://procure-x.testmcp.org ({'activity_id': '45', 'activity_type': 'transfer_artifacts_from_storage', 'attempt': 1, 'namespace': 'default', 'task_queue': 'comfyui-gpu-farm', 'workflow_id': 'chain-image-edit-to-video-pipeline-c544ce1f-b051-49d8-bbb7-4e882b0dff7c', 'workflow_run_id': '019bbddb-d447-712c-879a-fbc3ba1b92ea', 'workflow_type': 'ChainExecutorWorkflow'})
2026-01-15 00:26:24,667 - temporal_gateway.clients.comfy.client - INFO - ComfyUI client initialized for http://procure-x.testmcp.org
2026-01-15 00:26:24,671 - temporalio.activity - INFO - Uploading: ComfyUI_00281_.png from local storage to http://procure-x.testmcp.org/input/ ({'activity_id': '45', 'activity_type': 'transfer_artifacts_from_storage', 'attempt': 1, 'namespace': 'default', 'task_queue': 'comfyui-gpu-farm', 'workflow_id': 'chain-image-edit-to-video-pipeline-c544ce1f-b051-49d8-bbb7-4e882b0dff7c', 'workflow_run_id': '019bbddb-d447-712c-879a-fbc3ba1b92ea', 'workflow_type': 'ChainExecutorWorkflow'})
2026-01-15 00:26:24,741 - httpx - INFO - HTTP Request: POST http://procure-x.testmcp.org/upload/image "HTTP/1.1 200 OK"
2026-01-15 00:26:24,742 - temporalio.activity - INFO - ✓ Uploaded: ComfyUI_00281_.png (105368 bytes) ({'activity_id': '45', 'activity_type': 'transfer_artifacts_from_storage', 'attempt': 1, 'namespace': 'default', 'task_queue': 'comfyui-gpu-farm', 'workflow_id': 'chain-image-edit-to-video-pipeline-c544ce1f-b051-49d8-bbb7-4e882b0dff7c', 'workflow_run_id': '019bbddb-d447-712c-879a-fbc3ba1b92ea', 'workflow_type': 'ChainExecutorWorkflow'})
2026-01-15 00:26:24,746 - temporalio.activity - INFO - Successfully transferred 1 file(s) ({'activity_id': '45', 'activity_type': 'transfer_artifacts_from_storage', 'attempt': 1, 'namespace': 'default', 'task_queue': 'comfyui-gpu-farm', 'workflow_id': 'chain-image-edit-to-video-pipeline-c544ce1f-b051-49d8-bbb7-4e882b0dff7c', 'workflow_run_id': '019bbddb-d447-712c-879a-fbc3ba1b92ea', 'workflow_type': 'ChainExecutorWorkflow'})
2026-01-15 00:26:24,762 - temporalio.activity - INFO - Creating workflow record: qwen_image_edit (prompt: pending) ({'activity_id': '46', 'activity_type': 'create_workflow_record', 'attempt': 1, 'namespace': 'default', 'task_queue': 'comfyui-gpu-farm', 'workflow_id': 'chain-image-edit-to-video-pipeline-c544ce1f-b051-49d8-bbb7-4e882b0dff7c', 'workflow_run_id': '019bbddb-d447-712c-879a-fbc3ba1b92ea', 'workflow_type': 'ChainExecutorWorkflow'})
2026-01-15 00:26:24,765 - temporalio.activity - INFO - ✓ Created workflow record: 7ca61295-a47a-4016-9732-0332176c00f1 ({'activity_id': '46', 'activity_type': 'create_workflow_record', 'attempt': 1, 'namespace': 'default', 'task_queue': 'comfyui-gpu-farm', 'workflow_id': 'chain-image-edit-to-video-pipeline-c544ce1f-b051-49d8-bbb7-4e882b0dff7c', 'workflow_run_id': '019bbddb-d447-712c-879a-fbc3ba1b92ea', 'workflow_type': 'ChainExecutorWorkflow'})
2026-01-15 00:26:24,803 - temporalio.workflow - INFO - Starting ComfyUI workflow execution ({'attempt': 1, 'namespace': 'default', 'run_id': '019bbddd-becb-72af-9c8a-9774ed3c1611', 'task_queue': 'comfyui-gpu-farm', 'workflow_id': 'chain-image-edit-to-video-pipeline-c544ce1f-b051-49d8-bbb7-4e882b0dff7c-edit_frame1', 'workflow_type': 'ComfyUIWorkflow'})
2026-01-15 00:26:24,803 - temporalio.workflow - INFO - Generated client_id: 52f31ab9-24a5-4843-b8f3-fe67283f5827 ({'attempt': 1, 'namespace': 'default', 'run_id': '019bbddd-becb-72af-9c8a-9774ed3c1611', 'task_queue': 'comfyui-gpu-farm', 'workflow_id': 'chain-image-edit-to-video-pipeline-c544ce1f-b051-49d8-bbb7-4e882b0dff7c-edit_frame1', 'workflow_type': 'ComfyUIWorkflow'})
2026-01-15 00:26:24,803 - temporalio.workflow - INFO - Using pre-selected server: http://procure-x.testmcp.org ({'attempt': 1, 'namespace': 'default', 'run_id': '019bbddd-becb-72af-9c8a-9774ed3c1611', 'task_queue': 'comfyui-gpu-farm', 'workflow_id': 'chain-image-edit-to-video-pipeline-c544ce1f-b051-49d8-bbb7-4e882b0dff7c-edit_frame1', 'workflow_type': 'ComfyUIWorkflow'})
2026-01-15 00:26:24,811 - temporalio.activity - INFO - [V3] Executing workflow on http://procure-x.testmcp.org ({'activity_id': '1', 'activity_type': 'execute_and_track_workflow', 'attempt': 1, 'namespace': 'default', 'task_queue': 'comfyui-gpu-farm', 'workflow_id': 'chain-image-edit-to-video-pipeline-c544ce1f-b051-49d8-bbb7-4e882b0dff7c-edit_frame1', 'workflow_run_id': '019bbddd-becb-72af-9c8a-9774ed3c1611', 'workflow_type': 'ComfyUIWorkflow'})
2026-01-15 00:26:24,811 - temporalio.activity - INFO - [V3] Workflow name: qwen_image_edit ({'activity_id': '1', 'activity_type': 'execute_and_track_workflow', 'attempt': 1, 'namespace': 'default', 'task_queue': 'comfyui-gpu-farm', 'workflow_id': 'chain-image-edit-to-video-pipeline-c544ce1f-b051-49d8-bbb7-4e882b0dff7c-edit_frame1', 'workflow_run_id': '019bbddd-becb-72af-9c8a-9774ed3c1611', 'workflow_type': 'ComfyUIWorkflow'})
2026-01-15 00:26:24,853 - temporal_gateway.clients.comfy.client - INFO - ComfyUI client initialized for http://procure-x.testmcp.org
2026-01-15 00:26:24,853 - temporal_gateway.clients.comfy.client - INFO - Submitting workflow to ComfyUI
2026-01-15 00:26:24,908 - httpx - INFO - HTTP Request: POST http://procure-x.testmcp.org/prompt "HTTP/1.1 200 OK"
2026-01-15 00:26:24,909 - temporal_gateway.clients.comfy.client - INFO - Workflow queued with prompt_id: d4dd2d32-7ced-4332-bb7f-bb593da41edf
2026-01-15 00:26:24,909 - temporal_gateway.clients.comfy.tracker - INFO - Starting execution tracking for prompt d4dd2d32-7ced-4332-bb7f-bb593da41edf
2026-01-15 00:26:24,910 - temporal_gateway.clients.comfy.tracker - INFO - Starting history polling
2026-01-15 00:26:24,911 - temporal_gateway.clients.comfy.tracker - INFO - Starting WebSocket listener
2026-01-15 00:26:24,911 - temporal_gateway.clients.comfy.websocket - INFO - Connecting to WebSocket: ws://procure-x.testmcp.org/ws?clientId=a3b76368-25f2-4675-ac76-a5015d107e53
2026-01-15 00:26:24,924 - httpx - INFO - HTTP Request: GET http://procure-x.testmcp.org/history/d4dd2d32-7ced-4332-bb7f-bb593da41edf "HTTP/1.1 200 OK"
2026-01-15 00:26:24,950 - temporal_gateway.clients.comfy.websocket - INFO - WebSocket connected successfully
2026-01-15 00:26:25,948 - httpx - INFO - HTTP Request: GET http://procure-x.testmcp.org/history/d4dd2d32-7ced-4332-bb7f-bb593da41edf "HTTP/1.1 200 OK"
2026-01-15 00:26:26,971 - httpx - INFO - HTTP Request: GET http://procure-x.testmcp.org/history/d4dd2d32-7ced-4332-bb7f-bb593da41edf "HTTP/1.1 200 OK"
2026-01-15 00:26:27,995 - httpx - INFO - HTTP Request: GET http://procure-x.testmcp.org/history/d4dd2d32-7ced-4332-bb7f-bb593da41edf "HTTP/1.1 200 OK"
2026-01-15 00:26:29,023 - httpx - INFO - HTTP Request: GET http://procure-x.testmcp.org/history/d4dd2d32-7ced-4332-bb7f-bb593da41edf "HTTP/1.1 200 OK"
2026-01-15 00:26:30,044 - httpx - INFO - HTTP Request: GET http://procure-x.testmcp.org/history/d4dd2d32-7ced-4332-bb7f-bb593da41edf "HTTP/1.1 200 OK"
2026-01-15 00:26:31,069 - httpx - INFO - HTTP Request: GET http://procure-x.testmcp.org/history/d4dd2d32-7ced-4332-bb7f-bb593da41edf "HTTP/1.1 200 OK"
2026-01-15 00:26:32,092 - httpx - INFO - HTTP Request: GET http://procure-x.testmcp.org/history/d4dd2d32-7ced-4332-bb7f-bb593da41edf "HTTP/1.1 200 OK"
2026-01-15 00:26:33,117 - httpx - INFO - HTTP Request: GET http://procure-x.testmcp.org/history/d4dd2d32-7ced-4332-bb7f-bb593da41edf "HTTP/1.1 200 OK"
2026-01-15 00:26:34,142 - httpx - INFO - HTTP Request: GET http://procure-x.testmcp.org/history/d4dd2d32-7ced-4332-bb7f-bb593da41edf "HTTP/1.1 200 OK"
2026-01-15 00:26:35,168 - httpx - INFO - HTTP Request: GET http://procure-x.testmcp.org/history/d4dd2d32-7ced-4332-bb7f-bb593da41edf "HTTP/1.1 200 OK"
2026-01-15 00:26:36,194 - httpx - INFO - HTTP Request: GET http://procure-x.testmcp.org/history/d4dd2d32-7ced-4332-bb7f-bb593da41edf "HTTP/1.1 200 OK"
2026-01-15 00:26:37,219 - httpx - INFO - HTTP Request: GET http://procure-x.testmcp.org/history/d4dd2d32-7ced-4332-bb7f-bb593da41edf "HTTP/1.1 200 OK"
2026-01-15 00:26:38,249 - httpx - INFO - HTTP Request: GET http://procure-x.testmcp.org/history/d4dd2d32-7ced-4332-bb7f-bb593da41edf "HTTP/1.1 200 OK"
2026-01-15 00:26:39,273 - httpx - INFO - HTTP Request: GET http://procure-x.testmcp.org/history/d4dd2d32-7ced-4332-bb7f-bb593da41edf "HTTP/1.1 200 OK"
2026-01-15 00:26:40,298 - httpx - INFO - HTTP Request: GET http://procure-x.testmcp.org/history/d4dd2d32-7ced-4332-bb7f-bb593da41edf "HTTP/1.1 200 OK"
2026-01-15 00:26:41,323 - httpx - INFO - HTTP Request: GET http://procure-x.testmcp.org/history/d4dd2d32-7ced-4332-bb7f-bb593da41edf "HTTP/1.1 200 OK"
2026-01-15 00:26:42,342 - httpx - INFO - HTTP Request: GET http://procure-x.testmcp.org/history/d4dd2d32-7ced-4332-bb7f-bb593da41edf "HTTP/1.1 200 OK"
2026-01-15 00:26:43,367 - httpx - INFO - HTTP Request: GET http://procure-x.testmcp.org/history/d4dd2d32-7ced-4332-bb7f-bb593da41edf "HTTP/1.1 200 OK"
2026-01-15 00:26:44,391 - httpx - INFO - HTTP Request: GET http://procure-x.testmcp.org/history/d4dd2d32-7ced-4332-bb7f-bb593da41edf "HTTP/1.1 200 OK"
2026-01-15 00:26:45,415 - httpx - INFO - HTTP Request: GET http://procure-x.testmcp.org/history/d4dd2d32-7ced-4332-bb7f-bb593da41edf "HTTP/1.1 200 OK"
2026-01-15 00:26:46,444 - httpx - INFO - HTTP Request: GET http://procure-x.testmcp.org/history/d4dd2d32-7ced-4332-bb7f-bb593da41edf "HTTP/1.1 200 OK"
2026-01-15 00:26:47,463 - httpx - INFO - HTTP Request: GET http://procure-x.testmcp.org/history/d4dd2d32-7ced-4332-bb7f-bb593da41edf "HTTP/1.1 200 OK"
2026-01-15 00:26:48,491 - httpx - INFO - HTTP Request: GET http://procure-x.testmcp.org/history/d4dd2d32-7ced-4332-bb7f-bb593da41edf "HTTP/1.1 200 OK"
2026-01-15 00:26:48,529 - temporal_gateway.clients.comfy.tracker - INFO - [WS] Execution completed successfully
2026-01-15 00:26:48,960 - httpx - INFO - HTTP Request: GET http://procure-x.testmcp.org/history/d4dd2d32-7ced-4332-bb7f-bb593da41edf "HTTP/1.1 200 OK"
2026-01-15 00:26:48,965 - temporal_gateway.clients.comfy.tracker - INFO - Tracking completed: success (took 24.06s)
2026-01-15 00:26:48,966 - temporalio.activity - INFO - [V3] Workflow completed successfully ({'activity_id': '1', 'activity_type': 'execute_and_track_workflow', 'attempt': 1, 'namespace': 'default', 'task_queue': 'comfyui-gpu-farm', 'workflow_id': 'chain-image-edit-to-video-pipeline-c544ce1f-b051-49d8-bbb7-4e882b0dff7c-edit_frame1', 'workflow_run_id': '019bbddd-becb-72af-9c8a-9774ed3c1611', 'workflow_type': 'ComfyUIWorkflow'})
2026-01-15 00:26:48,987 - temporalio.workflow - INFO - Execution completed successfully ({'attempt': 1, 'namespace': 'default', 'run_id': '019bbddd-becb-72af-9c8a-9774ed3c1611', 'task_queue': 'comfyui-gpu-farm', 'workflow_id': 'chain-image-edit-to-video-pipeline-c544ce1f-b051-49d8-bbb7-4e882b0dff7c-edit_frame1', 'workflow_type': 'ComfyUIWorkflow'})
2026-01-15 00:26:48,997 - temporalio.activity - INFO - Extracting server output files ({'activity_id': '2', 'activity_type': 'get_server_output_files', 'attempt': 1, 'namespace': 'default', 'task_queue': 'comfyui-gpu-farm', 'workflow_id': 'chain-image-edit-to-video-pipeline-c544ce1f-b051-49d8-bbb7-4e882b0dff7c-edit_frame1', 'workflow_run_id': '019bbddd-becb-72af-9c8a-9774ed3c1611', 'workflow_type': 'ComfyUIWorkflow'})
2026-01-15 00:26:48,997 - temporalio.activity - INFO - Found 1 output file(s) ({'activity_id': '2', 'activity_type': 'get_server_output_files', 'attempt': 1, 'namespace': 'default', 'task_queue': 'comfyui-gpu-farm', 'workflow_id': 'chain-image-edit-to-video-pipeline-c544ce1f-b051-49d8-bbb7-4e882b0dff7c-edit_frame1', 'workflow_run_id': '019bbddd-becb-72af-9c8a-9774ed3c1611', 'workflow_type': 'ComfyUIWorkflow'})
2026-01-15 00:26:49,006 - temporalio.workflow - INFO - Found 1 server output file(s) ({'attempt': 1, 'namespace': 'default', 'run_id': '019bbddd-becb-72af-9c8a-9774ed3c1611', 'task_queue': 'comfyui-gpu-farm', 'workflow_id': 'chain-image-edit-to-video-pipeline-c544ce1f-b051-49d8-bbb7-4e882b0dff7c-edit_frame1', 'workflow_type': 'ComfyUIWorkflow'})
2026-01-15 00:26:49,015 - temporalio.activity - INFO - Downloading and persisting 1 artifact(s) for workflow 7ca61295-a47a-4016-9732-0332176c00f1 ({'activity_id': '3', 'activity_type': 'download_and_store_artifacts', 'attempt': 1, 'namespace': 'default', 'task_queue': 'comfyui-gpu-farm', 'workflow_id': 'chain-image-edit-to-video-pipeline-c544ce1f-b051-49d8-bbb7-4e882b0dff7c-edit_frame1', 'workflow_run_id': '019bbddd-becb-72af-9c8a-9774ed3c1611', 'workflow_type': 'ComfyUIWorkflow'})
2026-01-15 00:26:49,059 - temporal_gateway.clients.comfy.client - INFO - ComfyUI client initialized for http://procure-x.testmcp.org
2026-01-15 00:26:49,102 - httpx - INFO - HTTP Request: GET http://procure-x.testmcp.org/view?filename=ComfyUI_00285_.png&type=output "HTTP/1.1 200 OK"
2026-01-15 00:26:49,171 - temporalio.activity - INFO - ✓ Saved artifact to DB: a97050e9-afb7-4afc-bce6-7ea4326ddfb8 (ComfyUI_00285_.png) ({'activity_id': '3', 'activity_type': 'download_and_store_artifacts', 'attempt': 1, 'namespace': 'default', 'task_queue': 'comfyui-gpu-farm', 'workflow_id': 'chain-image-edit-to-video-pipeline-c544ce1f-b051-49d8-bbb7-4e882b0dff7c-edit_frame1', 'workflow_run_id': '019bbddd-becb-72af-9c8a-9774ed3c1611', 'workflow_type': 'ComfyUIWorkflow'})
2026-01-15 00:26:49,173 - temporalio.activity - INFO - Downloaded and persisted 1 artifact(s) ({'activity_id': '3', 'activity_type': 'download_and_store_artifacts', 'attempt': 1, 'namespace': 'default', 'task_queue': 'comfyui-gpu-farm', 'workflow_id': 'chain-image-edit-to-video-pipeline-c544ce1f-b051-49d8-bbb7-4e882b0dff7c-edit_frame1', 'workflow_run_id': '019bbddd-becb-72af-9c8a-9774ed3c1611', 'workflow_type': 'ComfyUIWorkflow'})
2026-01-15 00:26:49,183 - temporalio.workflow - INFO - Downloaded 1 file(s) locally ({'attempt': 1, 'namespace': 'default', 'run_id': '019bbddd-becb-72af-9c8a-9774ed3c1611', 'task_queue': 'comfyui-gpu-farm', 'workflow_id': 'chain-image-edit-to-video-pipeline-c544ce1f-b051-49d8-bbb7-4e882b0dff7c-edit_frame1', 'workflow_type': 'ComfyUIWorkflow'})
2026-01-15 00:26:49,202 - temporalio.activity - INFO - Updating workflow 7ca61295-a47a-4016-9732-0332176c00f1 status to: completed ({'activity_id': '47', 'activity_type': 'update_workflow_status_activity', 'attempt': 1, 'namespace': 'default', 'task_queue': 'comfyui-gpu-farm', 'workflow_id': 'chain-image-edit-to-video-pipeline-c544ce1f-b051-49d8-bbb7-4e882b0dff7c', 'workflow_run_id': '019bbddb-d447-712c-879a-fbc3ba1b92ea', 'workflow_type': 'ChainExecutorWorkflow'})
2026-01-15 00:26:49,205 - temporalio.activity - INFO - ✓ Updated workflow status ({'activity_id': '47', 'activity_type': 'update_workflow_status_activity', 'attempt': 1, 'namespace': 'default', 'task_queue': 'comfyui-gpu-farm', 'workflow_id': 'chain-image-edit-to-video-pipeline-c544ce1f-b051-49d8-bbb7-4e882b0dff7c', 'workflow_run_id': '019bbddb-d447-712c-879a-fbc3ba1b92ea', 'workflow_type': 'ChainExecutorWorkflow'})
2026-01-15 00:26:49,221 - temporalio.activity - INFO - Getting artifacts for workflow: 7ca61295-a47a-4016-9732-0332176c00f1 ({'activity_id': '48', 'activity_type': 'get_workflow_artifacts', 'attempt': 1, 'namespace': 'default', 'task_queue': 'comfyui-gpu-farm', 'workflow_id': 'chain-image-edit-to-video-pipeline-c544ce1f-b051-49d8-bbb7-4e882b0dff7c', 'workflow_run_id': '019bbddb-d447-712c-879a-fbc3ba1b92ea', 'workflow_type': 'ChainExecutorWorkflow'})
2026-01-15 00:26:49,238 - temporalio.activity - INFO - Creating approval request for artifact: a97050e9-afb7-4afc-bce6-7ea4326ddfb8 ({'activity_id': '49', 'activity_type': 'create_approval_request_activity', 'attempt': 1, 'namespace': 'default', 'task_queue': 'comfyui-gpu-farm', 'workflow_id': 'chain-image-edit-to-video-pipeline-c544ce1f-b051-49d8-bbb7-4e882b0dff7c', 'workflow_run_id': '019bbddb-d447-712c-879a-fbc3ba1b92ea', 'workflow_type': 'ChainExecutorWorkflow'})
2026-01-15 00:26:49,242 - temporalio.activity - INFO - ✓ Created approval request: 93eda581-95e3-495d-83fa-a4960de3e5ba, token: xib3SLkCeCM4mkLt... ({'activity_id': '49', 'activity_type': 'create_approval_request_activity', 'attempt': 1, 'namespace': 'default', 'task_queue': 'comfyui-gpu-farm', 'workflow_id': 'chain-image-edit-to-video-pipeline-c544ce1f-b051-49d8-bbb7-4e882b0dff7c', 'workflow_run_id': '019bbddb-d447-712c-879a-fbc3ba1b92ea', 'workflow_type': 'ChainExecutorWorkflow'})
2026-01-15 00:26:49,243 - temporal_gateway.services.broadcast - INFO - Published approval_requested to chain:6dd30b03-1cd4-4472-9c01-fbd2a5d1da29
2026-01-15 00:26:49,243 - temporalio.activity - INFO - Published approval_requested event for chain 6dd30b03-1cd4-4472-9c01-fbd2a5d1da29 ({'activity_id': '49', 'activity_type': 'create_approval_request_activity', 'attempt': 1, 'namespace': 'default', 'task_queue': 'comfyui-gpu-farm', 'workflow_id': 'chain-image-edit-to-video-pipeline-c544ce1f-b051-49d8-bbb7-4e882b0dff7c', 'workflow_run_id': '019bbddb-d447-712c-879a-fbc3ba1b92ea', 'workflow_type': 'ChainExecutorWorkflow'})
2026-01-15 00:26:49,252 - temporalio.workflow - INFO - Step edit_frame1: Approval request created, token: xib3SLkCeCM4mkLt... ({'attempt': 1, 'namespace': 'default', 'run_id': '019bbddb-d447-712c-879a-fbc3ba1b92ea', 'task_queue': 'comfyui-gpu-farm', 'workflow_id': 'chain-image-edit-to-video-pipeline-c544ce1f-b051-49d8-bbb7-4e882b0dff7c', 'workflow_type': 'ChainExecutorWorkflow'})
2026-01-15 00:27:02,592 - temporalio.workflow - INFO - Received approval decision for step edit_frame1: approved by cli-user ({'attempt': 1, 'namespace': 'default', 'run_id': '019bbddb-d447-712c-879a-fbc3ba1b92ea', 'task_queue': 'comfyui-gpu-farm', 'workflow_id': 'chain-image-edit-to-video-pipeline-c544ce1f-b051-49d8-bbb7-4e882b0dff7c', 'workflow_type': 'ChainExecutorWorkflow'})
2026-01-15 00:27:02,592 - temporalio.workflow - INFO - Step edit_frame1: Approved by cli-user ({'attempt': 1, 'namespace': 'default', 'run_id': '019bbddb-d447-712c-879a-fbc3ba1b92ea', 'task_queue': 'comfyui-gpu-farm', 'workflow_id': 'chain-image-edit-to-video-pipeline-c544ce1f-b051-49d8-bbb7-4e882b0dff7c', 'workflow_type': 'ChainExecutorWorkflow'})
2026-01-15 00:27:02,592 - temporalio.workflow - INFO - Step edit_frame1: Approved ({'attempt': 1, 'namespace': 'default', 'run_id': '019bbddb-d447-712c-879a-fbc3ba1b92ea', 'task_queue': 'comfyui-gpu-farm', 'workflow_id': 'chain-image-edit-to-video-pipeline-c544ce1f-b051-49d8-bbb7-4e882b0dff7c', 'workflow_type': 'ChainExecutorWorkflow'})
2026-01-15 00:27:02,602 - temporalio.activity - INFO - Getting artifacts for workflow: 7ca61295-a47a-4016-9732-0332176c00f1 ({'activity_id': '50', 'activity_type': 'get_workflow_artifacts', 'attempt': 1, 'namespace': 'default', 'task_queue': 'comfyui-gpu-farm', 'workflow_id': 'chain-image-edit-to-video-pipeline-c544ce1f-b051-49d8-bbb7-4e882b0dff7c', 'workflow_run_id': '019bbddb-d447-712c-879a-fbc3ba1b92ea', 'workflow_type': 'ChainExecutorWorkflow'})
2026-01-15 00:27:02,621 - temporal_gateway.services.broadcast - INFO - Published step_completed to chain:6dd30b03-1cd4-4472-9c01-fbd2a5d1da29
2026-01-15 00:27:02,621 - temporalio.activity - INFO - Published step_completed event for edit_frame1 in chain 6dd30b03-1cd4-4472-9c01-fbd2a5d1da29 ({'activity_id': '51', 'activity_type': 'publish_step_completed_activity', 'attempt': 1, 'namespace': 'default', 'task_queue': 'comfyui-gpu-farm', 'workflow_id': 'chain-image-edit-to-video-pipeline-c544ce1f-b051-49d8-bbb7-4e882b0dff7c', 'workflow_run_id': '019bbddb-d447-712c-879a-fbc3ba1b92ea', 'workflow_type': 'ChainExecutorWorkflow'})
2026-01-15 00:27:02,629 - temporalio.workflow - INFO - Step edit_frame1: completed ({'attempt': 1, 'namespace': 'default', 'run_id': '019bbddb-d447-712c-879a-fbc3ba1b92ea', 'task_queue': 'comfyui-gpu-farm', 'workflow_id': 'chain-image-edit-to-video-pipeline-c544ce1f-b051-49d8-bbb7-4e882b0dff7c', 'workflow_type': 'ChainExecutorWorkflow'})
2026-01-15 00:27:02,630 - temporalio.workflow - INFO - Step edit_frame2: completed ({'attempt': 1, 'namespace': 'default', 'run_id': '019bbddb-d447-712c-879a-fbc3ba1b92ea', 'task_queue': 'comfyui-gpu-farm', 'workflow_id': 'chain-image-edit-to-video-pipeline-c544ce1f-b051-49d8-bbb7-4e882b0dff7c', 'workflow_type': 'ChainExecutorWorkflow'})
2026-01-15 00:27:02,638 - temporalio.activity - INFO - Updating chain 6dd30b03-1cd4-4472-9c01-fbd2a5d1da29 status to: executing_level_2 ({'activity_id': '52', 'activity_type': 'update_chain_status_activity', 'attempt': 1, 'namespace': 'default', 'task_queue': 'comfyui-gpu-farm', 'workflow_id': 'chain-image-edit-to-video-pipeline-c544ce1f-b051-49d8-bbb7-4e882b0dff7c', 'workflow_run_id': '019bbddb-d447-712c-879a-fbc3ba1b92ea', 'workflow_type': 'ChainExecutorWorkflow'})
2026-01-15 00:27:02,642 - temporalio.activity - INFO - ✓ Updated chain status ({'activity_id': '52', 'activity_type': 'update_chain_status_activity', 'attempt': 1, 'namespace': 'default', 'task_queue': 'comfyui-gpu-farm', 'workflow_id': 'chain-image-edit-to-video-pipeline-c544ce1f-b051-49d8-bbb7-4e882b0dff7c', 'workflow_run_id': '019bbddb-d447-712c-879a-fbc3ba1b92ea', 'workflow_type': 'ChainExecutorWorkflow'})
2026-01-15 00:27:02,651 - temporalio.workflow - INFO - Level 2: Executing 1 step(s) ({'attempt': 1, 'namespace': 'default', 'run_id': '019bbddb-d447-712c-879a-fbc3ba1b92ea', 'task_queue': 'comfyui-gpu-farm', 'workflow_id': 'chain-image-edit-to-video-pipeline-c544ce1f-b051-49d8-bbb7-4e882b0dff7c', 'workflow_type': 'ChainExecutorWorkflow'})
2026-01-15 00:27:02,652 - temporalio.workflow - INFO - Executing step: create_video ({'attempt': 1, 'namespace': 'default', 'run_id': '019bbddb-d447-712c-879a-fbc3ba1b92ea', 'task_queue': 'comfyui-gpu-farm', 'workflow_id': 'chain-image-edit-to-video-pipeline-c544ce1f-b051-49d8-bbb7-4e882b0dff7c', 'workflow_type': 'ChainExecutorWorkflow'})
2026-01-15 00:27:02,661 - temporalio.activity - INFO - Resolving templates in parameters ({'activity_id': '53', 'activity_type': 'resolve_chain_templates', 'attempt': 1, 'namespace': 'default', 'task_queue': 'comfyui-gpu-farm', 'workflow_id': 'chain-image-edit-to-video-pipeline-c544ce1f-b051-49d8-bbb7-4e882b0dff7c', 'workflow_run_id': '019bbddb-d447-712c-879a-fbc3ba1b92ea', 'workflow_type': 'ChainExecutorWorkflow'})
2026-01-15 00:27:02,662 - temporalio.activity - INFO - Templates resolved successfully ({'activity_id': '53', 'activity_type': 'resolve_chain_templates', 'attempt': 1, 'namespace': 'default', 'task_queue': 'comfyui-gpu-farm', 'workflow_id': 'chain-image-edit-to-video-pipeline-c544ce1f-b051-49d8-bbb7-4e882b0dff7c', 'workflow_run_id': '019bbddb-d447-712c-879a-fbc3ba1b92ea', 'workflow_type': 'ChainExecutorWorkflow'})
2026-01-15 00:27:02,678 - temporalio.activity - INFO - Applying parameters to workflow: firstEndTovideo ({'activity_id': '54', 'activity_type': 'apply_workflow_parameters', 'attempt': 1, 'namespace': 'default', 'task_queue': 'comfyui-gpu-farm', 'workflow_id': 'chain-image-edit-to-video-pipeline-c544ce1f-b051-49d8-bbb7-4e882b0dff7c', 'workflow_run_id': '019bbddb-d447-712c-879a-fbc3ba1b92ea', 'workflow_type': 'ChainExecutorWorkflow'})
2026-01-15 00:27:02,678 - temporal_gateway.registry - INFO - Applied override: 6.text = Smooth cinematic transition between vibrant colorful scenes
2026-01-15 00:27:02,678 - temporal_gateway.registry - INFO - Applied override: 60.fps = 16
2026-01-15 00:27:02,678 - temporal_gateway.registry - INFO - Applied override: 62.image = ComfyUI_00285_.png
2026-01-15 00:27:02,678 - temporal_gateway.registry - INFO - Applied override: 67.height = 1024
2026-01-15 00:27:02,678 - temporal_gateway.registry - INFO - Applied override: 67.length = 81
2026-01-15 00:27:02,678 - temporal_gateway.registry - INFO - Applied override: 67.width = 592
2026-01-15 00:27:02,678 - temporal_gateway.registry - INFO - Applied override: 68.image = ComfyUI_00283_.png
2026-01-15 00:27:02,678 - temporalio.activity - INFO - Parameters applied successfully ({'activity_id': '54', 'activity_type': 'apply_workflow_parameters', 'attempt': 1, 'namespace': 'default', 'task_queue': 'comfyui-gpu-farm', 'workflow_id': 'chain-image-edit-to-video-pipeline-c544ce1f-b051-49d8-bbb7-4e882b0dff7c', 'workflow_run_id': '019bbddb-d447-712c-879a-fbc3ba1b92ea', 'workflow_type': 'ChainExecutorWorkflow'})
2026-01-15 00:27:02,694 - temporalio.activity - INFO - Selecting server with strategy: least_loaded ({'activity_id': '55', 'activity_type': 'select_best_server', 'attempt': 1, 'namespace': 'default', 'task_queue': 'comfyui-gpu-farm', 'workflow_id': 'chain-image-edit-to-video-pipeline-c544ce1f-b051-49d8-bbb7-4e882b0dff7c', 'workflow_run_id': '019bbddb-d447-712c-879a-fbc3ba1b92ea', 'workflow_type': 'ChainExecutorWorkflow'})
2026-01-15 00:27:02,786 - httpx - INFO - HTTP Request: GET http://procure-x.testmcp.org/system_stats "HTTP/1.1 200 OK"
2026-01-15 00:27:02,801 - httpx - INFO - HTTP Request: GET http://procure-x.testmcp.org/queue "HTTP/1.1 200 OK"
2026-01-15 00:27:02,804 - temporal_gateway.servers.load_balancer - INFO - Selected server procure-x (queue_depth=0, gpu_mem=0.0%)
2026-01-15 00:27:02,804 - temporalio.activity - INFO - Selected server: procure-x (http://procure-x.testmcp.org) ({'activity_id': '55', 'activity_type': 'select_best_server', 'attempt': 1, 'namespace': 'default', 'task_queue': 'comfyui-gpu-farm', 'workflow_id': 'chain-image-edit-to-video-pipeline-c544ce1f-b051-49d8-bbb7-4e882b0dff7c', 'workflow_run_id': '019bbddb-d447-712c-879a-fbc3ba1b92ea', 'workflow_type': 'ChainExecutorWorkflow'})
2026-01-15 00:27:02,817 - temporalio.workflow - INFO - Step create_video: Server http://procure-x.testmcp.org ({'attempt': 1, 'namespace': 'default', 'run_id': '019bbddb-d447-712c-879a-fbc3ba1b92ea', 'task_queue': 'comfyui-gpu-farm', 'workflow_id': 'chain-image-edit-to-video-pipeline-c544ce1f-b051-49d8-bbb7-4e882b0dff7c', 'workflow_type': 'ChainExecutorWorkflow'})
2026-01-15 00:27:02,825 - temporalio.activity - INFO - Getting artifacts for workflow: 7ca61295-a47a-4016-9732-0332176c00f1 ({'activity_id': '56', 'activity_type': 'get_workflow_artifacts', 'attempt': 1, 'namespace': 'default', 'task_queue': 'comfyui-gpu-farm', 'workflow_id': 'chain-image-edit-to-video-pipeline-c544ce1f-b051-49d8-bbb7-4e882b0dff7c', 'workflow_run_id': '019bbddb-d447-712c-879a-fbc3ba1b92ea', 'workflow_type': 'ChainExecutorWorkflow'})
2026-01-15 00:27:02,834 - temporalio.workflow - INFO - Transferring 1 artifact(s) from edit_frame1 ({'attempt': 1, 'namespace': 'default', 'run_id': '019bbddb-d447-712c-879a-fbc3ba1b92ea', 'task_queue': 'comfyui-gpu-farm', 'workflow_id': 'chain-image-edit-to-video-pipeline-c544ce1f-b051-49d8-bbb7-4e882b0dff7c', 'workflow_type': 'ChainExecutorWorkflow'})
2026-01-15 00:27:02,842 - temporalio.activity - INFO - Transferring 1 artifact(s) from workflow 7ca61295-a47a-4016-9732-0332176c00f1 to http://procure-x.testmcp.org ({'activity_id': '57', 'activity_type': 'transfer_artifacts_from_storage', 'attempt': 1, 'namespace': 'default', 'task_queue': 'comfyui-gpu-farm', 'workflow_id': 'chain-image-edit-to-video-pipeline-c544ce1f-b051-49d8-bbb7-4e882b0dff7c', 'workflow_run_id': '019bbddb-d447-712c-879a-fbc3ba1b92ea', 'workflow_type': 'ChainExecutorWorkflow'})
2026-01-15 00:27:02,885 - temporal_gateway.clients.comfy.client - INFO - ComfyUI client initialized for http://procure-x.testmcp.org
2026-01-15 00:27:02,890 - temporalio.activity - INFO - Uploading: ComfyUI_00285_.png from local storage to http://procure-x.testmcp.org/input/ ({'activity_id': '57', 'activity_type': 'transfer_artifacts_from_storage', 'attempt': 1, 'namespace': 'default', 'task_queue': 'comfyui-gpu-farm', 'workflow_id': 'chain-image-edit-to-video-pipeline-c544ce1f-b051-49d8-bbb7-4e882b0dff7c', 'workflow_run_id': '019bbddb-d447-712c-879a-fbc3ba1b92ea', 'workflow_type': 'ChainExecutorWorkflow'})
2026-01-15 00:27:03,032 - httpx - INFO - HTTP Request: POST http://procure-x.testmcp.org/upload/image "HTTP/1.1 200 OK"
2026-01-15 00:27:03,033 - temporalio.activity - INFO - ✓ Uploaded: ComfyUI_00285_.png (700950 bytes) ({'activity_id': '57', 'activity_type': 'transfer_artifacts_from_storage', 'attempt': 1, 'namespace': 'default', 'task_queue': 'comfyui-gpu-farm', 'workflow_id': 'chain-image-edit-to-video-pipeline-c544ce1f-b051-49d8-bbb7-4e882b0dff7c', 'workflow_run_id': '019bbddb-d447-712c-879a-fbc3ba1b92ea', 'workflow_type': 'ChainExecutorWorkflow'})
2026-01-15 00:27:03,037 - temporalio.activity - INFO - Successfully transferred 1 file(s) ({'activity_id': '57', 'activity_type': 'transfer_artifacts_from_storage', 'attempt': 1, 'namespace': 'default', 'task_queue': 'comfyui-gpu-farm', 'workflow_id': 'chain-image-edit-to-video-pipeline-c544ce1f-b051-49d8-bbb7-4e882b0dff7c', 'workflow_run_id': '019bbddb-d447-712c-879a-fbc3ba1b92ea', 'workflow_type': 'ChainExecutorWorkflow'})
2026-01-15 00:27:03,052 - temporalio.activity - INFO - Getting artifacts for workflow: ba0820e8-2661-4595-87e5-d8c0e0a5b4ac ({'activity_id': '58', 'activity_type': 'get_workflow_artifacts', 'attempt': 1, 'namespace': 'default', 'task_queue': 'comfyui-gpu-farm', 'workflow_id': 'chain-image-edit-to-video-pipeline-c544ce1f-b051-49d8-bbb7-4e882b0dff7c', 'workflow_run_id': '019bbddb-d447-712c-879a-fbc3ba1b92ea', 'workflow_type': 'ChainExecutorWorkflow'})
2026-01-15 00:27:03,062 - temporalio.workflow - INFO - Transferring 1 artifact(s) from edit_frame2 ({'attempt': 1, 'namespace': 'default', 'run_id': '019bbddb-d447-712c-879a-fbc3ba1b92ea', 'task_queue': 'comfyui-gpu-farm', 'workflow_id': 'chain-image-edit-to-video-pipeline-c544ce1f-b051-49d8-bbb7-4e882b0dff7c', 'workflow_type': 'ChainExecutorWorkflow'})
2026-01-15 00:27:03,069 - temporalio.activity - INFO - Transferring 1 artifact(s) from workflow ba0820e8-2661-4595-87e5-d8c0e0a5b4ac to http://procure-x.testmcp.org ({'activity_id': '59', 'activity_type': 'transfer_artifacts_from_storage', 'attempt': 1, 'namespace': 'default', 'task_queue': 'comfyui-gpu-farm', 'workflow_id': 'chain-image-edit-to-video-pipeline-c544ce1f-b051-49d8-bbb7-4e882b0dff7c', 'workflow_run_id': '019bbddb-d447-712c-879a-fbc3ba1b92ea', 'workflow_type': 'ChainExecutorWorkflow'})
2026-01-15 00:27:03,113 - temporal_gateway.clients.comfy.client - INFO - ComfyUI client initialized for http://procure-x.testmcp.org
2026-01-15 00:27:03,117 - temporalio.activity - INFO - Uploading: ComfyUI_00283_.png from local storage to http://procure-x.testmcp.org/input/ ({'activity_id': '59', 'activity_type': 'transfer_artifacts_from_storage', 'attempt': 1, 'namespace': 'default', 'task_queue': 'comfyui-gpu-farm', 'workflow_id': 'chain-image-edit-to-video-pipeline-c544ce1f-b051-49d8-bbb7-4e882b0dff7c', 'workflow_run_id': '019bbddb-d447-712c-879a-fbc3ba1b92ea', 'workflow_type': 'ChainExecutorWorkflow'})
2026-01-15 00:27:03,290 - httpx - INFO - HTTP Request: POST http://procure-x.testmcp.org/upload/image "HTTP/1.1 200 OK"
2026-01-15 00:27:03,294 - temporalio.activity - INFO - ✓ Uploaded: ComfyUI_00283_.png (800815 bytes) ({'activity_id': '59', 'activity_type': 'transfer_artifacts_from_storage', 'attempt': 1, 'namespace': 'default', 'task_queue': 'comfyui-gpu-farm', 'workflow_id': 'chain-image-edit-to-video-pipeline-c544ce1f-b051-49d8-bbb7-4e882b0dff7c', 'workflow_run_id': '019bbddb-d447-712c-879a-fbc3ba1b92ea', 'workflow_type': 'ChainExecutorWorkflow'})
2026-01-15 00:27:03,306 - temporalio.activity - INFO - Successfully transferred 1 file(s) ({'activity_id': '59', 'activity_type': 'transfer_artifacts_from_storage', 'attempt': 1, 'namespace': 'default', 'task_queue': 'comfyui-gpu-farm', 'workflow_id': 'chain-image-edit-to-video-pipeline-c544ce1f-b051-49d8-bbb7-4e882b0dff7c', 'workflow_run_id': '019bbddb-d447-712c-879a-fbc3ba1b92ea', 'workflow_type': 'ChainExecutorWorkflow'})
2026-01-15 00:27:03,328 - temporalio.activity - INFO - Creating workflow record: firstEndTovideo (prompt: pending) ({'activity_id': '60', 'activity_type': 'create_workflow_record', 'attempt': 1, 'namespace': 'default', 'task_queue': 'comfyui-gpu-farm', 'workflow_id': 'chain-image-edit-to-video-pipeline-c544ce1f-b051-49d8-bbb7-4e882b0dff7c', 'workflow_run_id': '019bbddb-d447-712c-879a-fbc3ba1b92ea', 'workflow_type': 'ChainExecutorWorkflow'})
2026-01-15 00:27:03,332 - temporalio.activity - INFO - ✓ Created workflow record: b6a75a39-c2b5-412f-ad6d-40a5ef552a65 ({'activity_id': '60', 'activity_type': 'create_workflow_record', 'attempt': 1, 'namespace': 'default', 'task_queue': 'comfyui-gpu-farm', 'workflow_id': 'chain-image-edit-to-video-pipeline-c544ce1f-b051-49d8-bbb7-4e882b0dff7c', 'workflow_run_id': '019bbddb-d447-712c-879a-fbc3ba1b92ea', 'workflow_type': 'ChainExecutorWorkflow'})
2026-01-15 00:27:03,366 - temporalio.workflow - INFO - Starting ComfyUI workflow execution ({'attempt': 1, 'namespace': 'default', 'run_id': '019bbdde-5572-7386-96c8-03221d5c4331', 'task_queue': 'comfyui-gpu-farm', 'workflow_id': 'chain-image-edit-to-video-pipeline-c544ce1f-b051-49d8-bbb7-4e882b0dff7c-create_video', 'workflow_type': 'ComfyUIWorkflow'})
2026-01-15 00:27:03,366 - temporalio.workflow - INFO - Generated client_id: 98c9a345-4ff8-42b2-b4d8-39159498b3b1 ({'attempt': 1, 'namespace': 'default', 'run_id': '019bbdde-5572-7386-96c8-03221d5c4331', 'task_queue': 'comfyui-gpu-farm', 'workflow_id': 'chain-image-edit-to-video-pipeline-c544ce1f-b051-49d8-bbb7-4e882b0dff7c-create_video', 'workflow_type': 'ComfyUIWorkflow'})
2026-01-15 00:27:03,366 - temporalio.workflow - INFO - Using pre-selected server: http://procure-x.testmcp.org ({'attempt': 1, 'namespace': 'default', 'run_id': '019bbdde-5572-7386-96c8-03221d5c4331', 'task_queue': 'comfyui-gpu-farm', 'workflow_id': 'chain-image-edit-to-video-pipeline-c544ce1f-b051-49d8-bbb7-4e882b0dff7c-create_video', 'workflow_type': 'ComfyUIWorkflow'})
2026-01-15 00:27:03,375 - temporalio.activity - INFO - [V3] Executing workflow on http://procure-x.testmcp.org ({'activity_id': '1', 'activity_type': 'execute_and_track_workflow', 'attempt': 1, 'namespace': 'default', 'task_queue': 'comfyui-gpu-farm', 'workflow_id': 'chain-image-edit-to-video-pipeline-c544ce1f-b051-49d8-bbb7-4e882b0dff7c-create_video', 'workflow_run_id': '019bbdde-5572-7386-96c8-03221d5c4331', 'workflow_type': 'ComfyUIWorkflow'})
2026-01-15 00:27:03,375 - temporalio.activity - INFO - [V3] Workflow name: firstEndTovideo ({'activity_id': '1', 'activity_type': 'execute_and_track_workflow', 'attempt': 1, 'namespace': 'default', 'task_queue': 'comfyui-gpu-farm', 'workflow_id': 'chain-image-edit-to-video-pipeline-c544ce1f-b051-49d8-bbb7-4e882b0dff7c-create_video', 'workflow_run_id': '019bbdde-5572-7386-96c8-03221d5c4331', 'workflow_type': 'ComfyUIWorkflow'})
2026-01-15 00:27:03,419 - temporal_gateway.clients.comfy.client - INFO - ComfyUI client initialized for http://procure-x.testmcp.org
2026-01-15 00:27:03,419 - temporal_gateway.clients.comfy.client - INFO - Submitting workflow to ComfyUI
2026-01-15 00:27:03,500 - httpx - INFO - HTTP Request: POST http://procure-x.testmcp.org/prompt "HTTP/1.1 200 OK"
2026-01-15 00:27:03,504 - temporal_gateway.clients.comfy.client - INFO - Workflow queued with prompt_id: b4a5d2e4-365c-4cc6-b676-36acc4ae85de
2026-01-15 00:27:03,505 - temporal_gateway.clients.comfy.tracker - INFO - Starting execution tracking for prompt b4a5d2e4-365c-4cc6-b676-36acc4ae85de
2026-01-15 00:27:03,505 - temporal_gateway.clients.comfy.tracker - INFO - Starting history polling
2026-01-15 00:27:03,510 - temporal_gateway.clients.comfy.tracker - INFO - Starting WebSocket listener
2026-01-15 00:27:03,510 - temporal_gateway.clients.comfy.websocket - INFO - Connecting to WebSocket: ws://procure-x.testmcp.org/ws?clientId=ae38fdd0-342d-4f72-bfd8-11d52a1844bb
2026-01-15 00:27:03,528 - httpx - INFO - HTTP Request: GET http://procure-x.testmcp.org/history/b4a5d2e4-365c-4cc6-b676-36acc4ae85de "HTTP/1.1 200 OK"
2026-01-15 00:27:03,556 - temporal_gateway.clients.comfy.websocket - INFO - WebSocket connected successfully
2026-01-15 00:27:04,555 - httpx - INFO - HTTP Request: GET http://procure-x.testmcp.org/history/b4a5d2e4-365c-4cc6-b676-36acc4ae85de "HTTP/1.1 200 OK"
2026-01-15 00:27:05,595 - httpx - INFO - HTTP Request: GET http://procure-x.testmcp.org/history/b4a5d2e4-365c-4cc6-b676-36acc4ae85de "HTTP/1.1 200 OK"
2026-01-15 00:27:06,619 - httpx - INFO - HTTP Request: GET http://procure-x.testmcp.org/history/b4a5d2e4-365c-4cc6-b676-36acc4ae85de "HTTP/1.1 200 OK"
2026-01-15 00:27:07,642 - httpx - INFO - HTTP Request: GET http://procure-x.testmcp.org/history/b4a5d2e4-365c-4cc6-b676-36acc4ae85de "HTTP/1.1 200 OK"
2026-01-15 00:27:08,663 - httpx - INFO - HTTP Request: GET http://procure-x.testmcp.org/history/b4a5d2e4-365c-4cc6-b676-36acc4ae85de "HTTP/1.1 200 OK"
2026-01-15 00:27:09,686 - httpx - INFO - HTTP Request: GET http://procure-x.testmcp.org/history/b4a5d2e4-365c-4cc6-b676-36acc4ae85de "HTTP/1.1 200 OK"
2026-01-15 00:27:10,708 - httpx - INFO - HTTP Request: GET http://procure-x.testmcp.org/history/b4a5d2e4-365c-4cc6-b676-36acc4ae85de "HTTP/1.1 200 OK"
2026-01-15 00:27:11,731 - httpx - INFO - HTTP Request: GET http://procure-x.testmcp.org/history/b4a5d2e4-365c-4cc6-b676-36acc4ae85de "HTTP/1.1 200 OK"
2026-01-15 00:27:12,755 - httpx - INFO - HTTP Request: GET http://procure-x.testmcp.org/history/b4a5d2e4-365c-4cc6-b676-36acc4ae85de "HTTP/1.1 200 OK"
2026-01-15 00:27:13,780 - httpx - INFO - HTTP Request: GET http://procure-x.testmcp.org/history/b4a5d2e4-365c-4cc6-b676-36acc4ae85de "HTTP/1.1 200 OK"
2026-01-15 00:27:14,814 - httpx - INFO - HTTP Request: GET http://procure-x.testmcp.org/history/b4a5d2e4-365c-4cc6-b676-36acc4ae85de "HTTP/1.1 200 OK"
2026-01-15 00:27:15,838 - httpx - INFO - HTTP Request: GET http://procure-x.testmcp.org/history/b4a5d2e4-365c-4cc6-b676-36acc4ae85de "HTTP/1.1 200 OK"
2026-01-15 00:27:16,861 - httpx - INFO - HTTP Request: GET http://procure-x.testmcp.org/history/b4a5d2e4-365c-4cc6-b676-36acc4ae85de "HTTP/1.1 200 OK"
2026-01-15 00:27:17,889 - httpx - INFO - HTTP Request: GET http://procure-x.testmcp.org/history/b4a5d2e4-365c-4cc6-b676-36acc4ae85de "HTTP/1.1 200 OK"
2026-01-15 00:27:18,913 - httpx - INFO - HTTP Request: GET http://procure-x.testmcp.org/history/b4a5d2e4-365c-4cc6-b676-36acc4ae85de "HTTP/1.1 200 OK"
2026-01-15 00:27:19,938 - httpx - INFO - HTTP Request: GET http://procure-x.testmcp.org/history/b4a5d2e4-365c-4cc6-b676-36acc4ae85de "HTTP/1.1 200 OK"
2026-01-15 00:27:20,958 - httpx - INFO - HTTP Request: GET http://procure-x.testmcp.org/history/b4a5d2e4-365c-4cc6-b676-36acc4ae85de "HTTP/1.1 200 OK"
2026-01-15 00:27:21,980 - httpx - INFO - HTTP Request: GET http://procure-x.testmcp.org/history/b4a5d2e4-365c-4cc6-b676-36acc4ae85de "HTTP/1.1 200 OK"
2026-01-15 00:27:23,005 - httpx - INFO - HTTP Request: GET http://procure-x.testmcp.org/history/b4a5d2e4-365c-4cc6-b676-36acc4ae85de "HTTP/1.1 200 OK"
2026-01-15 00:27:24,028 - httpx - INFO - HTTP Request: GET http://procure-x.testmcp.org/history/b4a5d2e4-365c-4cc6-b676-36acc4ae85de "HTTP/1.1 200 OK"
2026-01-15 00:27:25,077 - httpx - INFO - HTTP Request: GET http://procure-x.testmcp.org/history/b4a5d2e4-365c-4cc6-b676-36acc4ae85de "HTTP/1.1 200 OK"
2026-01-15 00:27:26,101 - httpx - INFO - HTTP Request: GET http://procure-x.testmcp.org/history/b4a5d2e4-365c-4cc6-b676-36acc4ae85de "HTTP/1.1 200 OK"
2026-01-15 00:27:27,125 - httpx - INFO - HTTP Request: GET http://procure-x.testmcp.org/history/b4a5d2e4-365c-4cc6-b676-36acc4ae85de "HTTP/1.1 200 OK"
2026-01-15 00:27:28,150 - httpx - INFO - HTTP Request: GET http://procure-x.testmcp.org/history/b4a5d2e4-365c-4cc6-b676-36acc4ae85de "HTTP/1.1 200 OK"
2026-01-15 00:27:29,175 - httpx - INFO - HTTP Request: GET http://procure-x.testmcp.org/history/b4a5d2e4-365c-4cc6-b676-36acc4ae85de "HTTP/1.1 200 OK"
2026-01-15 00:27:30,198 - httpx - INFO - HTTP Request: GET http://procure-x.testmcp.org/history/b4a5d2e4-365c-4cc6-b676-36acc4ae85de "HTTP/1.1 200 OK"
2026-01-15 00:27:31,222 - httpx - INFO - HTTP Request: GET http://procure-x.testmcp.org/history/b4a5d2e4-365c-4cc6-b676-36acc4ae85de "HTTP/1.1 200 OK"
2026-01-15 00:27:32,248 - httpx - INFO - HTTP Request: GET http://procure-x.testmcp.org/history/b4a5d2e4-365c-4cc6-b676-36acc4ae85de "HTTP/1.1 200 OK"
2026-01-15 00:27:33,273 - httpx - INFO - HTTP Request: GET http://procure-x.testmcp.org/history/b4a5d2e4-365c-4cc6-b676-36acc4ae85de "HTTP/1.1 200 OK"
2026-01-15 00:27:34,297 - httpx - INFO - HTTP Request: GET http://procure-x.testmcp.org/history/b4a5d2e4-365c-4cc6-b676-36acc4ae85de "HTTP/1.1 200 OK"
2026-01-15 00:27:35,323 - httpx - INFO - HTTP Request: GET http://procure-x.testmcp.org/history/b4a5d2e4-365c-4cc6-b676-36acc4ae85de "HTTP/1.1 200 OK"
2026-01-15 00:27:36,345 - httpx - INFO - HTTP Request: GET http://procure-x.testmcp.org/history/b4a5d2e4-365c-4cc6-b676-36acc4ae85de "HTTP/1.1 200 OK"
2026-01-15 00:27:37,368 - httpx - INFO - HTTP Request: GET http://procure-x.testmcp.org/history/b4a5d2e4-365c-4cc6-b676-36acc4ae85de "HTTP/1.1 200 OK"
2026-01-15 00:27:38,393 - httpx - INFO - HTTP Request: GET http://procure-x.testmcp.org/history/b4a5d2e4-365c-4cc6-b676-36acc4ae85de "HTTP/1.1 200 OK"
2026-01-15 00:27:39,418 - httpx - INFO - HTTP Request: GET http://procure-x.testmcp.org/history/b4a5d2e4-365c-4cc6-b676-36acc4ae85de "HTTP/1.1 200 OK"
2026-01-15 00:27:40,537 - httpx - INFO - HTTP Request: GET http://procure-x.testmcp.org/history/b4a5d2e4-365c-4cc6-b676-36acc4ae85de "HTTP/1.1 200 OK"
2026-01-15 00:27:41,557 - httpx - INFO - HTTP Request: GET http://procure-x.testmcp.org/history/b4a5d2e4-365c-4cc6-b676-36acc4ae85de "HTTP/1.1 200 OK"
2026-01-15 00:27:42,580 - httpx - INFO - HTTP Request: GET http://procure-x.testmcp.org/history/b4a5d2e4-365c-4cc6-b676-36acc4ae85de "HTTP/1.1 200 OK"
2026-01-15 00:27:43,602 - httpx - INFO - HTTP Request: GET http://procure-x.testmcp.org/history/b4a5d2e4-365c-4cc6-b676-36acc4ae85de "HTTP/1.1 200 OK"
2026-01-15 00:27:44,640 - httpx - INFO - HTTP Request: GET http://procure-x.testmcp.org/history/b4a5d2e4-365c-4cc6-b676-36acc4ae85de "HTTP/1.1 200 OK"
2026-01-15 00:27:45,665 - httpx - INFO - HTTP Request: GET http://procure-x.testmcp.org/history/b4a5d2e4-365c-4cc6-b676-36acc4ae85de "HTTP/1.1 200 OK"
2026-01-15 00:27:46,686 - httpx - INFO - HTTP Request: GET http://procure-x.testmcp.org/history/b4a5d2e4-365c-4cc6-b676-36acc4ae85de "HTTP/1.1 200 OK"
2026-01-15 00:27:47,708 - httpx - INFO - HTTP Request: GET http://procure-x.testmcp.org/history/b4a5d2e4-365c-4cc6-b676-36acc4ae85de "HTTP/1.1 200 OK"
2026-01-15 00:27:48,731 - httpx - INFO - HTTP Request: GET http://procure-x.testmcp.org/history/b4a5d2e4-365c-4cc6-b676-36acc4ae85de "HTTP/1.1 200 OK"
2026-01-15 00:27:49,754 - httpx - INFO - HTTP Request: GET http://procure-x.testmcp.org/history/b4a5d2e4-365c-4cc6-b676-36acc4ae85de "HTTP/1.1 200 OK"
2026-01-15 00:27:50,774 - httpx - INFO - HTTP Request: GET http://procure-x.testmcp.org/history/b4a5d2e4-365c-4cc6-b676-36acc4ae85de "HTTP/1.1 200 OK"
2026-01-15 00:27:51,796 - httpx - INFO - HTTP Request: GET http://procure-x.testmcp.org/history/b4a5d2e4-365c-4cc6-b676-36acc4ae85de "HTTP/1.1 200 OK"
2026-01-15 00:27:52,821 - httpx - INFO - HTTP Request: GET http://procure-x.testmcp.org/history/b4a5d2e4-365c-4cc6-b676-36acc4ae85de "HTTP/1.1 200 OK"
2026-01-15 00:27:53,847 - httpx - INFO - HTTP Request: GET http://procure-x.testmcp.org/history/b4a5d2e4-365c-4cc6-b676-36acc4ae85de "HTTP/1.1 200 OK"
2026-01-15 00:27:54,869 - httpx - INFO - HTTP Request: GET http://procure-x.testmcp.org/history/b4a5d2e4-365c-4cc6-b676-36acc4ae85de "HTTP/1.1 200 OK"
2026-01-15 00:27:55,897 - httpx - INFO - HTTP Request: GET http://procure-x.testmcp.org/history/b4a5d2e4-365c-4cc6-b676-36acc4ae85de "HTTP/1.1 200 OK"
2026-01-15 00:27:56,917 - httpx - INFO - HTTP Request: GET http://procure-x.testmcp.org/history/b4a5d2e4-365c-4cc6-b676-36acc4ae85de "HTTP/1.1 200 OK"
2026-01-15 00:27:57,941 - httpx - INFO - HTTP Request: GET http://procure-x.testmcp.org/history/b4a5d2e4-365c-4cc6-b676-36acc4ae85de "HTTP/1.1 200 OK"
2026-01-15 00:27:58,966 - httpx - INFO - HTTP Request: GET http://procure-x.testmcp.org/history/b4a5d2e4-365c-4cc6-b676-36acc4ae85de "HTTP/1.1 200 OK"
2026-01-15 00:27:59,988 - httpx - INFO - HTTP Request: GET http://procure-x.testmcp.org/history/b4a5d2e4-365c-4cc6-b676-36acc4ae85de "HTTP/1.1 200 OK"
2026-01-15 00:28:01,015 - httpx - INFO - HTTP Request: GET http://procure-x.testmcp.org/history/b4a5d2e4-365c-4cc6-b676-36acc4ae85de "HTTP/1.1 200 OK"
2026-01-15 00:28:02,040 - httpx - INFO - HTTP Request: GET http://procure-x.testmcp.org/history/b4a5d2e4-365c-4cc6-b676-36acc4ae85de "HTTP/1.1 200 OK"
2026-01-15 00:28:03,063 - httpx - INFO - HTTP Request: GET http://procure-x.testmcp.org/history/b4a5d2e4-365c-4cc6-b676-36acc4ae85de "HTTP/1.1 200 OK"
2026-01-15 00:28:04,092 - httpx - INFO - HTTP Request: GET http://procure-x.testmcp.org/history/b4a5d2e4-365c-4cc6-b676-36acc4ae85de "HTTP/1.1 200 OK"
2026-01-15 00:28:05,117 - httpx - INFO - HTTP Request: GET http://procure-x.testmcp.org/history/b4a5d2e4-365c-4cc6-b676-36acc4ae85de "HTTP/1.1 200 OK"
2026-01-15 00:28:06,141 - httpx - INFO - HTTP Request: GET http://procure-x.testmcp.org/history/b4a5d2e4-365c-4cc6-b676-36acc4ae85de "HTTP/1.1 200 OK"
2026-01-15 00:28:07,168 - httpx - INFO - HTTP Request: GET http://procure-x.testmcp.org/history/b4a5d2e4-365c-4cc6-b676-36acc4ae85de "HTTP/1.1 200 OK"
2026-01-15 00:28:08,199 - httpx - INFO - HTTP Request: GET http://procure-x.testmcp.org/history/b4a5d2e4-365c-4cc6-b676-36acc4ae85de "HTTP/1.1 200 OK"
2026-01-15 00:28:09,223 - httpx - INFO - HTTP Request: GET http://procure-x.testmcp.org/history/b4a5d2e4-365c-4cc6-b676-36acc4ae85de "HTTP/1.1 200 OK"
2026-01-15 00:28:10,249 - httpx - INFO - HTTP Request: GET http://procure-x.testmcp.org/history/b4a5d2e4-365c-4cc6-b676-36acc4ae85de "HTTP/1.1 200 OK"
2026-01-15 00:28:11,271 - httpx - INFO - HTTP Request: GET http://procure-x.testmcp.org/history/b4a5d2e4-365c-4cc6-b676-36acc4ae85de "HTTP/1.1 200 OK"
2026-01-15 00:28:12,294 - httpx - INFO - HTTP Request: GET http://procure-x.testmcp.org/history/b4a5d2e4-365c-4cc6-b676-36acc4ae85de "HTTP/1.1 200 OK"
2026-01-15 00:28:13,316 - httpx - INFO - HTTP Request: GET http://procure-x.testmcp.org/history/b4a5d2e4-365c-4cc6-b676-36acc4ae85de "HTTP/1.1 200 OK"
2026-01-15 00:28:14,337 - httpx - INFO - HTTP Request: GET http://procure-x.testmcp.org/history/b4a5d2e4-365c-4cc6-b676-36acc4ae85de "HTTP/1.1 200 OK"
2026-01-15 00:28:15,362 - httpx - INFO - HTTP Request: GET http://procure-x.testmcp.org/history/b4a5d2e4-365c-4cc6-b676-36acc4ae85de "HTTP/1.1 200 OK"
2026-01-15 00:28:16,386 - httpx - INFO - HTTP Request: GET http://procure-x.testmcp.org/history/b4a5d2e4-365c-4cc6-b676-36acc4ae85de "HTTP/1.1 200 OK"
2026-01-15 00:28:17,409 - httpx - INFO - HTTP Request: GET http://procure-x.testmcp.org/history/b4a5d2e4-365c-4cc6-b676-36acc4ae85de "HTTP/1.1 200 OK"
2026-01-15 00:28:18,432 - httpx - INFO - HTTP Request: GET http://procure-x.testmcp.org/history/b4a5d2e4-365c-4cc6-b676-36acc4ae85de "HTTP/1.1 200 OK"
2026-01-15 00:28:19,456 - httpx - INFO - HTTP Request: GET http://procure-x.testmcp.org/history/b4a5d2e4-365c-4cc6-b676-36acc4ae85de "HTTP/1.1 200 OK"
2026-01-15 00:28:20,480 - httpx - INFO - HTTP Request: GET http://procure-x.testmcp.org/history/b4a5d2e4-365c-4cc6-b676-36acc4ae85de "HTTP/1.1 200 OK"
2026-01-15 00:28:21,506 - httpx - INFO - HTTP Request: GET http://procure-x.testmcp.org/history/b4a5d2e4-365c-4cc6-b676-36acc4ae85de "HTTP/1.1 200 OK"
2026-01-15 00:28:22,529 - httpx - INFO - HTTP Request: GET http://procure-x.testmcp.org/history/b4a5d2e4-365c-4cc6-b676-36acc4ae85de "HTTP/1.1 200 OK"
2026-01-15 00:28:23,551 - httpx - INFO - HTTP Request: GET http://procure-x.testmcp.org/history/b4a5d2e4-365c-4cc6-b676-36acc4ae85de "HTTP/1.1 200 OK"
2026-01-15 00:28:24,576 - httpx - INFO - HTTP Request: GET http://procure-x.testmcp.org/history/b4a5d2e4-365c-4cc6-b676-36acc4ae85de "HTTP/1.1 200 OK"
2026-01-15 00:28:25,599 - httpx - INFO - HTTP Request: GET http://procure-x.testmcp.org/history/b4a5d2e4-365c-4cc6-b676-36acc4ae85de "HTTP/1.1 200 OK"
2026-01-15 00:28:26,626 - httpx - INFO - HTTP Request: GET http://procure-x.testmcp.org/history/b4a5d2e4-365c-4cc6-b676-36acc4ae85de "HTTP/1.1 200 OK"
2026-01-15 00:28:27,650 - httpx - INFO - HTTP Request: GET http://procure-x.testmcp.org/history/b4a5d2e4-365c-4cc6-b676-36acc4ae85de "HTTP/1.1 200 OK"
2026-01-15 00:28:28,672 - httpx - INFO - HTTP Request: GET http://procure-x.testmcp.org/history/b4a5d2e4-365c-4cc6-b676-36acc4ae85de "HTTP/1.1 200 OK"
2026-01-15 00:28:29,696 - httpx - INFO - HTTP Request: GET http://procure-x.testmcp.org/history/b4a5d2e4-365c-4cc6-b676-36acc4ae85de "HTTP/1.1 200 OK"
2026-01-15 00:28:30,717 - httpx - INFO - HTTP Request: GET http://procure-x.testmcp.org/history/b4a5d2e4-365c-4cc6-b676-36acc4ae85de "HTTP/1.1 200 OK"
2026-01-15 00:28:31,743 - httpx - INFO - HTTP Request: GET http://procure-x.testmcp.org/history/b4a5d2e4-365c-4cc6-b676-36acc4ae85de "HTTP/1.1 200 OK"
2026-01-15 00:28:32,768 - httpx - INFO - HTTP Request: GET http://procure-x.testmcp.org/history/b4a5d2e4-365c-4cc6-b676-36acc4ae85de "HTTP/1.1 200 OK"
2026-01-15 00:28:33,787 - httpx - INFO - HTTP Request: GET http://procure-x.testmcp.org/history/b4a5d2e4-365c-4cc6-b676-36acc4ae85de "HTTP/1.1 200 OK"
2026-01-15 00:28:34,807 - httpx - INFO - HTTP Request: GET http://procure-x.testmcp.org/history/b4a5d2e4-365c-4cc6-b676-36acc4ae85de "HTTP/1.1 200 OK"
2026-01-15 00:28:35,832 - httpx - INFO - HTTP Request: GET http://procure-x.testmcp.org/history/b4a5d2e4-365c-4cc6-b676-36acc4ae85de "HTTP/1.1 200 OK"
2026-01-15 00:28:36,856 - httpx - INFO - HTTP Request: GET http://procure-x.testmcp.org/history/b4a5d2e4-365c-4cc6-b676-36acc4ae85de "HTTP/1.1 200 OK"
2026-01-15 00:28:37,876 - httpx - INFO - HTTP Request: GET http://procure-x.testmcp.org/history/b4a5d2e4-365c-4cc6-b676-36acc4ae85de "HTTP/1.1 200 OK"
2026-01-15 00:28:38,897 - httpx - INFO - HTTP Request: GET http://procure-x.testmcp.org/history/b4a5d2e4-365c-4cc6-b676-36acc4ae85de "HTTP/1.1 200 OK"
2026-01-15 00:28:39,923 - httpx - INFO - HTTP Request: GET http://procure-x.testmcp.org/history/b4a5d2e4-365c-4cc6-b676-36acc4ae85de "HTTP/1.1 200 OK"
2026-01-15 00:28:40,947 - httpx - INFO - HTTP Request: GET http://procure-x.testmcp.org/history/b4a5d2e4-365c-4cc6-b676-36acc4ae85de "HTTP/1.1 200 OK"
2026-01-15 00:28:41,972 - httpx - INFO - HTTP Request: GET http://procure-x.testmcp.org/history/b4a5d2e4-365c-4cc6-b676-36acc4ae85de "HTTP/1.1 200 OK"
2026-01-15 00:28:42,996 - httpx - INFO - HTTP Request: GET http://procure-x.testmcp.org/history/b4a5d2e4-365c-4cc6-b676-36acc4ae85de "HTTP/1.1 200 OK"
2026-01-15 00:28:44,020 - httpx - INFO - HTTP Request: GET http://procure-x.testmcp.org/history/b4a5d2e4-365c-4cc6-b676-36acc4ae85de "HTTP/1.1 200 OK"
2026-01-15 00:28:45,043 - httpx - INFO - HTTP Request: GET http://procure-x.testmcp.org/history/b4a5d2e4-365c-4cc6-b676-36acc4ae85de "HTTP/1.1 200 OK"
2026-01-15 00:28:46,068 - httpx - INFO - HTTP Request: GET http://procure-x.testmcp.org/history/b4a5d2e4-365c-4cc6-b676-36acc4ae85de "HTTP/1.1 200 OK"
2026-01-15 00:28:47,090 - httpx - INFO - HTTP Request: GET http://procure-x.testmcp.org/history/b4a5d2e4-365c-4cc6-b676-36acc4ae85de "HTTP/1.1 200 OK"
2026-01-15 00:28:48,116 - httpx - INFO - HTTP Request: GET http://procure-x.testmcp.org/history/b4a5d2e4-365c-4cc6-b676-36acc4ae85de "HTTP/1.1 200 OK"
2026-01-15 00:28:49,143 - httpx - INFO - HTTP Request: GET http://procure-x.testmcp.org/history/b4a5d2e4-365c-4cc6-b676-36acc4ae85de "HTTP/1.1 200 OK"
2026-01-15 00:28:50,173 - httpx - INFO - HTTP Request: GET http://procure-x.testmcp.org/history/b4a5d2e4-365c-4cc6-b676-36acc4ae85de "HTTP/1.1 200 OK"
2026-01-15 00:28:51,199 - httpx - INFO - HTTP Request: GET http://procure-x.testmcp.org/history/b4a5d2e4-365c-4cc6-b676-36acc4ae85de "HTTP/1.1 200 OK"
2026-01-15 00:28:52,223 - httpx - INFO - HTTP Request: GET http://procure-x.testmcp.org/history/b4a5d2e4-365c-4cc6-b676-36acc4ae85de "HTTP/1.1 200 OK"
2026-01-15 00:28:53,249 - httpx - INFO - HTTP Request: GET http://procure-x.testmcp.org/history/b4a5d2e4-365c-4cc6-b676-36acc4ae85de "HTTP/1.1 200 OK"
2026-01-15 00:28:54,277 - httpx - INFO - HTTP Request: GET http://procure-x.testmcp.org/history/b4a5d2e4-365c-4cc6-b676-36acc4ae85de "HTTP/1.1 200 OK"
2026-01-15 00:28:55,304 - httpx - INFO - HTTP Request: GET http://procure-x.testmcp.org/history/b4a5d2e4-365c-4cc6-b676-36acc4ae85de "HTTP/1.1 200 OK"
2026-01-15 00:28:56,327 - httpx - INFO - HTTP Request: GET http://procure-x.testmcp.org/history/b4a5d2e4-365c-4cc6-b676-36acc4ae85de "HTTP/1.1 200 OK"
2026-01-15 00:28:57,355 - httpx - INFO - HTTP Request: GET http://procure-x.testmcp.org/history/b4a5d2e4-365c-4cc6-b676-36acc4ae85de "HTTP/1.1 200 OK"
2026-01-15 00:28:58,379 - httpx - INFO - HTTP Request: GET http://procure-x.testmcp.org/history/b4a5d2e4-365c-4cc6-b676-36acc4ae85de "HTTP/1.1 200 OK"
2026-01-15 00:28:59,399 - httpx - INFO - HTTP Request: GET http://procure-x.testmcp.org/history/b4a5d2e4-365c-4cc6-b676-36acc4ae85de "HTTP/1.1 200 OK"
2026-01-15 00:29:00,422 - httpx - INFO - HTTP Request: GET http://procure-x.testmcp.org/history/b4a5d2e4-365c-4cc6-b676-36acc4ae85de "HTTP/1.1 200 OK"
2026-01-15 00:29:01,447 - httpx - INFO - HTTP Request: GET http://procure-x.testmcp.org/history/b4a5d2e4-365c-4cc6-b676-36acc4ae85de "HTTP/1.1 200 OK"
2026-01-15 00:29:02,471 - httpx - INFO - HTTP Request: GET http://procure-x.testmcp.org/history/b4a5d2e4-365c-4cc6-b676-36acc4ae85de "HTTP/1.1 200 OK"
2026-01-15 00:29:03,492 - httpx - INFO - HTTP Request: GET http://procure-x.testmcp.org/history/b4a5d2e4-365c-4cc6-b676-36acc4ae85de "HTTP/1.1 200 OK"
2026-01-15 00:29:04,510 - httpx - INFO - HTTP Request: GET http://procure-x.testmcp.org/history/b4a5d2e4-365c-4cc6-b676-36acc4ae85de "HTTP/1.1 200 OK"
2026-01-15 00:29:05,528 - httpx - INFO - HTTP Request: GET http://procure-x.testmcp.org/history/b4a5d2e4-365c-4cc6-b676-36acc4ae85de "HTTP/1.1 200 OK"
2026-01-15 00:29:06,545 - httpx - INFO - HTTP Request: GET http://procure-x.testmcp.org/history/b4a5d2e4-365c-4cc6-b676-36acc4ae85de "HTTP/1.1 200 OK"
2026-01-15 00:29:07,570 - httpx - INFO - HTTP Request: GET http://procure-x.testmcp.org/history/b4a5d2e4-365c-4cc6-b676-36acc4ae85de "HTTP/1.1 200 OK"
2026-01-15 00:29:08,595 - httpx - INFO - HTTP Request: GET http://procure-x.testmcp.org/history/b4a5d2e4-365c-4cc6-b676-36acc4ae85de "HTTP/1.1 200 OK"
2026-01-15 00:29:09,619 - httpx - INFO - HTTP Request: GET http://procure-x.testmcp.org/history/b4a5d2e4-365c-4cc6-b676-36acc4ae85de "HTTP/1.1 200 OK"
2026-01-15 00:29:10,642 - httpx - INFO - HTTP Request: GET http://procure-x.testmcp.org/history/b4a5d2e4-365c-4cc6-b676-36acc4ae85de "HTTP/1.1 200 OK"
2026-01-15 00:29:11,666 - httpx - INFO - HTTP Request: GET http://procure-x.testmcp.org/history/b4a5d2e4-365c-4cc6-b676-36acc4ae85de "HTTP/1.1 200 OK"
2026-01-15 00:29:12,691 - httpx - INFO - HTTP Request: GET http://procure-x.testmcp.org/history/b4a5d2e4-365c-4cc6-b676-36acc4ae85de "HTTP/1.1 200 OK"
2026-01-15 00:29:13,712 - httpx - INFO - HTTP Request: GET http://procure-x.testmcp.org/history/b4a5d2e4-365c-4cc6-b676-36acc4ae85de "HTTP/1.1 200 OK"
2026-01-15 00:29:14,741 - httpx - INFO - HTTP Request: GET http://procure-x.testmcp.org/history/b4a5d2e4-365c-4cc6-b676-36acc4ae85de "HTTP/1.1 200 OK"
2026-01-15 00:29:15,773 - httpx - INFO - HTTP Request: GET http://procure-x.testmcp.org/history/b4a5d2e4-365c-4cc6-b676-36acc4ae85de "HTTP/1.1 200 OK"
2026-01-15 00:29:16,799 - httpx - INFO - HTTP Request: GET http://procure-x.testmcp.org/history/b4a5d2e4-365c-4cc6-b676-36acc4ae85de "HTTP/1.1 200 OK"
2026-01-15 00:29:17,823 - httpx - INFO - HTTP Request: GET http://procure-x.testmcp.org/history/b4a5d2e4-365c-4cc6-b676-36acc4ae85de "HTTP/1.1 200 OK"
2026-01-15 00:29:18,852 - httpx - INFO - HTTP Request: GET http://procure-x.testmcp.org/history/b4a5d2e4-365c-4cc6-b676-36acc4ae85de "HTTP/1.1 200 OK"
2026-01-15 00:29:19,877 - httpx - INFO - HTTP Request: GET http://procure-x.testmcp.org/history/b4a5d2e4-365c-4cc6-b676-36acc4ae85de "HTTP/1.1 200 OK"
2026-01-15 00:29:20,896 - httpx - INFO - HTTP Request: GET http://procure-x.testmcp.org/history/b4a5d2e4-365c-4cc6-b676-36acc4ae85de "HTTP/1.1 200 OK"
2026-01-15 00:29:21,921 - httpx - INFO - HTTP Request: GET http://procure-x.testmcp.org/history/b4a5d2e4-365c-4cc6-b676-36acc4ae85de "HTTP/1.1 200 OK"
2026-01-15 00:29:22,961 - httpx - INFO - HTTP Request: GET http://procure-x.testmcp.org/history/b4a5d2e4-365c-4cc6-b676-36acc4ae85de "HTTP/1.1 200 OK"
2026-01-15 00:29:23,991 - httpx - INFO - HTTP Request: GET http://procure-x.testmcp.org/history/b4a5d2e4-365c-4cc6-b676-36acc4ae85de "HTTP/1.1 200 OK"
2026-01-15 00:29:25,015 - httpx - INFO - HTTP Request: GET http://procure-x.testmcp.org/history/b4a5d2e4-365c-4cc6-b676-36acc4ae85de "HTTP/1.1 200 OK"
2026-01-15 00:29:26,040 - httpx - INFO - HTTP Request: GET http://procure-x.testmcp.org/history/b4a5d2e4-365c-4cc6-b676-36acc4ae85de "HTTP/1.1 200 OK"
2026-01-15 00:29:27,064 - httpx - INFO - HTTP Request: GET http://procure-x.testmcp.org/history/b4a5d2e4-365c-4cc6-b676-36acc4ae85de "HTTP/1.1 200 OK"
2026-01-15 00:29:28,092 - httpx - INFO - HTTP Request: GET http://procure-x.testmcp.org/history/b4a5d2e4-365c-4cc6-b676-36acc4ae85de "HTTP/1.1 200 OK"
2026-01-15 00:29:29,113 - httpx - INFO - HTTP Request: GET http://procure-x.testmcp.org/history/b4a5d2e4-365c-4cc6-b676-36acc4ae85de "HTTP/1.1 200 OK"
2026-01-15 00:29:30,136 - httpx - INFO - HTTP Request: GET http://procure-x.testmcp.org/history/b4a5d2e4-365c-4cc6-b676-36acc4ae85de "HTTP/1.1 200 OK"
2026-01-15 00:29:31,163 - httpx - INFO - HTTP Request: GET http://procure-x.testmcp.org/history/b4a5d2e4-365c-4cc6-b676-36acc4ae85de "HTTP/1.1 200 OK"
2026-01-15 00:29:32,188 - httpx - INFO - HTTP Request: GET http://procure-x.testmcp.org/history/b4a5d2e4-365c-4cc6-b676-36acc4ae85de "HTTP/1.1 200 OK"
2026-01-15 00:29:33,211 - httpx - INFO - HTTP Request: GET http://procure-x.testmcp.org/history/b4a5d2e4-365c-4cc6-b676-36acc4ae85de "HTTP/1.1 200 OK"
2026-01-15 00:29:34,234 - httpx - INFO - HTTP Request: GET http://procure-x.testmcp.org/history/b4a5d2e4-365c-4cc6-b676-36acc4ae85de "HTTP/1.1 200 OK"
2026-01-15 00:29:35,265 - httpx - INFO - HTTP Request: GET http://procure-x.testmcp.org/history/b4a5d2e4-365c-4cc6-b676-36acc4ae85de "HTTP/1.1 200 OK"
2026-01-15 00:29:36,290 - httpx - INFO - HTTP Request: GET http://procure-x.testmcp.org/history/b4a5d2e4-365c-4cc6-b676-36acc4ae85de "HTTP/1.1 200 OK"
2026-01-15 00:29:37,317 - httpx - INFO - HTTP Request: GET http://procure-x.testmcp.org/history/b4a5d2e4-365c-4cc6-b676-36acc4ae85de "HTTP/1.1 200 OK"
2026-01-15 00:29:38,336 - httpx - INFO - HTTP Request: GET http://procure-x.testmcp.org/history/b4a5d2e4-365c-4cc6-b676-36acc4ae85de "HTTP/1.1 200 OK"
2026-01-15 00:29:39,356 - httpx - INFO - HTTP Request: GET http://procure-x.testmcp.org/history/b4a5d2e4-365c-4cc6-b676-36acc4ae85de "HTTP/1.1 200 OK"
2026-01-15 00:29:40,381 - httpx - INFO - HTTP Request: GET http://procure-x.testmcp.org/history/b4a5d2e4-365c-4cc6-b676-36acc4ae85de "HTTP/1.1 200 OK"
2026-01-15 00:29:41,403 - httpx - INFO - HTTP Request: GET http://procure-x.testmcp.org/history/b4a5d2e4-365c-4cc6-b676-36acc4ae85de "HTTP/1.1 200 OK"
2026-01-15 00:29:42,428 - httpx - INFO - HTTP Request: GET http://procure-x.testmcp.org/history/b4a5d2e4-365c-4cc6-b676-36acc4ae85de "HTTP/1.1 200 OK"
2026-01-15 00:29:43,446 - httpx - INFO - HTTP Request: GET http://procure-x.testmcp.org/history/b4a5d2e4-365c-4cc6-b676-36acc4ae85de "HTTP/1.1 200 OK"
2026-01-15 00:29:44,464 - httpx - INFO - HTTP Request: GET http://procure-x.testmcp.org/history/b4a5d2e4-365c-4cc6-b676-36acc4ae85de "HTTP/1.1 200 OK"
2026-01-15 00:29:45,482 - httpx - INFO - HTTP Request: GET http://procure-x.testmcp.org/history/b4a5d2e4-365c-4cc6-b676-36acc4ae85de "HTTP/1.1 200 OK"
2026-01-15 00:29:46,498 - httpx - INFO - HTTP Request: GET http://procure-x.testmcp.org/history/b4a5d2e4-365c-4cc6-b676-36acc4ae85de "HTTP/1.1 200 OK"
2026-01-15 00:29:47,519 - httpx - INFO - HTTP Request: GET http://procure-x.testmcp.org/history/b4a5d2e4-365c-4cc6-b676-36acc4ae85de "HTTP/1.1 200 OK"
2026-01-15 00:29:48,538 - httpx - INFO - HTTP Request: GET http://procure-x.testmcp.org/history/b4a5d2e4-365c-4cc6-b676-36acc4ae85de "HTTP/1.1 200 OK"
2026-01-15 00:29:49,552 - httpx - INFO - HTTP Request: GET http://procure-x.testmcp.org/history/b4a5d2e4-365c-4cc6-b676-36acc4ae85de "HTTP/1.1 200 OK"
2026-01-15 00:29:50,569 - httpx - INFO - HTTP Request: GET http://procure-x.testmcp.org/history/b4a5d2e4-365c-4cc6-b676-36acc4ae85de "HTTP/1.1 200 OK"
2026-01-15 00:29:51,591 - httpx - INFO - HTTP Request: GET http://procure-x.testmcp.org/history/b4a5d2e4-365c-4cc6-b676-36acc4ae85de "HTTP/1.1 200 OK"
2026-01-15 00:29:52,612 - httpx - INFO - HTTP Request: GET http://procure-x.testmcp.org/history/b4a5d2e4-365c-4cc6-b676-36acc4ae85de "HTTP/1.1 200 OK"
2026-01-15 00:29:53,628 - httpx - INFO - HTTP Request: GET http://procure-x.testmcp.org/history/b4a5d2e4-365c-4cc6-b676-36acc4ae85de "HTTP/1.1 200 OK"
2026-01-15 00:29:54,653 - httpx - INFO - HTTP Request: GET http://procure-x.testmcp.org/history/b4a5d2e4-365c-4cc6-b676-36acc4ae85de "HTTP/1.1 200 OK"
2026-01-15 00:29:55,676 - httpx - INFO - HTTP Request: GET http://procure-x.testmcp.org/history/b4a5d2e4-365c-4cc6-b676-36acc4ae85de "HTTP/1.1 200 OK"
2026-01-15 00:29:56,698 - httpx - INFO - HTTP Request: GET http://procure-x.testmcp.org/history/b4a5d2e4-365c-4cc6-b676-36acc4ae85de "HTTP/1.1 200 OK"
2026-01-15 00:29:57,721 - httpx - INFO - HTTP Request: GET http://procure-x.testmcp.org/history/b4a5d2e4-365c-4cc6-b676-36acc4ae85de "HTTP/1.1 200 OK"
2026-01-15 00:29:58,742 - httpx - INFO - HTTP Request: GET http://procure-x.testmcp.org/history/b4a5d2e4-365c-4cc6-b676-36acc4ae85de "HTTP/1.1 200 OK"
2026-01-15 00:29:59,764 - httpx - INFO - HTTP Request: GET http://procure-x.testmcp.org/history/b4a5d2e4-365c-4cc6-b676-36acc4ae85de "HTTP/1.1 200 OK"
2026-01-15 00:30:00,786 - httpx - INFO - HTTP Request: GET http://procure-x.testmcp.org/history/b4a5d2e4-365c-4cc6-b676-36acc4ae85de "HTTP/1.1 200 OK"
2026-01-15 00:30:01,808 - httpx - INFO - HTTP Request: GET http://procure-x.testmcp.org/history/b4a5d2e4-365c-4cc6-b676-36acc4ae85de "HTTP/1.1 200 OK"
2026-01-15 00:30:02,832 - httpx - INFO - HTTP Request: GET http://procure-x.testmcp.org/history/b4a5d2e4-365c-4cc6-b676-36acc4ae85de "HTTP/1.1 200 OK"
2026-01-15 00:30:03,858 - httpx - INFO - HTTP Request: GET http://procure-x.testmcp.org/history/b4a5d2e4-365c-4cc6-b676-36acc4ae85de "HTTP/1.1 200 OK"
2026-01-15 00:30:04,885 - httpx - INFO - HTTP Request: GET http://procure-x.testmcp.org/history/b4a5d2e4-365c-4cc6-b676-36acc4ae85de "HTTP/1.1 200 OK"
2026-01-15 00:30:05,907 - httpx - INFO - HTTP Request: GET http://procure-x.testmcp.org/history/b4a5d2e4-365c-4cc6-b676-36acc4ae85de "HTTP/1.1 200 OK"
2026-01-15 00:30:06,928 - httpx - INFO - HTTP Request: GET http://procure-x.testmcp.org/history/b4a5d2e4-365c-4cc6-b676-36acc4ae85de "HTTP/1.1 200 OK"
2026-01-15 00:30:07,950 - httpx - INFO - HTTP Request: GET http://procure-x.testmcp.org/history/b4a5d2e4-365c-4cc6-b676-36acc4ae85de "HTTP/1.1 200 OK"
2026-01-15 00:30:08,975 - httpx - INFO - HTTP Request: GET http://procure-x.testmcp.org/history/b4a5d2e4-365c-4cc6-b676-36acc4ae85de "HTTP/1.1 200 OK"
2026-01-15 00:30:09,994 - httpx - INFO - HTTP Request: GET http://procure-x.testmcp.org/history/b4a5d2e4-365c-4cc6-b676-36acc4ae85de "HTTP/1.1 200 OK"
2026-01-15 00:30:11,014 - httpx - INFO - HTTP Request: GET http://procure-x.testmcp.org/history/b4a5d2e4-365c-4cc6-b676-36acc4ae85de "HTTP/1.1 200 OK"
2026-01-15 00:30:12,034 - httpx - INFO - HTTP Request: GET http://procure-x.testmcp.org/history/b4a5d2e4-365c-4cc6-b676-36acc4ae85de "HTTP/1.1 200 OK"
2026-01-15 00:30:13,057 - httpx - INFO - HTTP Request: GET http://procure-x.testmcp.org/history/b4a5d2e4-365c-4cc6-b676-36acc4ae85de "HTTP/1.1 200 OK"
2026-01-15 00:30:14,079 - httpx - INFO - HTTP Request: GET http://procure-x.testmcp.org/history/b4a5d2e4-365c-4cc6-b676-36acc4ae85de "HTTP/1.1 200 OK"
2026-01-15 00:30:15,101 - httpx - INFO - HTTP Request: GET http://procure-x.testmcp.org/history/b4a5d2e4-365c-4cc6-b676-36acc4ae85de "HTTP/1.1 200 OK"
2026-01-15 00:30:16,124 - httpx - INFO - HTTP Request: GET http://procure-x.testmcp.org/history/b4a5d2e4-365c-4cc6-b676-36acc4ae85de "HTTP/1.1 200 OK"
2026-01-15 00:30:17,149 - httpx - INFO - HTTP Request: GET http://procure-x.testmcp.org/history/b4a5d2e4-365c-4cc6-b676-36acc4ae85de "HTTP/1.1 200 OK"
2026-01-15 00:30:18,172 - httpx - INFO - HTTP Request: GET http://procure-x.testmcp.org/history/b4a5d2e4-365c-4cc6-b676-36acc4ae85de "HTTP/1.1 200 OK"
2026-01-15 00:30:19,193 - httpx - INFO - HTTP Request: GET http://procure-x.testmcp.org/history/b4a5d2e4-365c-4cc6-b676-36acc4ae85de "HTTP/1.1 200 OK"
2026-01-15 00:30:20,215 - httpx - INFO - HTTP Request: GET http://procure-x.testmcp.org/history/b4a5d2e4-365c-4cc6-b676-36acc4ae85de "HTTP/1.1 200 OK"
2026-01-15 00:30:21,234 - httpx - INFO - HTTP Request: GET http://procure-x.testmcp.org/history/b4a5d2e4-365c-4cc6-b676-36acc4ae85de "HTTP/1.1 200 OK"
2026-01-15 00:30:22,254 - httpx - INFO - HTTP Request: GET http://procure-x.testmcp.org/history/b4a5d2e4-365c-4cc6-b676-36acc4ae85de "HTTP/1.1 200 OK"
2026-01-15 00:30:23,275 - httpx - INFO - HTTP Request: GET http://procure-x.testmcp.org/history/b4a5d2e4-365c-4cc6-b676-36acc4ae85de "HTTP/1.1 200 OK"
2026-01-15 00:30:24,296 - httpx - INFO - HTTP Request: GET http://procure-x.testmcp.org/history/b4a5d2e4-365c-4cc6-b676-36acc4ae85de "HTTP/1.1 200 OK"
2026-01-15 00:30:25,318 - httpx - INFO - HTTP Request: GET http://procure-x.testmcp.org/history/b4a5d2e4-365c-4cc6-b676-36acc4ae85de "HTTP/1.1 200 OK"
2026-01-15 00:30:26,342 - httpx - INFO - HTTP Request: GET http://procure-x.testmcp.org/history/b4a5d2e4-365c-4cc6-b676-36acc4ae85de "HTTP/1.1 200 OK"
2026-01-15 00:30:27,365 - httpx - INFO - HTTP Request: GET http://procure-x.testmcp.org/history/b4a5d2e4-365c-4cc6-b676-36acc4ae85de "HTTP/1.1 200 OK"
2026-01-15 00:30:28,387 - httpx - INFO - HTTP Request: GET http://procure-x.testmcp.org/history/b4a5d2e4-365c-4cc6-b676-36acc4ae85de "HTTP/1.1 200 OK"
2026-01-15 00:30:29,408 - httpx - INFO - HTTP Request: GET http://procure-x.testmcp.org/history/b4a5d2e4-365c-4cc6-b676-36acc4ae85de "HTTP/1.1 200 OK"
2026-01-15 00:30:30,427 - httpx - INFO - HTTP Request: GET http://procure-x.testmcp.org/history/b4a5d2e4-365c-4cc6-b676-36acc4ae85de "HTTP/1.1 200 OK"
2026-01-15 00:30:31,449 - httpx - INFO - HTTP Request: GET http://procure-x.testmcp.org/history/b4a5d2e4-365c-4cc6-b676-36acc4ae85de "HTTP/1.1 200 OK"
2026-01-15 00:30:32,469 - httpx - INFO - HTTP Request: GET http://procure-x.testmcp.org/history/b4a5d2e4-365c-4cc6-b676-36acc4ae85de "HTTP/1.1 200 OK"
2026-01-15 00:30:33,489 - httpx - INFO - HTTP Request: GET http://procure-x.testmcp.org/history/b4a5d2e4-365c-4cc6-b676-36acc4ae85de "HTTP/1.1 200 OK"
2026-01-15 00:30:34,519 - httpx - INFO - HTTP Request: GET http://procure-x.testmcp.org/history/b4a5d2e4-365c-4cc6-b676-36acc4ae85de "HTTP/1.1 200 OK"
2026-01-15 00:30:35,540 - httpx - INFO - HTTP Request: GET http://procure-x.testmcp.org/history/b4a5d2e4-365c-4cc6-b676-36acc4ae85de "HTTP/1.1 200 OK"
2026-01-15 00:30:36,565 - httpx - INFO - HTTP Request: GET http://procure-x.testmcp.org/history/b4a5d2e4-365c-4cc6-b676-36acc4ae85de "HTTP/1.1 200 OK"
2026-01-15 00:30:37,589 - httpx - INFO - HTTP Request: GET http://procure-x.testmcp.org/history/b4a5d2e4-365c-4cc6-b676-36acc4ae85de "HTTP/1.1 200 OK"
2026-01-15 00:30:38,610 - httpx - INFO - HTTP Request: GET http://procure-x.testmcp.org/history/b4a5d2e4-365c-4cc6-b676-36acc4ae85de "HTTP/1.1 200 OK"
2026-01-15 00:30:39,634 - httpx - INFO - HTTP Request: GET http://procure-x.testmcp.org/history/b4a5d2e4-365c-4cc6-b676-36acc4ae85de "HTTP/1.1 200 OK"
2026-01-15 00:30:40,659 - httpx - INFO - HTTP Request: GET http://procure-x.testmcp.org/history/b4a5d2e4-365c-4cc6-b676-36acc4ae85de "HTTP/1.1 200 OK"
2026-01-15 00:30:41,682 - httpx - INFO - HTTP Request: GET http://procure-x.testmcp.org/history/b4a5d2e4-365c-4cc6-b676-36acc4ae85de "HTTP/1.1 200 OK"
2026-01-15 00:30:42,704 - httpx - INFO - HTTP Request: GET http://procure-x.testmcp.org/history/b4a5d2e4-365c-4cc6-b676-36acc4ae85de "HTTP/1.1 200 OK"
2026-01-15 00:30:43,721 - httpx - INFO - HTTP Request: GET http://procure-x.testmcp.org/history/b4a5d2e4-365c-4cc6-b676-36acc4ae85de "HTTP/1.1 200 OK"
2026-01-15 00:30:44,744 - httpx - INFO - HTTP Request: GET http://procure-x.testmcp.org/history/b4a5d2e4-365c-4cc6-b676-36acc4ae85de "HTTP/1.1 200 OK"
2026-01-15 00:30:45,766 - httpx - INFO - HTTP Request: GET http://procure-x.testmcp.org/history/b4a5d2e4-365c-4cc6-b676-36acc4ae85de "HTTP/1.1 200 OK"
2026-01-15 00:30:46,791 - httpx - INFO - HTTP Request: GET http://procure-x.testmcp.org/history/b4a5d2e4-365c-4cc6-b676-36acc4ae85de "HTTP/1.1 200 OK"
2026-01-15 00:30:47,813 - httpx - INFO - HTTP Request: GET http://procure-x.testmcp.org/history/b4a5d2e4-365c-4cc6-b676-36acc4ae85de "HTTP/1.1 200 OK"
2026-01-15 00:30:48,835 - httpx - INFO - HTTP Request: GET http://procure-x.testmcp.org/history/b4a5d2e4-365c-4cc6-b676-36acc4ae85de "HTTP/1.1 200 OK"
2026-01-15 00:30:49,867 - httpx - INFO - HTTP Request: GET http://procure-x.testmcp.org/history/b4a5d2e4-365c-4cc6-b676-36acc4ae85de "HTTP/1.1 200 OK"
2026-01-15 00:30:50,892 - httpx - INFO - HTTP Request: GET http://procure-x.testmcp.org/history/b4a5d2e4-365c-4cc6-b676-36acc4ae85de "HTTP/1.1 200 OK"
2026-01-15 00:30:51,917 - httpx - INFO - HTTP Request: GET http://procure-x.testmcp.org/history/b4a5d2e4-365c-4cc6-b676-36acc4ae85de "HTTP/1.1 200 OK"
2026-01-15 00:30:52,942 - httpx - INFO - HTTP Request: GET http://procure-x.testmcp.org/history/b4a5d2e4-365c-4cc6-b676-36acc4ae85de "HTTP/1.1 200 OK"
2026-01-15 00:30:53,967 - httpx - INFO - HTTP Request: GET http://procure-x.testmcp.org/history/b4a5d2e4-365c-4cc6-b676-36acc4ae85de "HTTP/1.1 200 OK"
2026-01-15 00:30:54,994 - httpx - INFO - HTTP Request: GET http://procure-x.testmcp.org/history/b4a5d2e4-365c-4cc6-b676-36acc4ae85de "HTTP/1.1 200 OK"
2026-01-15 00:30:56,020 - httpx - INFO - HTTP Request: GET http://procure-x.testmcp.org/history/b4a5d2e4-365c-4cc6-b676-36acc4ae85de "HTTP/1.1 200 OK"
2026-01-15 00:30:57,044 - httpx - INFO - HTTP Request: GET http://procure-x.testmcp.org/history/b4a5d2e4-365c-4cc6-b676-36acc4ae85de "HTTP/1.1 200 OK"
2026-01-15 00:30:58,068 - httpx - INFO - HTTP Request: GET http://procure-x.testmcp.org/history/b4a5d2e4-365c-4cc6-b676-36acc4ae85de "HTTP/1.1 200 OK"
2026-01-15 00:30:59,087 - httpx - INFO - HTTP Request: GET http://procure-x.testmcp.org/history/b4a5d2e4-365c-4cc6-b676-36acc4ae85de "HTTP/1.1 200 OK"
2026-01-15 00:31:00,111 - httpx - INFO - HTTP Request: GET http://procure-x.testmcp.org/history/b4a5d2e4-365c-4cc6-b676-36acc4ae85de "HTTP/1.1 200 OK"
2026-01-15 00:31:01,138 - httpx - INFO - HTTP Request: GET http://procure-x.testmcp.org/history/b4a5d2e4-365c-4cc6-b676-36acc4ae85de "HTTP/1.1 200 OK"
2026-01-15 00:31:02,163 - httpx - INFO - HTTP Request: GET http://procure-x.testmcp.org/history/b4a5d2e4-365c-4cc6-b676-36acc4ae85de "HTTP/1.1 200 OK"
2026-01-15 00:31:03,184 - httpx - INFO - HTTP Request: GET http://procure-x.testmcp.org/history/b4a5d2e4-365c-4cc6-b676-36acc4ae85de "HTTP/1.1 200 OK"
2026-01-15 00:31:04,205 - httpx - INFO - HTTP Request: GET http://procure-x.testmcp.org/history/b4a5d2e4-365c-4cc6-b676-36acc4ae85de "HTTP/1.1 200 OK"
2026-01-15 00:31:05,231 - httpx - INFO - HTTP Request: GET http://procure-x.testmcp.org/history/b4a5d2e4-365c-4cc6-b676-36acc4ae85de "HTTP/1.1 200 OK"
2026-01-15 00:31:06,320 - httpx - INFO - HTTP Request: GET http://procure-x.testmcp.org/history/b4a5d2e4-365c-4cc6-b676-36acc4ae85de "HTTP/1.1 200 OK"
2026-01-15 00:31:07,341 - httpx - INFO - HTTP Request: GET http://procure-x.testmcp.org/history/b4a5d2e4-365c-4cc6-b676-36acc4ae85de "HTTP/1.1 200 OK"
2026-01-15 00:31:08,365 - httpx - INFO - HTTP Request: GET http://procure-x.testmcp.org/history/b4a5d2e4-365c-4cc6-b676-36acc4ae85de "HTTP/1.1 200 OK"
2026-01-15 00:31:09,391 - httpx - INFO - HTTP Request: GET http://procure-x.testmcp.org/history/b4a5d2e4-365c-4cc6-b676-36acc4ae85de "HTTP/1.1 200 OK"
2026-01-15 00:31:10,417 - httpx - INFO - HTTP Request: GET http://procure-x.testmcp.org/history/b4a5d2e4-365c-4cc6-b676-36acc4ae85de "HTTP/1.1 200 OK"
2026-01-15 00:31:11,442 - httpx - INFO - HTTP Request: GET http://procure-x.testmcp.org/history/b4a5d2e4-365c-4cc6-b676-36acc4ae85de "HTTP/1.1 200 OK"
2026-01-15 00:31:12,464 - httpx - INFO - HTTP Request: GET http://procure-x.testmcp.org/history/b4a5d2e4-365c-4cc6-b676-36acc4ae85de "HTTP/1.1 200 OK"
2026-01-15 00:31:13,483 - httpx - INFO - HTTP Request: GET http://procure-x.testmcp.org/history/b4a5d2e4-365c-4cc6-b676-36acc4ae85de "HTTP/1.1 200 OK"
2026-01-15 00:31:14,500 - httpx - INFO - HTTP Request: GET http://procure-x.testmcp.org/history/b4a5d2e4-365c-4cc6-b676-36acc4ae85de "HTTP/1.1 200 OK"
2026-01-15 00:31:15,521 - httpx - INFO - HTTP Request: GET http://procure-x.testmcp.org/history/b4a5d2e4-365c-4cc6-b676-36acc4ae85de "HTTP/1.1 200 OK"
2026-01-15 00:31:16,545 - httpx - INFO - HTTP Request: GET http://procure-x.testmcp.org/history/b4a5d2e4-365c-4cc6-b676-36acc4ae85de "HTTP/1.1 200 OK"
2026-01-15 00:31:17,567 - httpx - INFO - HTTP Request: GET http://procure-x.testmcp.org/history/b4a5d2e4-365c-4cc6-b676-36acc4ae85de "HTTP/1.1 200 OK"
2026-01-15 00:31:18,591 - httpx - INFO - HTTP Request: GET http://procure-x.testmcp.org/history/b4a5d2e4-365c-4cc6-b676-36acc4ae85de "HTTP/1.1 200 OK"
2026-01-15 00:31:19,616 - httpx - INFO - HTTP Request: GET http://procure-x.testmcp.org/history/b4a5d2e4-365c-4cc6-b676-36acc4ae85de "HTTP/1.1 200 OK"
2026-01-15 00:31:20,637 - httpx - INFO - HTTP Request: GET http://procure-x.testmcp.org/history/b4a5d2e4-365c-4cc6-b676-36acc4ae85de "HTTP/1.1 200 OK"
2026-01-15 00:31:21,659 - httpx - INFO - HTTP Request: GET http://procure-x.testmcp.org/history/b4a5d2e4-365c-4cc6-b676-36acc4ae85de "HTTP/1.1 200 OK"
2026-01-15 00:31:22,679 - httpx - INFO - HTTP Request: GET http://procure-x.testmcp.org/history/b4a5d2e4-365c-4cc6-b676-36acc4ae85de "HTTP/1.1 200 OK"
2026-01-15 00:31:23,697 - httpx - INFO - HTTP Request: GET http://procure-x.testmcp.org/history/b4a5d2e4-365c-4cc6-b676-36acc4ae85de "HTTP/1.1 200 OK"
2026-01-15 00:31:24,740 - httpx - INFO - HTTP Request: GET http://procure-x.testmcp.org/history/b4a5d2e4-365c-4cc6-b676-36acc4ae85de "HTTP/1.1 200 OK"
2026-01-15 00:31:25,759 - httpx - INFO - HTTP Request: GET http://procure-x.testmcp.org/history/b4a5d2e4-365c-4cc6-b676-36acc4ae85de "HTTP/1.1 200 OK"
2026-01-15 00:31:26,779 - httpx - INFO - HTTP Request: GET http://procure-x.testmcp.org/history/b4a5d2e4-365c-4cc6-b676-36acc4ae85de "HTTP/1.1 200 OK"
2026-01-15 00:31:27,795 - httpx - INFO - HTTP Request: GET http://procure-x.testmcp.org/history/b4a5d2e4-365c-4cc6-b676-36acc4ae85de "HTTP/1.1 200 OK"
2026-01-15 00:31:28,812 - httpx - INFO - HTTP Request: GET http://procure-x.testmcp.org/history/b4a5d2e4-365c-4cc6-b676-36acc4ae85de "HTTP/1.1 200 OK"
2026-01-15 00:31:29,834 - httpx - INFO - HTTP Request: GET http://procure-x.testmcp.org/history/b4a5d2e4-365c-4cc6-b676-36acc4ae85de "HTTP/1.1 200 OK"
2026-01-15 00:31:30,854 - httpx - INFO - HTTP Request: GET http://procure-x.testmcp.org/history/b4a5d2e4-365c-4cc6-b676-36acc4ae85de "HTTP/1.1 200 OK"
2026-01-15 00:31:31,877 - httpx - INFO - HTTP Request: GET http://procure-x.testmcp.org/history/b4a5d2e4-365c-4cc6-b676-36acc4ae85de "HTTP/1.1 200 OK"
2026-01-15 00:31:32,901 - httpx - INFO - HTTP Request: GET http://procure-x.testmcp.org/history/b4a5d2e4-365c-4cc6-b676-36acc4ae85de "HTTP/1.1 200 OK"
2026-01-15 00:31:33,922 - httpx - INFO - HTTP Request: GET http://procure-x.testmcp.org/history/b4a5d2e4-365c-4cc6-b676-36acc4ae85de "HTTP/1.1 200 OK"
2026-01-15 00:31:34,941 - httpx - INFO - HTTP Request: GET http://procure-x.testmcp.org/history/b4a5d2e4-365c-4cc6-b676-36acc4ae85de "HTTP/1.1 200 OK"
2026-01-15 00:31:35,964 - httpx - INFO - HTTP Request: GET http://procure-x.testmcp.org/history/b4a5d2e4-365c-4cc6-b676-36acc4ae85de "HTTP/1.1 200 OK"
2026-01-15 00:31:36,985 - httpx - INFO - HTTP Request: GET http://procure-x.testmcp.org/history/b4a5d2e4-365c-4cc6-b676-36acc4ae85de "HTTP/1.1 200 OK"
2026-01-15 00:31:38,009 - httpx - INFO - HTTP Request: GET http://procure-x.testmcp.org/history/b4a5d2e4-365c-4cc6-b676-36acc4ae85de "HTTP/1.1 200 OK"
2026-01-15 00:31:39,030 - httpx - INFO - HTTP Request: GET http://procure-x.testmcp.org/history/b4a5d2e4-365c-4cc6-b676-36acc4ae85de "HTTP/1.1 200 OK"
2026-01-15 00:31:40,049 - httpx - INFO - HTTP Request: GET http://procure-x.testmcp.org/history/b4a5d2e4-365c-4cc6-b676-36acc4ae85de "HTTP/1.1 200 OK"
2026-01-15 00:31:41,065 - httpx - INFO - HTTP Request: GET http://procure-x.testmcp.org/history/b4a5d2e4-365c-4cc6-b676-36acc4ae85de "HTTP/1.1 200 OK"
2026-01-15 00:31:42,083 - httpx - INFO - HTTP Request: GET http://procure-x.testmcp.org/history/b4a5d2e4-365c-4cc6-b676-36acc4ae85de "HTTP/1.1 200 OK"
2026-01-15 00:31:43,104 - httpx - INFO - HTTP Request: GET http://procure-x.testmcp.org/history/b4a5d2e4-365c-4cc6-b676-36acc4ae85de "HTTP/1.1 200 OK"
2026-01-15 00:31:44,129 - httpx - INFO - HTTP Request: GET http://procure-x.testmcp.org/history/b4a5d2e4-365c-4cc6-b676-36acc4ae85de "HTTP/1.1 200 OK"
2026-01-15 00:31:45,150 - httpx - INFO - HTTP Request: GET http://procure-x.testmcp.org/history/b4a5d2e4-365c-4cc6-b676-36acc4ae85de "HTTP/1.1 200 OK"
2026-01-15 00:31:46,173 - httpx - INFO - HTTP Request: GET http://procure-x.testmcp.org/history/b4a5d2e4-365c-4cc6-b676-36acc4ae85de "HTTP/1.1 200 OK"
2026-01-15 00:31:47,193 - httpx - INFO - HTTP Request: GET http://procure-x.testmcp.org/history/b4a5d2e4-365c-4cc6-b676-36acc4ae85de "HTTP/1.1 200 OK"
2026-01-15 00:31:48,216 - httpx - INFO - HTTP Request: GET http://procure-x.testmcp.org/history/b4a5d2e4-365c-4cc6-b676-36acc4ae85de "HTTP/1.1 200 OK"
2026-01-15 00:31:49,240 - httpx - INFO - HTTP Request: GET http://procure-x.testmcp.org/history/b4a5d2e4-365c-4cc6-b676-36acc4ae85de "HTTP/1.1 200 OK"
2026-01-15 00:31:50,265 - httpx - INFO - HTTP Request: GET http://procure-x.testmcp.org/history/b4a5d2e4-365c-4cc6-b676-36acc4ae85de "HTTP/1.1 200 OK"
2026-01-15 00:31:51,283 - httpx - INFO - HTTP Request: GET http://procure-x.testmcp.org/history/b4a5d2e4-365c-4cc6-b676-36acc4ae85de "HTTP/1.1 200 OK"
2026-01-15 00:31:52,303 - httpx - INFO - HTTP Request: GET http://procure-x.testmcp.org/history/b4a5d2e4-365c-4cc6-b676-36acc4ae85de "HTTP/1.1 200 OK"
2026-01-15 00:31:53,323 - httpx - INFO - HTTP Request: GET http://procure-x.testmcp.org/history/b4a5d2e4-365c-4cc6-b676-36acc4ae85de "HTTP/1.1 200 OK"
2026-01-15 00:31:54,343 - httpx - INFO - HTTP Request: GET http://procure-x.testmcp.org/history/b4a5d2e4-365c-4cc6-b676-36acc4ae85de "HTTP/1.1 200 OK"
2026-01-15 00:31:55,362 - httpx - INFO - HTTP Request: GET http://procure-x.testmcp.org/history/b4a5d2e4-365c-4cc6-b676-36acc4ae85de "HTTP/1.1 200 OK"
2026-01-15 00:31:56,384 - httpx - INFO - HTTP Request: GET http://procure-x.testmcp.org/history/b4a5d2e4-365c-4cc6-b676-36acc4ae85de "HTTP/1.1 200 OK"
2026-01-15 00:31:57,407 - httpx - INFO - HTTP Request: GET http://procure-x.testmcp.org/history/b4a5d2e4-365c-4cc6-b676-36acc4ae85de "HTTP/1.1 200 OK"
2026-01-15 00:31:58,429 - httpx - INFO - HTTP Request: GET http://procure-x.testmcp.org/history/b4a5d2e4-365c-4cc6-b676-36acc4ae85de "HTTP/1.1 200 OK"
2026-01-15 00:31:59,452 - httpx - INFO - HTTP Request: GET http://procure-x.testmcp.org/history/b4a5d2e4-365c-4cc6-b676-36acc4ae85de "HTTP/1.1 200 OK"
2026-01-15 00:32:00,479 - httpx - INFO - HTTP Request: GET http://procure-x.testmcp.org/history/b4a5d2e4-365c-4cc6-b676-36acc4ae85de "HTTP/1.1 200 OK"
2026-01-15 00:32:01,504 - httpx - INFO - HTTP Request: GET http://procure-x.testmcp.org/history/b4a5d2e4-365c-4cc6-b676-36acc4ae85de "HTTP/1.1 200 OK"
2026-01-15 00:32:02,528 - httpx - INFO - HTTP Request: GET http://procure-x.testmcp.org/history/b4a5d2e4-365c-4cc6-b676-36acc4ae85de "HTTP/1.1 200 OK"
2026-01-15 00:32:03,552 - httpx - INFO - HTTP Request: GET http://procure-x.testmcp.org/history/b4a5d2e4-365c-4cc6-b676-36acc4ae85de "HTTP/1.1 200 OK"
2026-01-15 00:32:04,573 - httpx - INFO - HTTP Request: GET http://procure-x.testmcp.org/history/b4a5d2e4-365c-4cc6-b676-36acc4ae85de "HTTP/1.1 200 OK"
2026-01-15 00:32:05,593 - httpx - INFO - HTTP Request: GET http://procure-x.testmcp.org/history/b4a5d2e4-365c-4cc6-b676-36acc4ae85de "HTTP/1.1 200 OK"
2026-01-15 00:32:06,616 - httpx - INFO - HTTP Request: GET http://procure-x.testmcp.org/history/b4a5d2e4-365c-4cc6-b676-36acc4ae85de "HTTP/1.1 200 OK"
2026-01-15 00:32:07,638 - httpx - INFO - HTTP Request: GET http://procure-x.testmcp.org/history/b4a5d2e4-365c-4cc6-b676-36acc4ae85de "HTTP/1.1 200 OK"
2026-01-15 00:32:08,660 - httpx - INFO - HTTP Request: GET http://procure-x.testmcp.org/history/b4a5d2e4-365c-4cc6-b676-36acc4ae85de "HTTP/1.1 200 OK"
2026-01-15 00:32:09,682 - httpx - INFO - HTTP Request: GET http://procure-x.testmcp.org/history/b4a5d2e4-365c-4cc6-b676-36acc4ae85de "HTTP/1.1 200 OK"
2026-01-15 00:32:10,704 - httpx - INFO - HTTP Request: GET http://procure-x.testmcp.org/history/b4a5d2e4-365c-4cc6-b676-36acc4ae85de "HTTP/1.1 200 OK"
2026-01-15 00:32:11,723 - httpx - INFO - HTTP Request: GET http://procure-x.testmcp.org/history/b4a5d2e4-365c-4cc6-b676-36acc4ae85de "HTTP/1.1 200 OK"
2026-01-15 00:32:12,742 - httpx - INFO - HTTP Request: GET http://procure-x.testmcp.org/history/b4a5d2e4-365c-4cc6-b676-36acc4ae85de "HTTP/1.1 200 OK"
2026-01-15 00:32:13,760 - httpx - INFO - HTTP Request: GET http://procure-x.testmcp.org/history/b4a5d2e4-365c-4cc6-b676-36acc4ae85de "HTTP/1.1 200 OK"
2026-01-15 00:32:14,782 - httpx - INFO - HTTP Request: GET http://procure-x.testmcp.org/history/b4a5d2e4-365c-4cc6-b676-36acc4ae85de "HTTP/1.1 200 OK"
2026-01-15 00:32:15,803 - httpx - INFO - HTTP Request: GET http://procure-x.testmcp.org/history/b4a5d2e4-365c-4cc6-b676-36acc4ae85de "HTTP/1.1 200 OK"
2026-01-15 00:32:16,826 - httpx - INFO - HTTP Request: GET http://procure-x.testmcp.org/history/b4a5d2e4-365c-4cc6-b676-36acc4ae85de "HTTP/1.1 200 OK"
2026-01-15 00:32:17,843 - httpx - INFO - HTTP Request: GET http://procure-x.testmcp.org/history/b4a5d2e4-365c-4cc6-b676-36acc4ae85de "HTTP/1.1 200 OK"
2026-01-15 00:32:18,866 - httpx - INFO - HTTP Request: GET http://procure-x.testmcp.org/history/b4a5d2e4-365c-4cc6-b676-36acc4ae85de "HTTP/1.1 200 OK"
2026-01-15 00:32:19,886 - httpx - INFO - HTTP Request: GET http://procure-x.testmcp.org/history/b4a5d2e4-365c-4cc6-b676-36acc4ae85de "HTTP/1.1 200 OK"
2026-01-15 00:32:20,904 - httpx - INFO - HTTP Request: GET http://procure-x.testmcp.org/history/b4a5d2e4-365c-4cc6-b676-36acc4ae85de "HTTP/1.1 200 OK"
2026-01-15 00:32:21,923 - httpx - INFO - HTTP Request: GET http://procure-x.testmcp.org/history/b4a5d2e4-365c-4cc6-b676-36acc4ae85de "HTTP/1.1 200 OK"
2026-01-15 00:32:22,943 - httpx - INFO - HTTP Request: GET http://procure-x.testmcp.org/history/b4a5d2e4-365c-4cc6-b676-36acc4ae85de "HTTP/1.1 200 OK"
2026-01-15 00:32:23,965 - httpx - INFO - HTTP Request: GET http://procure-x.testmcp.org/history/b4a5d2e4-365c-4cc6-b676-36acc4ae85de "HTTP/1.1 200 OK"
2026-01-15 00:32:24,989 - httpx - INFO - HTTP Request: GET http://procure-x.testmcp.org/history/b4a5d2e4-365c-4cc6-b676-36acc4ae85de "HTTP/1.1 200 OK"
2026-01-15 00:32:26,007 - httpx - INFO - HTTP Request: GET http://procure-x.testmcp.org/history/b4a5d2e4-365c-4cc6-b676-36acc4ae85de "HTTP/1.1 200 OK"
2026-01-15 00:32:27,023 - httpx - INFO - HTTP Request: GET http://procure-x.testmcp.org/history/b4a5d2e4-365c-4cc6-b676-36acc4ae85de "HTTP/1.1 200 OK"
2026-01-15 00:32:28,041 - httpx - INFO - HTTP Request: GET http://procure-x.testmcp.org/history/b4a5d2e4-365c-4cc6-b676-36acc4ae85de "HTTP/1.1 200 OK"
2026-01-15 00:32:29,057 - httpx - INFO - HTTP Request: GET http://procure-x.testmcp.org/history/b4a5d2e4-365c-4cc6-b676-36acc4ae85de "HTTP/1.1 200 OK"
2026-01-15 00:32:30,074 - httpx - INFO - HTTP Request: GET http://procure-x.testmcp.org/history/b4a5d2e4-365c-4cc6-b676-36acc4ae85de "HTTP/1.1 200 OK"
2026-01-15 00:32:31,095 - httpx - INFO - HTTP Request: GET http://procure-x.testmcp.org/history/b4a5d2e4-365c-4cc6-b676-36acc4ae85de "HTTP/1.1 200 OK"
2026-01-15 00:32:32,115 - httpx - INFO - HTTP Request: GET http://procure-x.testmcp.org/history/b4a5d2e4-365c-4cc6-b676-36acc4ae85de "HTTP/1.1 200 OK"
2026-01-15 00:32:32,979 - temporal_gateway.clients.comfy.tracker - INFO - [WS] Execution completed successfully
2026-01-15 00:32:34,054 - httpx - INFO - HTTP Request: GET http://procure-x.testmcp.org/history/b4a5d2e4-365c-4cc6-b676-36acc4ae85de "HTTP/1.1 200 OK"
2026-01-15 00:32:34,056 - httpx - INFO - HTTP Request: GET http://procure-x.testmcp.org/history/b4a5d2e4-365c-4cc6-b676-36acc4ae85de "HTTP/1.1 200 OK"
2026-01-15 00:32:34,058 - temporal_gateway.clients.comfy.tracker - INFO - [POLL] Found in history: success
2026-01-15 00:32:34,058 - temporal_gateway.clients.comfy.tracker - INFO - Tracking completed: success (took 330.55s)
2026-01-15 00:32:34,060 - temporalio.activity - INFO - [V3] Workflow completed successfully ({'activity_id': '1', 'activity_type': 'execute_and_track_workflow', 'attempt': 1, 'namespace': 'default', 'task_queue': 'comfyui-gpu-farm', 'workflow_id': 'chain-image-edit-to-video-pipeline-c544ce1f-b051-49d8-bbb7-4e882b0dff7c-create_video', 'workflow_run_id': '019bbdde-5572-7386-96c8-03221d5c4331', 'workflow_type': 'ComfyUIWorkflow'})
2026-01-15 00:32:34,072 - temporalio.workflow - INFO - Execution completed successfully ({'attempt': 1, 'namespace': 'default', 'run_id': '019bbdde-5572-7386-96c8-03221d5c4331', 'task_queue': 'comfyui-gpu-farm', 'workflow_id': 'chain-image-edit-to-video-pipeline-c544ce1f-b051-49d8-bbb7-4e882b0dff7c-create_video', 'workflow_type': 'ComfyUIWorkflow'})
2026-01-15 00:32:34,081 - temporalio.activity - INFO - Extracting server output files ({'activity_id': '2', 'activity_type': 'get_server_output_files', 'attempt': 1, 'namespace': 'default', 'task_queue': 'comfyui-gpu-farm', 'workflow_id': 'chain-image-edit-to-video-pipeline-c544ce1f-b051-49d8-bbb7-4e882b0dff7c-create_video', 'workflow_run_id': '019bbdde-5572-7386-96c8-03221d5c4331', 'workflow_type': 'ComfyUIWorkflow'})
2026-01-15 00:32:34,081 - temporalio.activity - INFO - Found 1 output file(s) ({'activity_id': '2', 'activity_type': 'get_server_output_files', 'attempt': 1, 'namespace': 'default', 'task_queue': 'comfyui-gpu-farm', 'workflow_id': 'chain-image-edit-to-video-pipeline-c544ce1f-b051-49d8-bbb7-4e882b0dff7c-create_video', 'workflow_run_id': '019bbdde-5572-7386-96c8-03221d5c4331', 'workflow_type': 'ComfyUIWorkflow'})
2026-01-15 00:32:34,090 - temporalio.workflow - INFO - Found 1 server output file(s) ({'attempt': 1, 'namespace': 'default', 'run_id': '019bbdde-5572-7386-96c8-03221d5c4331', 'task_queue': 'comfyui-gpu-farm', 'workflow_id': 'chain-image-edit-to-video-pipeline-c544ce1f-b051-49d8-bbb7-4e882b0dff7c-create_video', 'workflow_type': 'ComfyUIWorkflow'})
2026-01-15 00:32:34,098 - temporalio.activity - INFO - Downloading and persisting 1 artifact(s) for workflow b6a75a39-c2b5-412f-ad6d-40a5ef552a65 ({'activity_id': '3', 'activity_type': 'download_and_store_artifacts', 'attempt': 1, 'namespace': 'default', 'task_queue': 'comfyui-gpu-farm', 'workflow_id': 'chain-image-edit-to-video-pipeline-c544ce1f-b051-49d8-bbb7-4e882b0dff7c-create_video', 'workflow_run_id': '019bbdde-5572-7386-96c8-03221d5c4331', 'workflow_type': 'ComfyUIWorkflow'})
2026-01-15 00:32:34,152 - temporal_gateway.clients.comfy.client - INFO - ComfyUI client initialized for http://procure-x.testmcp.org
2026-01-15 00:32:34,194 - httpx - INFO - HTTP Request: GET http://procure-x.testmcp.org/view?filename=ComfyUI_00062_.mp4&type=output&subfolder=video "HTTP/1.1 200 OK"
2026-01-15 00:32:34,238 - temporalio.activity - INFO - ✓ Saved artifact to DB: f284754e-8ce7-4cb3-bdf7-85afd003cbc4 (ComfyUI_00062_.mp4) ({'activity_id': '3', 'activity_type': 'download_and_store_artifacts', 'attempt': 1, 'namespace': 'default', 'task_queue': 'comfyui-gpu-farm', 'workflow_id': 'chain-image-edit-to-video-pipeline-c544ce1f-b051-49d8-bbb7-4e882b0dff7c-create_video', 'workflow_run_id': '019bbdde-5572-7386-96c8-03221d5c4331', 'workflow_type': 'ComfyUIWorkflow'})
2026-01-15 00:32:34,239 - temporalio.activity - INFO - Downloaded and persisted 1 artifact(s) ({'activity_id': '3', 'activity_type': 'download_and_store_artifacts', 'attempt': 1, 'namespace': 'default', 'task_queue': 'comfyui-gpu-farm', 'workflow_id': 'chain-image-edit-to-video-pipeline-c544ce1f-b051-49d8-bbb7-4e882b0dff7c-create_video', 'workflow_run_id': '019bbdde-5572-7386-96c8-03221d5c4331', 'workflow_type': 'ComfyUIWorkflow'})
2026-01-15 00:32:34,248 - temporalio.workflow - INFO - Downloaded 1 file(s) locally ({'attempt': 1, 'namespace': 'default', 'run_id': '019bbdde-5572-7386-96c8-03221d5c4331', 'task_queue': 'comfyui-gpu-farm', 'workflow_id': 'chain-image-edit-to-video-pipeline-c544ce1f-b051-49d8-bbb7-4e882b0dff7c-create_video', 'workflow_type': 'ComfyUIWorkflow'})
2026-01-15 00:32:34,268 - temporalio.activity - INFO - Updating workflow b6a75a39-c2b5-412f-ad6d-40a5ef552a65 status to: completed ({'activity_id': '61', 'activity_type': 'update_workflow_status_activity', 'attempt': 1, 'namespace': 'default', 'task_queue': 'comfyui-gpu-farm', 'workflow_id': 'chain-image-edit-to-video-pipeline-c544ce1f-b051-49d8-bbb7-4e882b0dff7c', 'workflow_run_id': '019bbddb-d447-712c-879a-fbc3ba1b92ea', 'workflow_type': 'ChainExecutorWorkflow'})
2026-01-15 00:32:34,271 - temporalio.activity - INFO - ✓ Updated workflow status ({'activity_id': '61', 'activity_type': 'update_workflow_status_activity', 'attempt': 1, 'namespace': 'default', 'task_queue': 'comfyui-gpu-farm', 'workflow_id': 'chain-image-edit-to-video-pipeline-c544ce1f-b051-49d8-bbb7-4e882b0dff7c', 'workflow_run_id': '019bbddb-d447-712c-879a-fbc3ba1b92ea', 'workflow_type': 'ChainExecutorWorkflow'})
2026-01-15 00:32:34,287 - temporalio.activity - INFO - Getting artifacts for workflow: b6a75a39-c2b5-412f-ad6d-40a5ef552a65 ({'activity_id': '62', 'activity_type': 'get_workflow_artifacts', 'attempt': 1, 'namespace': 'default', 'task_queue': 'comfyui-gpu-farm', 'workflow_id': 'chain-image-edit-to-video-pipeline-c544ce1f-b051-49d8-bbb7-4e882b0dff7c', 'workflow_run_id': '019bbddb-d447-712c-879a-fbc3ba1b92ea', 'workflow_type': 'ChainExecutorWorkflow'})
2026-01-15 00:32:34,306 - temporalio.activity - INFO - Creating approval request for artifact: f284754e-8ce7-4cb3-bdf7-85afd003cbc4 ({'activity_id': '63', 'activity_type': 'create_approval_request_activity', 'attempt': 1, 'namespace': 'default', 'task_queue': 'comfyui-gpu-farm', 'workflow_id': 'chain-image-edit-to-video-pipeline-c544ce1f-b051-49d8-bbb7-4e882b0dff7c', 'workflow_run_id': '019bbddb-d447-712c-879a-fbc3ba1b92ea', 'workflow_type': 'ChainExecutorWorkflow'})
2026-01-15 00:32:34,310 - temporalio.activity - INFO - ✓ Created approval request: 332d990b-e2c6-4c27-b87e-2893788ab1a5, token: hoanJa99TvkSJSsV... ({'activity_id': '63', 'activity_type': 'create_approval_request_activity', 'attempt': 1, 'namespace': 'default', 'task_queue': 'comfyui-gpu-farm', 'workflow_id': 'chain-image-edit-to-video-pipeline-c544ce1f-b051-49d8-bbb7-4e882b0dff7c', 'workflow_run_id': '019bbddb-d447-712c-879a-fbc3ba1b92ea', 'workflow_type': 'ChainExecutorWorkflow'})
2026-01-15 00:32:34,311 - temporal_gateway.services.broadcast - INFO - Published approval_requested to chain:6dd30b03-1cd4-4472-9c01-fbd2a5d1da29
2026-01-15 00:32:34,311 - temporalio.activity - INFO - Published approval_requested event for chain 6dd30b03-1cd4-4472-9c01-fbd2a5d1da29 ({'activity_id': '63', 'activity_type': 'create_approval_request_activity', 'attempt': 1, 'namespace': 'default', 'task_queue': 'comfyui-gpu-farm', 'workflow_id': 'chain-image-edit-to-video-pipeline-c544ce1f-b051-49d8-bbb7-4e882b0dff7c', 'workflow_run_id': '019bbddb-d447-712c-879a-fbc3ba1b92ea', 'workflow_type': 'ChainExecutorWorkflow'})
2026-01-15 00:32:34,321 - temporalio.workflow - INFO - Step create_video: Approval request created, token: hoanJa99TvkSJSsV... ({'attempt': 1, 'namespace': 'default', 'run_id': '019bbddb-d447-712c-879a-fbc3ba1b92ea', 'task_queue': 'comfyui-gpu-farm', 'workflow_id': 'chain-image-edit-to-video-pipeline-c544ce1f-b051-49d8-bbb7-4e882b0dff7c', 'workflow_type': 'ChainExecutorWorkflow'})
2026-01-15 00:41:38,956 - temporalio.worker._worker - INFO - Worker cancelled, shutting down
2026-01-15 00:41:38,957 - temporalio.worker._worker - INFO - Beginning worker shutdown, will wait 0:00:00 before cancelling activities
