2026-01-15 10:27:35,738 - worker - INFO - Initializing artifact database...
2026-01-15 10:27:35,740 - worker - INFO - Database initialized
2026-01-15 10:27:35,740 - worker - INFO - Connecting to Redis for event broadcasting...
2026-01-15 10:27:35,788 - temporal_gateway.services.broadcast - INFO - Created broadcast instance for redis://localhost:6379
2026-01-15 10:27:35,792 - temporal_gateway.services.broadcast - INFO - Broadcast connected to Redis
2026-01-15 10:27:35,792 - worker - INFO - Redis broadcast connected
2026-01-15 10:27:35,792 - worker - INFO - Loading server registry...
2026-01-15 10:27:35,793 - temporal_gateway.servers.registry - INFO - Registered server: procure-x (comfyui)
2026-01-15 10:27:35,793 - temporal_gateway.servers.registry - INFO - Loaded 1 servers from config
2026-01-15 10:27:35,793 - worker - INFO - Registered 1 servers
2026-01-15 10:27:35,793 - worker - INFO -   Server: procure-x (comfyui)
2026-01-15 10:27:35,966 - worker - INFO - ============================================================
2026-01-15 10:27:35,966 - worker - INFO - 🔧 Temporal Worker Started
2026-01-15 10:27:35,966 - worker - INFO - ============================================================
2026-01-15 10:27:35,966 - worker - INFO - Connected to Temporal: localhost:7233
2026-01-15 10:27:35,967 - worker - INFO - Task Queue: comfyui-gpu-farm
2026-01-15 10:27:35,967 - worker - INFO - Workflows: ['ComfyUIWorkflow', 'ChainExecutorWorkflow']
2026-01-15 10:27:35,967 - worker - INFO - Log file: /home/jaskirat/Documents/comfyautomate/temporal_gateway/logs/worker_20260115_045735.log
2026-01-15 10:27:35,967 - worker - INFO - ============================================================
2026-01-15 10:27:35,967 - worker - INFO - Worker is running. Press Ctrl+C to stop.
2026-01-15 10:27:40,406 - temporalio.workflow - INFO - Starting chain execution: image-edit-to-video-pipeline ({'attempt': 1, 'namespace': 'default', 'run_id': '019bc004-3721-7b15-be59-097025a66cef', 'task_queue': 'comfyui-gpu-farm', 'workflow_id': 'chain-image-edit-to-video-pipeline-6c501ec6-5c95-4e86-8542-0d02d4bc0612', 'workflow_type': 'ChainExecutorWorkflow'})
2026-01-15 10:27:40,407 - temporalio.workflow - INFO - Retry number: 0 ({'attempt': 1, 'namespace': 'default', 'run_id': '019bc004-3721-7b15-be59-097025a66cef', 'task_queue': 'comfyui-gpu-farm', 'workflow_id': 'chain-image-edit-to-video-pipeline-6c501ec6-5c95-4e86-8542-0d02d4bc0612', 'workflow_type': 'ChainExecutorWorkflow'})
2026-01-15 10:27:40,407 - temporalio.workflow - INFO - Cached steps: [] ({'attempt': 1, 'namespace': 'default', 'run_id': '019bc004-3721-7b15-be59-097025a66cef', 'task_queue': 'comfyui-gpu-farm', 'workflow_id': 'chain-image-edit-to-video-pipeline-6c501ec6-5c95-4e86-8542-0d02d4bc0612', 'workflow_type': 'ChainExecutorWorkflow'})
2026-01-15 10:27:40,407 - temporalio.workflow - INFO - Total levels: 3 ({'attempt': 1, 'namespace': 'default', 'run_id': '019bc004-3721-7b15-be59-097025a66cef', 'task_queue': 'comfyui-gpu-farm', 'workflow_id': 'chain-image-edit-to-video-pipeline-6c501ec6-5c95-4e86-8542-0d02d4bc0612', 'workflow_type': 'ChainExecutorWorkflow'})
2026-01-15 10:27:40,408 - temporalio.workflow - INFO - Using chain ID: af850b2d-b9e7-40d7-8a84-8973a4b34d70 ({'attempt': 1, 'namespace': 'default', 'run_id': '019bc004-3721-7b15-be59-097025a66cef', 'task_queue': 'comfyui-gpu-farm', 'workflow_id': 'chain-image-edit-to-video-pipeline-6c501ec6-5c95-4e86-8542-0d02d4bc0612', 'workflow_type': 'ChainExecutorWorkflow'})
2026-01-15 10:27:40,419 - temporalio.activity - INFO - Updating chain af850b2d-b9e7-40d7-8a84-8973a4b34d70 status to: executing_level_0 ({'activity_id': '1', 'activity_type': 'update_chain_status_activity', 'attempt': 1, 'namespace': 'default', 'task_queue': 'comfyui-gpu-farm', 'workflow_id': 'chain-image-edit-to-video-pipeline-6c501ec6-5c95-4e86-8542-0d02d4bc0612', 'workflow_run_id': '019bc004-3721-7b15-be59-097025a66cef', 'workflow_type': 'ChainExecutorWorkflow'})
2026-01-15 10:27:40,483 - temporalio.activity - INFO - ✓ Updated chain status ({'activity_id': '1', 'activity_type': 'update_chain_status_activity', 'attempt': 1, 'namespace': 'default', 'task_queue': 'comfyui-gpu-farm', 'workflow_id': 'chain-image-edit-to-video-pipeline-6c501ec6-5c95-4e86-8542-0d02d4bc0612', 'workflow_run_id': '019bc004-3721-7b15-be59-097025a66cef', 'workflow_type': 'ChainExecutorWorkflow'})
2026-01-15 10:27:40,507 - temporalio.workflow - INFO - Level 0: Executing 2 step(s) ({'attempt': 1, 'namespace': 'default', 'run_id': '019bc004-3721-7b15-be59-097025a66cef', 'task_queue': 'comfyui-gpu-farm', 'workflow_id': 'chain-image-edit-to-video-pipeline-6c501ec6-5c95-4e86-8542-0d02d4bc0612', 'workflow_type': 'ChainExecutorWorkflow'})
2026-01-15 10:27:40,507 - temporalio.workflow - INFO - Executing step: extract_frame1 ({'attempt': 1, 'namespace': 'default', 'run_id': '019bc004-3721-7b15-be59-097025a66cef', 'task_queue': 'comfyui-gpu-farm', 'workflow_id': 'chain-image-edit-to-video-pipeline-6c501ec6-5c95-4e86-8542-0d02d4bc0612', 'workflow_type': 'ChainExecutorWorkflow'})
2026-01-15 10:27:40,508 - temporalio.workflow - INFO - Executing step: extract_frame2 ({'attempt': 1, 'namespace': 'default', 'run_id': '019bc004-3721-7b15-be59-097025a66cef', 'task_queue': 'comfyui-gpu-farm', 'workflow_id': 'chain-image-edit-to-video-pipeline-6c501ec6-5c95-4e86-8542-0d02d4bc0612', 'workflow_type': 'ChainExecutorWorkflow'})
2026-01-15 10:27:40,527 - temporalio.activity - INFO - Resolving templates in parameters ({'activity_id': '3', 'activity_type': 'resolve_chain_templates', 'attempt': 1, 'namespace': 'default', 'task_queue': 'comfyui-gpu-farm', 'workflow_id': 'chain-image-edit-to-video-pipeline-6c501ec6-5c95-4e86-8542-0d02d4bc0612', 'workflow_run_id': '019bc004-3721-7b15-be59-097025a66cef', 'workflow_type': 'ChainExecutorWorkflow'})
2026-01-15 10:27:40,529 - temporalio.activity - INFO - Templates resolved successfully ({'activity_id': '3', 'activity_type': 'resolve_chain_templates', 'attempt': 1, 'namespace': 'default', 'task_queue': 'comfyui-gpu-farm', 'workflow_id': 'chain-image-edit-to-video-pipeline-6c501ec6-5c95-4e86-8542-0d02d4bc0612', 'workflow_run_id': '019bc004-3721-7b15-be59-097025a66cef', 'workflow_type': 'ChainExecutorWorkflow'})
2026-01-15 10:27:40,535 - temporalio.activity - INFO - Resolving templates in parameters ({'activity_id': '2', 'activity_type': 'resolve_chain_templates', 'attempt': 1, 'namespace': 'default', 'task_queue': 'comfyui-gpu-farm', 'workflow_id': 'chain-image-edit-to-video-pipeline-6c501ec6-5c95-4e86-8542-0d02d4bc0612', 'workflow_run_id': '019bc004-3721-7b15-be59-097025a66cef', 'workflow_type': 'ChainExecutorWorkflow'})
2026-01-15 10:27:40,535 - temporalio.activity - INFO - Templates resolved successfully ({'activity_id': '2', 'activity_type': 'resolve_chain_templates', 'attempt': 1, 'namespace': 'default', 'task_queue': 'comfyui-gpu-farm', 'workflow_id': 'chain-image-edit-to-video-pipeline-6c501ec6-5c95-4e86-8542-0d02d4bc0612', 'workflow_run_id': '019bc004-3721-7b15-be59-097025a66cef', 'workflow_type': 'ChainExecutorWorkflow'})
2026-01-15 10:27:40,569 - temporalio.activity - INFO - Applying parameters to workflow: imageSave ({'activity_id': '4', 'activity_type': 'apply_workflow_parameters', 'attempt': 1, 'namespace': 'default', 'task_queue': 'comfyui-gpu-farm', 'workflow_id': 'chain-image-edit-to-video-pipeline-6c501ec6-5c95-4e86-8542-0d02d4bc0612', 'workflow_run_id': '019bc004-3721-7b15-be59-097025a66cef', 'workflow_type': 'ChainExecutorWorkflow'})
2026-01-15 10:27:40,569 - temporal_gateway.registry - INFO - WorkflowRegistry initialized: /home/jaskirat/Documents/comfyautomate/templates
2026-01-15 10:27:40,570 - temporal_gateway.registry - INFO - ✓ fluxdev: Loading from override file
2026-01-15 10:27:40,570 - temporal_gateway.registry - INFO -   Loaded 13 parameters from override file
2026-01-15 10:27:40,571 - temporal_gateway.registry - INFO - ✓ firstEndTovideo: Loading from override file
2026-01-15 10:27:40,571 - temporal_gateway.registry - INFO -   Loaded 44 parameters from override file
2026-01-15 10:27:40,571 - temporal_gateway.registry - INFO - ✓ image_qwen_edit: Loading from override file
2026-01-15 10:27:40,572 - temporal_gateway.registry - INFO -   Loaded 27 parameters from override file
2026-01-15 10:27:40,573 - temporal_gateway.registry - INFO - ✓ video_wan2_2_14B_fun_camera_test: Loading from override file
2026-01-15 10:27:40,573 - temporal_gateway.registry - INFO -   Loaded 49 parameters from override file
2026-01-15 10:27:40,573 - temporal_gateway.registry - INFO - ✓ qwen_image_edit: Loading from override file
2026-01-15 10:27:40,573 - temporal_gateway.registry - INFO -   Loaded 25 parameters from override file
2026-01-15 10:27:40,574 - temporal_gateway.registry - INFO - ✓ video_wan2_2_14B_i2v: Loading from override file
2026-01-15 10:27:40,574 - temporal_gateway.registry - INFO -   Loaded 43 parameters from override file
2026-01-15 10:27:40,575 - temporal_gateway.registry - INFO - ✓ imageSave: Loading from override file
2026-01-15 10:27:40,575 - temporal_gateway.registry - INFO -   Loaded 9 parameters from override file
2026-01-15 10:27:40,575 - temporal_gateway.registry - INFO - Discovery complete: 7 workflows, 0 generated, 7 loaded, 0 regenerated
2026-01-15 10:27:40,575 - temporal_gateway.registry - INFO - Applied override: 1.frame_load_cap = 1
2026-01-15 10:27:40,575 - temporal_gateway.registry - INFO - Applied override: 1.select_every_nth = 1
2026-01-15 10:27:40,575 - temporal_gateway.registry - INFO - Applied override: 1.skip_first_frames = 172
2026-01-15 10:27:40,575 - temporal_gateway.registry - INFO - Applied override: 1.video = ComfyUI_00012_.mp4
2026-01-15 10:27:40,575 - temporalio.activity - INFO - Parameters applied successfully ({'activity_id': '4', 'activity_type': 'apply_workflow_parameters', 'attempt': 1, 'namespace': 'default', 'task_queue': 'comfyui-gpu-farm', 'workflow_id': 'chain-image-edit-to-video-pipeline-6c501ec6-5c95-4e86-8542-0d02d4bc0612', 'workflow_run_id': '019bc004-3721-7b15-be59-097025a66cef', 'workflow_type': 'ChainExecutorWorkflow'})
2026-01-15 10:27:40,576 - temporalio.activity - INFO - Applying parameters to workflow: imageSave ({'activity_id': '5', 'activity_type': 'apply_workflow_parameters', 'attempt': 1, 'namespace': 'default', 'task_queue': 'comfyui-gpu-farm', 'workflow_id': 'chain-image-edit-to-video-pipeline-6c501ec6-5c95-4e86-8542-0d02d4bc0612', 'workflow_run_id': '019bc004-3721-7b15-be59-097025a66cef', 'workflow_type': 'ChainExecutorWorkflow'})
2026-01-15 10:27:40,576 - temporal_gateway.registry - INFO - Applied override: 1.frame_load_cap = 1
2026-01-15 10:27:40,576 - temporal_gateway.registry - INFO - Applied override: 1.select_every_nth = 1
2026-01-15 10:27:40,576 - temporal_gateway.registry - INFO - Applied override: 1.skip_first_frames = 0
2026-01-15 10:27:40,576 - temporal_gateway.registry - INFO - Applied override: 1.video = ComfyUI_00012_.mp4
2026-01-15 10:27:40,576 - temporalio.activity - INFO - Parameters applied successfully ({'activity_id': '5', 'activity_type': 'apply_workflow_parameters', 'attempt': 1, 'namespace': 'default', 'task_queue': 'comfyui-gpu-farm', 'workflow_id': 'chain-image-edit-to-video-pipeline-6c501ec6-5c95-4e86-8542-0d02d4bc0612', 'workflow_run_id': '019bc004-3721-7b15-be59-097025a66cef', 'workflow_type': 'ChainExecutorWorkflow'})
2026-01-15 10:27:40,595 - temporalio.activity - INFO - Selecting server with strategy: least_loaded ({'activity_id': '7', 'activity_type': 'select_best_server', 'attempt': 1, 'namespace': 'default', 'task_queue': 'comfyui-gpu-farm', 'workflow_id': 'chain-image-edit-to-video-pipeline-6c501ec6-5c95-4e86-8542-0d02d4bc0612', 'workflow_run_id': '019bc004-3721-7b15-be59-097025a66cef', 'workflow_type': 'ChainExecutorWorkflow'})
2026-01-15 10:27:40,695 - temporalio.activity - INFO - Selecting server with strategy: least_loaded ({'activity_id': '6', 'activity_type': 'select_best_server', 'attempt': 1, 'namespace': 'default', 'task_queue': 'comfyui-gpu-farm', 'workflow_id': 'chain-image-edit-to-video-pipeline-6c501ec6-5c95-4e86-8542-0d02d4bc0612', 'workflow_run_id': '019bc004-3721-7b15-be59-097025a66cef', 'workflow_type': 'ChainExecutorWorkflow'})
2026-01-15 10:27:40,785 - httpx - INFO - HTTP Request: GET http://procure-x.testmcp.org/system_stats "HTTP/1.1 200 OK"
2026-01-15 10:27:40,798 - httpx - INFO - HTTP Request: GET http://procure-x.testmcp.org/system_stats "HTTP/1.1 200 OK"
2026-01-15 10:27:40,800 - httpx - INFO - HTTP Request: GET http://procure-x.testmcp.org/queue "HTTP/1.1 200 OK"
2026-01-15 10:27:40,802 - temporal_gateway.servers.load_balancer - INFO - Selected server procure-x (queue_depth=0, gpu_mem=0.0%)
2026-01-15 10:27:40,802 - temporalio.activity - INFO - Selected server: procure-x (http://procure-x.testmcp.org) ({'activity_id': '6', 'activity_type': 'select_best_server', 'attempt': 1, 'namespace': 'default', 'task_queue': 'comfyui-gpu-farm', 'workflow_id': 'chain-image-edit-to-video-pipeline-6c501ec6-5c95-4e86-8542-0d02d4bc0612', 'workflow_run_id': '019bc004-3721-7b15-be59-097025a66cef', 'workflow_type': 'ChainExecutorWorkflow'})
2026-01-15 10:27:40,810 - temporalio.workflow - INFO - Step extract_frame2: Server http://procure-x.testmcp.org ({'attempt': 1, 'namespace': 'default', 'run_id': '019bc004-3721-7b15-be59-097025a66cef', 'task_queue': 'comfyui-gpu-farm', 'workflow_id': 'chain-image-edit-to-video-pipeline-6c501ec6-5c95-4e86-8542-0d02d4bc0612', 'workflow_type': 'ChainExecutorWorkflow'})
2026-01-15 10:27:40,811 - httpx - INFO - HTTP Request: GET http://procure-x.testmcp.org/queue "HTTP/1.1 200 OK"
2026-01-15 10:27:40,813 - temporal_gateway.servers.load_balancer - INFO - Selected server procure-x (queue_depth=0, gpu_mem=0.0%)
2026-01-15 10:27:40,814 - temporalio.activity - INFO - Selected server: procure-x (http://procure-x.testmcp.org) ({'activity_id': '7', 'activity_type': 'select_best_server', 'attempt': 1, 'namespace': 'default', 'task_queue': 'comfyui-gpu-farm', 'workflow_id': 'chain-image-edit-to-video-pipeline-6c501ec6-5c95-4e86-8542-0d02d4bc0612', 'workflow_run_id': '019bc004-3721-7b15-be59-097025a66cef', 'workflow_type': 'ChainExecutorWorkflow'})
2026-01-15 10:27:40,824 - temporalio.activity - INFO - Creating workflow record: imageSave (prompt: pending) ({'activity_id': '8', 'activity_type': 'create_workflow_record', 'attempt': 1, 'namespace': 'default', 'task_queue': 'comfyui-gpu-farm', 'workflow_id': 'chain-image-edit-to-video-pipeline-6c501ec6-5c95-4e86-8542-0d02d4bc0612', 'workflow_run_id': '019bc004-3721-7b15-be59-097025a66cef', 'workflow_type': 'ChainExecutorWorkflow'})
2026-01-15 10:27:40,836 - temporalio.activity - INFO - ✓ Created workflow record: 0da97c9a-85bb-4daa-a62f-9053365707e5 ({'activity_id': '8', 'activity_type': 'create_workflow_record', 'attempt': 1, 'namespace': 'default', 'task_queue': 'comfyui-gpu-farm', 'workflow_id': 'chain-image-edit-to-video-pipeline-6c501ec6-5c95-4e86-8542-0d02d4bc0612', 'workflow_run_id': '019bc004-3721-7b15-be59-097025a66cef', 'workflow_type': 'ChainExecutorWorkflow'})
2026-01-15 10:27:40,837 - temporalio.workflow - INFO - Step extract_frame1: Server http://procure-x.testmcp.org ({'attempt': 1, 'namespace': 'default', 'run_id': '019bc004-3721-7b15-be59-097025a66cef', 'task_queue': 'comfyui-gpu-farm', 'workflow_id': 'chain-image-edit-to-video-pipeline-6c501ec6-5c95-4e86-8542-0d02d4bc0612', 'workflow_type': 'ChainExecutorWorkflow'})
2026-01-15 10:27:40,847 - temporalio.activity - INFO - Creating workflow record: imageSave (prompt: pending) ({'activity_id': '9', 'activity_type': 'create_workflow_record', 'attempt': 1, 'namespace': 'default', 'task_queue': 'comfyui-gpu-farm', 'workflow_id': 'chain-image-edit-to-video-pipeline-6c501ec6-5c95-4e86-8542-0d02d4bc0612', 'workflow_run_id': '019bc004-3721-7b15-be59-097025a66cef', 'workflow_type': 'ChainExecutorWorkflow'})
2026-01-15 10:27:40,852 - temporalio.activity - INFO - ✓ Created workflow record: 67192e06-ad81-4927-9f80-30dab57d75e0 ({'activity_id': '9', 'activity_type': 'create_workflow_record', 'attempt': 1, 'namespace': 'default', 'task_queue': 'comfyui-gpu-farm', 'workflow_id': 'chain-image-edit-to-video-pipeline-6c501ec6-5c95-4e86-8542-0d02d4bc0612', 'workflow_run_id': '019bc004-3721-7b15-be59-097025a66cef', 'workflow_type': 'ChainExecutorWorkflow'})
2026-01-15 10:27:40,877 - temporalio.workflow - INFO - Starting ComfyUI workflow execution ({'attempt': 1, 'namespace': 'default', 'run_id': '019bc004-38f2-7b68-8f0d-c0fa6e508d05', 'task_queue': 'comfyui-gpu-farm', 'workflow_id': 'chain-image-edit-to-video-pipeline-6c501ec6-5c95-4e86-8542-0d02d4bc0612-extract_frame2', 'workflow_type': 'ComfyUIWorkflow'})
2026-01-15 10:27:40,877 - temporalio.workflow - INFO - Generated client_id: d22a7766-7c77-48e6-a33a-25fa77a24a88 ({'attempt': 1, 'namespace': 'default', 'run_id': '019bc004-38f2-7b68-8f0d-c0fa6e508d05', 'task_queue': 'comfyui-gpu-farm', 'workflow_id': 'chain-image-edit-to-video-pipeline-6c501ec6-5c95-4e86-8542-0d02d4bc0612-extract_frame2', 'workflow_type': 'ComfyUIWorkflow'})
2026-01-15 10:27:40,877 - temporalio.workflow - INFO - Using pre-selected server: http://procure-x.testmcp.org ({'attempt': 1, 'namespace': 'default', 'run_id': '019bc004-38f2-7b68-8f0d-c0fa6e508d05', 'task_queue': 'comfyui-gpu-farm', 'workflow_id': 'chain-image-edit-to-video-pipeline-6c501ec6-5c95-4e86-8542-0d02d4bc0612-extract_frame2', 'workflow_type': 'ComfyUIWorkflow'})
2026-01-15 10:27:40,895 - temporalio.workflow - INFO - Starting ComfyUI workflow execution ({'attempt': 1, 'namespace': 'default', 'run_id': '019bc004-3908-7b3c-8cce-a3ee0b7162b8', 'task_queue': 'comfyui-gpu-farm', 'workflow_id': 'chain-image-edit-to-video-pipeline-6c501ec6-5c95-4e86-8542-0d02d4bc0612-extract_frame1', 'workflow_type': 'ComfyUIWorkflow'})
2026-01-15 10:27:40,896 - temporalio.activity - INFO - [V3] Executing workflow on http://procure-x.testmcp.org ({'activity_id': '1', 'activity_type': 'execute_and_track_workflow', 'attempt': 1, 'namespace': 'default', 'task_queue': 'comfyui-gpu-farm', 'workflow_id': 'chain-image-edit-to-video-pipeline-6c501ec6-5c95-4e86-8542-0d02d4bc0612-extract_frame2', 'workflow_run_id': '019bc004-38f2-7b68-8f0d-c0fa6e508d05', 'workflow_type': 'ComfyUIWorkflow'})
2026-01-15 10:27:40,896 - temporalio.workflow - INFO - Generated client_id: 36f83006-1af7-4fd4-95d4-34b3055ee5b2 ({'attempt': 1, 'namespace': 'default', 'run_id': '019bc004-3908-7b3c-8cce-a3ee0b7162b8', 'task_queue': 'comfyui-gpu-farm', 'workflow_id': 'chain-image-edit-to-video-pipeline-6c501ec6-5c95-4e86-8542-0d02d4bc0612-extract_frame1', 'workflow_type': 'ComfyUIWorkflow'})
2026-01-15 10:27:40,896 - temporalio.activity - INFO - [V3] Workflow name: imageSave ({'activity_id': '1', 'activity_type': 'execute_and_track_workflow', 'attempt': 1, 'namespace': 'default', 'task_queue': 'comfyui-gpu-farm', 'workflow_id': 'chain-image-edit-to-video-pipeline-6c501ec6-5c95-4e86-8542-0d02d4bc0612-extract_frame2', 'workflow_run_id': '019bc004-38f2-7b68-8f0d-c0fa6e508d05', 'workflow_type': 'ComfyUIWorkflow'})
2026-01-15 10:27:40,896 - temporalio.workflow - INFO - Using pre-selected server: http://procure-x.testmcp.org ({'attempt': 1, 'namespace': 'default', 'run_id': '019bc004-3908-7b3c-8cce-a3ee0b7162b8', 'task_queue': 'comfyui-gpu-farm', 'workflow_id': 'chain-image-edit-to-video-pipeline-6c501ec6-5c95-4e86-8542-0d02d4bc0612-extract_frame1', 'workflow_type': 'ComfyUIWorkflow'})
2026-01-15 10:27:40,949 - temporal_gateway.clients.comfy.client - INFO - ComfyUI client initialized for http://procure-x.testmcp.org
2026-01-15 10:27:40,949 - temporal_gateway.clients.comfy.client - INFO - Submitting workflow to ComfyUI
2026-01-15 10:27:40,963 - temporalio.activity - INFO - [V3] Executing workflow on http://procure-x.testmcp.org ({'activity_id': '1', 'activity_type': 'execute_and_track_workflow', 'attempt': 1, 'namespace': 'default', 'task_queue': 'comfyui-gpu-farm', 'workflow_id': 'chain-image-edit-to-video-pipeline-6c501ec6-5c95-4e86-8542-0d02d4bc0612-extract_frame1', 'workflow_run_id': '019bc004-3908-7b3c-8cce-a3ee0b7162b8', 'workflow_type': 'ComfyUIWorkflow'})
2026-01-15 10:27:40,963 - temporalio.activity - INFO - [V3] Workflow name: imageSave ({'activity_id': '1', 'activity_type': 'execute_and_track_workflow', 'attempt': 1, 'namespace': 'default', 'task_queue': 'comfyui-gpu-farm', 'workflow_id': 'chain-image-edit-to-video-pipeline-6c501ec6-5c95-4e86-8542-0d02d4bc0612-extract_frame1', 'workflow_run_id': '019bc004-3908-7b3c-8cce-a3ee0b7162b8', 'workflow_type': 'ComfyUIWorkflow'})
2026-01-15 10:27:41,041 - temporal_gateway.clients.comfy.client - INFO - ComfyUI client initialized for http://procure-x.testmcp.org
2026-01-15 10:27:41,041 - temporal_gateway.clients.comfy.client - INFO - Submitting workflow to ComfyUI
2026-01-15 10:27:41,043 - httpx - INFO - HTTP Request: POST http://procure-x.testmcp.org/prompt "HTTP/1.1 200 OK"
2026-01-15 10:27:41,044 - temporal_gateway.clients.comfy.client - INFO - Workflow queued with prompt_id: 553dbfc6-48d4-450e-ad1a-77b94f980a22
2026-01-15 10:27:41,044 - temporal_gateway.clients.comfy.tracker - INFO - Starting execution tracking for prompt 553dbfc6-48d4-450e-ad1a-77b94f980a22
2026-01-15 10:27:41,044 - temporal_gateway.clients.comfy.tracker - INFO - Starting history polling
2026-01-15 10:27:41,045 - temporal_gateway.clients.comfy.tracker - INFO - Starting WebSocket listener
2026-01-15 10:27:41,045 - temporal_gateway.clients.comfy.websocket - INFO - Connecting to WebSocket: ws://procure-x.testmcp.org/ws?clientId=e325d3f9-13e3-4524-8d19-f74310d976ea
2026-01-15 10:27:41,070 - httpx - INFO - HTTP Request: GET http://procure-x.testmcp.org/history/553dbfc6-48d4-450e-ad1a-77b94f980a22 "HTTP/1.1 200 OK"
2026-01-15 10:27:41,114 - temporal_gateway.clients.comfy.websocket - INFO - WebSocket connected successfully
2026-01-15 10:27:41,115 - httpx - INFO - HTTP Request: POST http://procure-x.testmcp.org/prompt "HTTP/1.1 200 OK"
2026-01-15 10:27:41,117 - temporal_gateway.clients.comfy.client - INFO - Workflow queued with prompt_id: 9d84a1c7-c74b-4c45-aab5-bcb7dc1efa6a
2026-01-15 10:27:41,117 - temporal_gateway.clients.comfy.tracker - INFO - Starting execution tracking for prompt 9d84a1c7-c74b-4c45-aab5-bcb7dc1efa6a
2026-01-15 10:27:41,117 - temporal_gateway.clients.comfy.tracker - INFO - Starting history polling
2026-01-15 10:27:41,118 - temporal_gateway.clients.comfy.tracker - INFO - Starting WebSocket listener
2026-01-15 10:27:41,118 - temporal_gateway.clients.comfy.websocket - INFO - Connecting to WebSocket: ws://procure-x.testmcp.org/ws?clientId=a6fc4862-026d-4ab8-b669-8a85fd6a8b26
2026-01-15 10:27:41,133 - httpx - INFO - HTTP Request: GET http://procure-x.testmcp.org/history/9d84a1c7-c74b-4c45-aab5-bcb7dc1efa6a "HTTP/1.1 200 OK"
2026-01-15 10:27:41,148 - temporal_gateway.clients.comfy.websocket - INFO - WebSocket connected successfully
2026-01-15 10:27:42,092 - httpx - INFO - HTTP Request: GET http://procure-x.testmcp.org/history/553dbfc6-48d4-450e-ad1a-77b94f980a22 "HTTP/1.1 200 OK"
2026-01-15 10:27:42,155 - httpx - INFO - HTTP Request: GET http://procure-x.testmcp.org/history/9d84a1c7-c74b-4c45-aab5-bcb7dc1efa6a "HTTP/1.1 200 OK"
2026-01-15 10:27:42,413 - temporal_gateway.clients.comfy.tracker - INFO - [WS] Execution completed successfully
2026-01-15 10:27:42,836 - httpx - INFO - HTTP Request: GET http://procure-x.testmcp.org/history/553dbfc6-48d4-450e-ad1a-77b94f980a22 "HTTP/1.1 200 OK"
2026-01-15 10:27:42,837 - temporal_gateway.clients.comfy.tracker - INFO - Tracking completed: success (took 1.79s)
2026-01-15 10:27:42,838 - temporalio.activity - INFO - [V3] Workflow completed successfully ({'activity_id': '1', 'activity_type': 'execute_and_track_workflow', 'attempt': 1, 'namespace': 'default', 'task_queue': 'comfyui-gpu-farm', 'workflow_id': 'chain-image-edit-to-video-pipeline-6c501ec6-5c95-4e86-8542-0d02d4bc0612-extract_frame2', 'workflow_run_id': '019bc004-38f2-7b68-8f0d-c0fa6e508d05', 'workflow_type': 'ComfyUIWorkflow'})
2026-01-15 10:27:42,849 - temporalio.workflow - INFO - Execution completed successfully ({'attempt': 1, 'namespace': 'default', 'run_id': '019bc004-38f2-7b68-8f0d-c0fa6e508d05', 'task_queue': 'comfyui-gpu-farm', 'workflow_id': 'chain-image-edit-to-video-pipeline-6c501ec6-5c95-4e86-8542-0d02d4bc0612-extract_frame2', 'workflow_type': 'ComfyUIWorkflow'})
2026-01-15 10:27:42,859 - temporalio.activity - INFO - Extracting server output files ({'activity_id': '2', 'activity_type': 'get_server_output_files', 'attempt': 1, 'namespace': 'default', 'task_queue': 'comfyui-gpu-farm', 'workflow_id': 'chain-image-edit-to-video-pipeline-6c501ec6-5c95-4e86-8542-0d02d4bc0612-extract_frame2', 'workflow_run_id': '019bc004-38f2-7b68-8f0d-c0fa6e508d05', 'workflow_type': 'ComfyUIWorkflow'})
2026-01-15 10:27:42,859 - temporalio.activity - INFO - Found 1 output file(s) ({'activity_id': '2', 'activity_type': 'get_server_output_files', 'attempt': 1, 'namespace': 'default', 'task_queue': 'comfyui-gpu-farm', 'workflow_id': 'chain-image-edit-to-video-pipeline-6c501ec6-5c95-4e86-8542-0d02d4bc0612-extract_frame2', 'workflow_run_id': '019bc004-38f2-7b68-8f0d-c0fa6e508d05', 'workflow_type': 'ComfyUIWorkflow'})
2026-01-15 10:27:42,876 - temporalio.workflow - INFO - Found 1 server output file(s) ({'attempt': 1, 'namespace': 'default', 'run_id': '019bc004-38f2-7b68-8f0d-c0fa6e508d05', 'task_queue': 'comfyui-gpu-farm', 'workflow_id': 'chain-image-edit-to-video-pipeline-6c501ec6-5c95-4e86-8542-0d02d4bc0612-extract_frame2', 'workflow_type': 'ComfyUIWorkflow'})
2026-01-15 10:27:42,884 - temporalio.activity - INFO - Downloading and persisting 1 artifact(s) for workflow 0da97c9a-85bb-4daa-a62f-9053365707e5 ({'activity_id': '3', 'activity_type': 'download_and_store_artifacts', 'attempt': 1, 'namespace': 'default', 'task_queue': 'comfyui-gpu-farm', 'workflow_id': 'chain-image-edit-to-video-pipeline-6c501ec6-5c95-4e86-8542-0d02d4bc0612-extract_frame2', 'workflow_run_id': '019bc004-38f2-7b68-8f0d-c0fa6e508d05', 'workflow_type': 'ComfyUIWorkflow'})
2026-01-15 10:27:42,932 - temporal_gateway.clients.comfy.client - INFO - ComfyUI client initialized for http://procure-x.testmcp.org
2026-01-15 10:27:42,935 - temporal_gateway.clients.comfy.tracker - INFO - [WS] Execution completed successfully
2026-01-15 10:27:42,953 - httpx - INFO - HTTP Request: GET http://procure-x.testmcp.org/history/9d84a1c7-c74b-4c45-aab5-bcb7dc1efa6a "HTTP/1.1 200 OK"
2026-01-15 10:27:42,957 - temporal_gateway.clients.comfy.tracker - INFO - Tracking completed: success (took 1.84s)
2026-01-15 10:27:42,958 - temporalio.activity - INFO - [V3] Workflow completed successfully ({'activity_id': '1', 'activity_type': 'execute_and_track_workflow', 'attempt': 1, 'namespace': 'default', 'task_queue': 'comfyui-gpu-farm', 'workflow_id': 'chain-image-edit-to-video-pipeline-6c501ec6-5c95-4e86-8542-0d02d4bc0612-extract_frame1', 'workflow_run_id': '019bc004-3908-7b3c-8cce-a3ee0b7162b8', 'workflow_type': 'ComfyUIWorkflow'})
2026-01-15 10:27:42,971 - temporalio.workflow - INFO - Execution completed successfully ({'attempt': 1, 'namespace': 'default', 'run_id': '019bc004-3908-7b3c-8cce-a3ee0b7162b8', 'task_queue': 'comfyui-gpu-farm', 'workflow_id': 'chain-image-edit-to-video-pipeline-6c501ec6-5c95-4e86-8542-0d02d4bc0612-extract_frame1', 'workflow_type': 'ComfyUIWorkflow'})
2026-01-15 10:27:42,976 - httpx - INFO - HTTP Request: GET http://procure-x.testmcp.org/view?filename=ComfyUI_00307_.png&type=output "HTTP/1.1 200 OK"
2026-01-15 10:27:42,980 - temporalio.activity - INFO - Extracting server output files ({'activity_id': '2', 'activity_type': 'get_server_output_files', 'attempt': 1, 'namespace': 'default', 'task_queue': 'comfyui-gpu-farm', 'workflow_id': 'chain-image-edit-to-video-pipeline-6c501ec6-5c95-4e86-8542-0d02d4bc0612-extract_frame1', 'workflow_run_id': '019bc004-3908-7b3c-8cce-a3ee0b7162b8', 'workflow_type': 'ComfyUIWorkflow'})
2026-01-15 10:27:42,981 - temporalio.activity - INFO - Found 1 output file(s) ({'activity_id': '2', 'activity_type': 'get_server_output_files', 'attempt': 1, 'namespace': 'default', 'task_queue': 'comfyui-gpu-farm', 'workflow_id': 'chain-image-edit-to-video-pipeline-6c501ec6-5c95-4e86-8542-0d02d4bc0612-extract_frame1', 'workflow_run_id': '019bc004-3908-7b3c-8cce-a3ee0b7162b8', 'workflow_type': 'ComfyUIWorkflow'})
2026-01-15 10:27:42,993 - temporalio.workflow - INFO - Found 1 server output file(s) ({'attempt': 1, 'namespace': 'default', 'run_id': '019bc004-3908-7b3c-8cce-a3ee0b7162b8', 'task_queue': 'comfyui-gpu-farm', 'workflow_id': 'chain-image-edit-to-video-pipeline-6c501ec6-5c95-4e86-8542-0d02d4bc0612-extract_frame1', 'workflow_type': 'ComfyUIWorkflow'})
2026-01-15 10:27:43,016 - temporalio.activity - INFO - ✓ Saved artifact to DB: 25a3fef8-3381-4dd7-a94c-5aa67fd9f4fe (ComfyUI_00307_.png) ({'activity_id': '3', 'activity_type': 'download_and_store_artifacts', 'attempt': 1, 'namespace': 'default', 'task_queue': 'comfyui-gpu-farm', 'workflow_id': 'chain-image-edit-to-video-pipeline-6c501ec6-5c95-4e86-8542-0d02d4bc0612-extract_frame2', 'workflow_run_id': '019bc004-38f2-7b68-8f0d-c0fa6e508d05', 'workflow_type': 'ComfyUIWorkflow'})
2026-01-15 10:27:43,016 - temporalio.activity - INFO - Downloaded and persisted 1 artifact(s) ({'activity_id': '3', 'activity_type': 'download_and_store_artifacts', 'attempt': 1, 'namespace': 'default', 'task_queue': 'comfyui-gpu-farm', 'workflow_id': 'chain-image-edit-to-video-pipeline-6c501ec6-5c95-4e86-8542-0d02d4bc0612-extract_frame2', 'workflow_run_id': '019bc004-38f2-7b68-8f0d-c0fa6e508d05', 'workflow_type': 'ComfyUIWorkflow'})
2026-01-15 10:27:43,018 - temporalio.activity - INFO - Downloading and persisting 1 artifact(s) for workflow 67192e06-ad81-4927-9f80-30dab57d75e0 ({'activity_id': '3', 'activity_type': 'download_and_store_artifacts', 'attempt': 1, 'namespace': 'default', 'task_queue': 'comfyui-gpu-farm', 'workflow_id': 'chain-image-edit-to-video-pipeline-6c501ec6-5c95-4e86-8542-0d02d4bc0612-extract_frame1', 'workflow_run_id': '019bc004-3908-7b3c-8cce-a3ee0b7162b8', 'workflow_type': 'ComfyUIWorkflow'})
2026-01-15 10:27:43,068 - temporal_gateway.clients.comfy.client - INFO - ComfyUI client initialized for http://procure-x.testmcp.org
2026-01-15 10:27:43,071 - temporalio.workflow - INFO - Downloaded 1 file(s) locally ({'attempt': 1, 'namespace': 'default', 'run_id': '019bc004-38f2-7b68-8f0d-c0fa6e508d05', 'task_queue': 'comfyui-gpu-farm', 'workflow_id': 'chain-image-edit-to-video-pipeline-6c501ec6-5c95-4e86-8542-0d02d4bc0612-extract_frame2', 'workflow_type': 'ComfyUIWorkflow'})
2026-01-15 10:27:43,094 - temporalio.activity - INFO - Updating workflow 0da97c9a-85bb-4daa-a62f-9053365707e5 status to: completed ({'activity_id': '10', 'activity_type': 'update_workflow_status_activity', 'attempt': 1, 'namespace': 'default', 'task_queue': 'comfyui-gpu-farm', 'workflow_id': 'chain-image-edit-to-video-pipeline-6c501ec6-5c95-4e86-8542-0d02d4bc0612', 'workflow_run_id': '019bc004-3721-7b15-be59-097025a66cef', 'workflow_type': 'ChainExecutorWorkflow'})
2026-01-15 10:27:43,097 - temporalio.activity - INFO - ✓ Updated workflow status ({'activity_id': '10', 'activity_type': 'update_workflow_status_activity', 'attempt': 1, 'namespace': 'default', 'task_queue': 'comfyui-gpu-farm', 'workflow_id': 'chain-image-edit-to-video-pipeline-6c501ec6-5c95-4e86-8542-0d02d4bc0612', 'workflow_run_id': '019bc004-3721-7b15-be59-097025a66cef', 'workflow_type': 'ChainExecutorWorkflow'})
2026-01-15 10:27:43,115 - temporalio.activity - INFO - Getting artifacts for workflow: 0da97c9a-85bb-4daa-a62f-9053365707e5 ({'activity_id': '11', 'activity_type': 'get_workflow_artifacts', 'attempt': 1, 'namespace': 'default', 'task_queue': 'comfyui-gpu-farm', 'workflow_id': 'chain-image-edit-to-video-pipeline-6c501ec6-5c95-4e86-8542-0d02d4bc0612', 'workflow_run_id': '019bc004-3721-7b15-be59-097025a66cef', 'workflow_type': 'ChainExecutorWorkflow'})
2026-01-15 10:27:43,133 - temporalio.activity - INFO - Creating approval request for artifact: 25a3fef8-3381-4dd7-a94c-5aa67fd9f4fe ({'activity_id': '12', 'activity_type': 'create_approval_request_activity', 'attempt': 1, 'namespace': 'default', 'task_queue': 'comfyui-gpu-farm', 'workflow_id': 'chain-image-edit-to-video-pipeline-6c501ec6-5c95-4e86-8542-0d02d4bc0612', 'workflow_run_id': '019bc004-3721-7b15-be59-097025a66cef', 'workflow_type': 'ChainExecutorWorkflow'})
2026-01-15 10:27:43,142 - temporalio.activity - INFO - ✓ Created approval request: 12447f41-3be8-49a3-a824-6420ade38c79, token: bANTwL3TkH7piFXo... ({'activity_id': '12', 'activity_type': 'create_approval_request_activity', 'attempt': 1, 'namespace': 'default', 'task_queue': 'comfyui-gpu-farm', 'workflow_id': 'chain-image-edit-to-video-pipeline-6c501ec6-5c95-4e86-8542-0d02d4bc0612', 'workflow_run_id': '019bc004-3721-7b15-be59-097025a66cef', 'workflow_type': 'ChainExecutorWorkflow'})
2026-01-15 10:27:43,143 - temporal_gateway.services.broadcast - INFO - Published approval_requested to chain:af850b2d-b9e7-40d7-8a84-8973a4b34d70
2026-01-15 10:27:43,143 - temporalio.activity - INFO - Published approval_requested event for chain af850b2d-b9e7-40d7-8a84-8973a4b34d70 ({'activity_id': '12', 'activity_type': 'create_approval_request_activity', 'attempt': 1, 'namespace': 'default', 'task_queue': 'comfyui-gpu-farm', 'workflow_id': 'chain-image-edit-to-video-pipeline-6c501ec6-5c95-4e86-8542-0d02d4bc0612', 'workflow_run_id': '019bc004-3721-7b15-be59-097025a66cef', 'workflow_type': 'ChainExecutorWorkflow'})
2026-01-15 10:27:43,150 - httpx - INFO - HTTP Request: GET http://procure-x.testmcp.org/view?filename=ComfyUI_00308_.png&type=output "HTTP/1.1 200 OK"
2026-01-15 10:27:43,153 - temporalio.workflow - INFO - Step extract_frame2: Approval request created, token: bANTwL3TkH7piFXo... ({'attempt': 1, 'namespace': 'default', 'run_id': '019bc004-3721-7b15-be59-097025a66cef', 'task_queue': 'comfyui-gpu-farm', 'workflow_id': 'chain-image-edit-to-video-pipeline-6c501ec6-5c95-4e86-8542-0d02d4bc0612', 'workflow_type': 'ChainExecutorWorkflow'})
2026-01-15 10:27:43,181 - temporalio.activity - INFO - ✓ Saved artifact to DB: fe5c1f3b-7916-46e1-a5a0-42f0b3dd3e6e (ComfyUI_00308_.png) ({'activity_id': '3', 'activity_type': 'download_and_store_artifacts', 'attempt': 1, 'namespace': 'default', 'task_queue': 'comfyui-gpu-farm', 'workflow_id': 'chain-image-edit-to-video-pipeline-6c501ec6-5c95-4e86-8542-0d02d4bc0612-extract_frame1', 'workflow_run_id': '019bc004-3908-7b3c-8cce-a3ee0b7162b8', 'workflow_type': 'ComfyUIWorkflow'})
2026-01-15 10:27:43,182 - temporalio.activity - INFO - Downloaded and persisted 1 artifact(s) ({'activity_id': '3', 'activity_type': 'download_and_store_artifacts', 'attempt': 1, 'namespace': 'default', 'task_queue': 'comfyui-gpu-farm', 'workflow_id': 'chain-image-edit-to-video-pipeline-6c501ec6-5c95-4e86-8542-0d02d4bc0612-extract_frame1', 'workflow_run_id': '019bc004-3908-7b3c-8cce-a3ee0b7162b8', 'workflow_type': 'ComfyUIWorkflow'})
2026-01-15 10:27:43,194 - temporalio.workflow - INFO - Downloaded 1 file(s) locally ({'attempt': 1, 'namespace': 'default', 'run_id': '019bc004-3908-7b3c-8cce-a3ee0b7162b8', 'task_queue': 'comfyui-gpu-farm', 'workflow_id': 'chain-image-edit-to-video-pipeline-6c501ec6-5c95-4e86-8542-0d02d4bc0612-extract_frame1', 'workflow_type': 'ComfyUIWorkflow'})
2026-01-15 10:27:43,217 - temporalio.activity - INFO - Updating workflow 67192e06-ad81-4927-9f80-30dab57d75e0 status to: completed ({'activity_id': '13', 'activity_type': 'update_workflow_status_activity', 'attempt': 1, 'namespace': 'default', 'task_queue': 'comfyui-gpu-farm', 'workflow_id': 'chain-image-edit-to-video-pipeline-6c501ec6-5c95-4e86-8542-0d02d4bc0612', 'workflow_run_id': '019bc004-3721-7b15-be59-097025a66cef', 'workflow_type': 'ChainExecutorWorkflow'})
2026-01-15 10:27:43,221 - temporalio.activity - INFO - ✓ Updated workflow status ({'activity_id': '13', 'activity_type': 'update_workflow_status_activity', 'attempt': 1, 'namespace': 'default', 'task_queue': 'comfyui-gpu-farm', 'workflow_id': 'chain-image-edit-to-video-pipeline-6c501ec6-5c95-4e86-8542-0d02d4bc0612', 'workflow_run_id': '019bc004-3721-7b15-be59-097025a66cef', 'workflow_type': 'ChainExecutorWorkflow'})
2026-01-15 10:27:43,239 - temporalio.activity - INFO - Getting artifacts for workflow: 67192e06-ad81-4927-9f80-30dab57d75e0 ({'activity_id': '14', 'activity_type': 'get_workflow_artifacts', 'attempt': 1, 'namespace': 'default', 'task_queue': 'comfyui-gpu-farm', 'workflow_id': 'chain-image-edit-to-video-pipeline-6c501ec6-5c95-4e86-8542-0d02d4bc0612', 'workflow_run_id': '019bc004-3721-7b15-be59-097025a66cef', 'workflow_type': 'ChainExecutorWorkflow'})
2026-01-15 10:27:43,262 - temporalio.activity - INFO - Creating approval request for artifact: fe5c1f3b-7916-46e1-a5a0-42f0b3dd3e6e ({'activity_id': '15', 'activity_type': 'create_approval_request_activity', 'attempt': 1, 'namespace': 'default', 'task_queue': 'comfyui-gpu-farm', 'workflow_id': 'chain-image-edit-to-video-pipeline-6c501ec6-5c95-4e86-8542-0d02d4bc0612', 'workflow_run_id': '019bc004-3721-7b15-be59-097025a66cef', 'workflow_type': 'ChainExecutorWorkflow'})
2026-01-15 10:27:43,267 - temporalio.activity - INFO - ✓ Created approval request: 98280bca-fc16-4a97-8c35-3eafbd2043ce, token: s_bHUaEXadctuobC... ({'activity_id': '15', 'activity_type': 'create_approval_request_activity', 'attempt': 1, 'namespace': 'default', 'task_queue': 'comfyui-gpu-farm', 'workflow_id': 'chain-image-edit-to-video-pipeline-6c501ec6-5c95-4e86-8542-0d02d4bc0612', 'workflow_run_id': '019bc004-3721-7b15-be59-097025a66cef', 'workflow_type': 'ChainExecutorWorkflow'})
2026-01-15 10:27:43,267 - temporal_gateway.services.broadcast - INFO - Published approval_requested to chain:af850b2d-b9e7-40d7-8a84-8973a4b34d70
2026-01-15 10:27:43,267 - temporalio.activity - INFO - Published approval_requested event for chain af850b2d-b9e7-40d7-8a84-8973a4b34d70 ({'activity_id': '15', 'activity_type': 'create_approval_request_activity', 'attempt': 1, 'namespace': 'default', 'task_queue': 'comfyui-gpu-farm', 'workflow_id': 'chain-image-edit-to-video-pipeline-6c501ec6-5c95-4e86-8542-0d02d4bc0612', 'workflow_run_id': '019bc004-3721-7b15-be59-097025a66cef', 'workflow_type': 'ChainExecutorWorkflow'})
2026-01-15 10:27:43,281 - temporalio.workflow - INFO - Step extract_frame1: Approval request created, token: s_bHUaEXadctuobC... ({'attempt': 1, 'namespace': 'default', 'run_id': '019bc004-3721-7b15-be59-097025a66cef', 'task_queue': 'comfyui-gpu-farm', 'workflow_id': 'chain-image-edit-to-video-pipeline-6c501ec6-5c95-4e86-8542-0d02d4bc0612', 'workflow_type': 'ChainExecutorWorkflow'})
2026-01-15 10:28:11,756 - temporalio.workflow - INFO - Starting chain execution: image-edit-to-video-pipeline ({'attempt': 1, 'namespace': 'default', 'run_id': '019bc004-b18e-7c97-a8c5-e1341b85e147', 'task_queue': 'comfyui-gpu-farm', 'workflow_id': 'chain-image-edit-to-video-pipeline-regen-c29106ad-df16-4296-983d-cbf456512c86', 'workflow_type': 'ChainExecutorWorkflow'})
2026-01-15 10:28:11,756 - temporalio.workflow - INFO - Retry number: 0 ({'attempt': 1, 'namespace': 'default', 'run_id': '019bc004-b18e-7c97-a8c5-e1341b85e147', 'task_queue': 'comfyui-gpu-farm', 'workflow_id': 'chain-image-edit-to-video-pipeline-regen-c29106ad-df16-4296-983d-cbf456512c86', 'workflow_type': 'ChainExecutorWorkflow'})
2026-01-15 10:28:11,756 - temporalio.workflow - INFO - Cached steps: ['edit_frame1', 'edit_frame2', 'extract_frame1', 'extract_frame2'] ({'attempt': 1, 'namespace': 'default', 'run_id': '019bc004-b18e-7c97-a8c5-e1341b85e147', 'task_queue': 'comfyui-gpu-farm', 'workflow_id': 'chain-image-edit-to-video-pipeline-regen-c29106ad-df16-4296-983d-cbf456512c86', 'workflow_type': 'ChainExecutorWorkflow'})
2026-01-15 10:28:11,756 - temporalio.workflow - INFO - Total levels: 3 ({'attempt': 1, 'namespace': 'default', 'run_id': '019bc004-b18e-7c97-a8c5-e1341b85e147', 'task_queue': 'comfyui-gpu-farm', 'workflow_id': 'chain-image-edit-to-video-pipeline-regen-c29106ad-df16-4296-983d-cbf456512c86', 'workflow_type': 'ChainExecutorWorkflow'})
2026-01-15 10:28:11,757 - temporalio.workflow - INFO - Applied cache for step: edit_frame1 ({'attempt': 1, 'namespace': 'default', 'run_id': '019bc004-b18e-7c97-a8c5-e1341b85e147', 'task_queue': 'comfyui-gpu-farm', 'workflow_id': 'chain-image-edit-to-video-pipeline-regen-c29106ad-df16-4296-983d-cbf456512c86', 'workflow_type': 'ChainExecutorWorkflow'})
2026-01-15 10:28:11,757 - temporalio.workflow - INFO - Applied cache for step: edit_frame2 ({'attempt': 1, 'namespace': 'default', 'run_id': '019bc004-b18e-7c97-a8c5-e1341b85e147', 'task_queue': 'comfyui-gpu-farm', 'workflow_id': 'chain-image-edit-to-video-pipeline-regen-c29106ad-df16-4296-983d-cbf456512c86', 'workflow_type': 'ChainExecutorWorkflow'})
2026-01-15 10:28:11,757 - temporalio.workflow - INFO - Applied cache for step: extract_frame1 ({'attempt': 1, 'namespace': 'default', 'run_id': '019bc004-b18e-7c97-a8c5-e1341b85e147', 'task_queue': 'comfyui-gpu-farm', 'workflow_id': 'chain-image-edit-to-video-pipeline-regen-c29106ad-df16-4296-983d-cbf456512c86', 'workflow_type': 'ChainExecutorWorkflow'})
2026-01-15 10:28:11,757 - temporalio.workflow - INFO - Applied cache for step: extract_frame2 ({'attempt': 1, 'namespace': 'default', 'run_id': '019bc004-b18e-7c97-a8c5-e1341b85e147', 'task_queue': 'comfyui-gpu-farm', 'workflow_id': 'chain-image-edit-to-video-pipeline-regen-c29106ad-df16-4296-983d-cbf456512c86', 'workflow_type': 'ChainExecutorWorkflow'})
2026-01-15 10:28:11,757 - temporalio.workflow - INFO - Using chain ID: 45eb1d70-8281-4d2d-bb9b-229fc9ce9c45 ({'attempt': 1, 'namespace': 'default', 'run_id': '019bc004-b18e-7c97-a8c5-e1341b85e147', 'task_queue': 'comfyui-gpu-farm', 'workflow_id': 'chain-image-edit-to-video-pipeline-regen-c29106ad-df16-4296-983d-cbf456512c86', 'workflow_type': 'ChainExecutorWorkflow'})
2026-01-15 10:28:11,771 - temporalio.activity - INFO - Updating chain 45eb1d70-8281-4d2d-bb9b-229fc9ce9c45 status to: executing_level_0 ({'activity_id': '1', 'activity_type': 'update_chain_status_activity', 'attempt': 1, 'namespace': 'default', 'task_queue': 'comfyui-gpu-farm', 'workflow_id': 'chain-image-edit-to-video-pipeline-regen-c29106ad-df16-4296-983d-cbf456512c86', 'workflow_run_id': '019bc004-b18e-7c97-a8c5-e1341b85e147', 'workflow_type': 'ChainExecutorWorkflow'})
2026-01-15 10:28:11,774 - temporalio.activity - INFO - ✓ Updated chain status ({'activity_id': '1', 'activity_type': 'update_chain_status_activity', 'attempt': 1, 'namespace': 'default', 'task_queue': 'comfyui-gpu-farm', 'workflow_id': 'chain-image-edit-to-video-pipeline-regen-c29106ad-df16-4296-983d-cbf456512c86', 'workflow_run_id': '019bc004-b18e-7c97-a8c5-e1341b85e147', 'workflow_type': 'ChainExecutorWorkflow'})
2026-01-15 10:28:11,789 - temporalio.workflow - INFO - Level 0: Executing 2 step(s) ({'attempt': 1, 'namespace': 'default', 'run_id': '019bc004-b18e-7c97-a8c5-e1341b85e147', 'task_queue': 'comfyui-gpu-farm', 'workflow_id': 'chain-image-edit-to-video-pipeline-regen-c29106ad-df16-4296-983d-cbf456512c86', 'workflow_type': 'ChainExecutorWorkflow'})
2026-01-15 10:28:11,789 - temporalio.workflow - INFO - Step extract_frame1: Using cached result ({'attempt': 1, 'namespace': 'default', 'run_id': '019bc004-b18e-7c97-a8c5-e1341b85e147', 'task_queue': 'comfyui-gpu-farm', 'workflow_id': 'chain-image-edit-to-video-pipeline-regen-c29106ad-df16-4296-983d-cbf456512c86', 'workflow_type': 'ChainExecutorWorkflow'})
2026-01-15 10:28:11,789 - temporalio.workflow - INFO - Step extract_frame2: Using cached result ({'attempt': 1, 'namespace': 'default', 'run_id': '019bc004-b18e-7c97-a8c5-e1341b85e147', 'task_queue': 'comfyui-gpu-farm', 'workflow_id': 'chain-image-edit-to-video-pipeline-regen-c29106ad-df16-4296-983d-cbf456512c86', 'workflow_type': 'ChainExecutorWorkflow'})
2026-01-15 10:28:11,789 - temporalio.workflow - INFO - Step extract_frame1: completed ({'attempt': 1, 'namespace': 'default', 'run_id': '019bc004-b18e-7c97-a8c5-e1341b85e147', 'task_queue': 'comfyui-gpu-farm', 'workflow_id': 'chain-image-edit-to-video-pipeline-regen-c29106ad-df16-4296-983d-cbf456512c86', 'workflow_type': 'ChainExecutorWorkflow'})
2026-01-15 10:28:11,789 - temporalio.workflow - INFO - Step extract_frame2: completed ({'attempt': 1, 'namespace': 'default', 'run_id': '019bc004-b18e-7c97-a8c5-e1341b85e147', 'task_queue': 'comfyui-gpu-farm', 'workflow_id': 'chain-image-edit-to-video-pipeline-regen-c29106ad-df16-4296-983d-cbf456512c86', 'workflow_type': 'ChainExecutorWorkflow'})
2026-01-15 10:28:11,803 - temporalio.activity - INFO - Updating chain 45eb1d70-8281-4d2d-bb9b-229fc9ce9c45 status to: executing_level_1 ({'activity_id': '2', 'activity_type': 'update_chain_status_activity', 'attempt': 1, 'namespace': 'default', 'task_queue': 'comfyui-gpu-farm', 'workflow_id': 'chain-image-edit-to-video-pipeline-regen-c29106ad-df16-4296-983d-cbf456512c86', 'workflow_run_id': '019bc004-b18e-7c97-a8c5-e1341b85e147', 'workflow_type': 'ChainExecutorWorkflow'})
2026-01-15 10:28:11,808 - temporalio.activity - INFO - ✓ Updated chain status ({'activity_id': '2', 'activity_type': 'update_chain_status_activity', 'attempt': 1, 'namespace': 'default', 'task_queue': 'comfyui-gpu-farm', 'workflow_id': 'chain-image-edit-to-video-pipeline-regen-c29106ad-df16-4296-983d-cbf456512c86', 'workflow_run_id': '019bc004-b18e-7c97-a8c5-e1341b85e147', 'workflow_type': 'ChainExecutorWorkflow'})
2026-01-15 10:28:11,819 - temporalio.workflow - INFO - Level 1: Executing 2 step(s) ({'attempt': 1, 'namespace': 'default', 'run_id': '019bc004-b18e-7c97-a8c5-e1341b85e147', 'task_queue': 'comfyui-gpu-farm', 'workflow_id': 'chain-image-edit-to-video-pipeline-regen-c29106ad-df16-4296-983d-cbf456512c86', 'workflow_type': 'ChainExecutorWorkflow'})
2026-01-15 10:28:11,820 - temporalio.workflow - INFO - Step edit_frame1: Using cached result ({'attempt': 1, 'namespace': 'default', 'run_id': '019bc004-b18e-7c97-a8c5-e1341b85e147', 'task_queue': 'comfyui-gpu-farm', 'workflow_id': 'chain-image-edit-to-video-pipeline-regen-c29106ad-df16-4296-983d-cbf456512c86', 'workflow_type': 'ChainExecutorWorkflow'})
2026-01-15 10:28:11,820 - temporalio.workflow - INFO - Step edit_frame2: Using cached result ({'attempt': 1, 'namespace': 'default', 'run_id': '019bc004-b18e-7c97-a8c5-e1341b85e147', 'task_queue': 'comfyui-gpu-farm', 'workflow_id': 'chain-image-edit-to-video-pipeline-regen-c29106ad-df16-4296-983d-cbf456512c86', 'workflow_type': 'ChainExecutorWorkflow'})
2026-01-15 10:28:11,820 - temporalio.workflow - INFO - Step edit_frame1: completed ({'attempt': 1, 'namespace': 'default', 'run_id': '019bc004-b18e-7c97-a8c5-e1341b85e147', 'task_queue': 'comfyui-gpu-farm', 'workflow_id': 'chain-image-edit-to-video-pipeline-regen-c29106ad-df16-4296-983d-cbf456512c86', 'workflow_type': 'ChainExecutorWorkflow'})
2026-01-15 10:28:11,820 - temporalio.workflow - INFO - Step edit_frame2: completed ({'attempt': 1, 'namespace': 'default', 'run_id': '019bc004-b18e-7c97-a8c5-e1341b85e147', 'task_queue': 'comfyui-gpu-farm', 'workflow_id': 'chain-image-edit-to-video-pipeline-regen-c29106ad-df16-4296-983d-cbf456512c86', 'workflow_type': 'ChainExecutorWorkflow'})
2026-01-15 10:28:11,829 - temporalio.activity - INFO - Updating chain 45eb1d70-8281-4d2d-bb9b-229fc9ce9c45 status to: executing_level_2 ({'activity_id': '3', 'activity_type': 'update_chain_status_activity', 'attempt': 1, 'namespace': 'default', 'task_queue': 'comfyui-gpu-farm', 'workflow_id': 'chain-image-edit-to-video-pipeline-regen-c29106ad-df16-4296-983d-cbf456512c86', 'workflow_run_id': '019bc004-b18e-7c97-a8c5-e1341b85e147', 'workflow_type': 'ChainExecutorWorkflow'})
2026-01-15 10:28:11,833 - temporalio.activity - INFO - ✓ Updated chain status ({'activity_id': '3', 'activity_type': 'update_chain_status_activity', 'attempt': 1, 'namespace': 'default', 'task_queue': 'comfyui-gpu-farm', 'workflow_id': 'chain-image-edit-to-video-pipeline-regen-c29106ad-df16-4296-983d-cbf456512c86', 'workflow_run_id': '019bc004-b18e-7c97-a8c5-e1341b85e147', 'workflow_type': 'ChainExecutorWorkflow'})
2026-01-15 10:28:11,842 - temporalio.workflow - INFO - Level 2: Executing 1 step(s) ({'attempt': 1, 'namespace': 'default', 'run_id': '019bc004-b18e-7c97-a8c5-e1341b85e147', 'task_queue': 'comfyui-gpu-farm', 'workflow_id': 'chain-image-edit-to-video-pipeline-regen-c29106ad-df16-4296-983d-cbf456512c86', 'workflow_type': 'ChainExecutorWorkflow'})
2026-01-15 10:28:11,842 - temporalio.workflow - INFO - Executing step: create_video ({'attempt': 1, 'namespace': 'default', 'run_id': '019bc004-b18e-7c97-a8c5-e1341b85e147', 'task_queue': 'comfyui-gpu-farm', 'workflow_id': 'chain-image-edit-to-video-pipeline-regen-c29106ad-df16-4296-983d-cbf456512c86', 'workflow_type': 'ChainExecutorWorkflow'})
2026-01-15 10:28:11,852 - temporalio.activity - INFO - Resolving templates in parameters ({'activity_id': '4', 'activity_type': 'resolve_chain_templates', 'attempt': 1, 'namespace': 'default', 'task_queue': 'comfyui-gpu-farm', 'workflow_id': 'chain-image-edit-to-video-pipeline-regen-c29106ad-df16-4296-983d-cbf456512c86', 'workflow_run_id': '019bc004-b18e-7c97-a8c5-e1341b85e147', 'workflow_type': 'ChainExecutorWorkflow'})
2026-01-15 10:28:11,855 - temporalio.activity - INFO - Templates resolved successfully ({'activity_id': '4', 'activity_type': 'resolve_chain_templates', 'attempt': 1, 'namespace': 'default', 'task_queue': 'comfyui-gpu-farm', 'workflow_id': 'chain-image-edit-to-video-pipeline-regen-c29106ad-df16-4296-983d-cbf456512c86', 'workflow_run_id': '019bc004-b18e-7c97-a8c5-e1341b85e147', 'workflow_type': 'ChainExecutorWorkflow'})
2026-01-15 10:28:11,873 - temporalio.activity - INFO - Applying parameters to workflow: firstEndTovideo ({'activity_id': '5', 'activity_type': 'apply_workflow_parameters', 'attempt': 1, 'namespace': 'default', 'task_queue': 'comfyui-gpu-farm', 'workflow_id': 'chain-image-edit-to-video-pipeline-regen-c29106ad-df16-4296-983d-cbf456512c86', 'workflow_run_id': '019bc004-b18e-7c97-a8c5-e1341b85e147', 'workflow_type': 'ChainExecutorWorkflow'})
2026-01-15 10:28:11,873 - temporal_gateway.registry - INFO - Applied override: 6.text = Smooth cinematic transition between vibrant colorful scenes
2026-01-15 10:28:11,873 - temporal_gateway.registry - INFO - Applied override: 60.fps = 16
2026-01-15 10:28:11,873 - temporal_gateway.registry - INFO - Applied override: 62.image = ComfyUI_00306_.png
2026-01-15 10:28:11,873 - temporal_gateway.registry - INFO - Applied override: 67.height = 1025
2026-01-15 10:28:11,873 - temporal_gateway.registry - INFO - Applied override: 67.length = 81
2026-01-15 10:28:11,873 - temporal_gateway.registry - INFO - Applied override: 67.width = 595
2026-01-15 10:28:11,873 - temporal_gateway.registry - INFO - Applied override: 68.image = ComfyUI_00305_.png
2026-01-15 10:28:11,873 - temporalio.activity - INFO - Parameters applied successfully ({'activity_id': '5', 'activity_type': 'apply_workflow_parameters', 'attempt': 1, 'namespace': 'default', 'task_queue': 'comfyui-gpu-farm', 'workflow_id': 'chain-image-edit-to-video-pipeline-regen-c29106ad-df16-4296-983d-cbf456512c86', 'workflow_run_id': '019bc004-b18e-7c97-a8c5-e1341b85e147', 'workflow_type': 'ChainExecutorWorkflow'})
2026-01-15 10:28:11,891 - temporalio.activity - INFO - Selecting server with strategy: least_loaded ({'activity_id': '6', 'activity_type': 'select_best_server', 'attempt': 1, 'namespace': 'default', 'task_queue': 'comfyui-gpu-farm', 'workflow_id': 'chain-image-edit-to-video-pipeline-regen-c29106ad-df16-4296-983d-cbf456512c86', 'workflow_run_id': '019bc004-b18e-7c97-a8c5-e1341b85e147', 'workflow_type': 'ChainExecutorWorkflow'})
2026-01-15 10:28:11,975 - httpx - INFO - HTTP Request: GET http://procure-x.testmcp.org/system_stats "HTTP/1.1 200 OK"
2026-01-15 10:28:11,989 - httpx - INFO - HTTP Request: GET http://procure-x.testmcp.org/queue "HTTP/1.1 200 OK"
2026-01-15 10:28:11,990 - temporal_gateway.servers.load_balancer - INFO - Selected server procure-x (queue_depth=0, gpu_mem=0.0%)
2026-01-15 10:28:11,991 - temporalio.activity - INFO - Selected server: procure-x (http://procure-x.testmcp.org) ({'activity_id': '6', 'activity_type': 'select_best_server', 'attempt': 1, 'namespace': 'default', 'task_queue': 'comfyui-gpu-farm', 'workflow_id': 'chain-image-edit-to-video-pipeline-regen-c29106ad-df16-4296-983d-cbf456512c86', 'workflow_run_id': '019bc004-b18e-7c97-a8c5-e1341b85e147', 'workflow_type': 'ChainExecutorWorkflow'})
2026-01-15 10:28:12,003 - temporalio.workflow - INFO - Step create_video: Server http://procure-x.testmcp.org ({'attempt': 1, 'namespace': 'default', 'run_id': '019bc004-b18e-7c97-a8c5-e1341b85e147', 'task_queue': 'comfyui-gpu-farm', 'workflow_id': 'chain-image-edit-to-video-pipeline-regen-c29106ad-df16-4296-983d-cbf456512c86', 'workflow_type': 'ChainExecutorWorkflow'})
2026-01-15 10:28:12,003 - temporalio.workflow - WARNING - Dependency edit_frame1 workflow ID not found ({'attempt': 1, 'namespace': 'default', 'run_id': '019bc004-b18e-7c97-a8c5-e1341b85e147', 'task_queue': 'comfyui-gpu-farm', 'workflow_id': 'chain-image-edit-to-video-pipeline-regen-c29106ad-df16-4296-983d-cbf456512c86', 'workflow_type': 'ChainExecutorWorkflow'})
2026-01-15 10:28:12,003 - temporalio.workflow - WARNING - Dependency edit_frame2 workflow ID not found ({'attempt': 1, 'namespace': 'default', 'run_id': '019bc004-b18e-7c97-a8c5-e1341b85e147', 'task_queue': 'comfyui-gpu-farm', 'workflow_id': 'chain-image-edit-to-video-pipeline-regen-c29106ad-df16-4296-983d-cbf456512c86', 'workflow_type': 'ChainExecutorWorkflow'})
2026-01-15 10:28:12,013 - temporalio.activity - INFO - Creating workflow record: firstEndTovideo (prompt: pending) ({'activity_id': '7', 'activity_type': 'create_workflow_record', 'attempt': 1, 'namespace': 'default', 'task_queue': 'comfyui-gpu-farm', 'workflow_id': 'chain-image-edit-to-video-pipeline-regen-c29106ad-df16-4296-983d-cbf456512c86', 'workflow_run_id': '019bc004-b18e-7c97-a8c5-e1341b85e147', 'workflow_type': 'ChainExecutorWorkflow'})
2026-01-15 10:28:12,019 - temporalio.activity - INFO - ✓ Created workflow record: ae386b8a-279c-41b3-8479-f162bd207679 ({'activity_id': '7', 'activity_type': 'create_workflow_record', 'attempt': 1, 'namespace': 'default', 'task_queue': 'comfyui-gpu-farm', 'workflow_id': 'chain-image-edit-to-video-pipeline-regen-c29106ad-df16-4296-983d-cbf456512c86', 'workflow_run_id': '019bc004-b18e-7c97-a8c5-e1341b85e147', 'workflow_type': 'ChainExecutorWorkflow'})
2026-01-15 10:28:12,057 - temporalio.workflow - INFO - Starting ComfyUI workflow execution ({'attempt': 1, 'namespace': 'default', 'run_id': '019bc004-b2c4-7736-bbea-34c23f60ec2f', 'task_queue': 'comfyui-gpu-farm', 'workflow_id': 'chain-image-edit-to-video-pipeline-regen-c29106ad-df16-4296-983d-cbf456512c86-create_video', 'workflow_type': 'ComfyUIWorkflow'})
2026-01-15 10:28:12,057 - temporalio.workflow - INFO - Generated client_id: e5c6d560-01b1-4186-9d8a-a78f9d49e362 ({'attempt': 1, 'namespace': 'default', 'run_id': '019bc004-b2c4-7736-bbea-34c23f60ec2f', 'task_queue': 'comfyui-gpu-farm', 'workflow_id': 'chain-image-edit-to-video-pipeline-regen-c29106ad-df16-4296-983d-cbf456512c86-create_video', 'workflow_type': 'ComfyUIWorkflow'})
2026-01-15 10:28:12,058 - temporalio.workflow - INFO - Using pre-selected server: http://procure-x.testmcp.org ({'attempt': 1, 'namespace': 'default', 'run_id': '019bc004-b2c4-7736-bbea-34c23f60ec2f', 'task_queue': 'comfyui-gpu-farm', 'workflow_id': 'chain-image-edit-to-video-pipeline-regen-c29106ad-df16-4296-983d-cbf456512c86-create_video', 'workflow_type': 'ComfyUIWorkflow'})
2026-01-15 10:28:12,068 - temporalio.activity - INFO - [V3] Executing workflow on http://procure-x.testmcp.org ({'activity_id': '1', 'activity_type': 'execute_and_track_workflow', 'attempt': 1, 'namespace': 'default', 'task_queue': 'comfyui-gpu-farm', 'workflow_id': 'chain-image-edit-to-video-pipeline-regen-c29106ad-df16-4296-983d-cbf456512c86-create_video', 'workflow_run_id': '019bc004-b2c4-7736-bbea-34c23f60ec2f', 'workflow_type': 'ComfyUIWorkflow'})
2026-01-15 10:28:12,068 - temporalio.activity - INFO - [V3] Workflow name: firstEndTovideo ({'activity_id': '1', 'activity_type': 'execute_and_track_workflow', 'attempt': 1, 'namespace': 'default', 'task_queue': 'comfyui-gpu-farm', 'workflow_id': 'chain-image-edit-to-video-pipeline-regen-c29106ad-df16-4296-983d-cbf456512c86-create_video', 'workflow_run_id': '019bc004-b2c4-7736-bbea-34c23f60ec2f', 'workflow_type': 'ComfyUIWorkflow'})
2026-01-15 10:28:12,115 - temporal_gateway.clients.comfy.client - INFO - ComfyUI client initialized for http://procure-x.testmcp.org
2026-01-15 10:28:12,116 - temporal_gateway.clients.comfy.client - INFO - Submitting workflow to ComfyUI
2026-01-15 10:28:12,189 - httpx - INFO - HTTP Request: POST http://procure-x.testmcp.org/prompt "HTTP/1.1 400 Bad Request"
2026-01-15 10:28:12,191 - temporalio.activity - WARNING - Completing activity as failed ({'activity_id': '1', 'activity_type': 'execute_and_track_workflow', 'attempt': 1, 'namespace': 'default', 'task_queue': 'comfyui-gpu-farm', 'workflow_id': 'chain-image-edit-to-video-pipeline-regen-c29106ad-df16-4296-983d-cbf456512c86-create_video', 'workflow_run_id': '019bc004-b2c4-7736-bbea-34c23f60ec2f', 'workflow_type': 'ComfyUIWorkflow'})
Traceback (most recent call last):
  File "/home/jaskirat/Documents/comfyautomate/.venv/lib/python3.10/site-packages/temporalio/worker/_activity.py", line 316, in _handle_start_activity_task
    result = await self._execute_activity(
  File "/home/jaskirat/Documents/comfyautomate/.venv/lib/python3.10/site-packages/temporalio/worker/_activity.py", line 628, in _execute_activity
    return await impl.execute_activity(input)
  File "/home/jaskirat/Documents/comfyautomate/.venv/lib/python3.10/site-packages/temporalio/worker/_activity.py", line 823, in execute_activity
    return await input.fn(*input.args)
  File "/home/jaskirat/Documents/comfyautomate/temporal_gateway/activities/execute_workflow.py", line 61, in execute_and_track_workflow
    result = await client.execute_workflow(
  File "/home/jaskirat/Documents/comfyautomate/temporal_gateway/clients/comfy/client.py", line 74, in execute_workflow
    response = await self.http.queue_prompt(workflow, self.client_id)
  File "/home/jaskirat/Documents/comfyautomate/temporal_gateway/clients/comfy/http.py", line 40, in queue_prompt
    response.raise_for_status()
  File "/home/jaskirat/Documents/comfyautomate/.venv/lib/python3.10/site-packages/httpx/_models.py", line 829, in raise_for_status
    raise HTTPStatusError(message, request=request, response=self)
httpx.HTTPStatusError: Client error '400 Bad Request' for url 'http://procure-x.testmcp.org/prompt'
For more information check: https://developer.mozilla.org/en-US/docs/Web/HTTP/Status/400
2026-01-15 10:28:17,202 - temporalio.activity - INFO - [V3] Executing workflow on http://procure-x.testmcp.org ({'activity_id': '1', 'activity_type': 'execute_and_track_workflow', 'attempt': 2, 'namespace': 'default', 'task_queue': 'comfyui-gpu-farm', 'workflow_id': 'chain-image-edit-to-video-pipeline-regen-c29106ad-df16-4296-983d-cbf456512c86-create_video', 'workflow_run_id': '019bc004-b2c4-7736-bbea-34c23f60ec2f', 'workflow_type': 'ComfyUIWorkflow'})
2026-01-15 10:28:17,202 - temporalio.activity - INFO - [V3] Workflow name: firstEndTovideo ({'activity_id': '1', 'activity_type': 'execute_and_track_workflow', 'attempt': 2, 'namespace': 'default', 'task_queue': 'comfyui-gpu-farm', 'workflow_id': 'chain-image-edit-to-video-pipeline-regen-c29106ad-df16-4296-983d-cbf456512c86-create_video', 'workflow_run_id': '019bc004-b2c4-7736-bbea-34c23f60ec2f', 'workflow_type': 'ComfyUIWorkflow'})
2026-01-15 10:28:17,250 - temporal_gateway.clients.comfy.client - INFO - ComfyUI client initialized for http://procure-x.testmcp.org
2026-01-15 10:28:17,250 - temporal_gateway.clients.comfy.client - INFO - Submitting workflow to ComfyUI
2026-01-15 10:28:17,328 - httpx - INFO - HTTP Request: POST http://procure-x.testmcp.org/prompt "HTTP/1.1 400 Bad Request"
2026-01-15 10:28:17,330 - temporalio.activity - WARNING - Completing activity as failed ({'activity_id': '1', 'activity_type': 'execute_and_track_workflow', 'attempt': 2, 'namespace': 'default', 'task_queue': 'comfyui-gpu-farm', 'workflow_id': 'chain-image-edit-to-video-pipeline-regen-c29106ad-df16-4296-983d-cbf456512c86-create_video', 'workflow_run_id': '019bc004-b2c4-7736-bbea-34c23f60ec2f', 'workflow_type': 'ComfyUIWorkflow'})
Traceback (most recent call last):
  File "/home/jaskirat/Documents/comfyautomate/.venv/lib/python3.10/site-packages/temporalio/worker/_activity.py", line 316, in _handle_start_activity_task
    result = await self._execute_activity(
  File "/home/jaskirat/Documents/comfyautomate/.venv/lib/python3.10/site-packages/temporalio/worker/_activity.py", line 628, in _execute_activity
    return await impl.execute_activity(input)
  File "/home/jaskirat/Documents/comfyautomate/.venv/lib/python3.10/site-packages/temporalio/worker/_activity.py", line 823, in execute_activity
    return await input.fn(*input.args)
  File "/home/jaskirat/Documents/comfyautomate/temporal_gateway/activities/execute_workflow.py", line 61, in execute_and_track_workflow
    result = await client.execute_workflow(
  File "/home/jaskirat/Documents/comfyautomate/temporal_gateway/clients/comfy/client.py", line 74, in execute_workflow
    response = await self.http.queue_prompt(workflow, self.client_id)
  File "/home/jaskirat/Documents/comfyautomate/temporal_gateway/clients/comfy/http.py", line 40, in queue_prompt
    response.raise_for_status()
  File "/home/jaskirat/Documents/comfyautomate/.venv/lib/python3.10/site-packages/httpx/_models.py", line 829, in raise_for_status
    raise HTTPStatusError(message, request=request, response=self)
httpx.HTTPStatusError: Client error '400 Bad Request' for url 'http://procure-x.testmcp.org/prompt'
For more information check: https://developer.mozilla.org/en-US/docs/Web/HTTP/Status/400
2026-01-15 10:28:17,340 - temporalio.workflow - ERROR - Workflow failed with error: Activity task failed ({'attempt': 1, 'namespace': 'default', 'run_id': '019bc004-b2c4-7736-bbea-34c23f60ec2f', 'task_queue': 'comfyui-gpu-farm', 'workflow_id': 'chain-image-edit-to-video-pipeline-regen-c29106ad-df16-4296-983d-cbf456512c86-create_video', 'workflow_type': 'ComfyUIWorkflow'})
2026-01-15 10:28:17,363 - temporalio.activity - INFO - Updating workflow ae386b8a-279c-41b3-8479-f162bd207679 status to: failed ({'activity_id': '8', 'activity_type': 'update_workflow_status_activity', 'attempt': 1, 'namespace': 'default', 'task_queue': 'comfyui-gpu-farm', 'workflow_id': 'chain-image-edit-to-video-pipeline-regen-c29106ad-df16-4296-983d-cbf456512c86', 'workflow_run_id': '019bc004-b18e-7c97-a8c5-e1341b85e147', 'workflow_type': 'ChainExecutorWorkflow'})
2026-01-15 10:28:17,367 - temporalio.activity - INFO - ✓ Updated workflow status ({'activity_id': '8', 'activity_type': 'update_workflow_status_activity', 'attempt': 1, 'namespace': 'default', 'task_queue': 'comfyui-gpu-farm', 'workflow_id': 'chain-image-edit-to-video-pipeline-regen-c29106ad-df16-4296-983d-cbf456512c86', 'workflow_run_id': '019bc004-b18e-7c97-a8c5-e1341b85e147', 'workflow_type': 'ChainExecutorWorkflow'})
2026-01-15 10:28:17,384 - temporalio.activity - INFO - Getting artifacts for workflow: ae386b8a-279c-41b3-8479-f162bd207679 ({'activity_id': '9', 'activity_type': 'get_workflow_artifacts', 'attempt': 1, 'namespace': 'default', 'task_queue': 'comfyui-gpu-farm', 'workflow_id': 'chain-image-edit-to-video-pipeline-regen-c29106ad-df16-4296-983d-cbf456512c86', 'workflow_run_id': '019bc004-b18e-7c97-a8c5-e1341b85e147', 'workflow_type': 'ChainExecutorWorkflow'})
2026-01-15 10:28:17,385 - temporalio.activity - WARNING - No artifacts found for workflow ae386b8a-279c-41b3-8479-f162bd207679 ({'activity_id': '9', 'activity_type': 'get_workflow_artifacts', 'attempt': 1, 'namespace': 'default', 'task_queue': 'comfyui-gpu-farm', 'workflow_id': 'chain-image-edit-to-video-pipeline-regen-c29106ad-df16-4296-983d-cbf456512c86', 'workflow_run_id': '019bc004-b18e-7c97-a8c5-e1341b85e147', 'workflow_type': 'ChainExecutorWorkflow'})
2026-01-15 10:28:17,396 - temporalio.workflow - WARNING - Step create_video: No artifacts to approve, auto-approving ({'attempt': 1, 'namespace': 'default', 'run_id': '019bc004-b18e-7c97-a8c5-e1341b85e147', 'task_queue': 'comfyui-gpu-farm', 'workflow_id': 'chain-image-edit-to-video-pipeline-regen-c29106ad-df16-4296-983d-cbf456512c86', 'workflow_type': 'ChainExecutorWorkflow'})
2026-01-15 10:28:17,396 - temporalio.workflow - INFO - Step create_video: Approved ({'attempt': 1, 'namespace': 'default', 'run_id': '019bc004-b18e-7c97-a8c5-e1341b85e147', 'task_queue': 'comfyui-gpu-farm', 'workflow_id': 'chain-image-edit-to-video-pipeline-regen-c29106ad-df16-4296-983d-cbf456512c86', 'workflow_type': 'ChainExecutorWorkflow'})
2026-01-15 10:28:17,404 - temporalio.activity - INFO - Getting artifacts for workflow: ae386b8a-279c-41b3-8479-f162bd207679 ({'activity_id': '10', 'activity_type': 'get_workflow_artifacts', 'attempt': 1, 'namespace': 'default', 'task_queue': 'comfyui-gpu-farm', 'workflow_id': 'chain-image-edit-to-video-pipeline-regen-c29106ad-df16-4296-983d-cbf456512c86', 'workflow_run_id': '019bc004-b18e-7c97-a8c5-e1341b85e147', 'workflow_type': 'ChainExecutorWorkflow'})
2026-01-15 10:28:17,405 - temporalio.activity - WARNING - No artifacts found for workflow ae386b8a-279c-41b3-8479-f162bd207679 ({'activity_id': '10', 'activity_type': 'get_workflow_artifacts', 'attempt': 1, 'namespace': 'default', 'task_queue': 'comfyui-gpu-farm', 'workflow_id': 'chain-image-edit-to-video-pipeline-regen-c29106ad-df16-4296-983d-cbf456512c86', 'workflow_run_id': '019bc004-b18e-7c97-a8c5-e1341b85e147', 'workflow_type': 'ChainExecutorWorkflow'})
2026-01-15 10:28:17,423 - temporal_gateway.services.broadcast - INFO - Published step_completed to chain:45eb1d70-8281-4d2d-bb9b-229fc9ce9c45
2026-01-15 10:28:17,423 - temporalio.activity - INFO - Published step_completed event for create_video in chain 45eb1d70-8281-4d2d-bb9b-229fc9ce9c45 ({'activity_id': '11', 'activity_type': 'publish_step_completed_activity', 'attempt': 1, 'namespace': 'default', 'task_queue': 'comfyui-gpu-farm', 'workflow_id': 'chain-image-edit-to-video-pipeline-regen-c29106ad-df16-4296-983d-cbf456512c86', 'workflow_run_id': '019bc004-b18e-7c97-a8c5-e1341b85e147', 'workflow_type': 'ChainExecutorWorkflow'})
2026-01-15 10:28:17,434 - temporalio.workflow - INFO - Step create_video: failed ({'attempt': 1, 'namespace': 'default', 'run_id': '019bc004-b18e-7c97-a8c5-e1341b85e147', 'task_queue': 'comfyui-gpu-farm', 'workflow_id': 'chain-image-edit-to-video-pipeline-regen-c29106ad-df16-4296-983d-cbf456512c86', 'workflow_type': 'ChainExecutorWorkflow'})
2026-01-15 10:28:17,442 - temporalio.activity - INFO - Updating chain 45eb1d70-8281-4d2d-bb9b-229fc9ce9c45 status to: completed ({'activity_id': '12', 'activity_type': 'update_chain_status_activity', 'attempt': 1, 'namespace': 'default', 'task_queue': 'comfyui-gpu-farm', 'workflow_id': 'chain-image-edit-to-video-pipeline-regen-c29106ad-df16-4296-983d-cbf456512c86', 'workflow_run_id': '019bc004-b18e-7c97-a8c5-e1341b85e147', 'workflow_type': 'ChainExecutorWorkflow'})
2026-01-15 10:28:17,447 - temporalio.activity - INFO - ✓ Updated chain status ({'activity_id': '12', 'activity_type': 'update_chain_status_activity', 'attempt': 1, 'namespace': 'default', 'task_queue': 'comfyui-gpu-farm', 'workflow_id': 'chain-image-edit-to-video-pipeline-regen-c29106ad-df16-4296-983d-cbf456512c86', 'workflow_run_id': '019bc004-b18e-7c97-a8c5-e1341b85e147', 'workflow_type': 'ChainExecutorWorkflow'})
2026-01-15 10:28:17,448 - temporal_gateway.services.broadcast - INFO - Published chain_completed to chain:45eb1d70-8281-4d2d-bb9b-229fc9ce9c45
2026-01-15 10:28:17,448 - temporalio.activity - INFO - Published chain_completed event for chain 45eb1d70-8281-4d2d-bb9b-229fc9ce9c45 ({'activity_id': '12', 'activity_type': 'update_chain_status_activity', 'attempt': 1, 'namespace': 'default', 'task_queue': 'comfyui-gpu-farm', 'workflow_id': 'chain-image-edit-to-video-pipeline-regen-c29106ad-df16-4296-983d-cbf456512c86', 'workflow_run_id': '019bc004-b18e-7c97-a8c5-e1341b85e147', 'workflow_type': 'ChainExecutorWorkflow'})
2026-01-15 10:29:48,392 - temporalio.workflow - INFO - Starting chain execution: image-edit-to-video-pipeline ({'attempt': 1, 'namespace': 'default', 'run_id': '019bc006-2afd-779e-93e4-6477fee808d6', 'task_queue': 'comfyui-gpu-farm', 'workflow_id': 'chain-image-edit-to-video-pipeline-8e0e9e6a-9ea0-43bc-8aa2-f13ed1c4b672', 'workflow_type': 'ChainExecutorWorkflow'})
2026-01-15 10:29:48,392 - temporalio.workflow - INFO - Retry number: 0 ({'attempt': 1, 'namespace': 'default', 'run_id': '019bc006-2afd-779e-93e4-6477fee808d6', 'task_queue': 'comfyui-gpu-farm', 'workflow_id': 'chain-image-edit-to-video-pipeline-8e0e9e6a-9ea0-43bc-8aa2-f13ed1c4b672', 'workflow_type': 'ChainExecutorWorkflow'})
2026-01-15 10:29:48,393 - temporalio.workflow - INFO - Cached steps: [] ({'attempt': 1, 'namespace': 'default', 'run_id': '019bc006-2afd-779e-93e4-6477fee808d6', 'task_queue': 'comfyui-gpu-farm', 'workflow_id': 'chain-image-edit-to-video-pipeline-8e0e9e6a-9ea0-43bc-8aa2-f13ed1c4b672', 'workflow_type': 'ChainExecutorWorkflow'})
2026-01-15 10:29:48,393 - temporalio.workflow - INFO - Total levels: 3 ({'attempt': 1, 'namespace': 'default', 'run_id': '019bc006-2afd-779e-93e4-6477fee808d6', 'task_queue': 'comfyui-gpu-farm', 'workflow_id': 'chain-image-edit-to-video-pipeline-8e0e9e6a-9ea0-43bc-8aa2-f13ed1c4b672', 'workflow_type': 'ChainExecutorWorkflow'})
2026-01-15 10:29:48,393 - temporalio.workflow - INFO - Using chain ID: 456fa1b3-0907-4c7d-a7ad-e5ed05402f58 ({'attempt': 1, 'namespace': 'default', 'run_id': '019bc006-2afd-779e-93e4-6477fee808d6', 'task_queue': 'comfyui-gpu-farm', 'workflow_id': 'chain-image-edit-to-video-pipeline-8e0e9e6a-9ea0-43bc-8aa2-f13ed1c4b672', 'workflow_type': 'ChainExecutorWorkflow'})
2026-01-15 10:29:48,406 - temporalio.activity - INFO - Updating chain 456fa1b3-0907-4c7d-a7ad-e5ed05402f58 status to: executing_level_0 ({'activity_id': '1', 'activity_type': 'update_chain_status_activity', 'attempt': 1, 'namespace': 'default', 'task_queue': 'comfyui-gpu-farm', 'workflow_id': 'chain-image-edit-to-video-pipeline-8e0e9e6a-9ea0-43bc-8aa2-f13ed1c4b672', 'workflow_run_id': '019bc006-2afd-779e-93e4-6477fee808d6', 'workflow_type': 'ChainExecutorWorkflow'})
2026-01-15 10:29:48,410 - temporalio.activity - INFO - ✓ Updated chain status ({'activity_id': '1', 'activity_type': 'update_chain_status_activity', 'attempt': 1, 'namespace': 'default', 'task_queue': 'comfyui-gpu-farm', 'workflow_id': 'chain-image-edit-to-video-pipeline-8e0e9e6a-9ea0-43bc-8aa2-f13ed1c4b672', 'workflow_run_id': '019bc006-2afd-779e-93e4-6477fee808d6', 'workflow_type': 'ChainExecutorWorkflow'})
2026-01-15 10:29:48,422 - temporalio.workflow - INFO - Level 0: Executing 2 step(s) ({'attempt': 1, 'namespace': 'default', 'run_id': '019bc006-2afd-779e-93e4-6477fee808d6', 'task_queue': 'comfyui-gpu-farm', 'workflow_id': 'chain-image-edit-to-video-pipeline-8e0e9e6a-9ea0-43bc-8aa2-f13ed1c4b672', 'workflow_type': 'ChainExecutorWorkflow'})
2026-01-15 10:29:48,423 - temporalio.workflow - INFO - Executing step: extract_frame1 ({'attempt': 1, 'namespace': 'default', 'run_id': '019bc006-2afd-779e-93e4-6477fee808d6', 'task_queue': 'comfyui-gpu-farm', 'workflow_id': 'chain-image-edit-to-video-pipeline-8e0e9e6a-9ea0-43bc-8aa2-f13ed1c4b672', 'workflow_type': 'ChainExecutorWorkflow'})
2026-01-15 10:29:48,423 - temporalio.workflow - INFO - Executing step: extract_frame2 ({'attempt': 1, 'namespace': 'default', 'run_id': '019bc006-2afd-779e-93e4-6477fee808d6', 'task_queue': 'comfyui-gpu-farm', 'workflow_id': 'chain-image-edit-to-video-pipeline-8e0e9e6a-9ea0-43bc-8aa2-f13ed1c4b672', 'workflow_type': 'ChainExecutorWorkflow'})
2026-01-15 10:29:48,434 - temporalio.activity - INFO - Resolving templates in parameters ({'activity_id': '3', 'activity_type': 'resolve_chain_templates', 'attempt': 1, 'namespace': 'default', 'task_queue': 'comfyui-gpu-farm', 'workflow_id': 'chain-image-edit-to-video-pipeline-8e0e9e6a-9ea0-43bc-8aa2-f13ed1c4b672', 'workflow_run_id': '019bc006-2afd-779e-93e4-6477fee808d6', 'workflow_type': 'ChainExecutorWorkflow'})
2026-01-15 10:29:48,434 - temporalio.activity - INFO - Templates resolved successfully ({'activity_id': '3', 'activity_type': 'resolve_chain_templates', 'attempt': 1, 'namespace': 'default', 'task_queue': 'comfyui-gpu-farm', 'workflow_id': 'chain-image-edit-to-video-pipeline-8e0e9e6a-9ea0-43bc-8aa2-f13ed1c4b672', 'workflow_run_id': '019bc006-2afd-779e-93e4-6477fee808d6', 'workflow_type': 'ChainExecutorWorkflow'})
2026-01-15 10:29:48,436 - temporalio.activity - INFO - Resolving templates in parameters ({'activity_id': '2', 'activity_type': 'resolve_chain_templates', 'attempt': 1, 'namespace': 'default', 'task_queue': 'comfyui-gpu-farm', 'workflow_id': 'chain-image-edit-to-video-pipeline-8e0e9e6a-9ea0-43bc-8aa2-f13ed1c4b672', 'workflow_run_id': '019bc006-2afd-779e-93e4-6477fee808d6', 'workflow_type': 'ChainExecutorWorkflow'})
2026-01-15 10:29:48,436 - temporalio.activity - INFO - Templates resolved successfully ({'activity_id': '2', 'activity_type': 'resolve_chain_templates', 'attempt': 1, 'namespace': 'default', 'task_queue': 'comfyui-gpu-farm', 'workflow_id': 'chain-image-edit-to-video-pipeline-8e0e9e6a-9ea0-43bc-8aa2-f13ed1c4b672', 'workflow_run_id': '019bc006-2afd-779e-93e4-6477fee808d6', 'workflow_type': 'ChainExecutorWorkflow'})
2026-01-15 10:29:48,454 - temporalio.activity - INFO - Applying parameters to workflow: imageSave ({'activity_id': '4', 'activity_type': 'apply_workflow_parameters', 'attempt': 1, 'namespace': 'default', 'task_queue': 'comfyui-gpu-farm', 'workflow_id': 'chain-image-edit-to-video-pipeline-8e0e9e6a-9ea0-43bc-8aa2-f13ed1c4b672', 'workflow_run_id': '019bc006-2afd-779e-93e4-6477fee808d6', 'workflow_type': 'ChainExecutorWorkflow'})
2026-01-15 10:29:48,454 - temporal_gateway.registry - INFO - Applied override: 1.frame_load_cap = 1
2026-01-15 10:29:48,455 - temporal_gateway.registry - INFO - Applied override: 1.select_every_nth = 1
2026-01-15 10:29:48,455 - temporal_gateway.registry - INFO - Applied override: 1.skip_first_frames = 172
2026-01-15 10:29:48,455 - temporal_gateway.registry - INFO - Applied override: 1.video = ComfyUI_00012_.mp4
2026-01-15 10:29:48,455 - temporalio.activity - INFO - Parameters applied successfully ({'activity_id': '4', 'activity_type': 'apply_workflow_parameters', 'attempt': 1, 'namespace': 'default', 'task_queue': 'comfyui-gpu-farm', 'workflow_id': 'chain-image-edit-to-video-pipeline-8e0e9e6a-9ea0-43bc-8aa2-f13ed1c4b672', 'workflow_run_id': '019bc006-2afd-779e-93e4-6477fee808d6', 'workflow_type': 'ChainExecutorWorkflow'})
2026-01-15 10:29:48,457 - temporalio.activity - INFO - Applying parameters to workflow: imageSave ({'activity_id': '5', 'activity_type': 'apply_workflow_parameters', 'attempt': 1, 'namespace': 'default', 'task_queue': 'comfyui-gpu-farm', 'workflow_id': 'chain-image-edit-to-video-pipeline-8e0e9e6a-9ea0-43bc-8aa2-f13ed1c4b672', 'workflow_run_id': '019bc006-2afd-779e-93e4-6477fee808d6', 'workflow_type': 'ChainExecutorWorkflow'})
2026-01-15 10:29:48,457 - temporal_gateway.registry - INFO - Applied override: 1.frame_load_cap = 1
2026-01-15 10:29:48,457 - temporal_gateway.registry - INFO - Applied override: 1.select_every_nth = 1
2026-01-15 10:29:48,457 - temporal_gateway.registry - INFO - Applied override: 1.skip_first_frames = 0
2026-01-15 10:29:48,457 - temporal_gateway.registry - INFO - Applied override: 1.video = ComfyUI_00012_.mp4
2026-01-15 10:29:48,457 - temporalio.activity - INFO - Parameters applied successfully ({'activity_id': '5', 'activity_type': 'apply_workflow_parameters', 'attempt': 1, 'namespace': 'default', 'task_queue': 'comfyui-gpu-farm', 'workflow_id': 'chain-image-edit-to-video-pipeline-8e0e9e6a-9ea0-43bc-8aa2-f13ed1c4b672', 'workflow_run_id': '019bc006-2afd-779e-93e4-6477fee808d6', 'workflow_type': 'ChainExecutorWorkflow'})
2026-01-15 10:29:48,473 - temporalio.activity - INFO - Selecting server with strategy: least_loaded ({'activity_id': '7', 'activity_type': 'select_best_server', 'attempt': 1, 'namespace': 'default', 'task_queue': 'comfyui-gpu-farm', 'workflow_id': 'chain-image-edit-to-video-pipeline-8e0e9e6a-9ea0-43bc-8aa2-f13ed1c4b672', 'workflow_run_id': '019bc006-2afd-779e-93e4-6477fee808d6', 'workflow_type': 'ChainExecutorWorkflow'})
2026-01-15 10:29:48,519 - temporalio.activity - INFO - Selecting server with strategy: least_loaded ({'activity_id': '6', 'activity_type': 'select_best_server', 'attempt': 1, 'namespace': 'default', 'task_queue': 'comfyui-gpu-farm', 'workflow_id': 'chain-image-edit-to-video-pipeline-8e0e9e6a-9ea0-43bc-8aa2-f13ed1c4b672', 'workflow_run_id': '019bc006-2afd-779e-93e4-6477fee808d6', 'workflow_type': 'ChainExecutorWorkflow'})
2026-01-15 10:29:48,604 - httpx - INFO - HTTP Request: GET http://procure-x.testmcp.org/system_stats "HTTP/1.1 200 OK"
2026-01-15 10:29:48,619 - httpx - INFO - HTTP Request: GET http://procure-x.testmcp.org/system_stats "HTTP/1.1 200 OK"
2026-01-15 10:29:48,624 - httpx - INFO - HTTP Request: GET http://procure-x.testmcp.org/queue "HTTP/1.1 200 OK"
2026-01-15 10:29:48,628 - temporal_gateway.servers.load_balancer - INFO - Selected server procure-x (queue_depth=0, gpu_mem=0.0%)
2026-01-15 10:29:48,628 - temporalio.activity - INFO - Selected server: procure-x (http://procure-x.testmcp.org) ({'activity_id': '6', 'activity_type': 'select_best_server', 'attempt': 1, 'namespace': 'default', 'task_queue': 'comfyui-gpu-farm', 'workflow_id': 'chain-image-edit-to-video-pipeline-8e0e9e6a-9ea0-43bc-8aa2-f13ed1c4b672', 'workflow_run_id': '019bc006-2afd-779e-93e4-6477fee808d6', 'workflow_type': 'ChainExecutorWorkflow'})
2026-01-15 10:29:48,638 - httpx - INFO - HTTP Request: GET http://procure-x.testmcp.org/queue "HTTP/1.1 200 OK"
2026-01-15 10:29:48,639 - temporal_gateway.servers.load_balancer - INFO - Selected server procure-x (queue_depth=0, gpu_mem=0.0%)
2026-01-15 10:29:48,639 - temporalio.activity - INFO - Selected server: procure-x (http://procure-x.testmcp.org) ({'activity_id': '7', 'activity_type': 'select_best_server', 'attempt': 1, 'namespace': 'default', 'task_queue': 'comfyui-gpu-farm', 'workflow_id': 'chain-image-edit-to-video-pipeline-8e0e9e6a-9ea0-43bc-8aa2-f13ed1c4b672', 'workflow_run_id': '019bc006-2afd-779e-93e4-6477fee808d6', 'workflow_type': 'ChainExecutorWorkflow'})
2026-01-15 10:29:48,642 - temporalio.workflow - INFO - Step extract_frame2: Server http://procure-x.testmcp.org ({'attempt': 1, 'namespace': 'default', 'run_id': '019bc006-2afd-779e-93e4-6477fee808d6', 'task_queue': 'comfyui-gpu-farm', 'workflow_id': 'chain-image-edit-to-video-pipeline-8e0e9e6a-9ea0-43bc-8aa2-f13ed1c4b672', 'workflow_type': 'ChainExecutorWorkflow'})
2026-01-15 10:29:48,651 - temporalio.workflow - INFO - Step extract_frame1: Server http://procure-x.testmcp.org ({'attempt': 1, 'namespace': 'default', 'run_id': '019bc006-2afd-779e-93e4-6477fee808d6', 'task_queue': 'comfyui-gpu-farm', 'workflow_id': 'chain-image-edit-to-video-pipeline-8e0e9e6a-9ea0-43bc-8aa2-f13ed1c4b672', 'workflow_type': 'ChainExecutorWorkflow'})
2026-01-15 10:29:48,654 - temporalio.activity - INFO - Creating workflow record: imageSave (prompt: pending) ({'activity_id': '8', 'activity_type': 'create_workflow_record', 'attempt': 1, 'namespace': 'default', 'task_queue': 'comfyui-gpu-farm', 'workflow_id': 'chain-image-edit-to-video-pipeline-8e0e9e6a-9ea0-43bc-8aa2-f13ed1c4b672', 'workflow_run_id': '019bc006-2afd-779e-93e4-6477fee808d6', 'workflow_type': 'ChainExecutorWorkflow'})
2026-01-15 10:29:48,658 - temporalio.activity - INFO - ✓ Created workflow record: 128110a9-1686-4b06-ab74-4e6ff0e396bd ({'activity_id': '8', 'activity_type': 'create_workflow_record', 'attempt': 1, 'namespace': 'default', 'task_queue': 'comfyui-gpu-farm', 'workflow_id': 'chain-image-edit-to-video-pipeline-8e0e9e6a-9ea0-43bc-8aa2-f13ed1c4b672', 'workflow_run_id': '019bc006-2afd-779e-93e4-6477fee808d6', 'workflow_type': 'ChainExecutorWorkflow'})
2026-01-15 10:29:48,660 - temporalio.activity - INFO - Creating workflow record: imageSave (prompt: pending) ({'activity_id': '9', 'activity_type': 'create_workflow_record', 'attempt': 1, 'namespace': 'default', 'task_queue': 'comfyui-gpu-farm', 'workflow_id': 'chain-image-edit-to-video-pipeline-8e0e9e6a-9ea0-43bc-8aa2-f13ed1c4b672', 'workflow_run_id': '019bc006-2afd-779e-93e4-6477fee808d6', 'workflow_type': 'ChainExecutorWorkflow'})
2026-01-15 10:29:48,665 - temporalio.activity - INFO - ✓ Created workflow record: 69a33e8e-711b-42b3-8520-892bee40c30a ({'activity_id': '9', 'activity_type': 'create_workflow_record', 'attempt': 1, 'namespace': 'default', 'task_queue': 'comfyui-gpu-farm', 'workflow_id': 'chain-image-edit-to-video-pipeline-8e0e9e6a-9ea0-43bc-8aa2-f13ed1c4b672', 'workflow_run_id': '019bc006-2afd-779e-93e4-6477fee808d6', 'workflow_type': 'ChainExecutorWorkflow'})
2026-01-15 10:29:48,697 - temporalio.workflow - INFO - Starting ComfyUI workflow execution ({'attempt': 1, 'namespace': 'default', 'run_id': '019bc006-2c45-7102-b0d6-69f5ad5a9b87', 'task_queue': 'comfyui-gpu-farm', 'workflow_id': 'chain-image-edit-to-video-pipeline-8e0e9e6a-9ea0-43bc-8aa2-f13ed1c4b672-extract_frame2', 'workflow_type': 'ComfyUIWorkflow'})
2026-01-15 10:29:48,699 - temporalio.workflow - INFO - Generated client_id: b7750cb8-d5b8-454d-b9e8-950be89c1143 ({'attempt': 1, 'namespace': 'default', 'run_id': '019bc006-2c45-7102-b0d6-69f5ad5a9b87', 'task_queue': 'comfyui-gpu-farm', 'workflow_id': 'chain-image-edit-to-video-pipeline-8e0e9e6a-9ea0-43bc-8aa2-f13ed1c4b672-extract_frame2', 'workflow_type': 'ComfyUIWorkflow'})
2026-01-15 10:29:48,700 - temporalio.workflow - INFO - Using pre-selected server: http://procure-x.testmcp.org ({'attempt': 1, 'namespace': 'default', 'run_id': '019bc006-2c45-7102-b0d6-69f5ad5a9b87', 'task_queue': 'comfyui-gpu-farm', 'workflow_id': 'chain-image-edit-to-video-pipeline-8e0e9e6a-9ea0-43bc-8aa2-f13ed1c4b672-extract_frame2', 'workflow_type': 'ComfyUIWorkflow'})
2026-01-15 10:29:48,713 - temporalio.workflow - INFO - Starting ComfyUI workflow execution ({'attempt': 1, 'namespace': 'default', 'run_id': '019bc006-2c4e-79af-a082-3bbaac9ad142', 'task_queue': 'comfyui-gpu-farm', 'workflow_id': 'chain-image-edit-to-video-pipeline-8e0e9e6a-9ea0-43bc-8aa2-f13ed1c4b672-extract_frame1', 'workflow_type': 'ComfyUIWorkflow'})
2026-01-15 10:29:48,713 - temporalio.workflow - INFO - Generated client_id: 8148ebf3-9ffc-4701-82b7-80ddb01362b6 ({'attempt': 1, 'namespace': 'default', 'run_id': '019bc006-2c4e-79af-a082-3bbaac9ad142', 'task_queue': 'comfyui-gpu-farm', 'workflow_id': 'chain-image-edit-to-video-pipeline-8e0e9e6a-9ea0-43bc-8aa2-f13ed1c4b672-extract_frame1', 'workflow_type': 'ComfyUIWorkflow'})
2026-01-15 10:29:48,713 - temporalio.workflow - INFO - Using pre-selected server: http://procure-x.testmcp.org ({'attempt': 1, 'namespace': 'default', 'run_id': '019bc006-2c4e-79af-a082-3bbaac9ad142', 'task_queue': 'comfyui-gpu-farm', 'workflow_id': 'chain-image-edit-to-video-pipeline-8e0e9e6a-9ea0-43bc-8aa2-f13ed1c4b672-extract_frame1', 'workflow_type': 'ComfyUIWorkflow'})
2026-01-15 10:29:48,715 - temporalio.activity - INFO - [V3] Executing workflow on http://procure-x.testmcp.org ({'activity_id': '1', 'activity_type': 'execute_and_track_workflow', 'attempt': 1, 'namespace': 'default', 'task_queue': 'comfyui-gpu-farm', 'workflow_id': 'chain-image-edit-to-video-pipeline-8e0e9e6a-9ea0-43bc-8aa2-f13ed1c4b672-extract_frame2', 'workflow_run_id': '019bc006-2c45-7102-b0d6-69f5ad5a9b87', 'workflow_type': 'ComfyUIWorkflow'})
2026-01-15 10:29:48,715 - temporalio.activity - INFO - [V3] Workflow name: imageSave ({'activity_id': '1', 'activity_type': 'execute_and_track_workflow', 'attempt': 1, 'namespace': 'default', 'task_queue': 'comfyui-gpu-farm', 'workflow_id': 'chain-image-edit-to-video-pipeline-8e0e9e6a-9ea0-43bc-8aa2-f13ed1c4b672-extract_frame2', 'workflow_run_id': '019bc006-2c45-7102-b0d6-69f5ad5a9b87', 'workflow_type': 'ComfyUIWorkflow'})
2026-01-15 10:29:48,760 - temporal_gateway.clients.comfy.client - INFO - ComfyUI client initialized for http://procure-x.testmcp.org
2026-01-15 10:29:48,760 - temporal_gateway.clients.comfy.client - INFO - Submitting workflow to ComfyUI
2026-01-15 10:29:48,762 - temporalio.activity - INFO - [V3] Executing workflow on http://procure-x.testmcp.org ({'activity_id': '1', 'activity_type': 'execute_and_track_workflow', 'attempt': 1, 'namespace': 'default', 'task_queue': 'comfyui-gpu-farm', 'workflow_id': 'chain-image-edit-to-video-pipeline-8e0e9e6a-9ea0-43bc-8aa2-f13ed1c4b672-extract_frame1', 'workflow_run_id': '019bc006-2c4e-79af-a082-3bbaac9ad142', 'workflow_type': 'ComfyUIWorkflow'})
2026-01-15 10:29:48,762 - temporalio.activity - INFO - [V3] Workflow name: imageSave ({'activity_id': '1', 'activity_type': 'execute_and_track_workflow', 'attempt': 1, 'namespace': 'default', 'task_queue': 'comfyui-gpu-farm', 'workflow_id': 'chain-image-edit-to-video-pipeline-8e0e9e6a-9ea0-43bc-8aa2-f13ed1c4b672-extract_frame1', 'workflow_run_id': '019bc006-2c4e-79af-a082-3bbaac9ad142', 'workflow_type': 'ComfyUIWorkflow'})
2026-01-15 10:29:48,805 - temporal_gateway.clients.comfy.client - INFO - ComfyUI client initialized for http://procure-x.testmcp.org
2026-01-15 10:29:48,805 - temporal_gateway.clients.comfy.client - INFO - Submitting workflow to ComfyUI
2026-01-15 10:29:48,854 - httpx - INFO - HTTP Request: POST http://procure-x.testmcp.org/prompt "HTTP/1.1 200 OK"
2026-01-15 10:29:48,855 - temporal_gateway.clients.comfy.client - INFO - Workflow queued with prompt_id: 751ab6ba-a021-4382-9c61-3e512052a8a5
2026-01-15 10:29:48,855 - temporal_gateway.clients.comfy.tracker - INFO - Starting execution tracking for prompt 751ab6ba-a021-4382-9c61-3e512052a8a5
2026-01-15 10:29:48,855 - temporal_gateway.clients.comfy.tracker - INFO - Starting history polling
2026-01-15 10:29:48,856 - temporal_gateway.clients.comfy.tracker - INFO - Starting WebSocket listener
2026-01-15 10:29:48,856 - temporal_gateway.clients.comfy.websocket - INFO - Connecting to WebSocket: ws://procure-x.testmcp.org/ws?clientId=dc7c77e9-13e2-4b6a-b301-e5b639812a66
2026-01-15 10:29:49,199 - httpx - INFO - HTTP Request: POST http://procure-x.testmcp.org/prompt "HTTP/1.1 200 OK"
2026-01-15 10:29:49,203 - httpx - INFO - HTTP Request: GET http://procure-x.testmcp.org/history/751ab6ba-a021-4382-9c61-3e512052a8a5 "HTTP/1.1 200 OK"
2026-01-15 10:29:49,204 - temporal_gateway.clients.comfy.websocket - INFO - WebSocket connected successfully
2026-01-15 10:29:49,206 - temporal_gateway.clients.comfy.client - INFO - Workflow queued with prompt_id: 36b98eff-7a46-41d3-8192-00a28153f71b
2026-01-15 10:29:49,207 - temporal_gateway.clients.comfy.tracker - INFO - Starting execution tracking for prompt 36b98eff-7a46-41d3-8192-00a28153f71b
2026-01-15 10:29:49,208 - temporal_gateway.clients.comfy.tracker - INFO - [POLL] Found in history: success
2026-01-15 10:29:49,209 - temporal_gateway.clients.comfy.tracker - INFO - Tracking completed: success (took 0.35s)
2026-01-15 10:29:49,209 - temporal_gateway.clients.comfy.tracker - INFO - Starting history polling
2026-01-15 10:29:49,214 - temporal_gateway.clients.comfy.tracker - INFO - Starting WebSocket listener
2026-01-15 10:29:49,215 - temporal_gateway.clients.comfy.websocket - INFO - Connecting to WebSocket: ws://procure-x.testmcp.org/ws?clientId=13dd662d-fd73-40d9-a18a-c1ed26887c9a
2026-01-15 10:29:49,217 - temporalio.activity - INFO - [V3] Workflow completed successfully ({'activity_id': '1', 'activity_type': 'execute_and_track_workflow', 'attempt': 1, 'namespace': 'default', 'task_queue': 'comfyui-gpu-farm', 'workflow_id': 'chain-image-edit-to-video-pipeline-8e0e9e6a-9ea0-43bc-8aa2-f13ed1c4b672-extract_frame1', 'workflow_run_id': '019bc006-2c4e-79af-a082-3bbaac9ad142', 'workflow_type': 'ComfyUIWorkflow'})
2026-01-15 10:29:49,238 - httpx - INFO - HTTP Request: GET http://procure-x.testmcp.org/history/36b98eff-7a46-41d3-8192-00a28153f71b "HTTP/1.1 200 OK"
2026-01-15 10:29:49,258 - temporalio.workflow - INFO - Execution completed successfully ({'attempt': 1, 'namespace': 'default', 'run_id': '019bc006-2c4e-79af-a082-3bbaac9ad142', 'task_queue': 'comfyui-gpu-farm', 'workflow_id': 'chain-image-edit-to-video-pipeline-8e0e9e6a-9ea0-43bc-8aa2-f13ed1c4b672-extract_frame1', 'workflow_type': 'ComfyUIWorkflow'})
2026-01-15 10:29:49,259 - temporal_gateway.clients.comfy.websocket - INFO - WebSocket connected successfully
2026-01-15 10:29:49,281 - temporalio.activity - INFO - Extracting server output files ({'activity_id': '2', 'activity_type': 'get_server_output_files', 'attempt': 1, 'namespace': 'default', 'task_queue': 'comfyui-gpu-farm', 'workflow_id': 'chain-image-edit-to-video-pipeline-8e0e9e6a-9ea0-43bc-8aa2-f13ed1c4b672-extract_frame1', 'workflow_run_id': '019bc006-2c4e-79af-a082-3bbaac9ad142', 'workflow_type': 'ComfyUIWorkflow'})
2026-01-15 10:29:49,281 - temporalio.activity - INFO - Found 1 output file(s) ({'activity_id': '2', 'activity_type': 'get_server_output_files', 'attempt': 1, 'namespace': 'default', 'task_queue': 'comfyui-gpu-farm', 'workflow_id': 'chain-image-edit-to-video-pipeline-8e0e9e6a-9ea0-43bc-8aa2-f13ed1c4b672-extract_frame1', 'workflow_run_id': '019bc006-2c4e-79af-a082-3bbaac9ad142', 'workflow_type': 'ComfyUIWorkflow'})
2026-01-15 10:29:49,290 - temporalio.workflow - INFO - Found 1 server output file(s) ({'attempt': 1, 'namespace': 'default', 'run_id': '019bc006-2c4e-79af-a082-3bbaac9ad142', 'task_queue': 'comfyui-gpu-farm', 'workflow_id': 'chain-image-edit-to-video-pipeline-8e0e9e6a-9ea0-43bc-8aa2-f13ed1c4b672-extract_frame1', 'workflow_type': 'ComfyUIWorkflow'})
2026-01-15 10:29:49,298 - temporalio.activity - INFO - Downloading and persisting 1 artifact(s) for workflow 69a33e8e-711b-42b3-8520-892bee40c30a ({'activity_id': '3', 'activity_type': 'download_and_store_artifacts', 'attempt': 1, 'namespace': 'default', 'task_queue': 'comfyui-gpu-farm', 'workflow_id': 'chain-image-edit-to-video-pipeline-8e0e9e6a-9ea0-43bc-8aa2-f13ed1c4b672-extract_frame1', 'workflow_run_id': '019bc006-2c4e-79af-a082-3bbaac9ad142', 'workflow_type': 'ComfyUIWorkflow'})
2026-01-15 10:29:49,347 - temporal_gateway.clients.comfy.client - INFO - ComfyUI client initialized for http://procure-x.testmcp.org
2026-01-15 10:29:49,349 - temporal_gateway.clients.comfy.tracker - INFO - [WS] Execution completed successfully
2026-01-15 10:29:49,363 - httpx - INFO - HTTP Request: GET http://procure-x.testmcp.org/history/36b98eff-7a46-41d3-8192-00a28153f71b "HTTP/1.1 200 OK"
2026-01-15 10:29:49,364 - temporal_gateway.clients.comfy.tracker - INFO - Tracking completed: success (took 0.16s)
2026-01-15 10:29:49,365 - temporalio.activity - INFO - [V3] Workflow completed successfully ({'activity_id': '1', 'activity_type': 'execute_and_track_workflow', 'attempt': 1, 'namespace': 'default', 'task_queue': 'comfyui-gpu-farm', 'workflow_id': 'chain-image-edit-to-video-pipeline-8e0e9e6a-9ea0-43bc-8aa2-f13ed1c4b672-extract_frame2', 'workflow_run_id': '019bc006-2c45-7102-b0d6-69f5ad5a9b87', 'workflow_type': 'ComfyUIWorkflow'})
2026-01-15 10:29:49,373 - temporalio.workflow - INFO - Execution completed successfully ({'attempt': 1, 'namespace': 'default', 'run_id': '019bc006-2c45-7102-b0d6-69f5ad5a9b87', 'task_queue': 'comfyui-gpu-farm', 'workflow_id': 'chain-image-edit-to-video-pipeline-8e0e9e6a-9ea0-43bc-8aa2-f13ed1c4b672-extract_frame2', 'workflow_type': 'ComfyUIWorkflow'})
2026-01-15 10:29:49,377 - httpx - INFO - HTTP Request: GET http://procure-x.testmcp.org/view?filename=ComfyUI_00308_.png&type=output "HTTP/1.1 200 OK"
2026-01-15 10:29:49,382 - temporalio.activity - INFO - Extracting server output files ({'activity_id': '2', 'activity_type': 'get_server_output_files', 'attempt': 1, 'namespace': 'default', 'task_queue': 'comfyui-gpu-farm', 'workflow_id': 'chain-image-edit-to-video-pipeline-8e0e9e6a-9ea0-43bc-8aa2-f13ed1c4b672-extract_frame2', 'workflow_run_id': '019bc006-2c45-7102-b0d6-69f5ad5a9b87', 'workflow_type': 'ComfyUIWorkflow'})
2026-01-15 10:29:49,382 - temporalio.activity - INFO - Found 1 output file(s) ({'activity_id': '2', 'activity_type': 'get_server_output_files', 'attempt': 1, 'namespace': 'default', 'task_queue': 'comfyui-gpu-farm', 'workflow_id': 'chain-image-edit-to-video-pipeline-8e0e9e6a-9ea0-43bc-8aa2-f13ed1c4b672-extract_frame2', 'workflow_run_id': '019bc006-2c45-7102-b0d6-69f5ad5a9b87', 'workflow_type': 'ComfyUIWorkflow'})
2026-01-15 10:29:49,391 - temporalio.workflow - INFO - Found 1 server output file(s) ({'attempt': 1, 'namespace': 'default', 'run_id': '019bc006-2c45-7102-b0d6-69f5ad5a9b87', 'task_queue': 'comfyui-gpu-farm', 'workflow_id': 'chain-image-edit-to-video-pipeline-8e0e9e6a-9ea0-43bc-8aa2-f13ed1c4b672-extract_frame2', 'workflow_type': 'ComfyUIWorkflow'})
2026-01-15 10:29:49,408 - temporalio.activity - INFO - ✓ Saved artifact to DB: d25cc6c9-eccf-43af-a39d-166f1e5518b1 (ComfyUI_00308_.png) ({'activity_id': '3', 'activity_type': 'download_and_store_artifacts', 'attempt': 1, 'namespace': 'default', 'task_queue': 'comfyui-gpu-farm', 'workflow_id': 'chain-image-edit-to-video-pipeline-8e0e9e6a-9ea0-43bc-8aa2-f13ed1c4b672-extract_frame1', 'workflow_run_id': '019bc006-2c4e-79af-a082-3bbaac9ad142', 'workflow_type': 'ComfyUIWorkflow'})
2026-01-15 10:29:49,408 - temporalio.activity - INFO - Downloaded and persisted 1 artifact(s) ({'activity_id': '3', 'activity_type': 'download_and_store_artifacts', 'attempt': 1, 'namespace': 'default', 'task_queue': 'comfyui-gpu-farm', 'workflow_id': 'chain-image-edit-to-video-pipeline-8e0e9e6a-9ea0-43bc-8aa2-f13ed1c4b672-extract_frame1', 'workflow_run_id': '019bc006-2c4e-79af-a082-3bbaac9ad142', 'workflow_type': 'ComfyUIWorkflow'})
2026-01-15 10:29:49,409 - temporalio.activity - INFO - Downloading and persisting 1 artifact(s) for workflow 128110a9-1686-4b06-ab74-4e6ff0e396bd ({'activity_id': '3', 'activity_type': 'download_and_store_artifacts', 'attempt': 1, 'namespace': 'default', 'task_queue': 'comfyui-gpu-farm', 'workflow_id': 'chain-image-edit-to-video-pipeline-8e0e9e6a-9ea0-43bc-8aa2-f13ed1c4b672-extract_frame2', 'workflow_run_id': '019bc006-2c45-7102-b0d6-69f5ad5a9b87', 'workflow_type': 'ComfyUIWorkflow'})
2026-01-15 10:29:49,458 - temporal_gateway.clients.comfy.client - INFO - ComfyUI client initialized for http://procure-x.testmcp.org
2026-01-15 10:29:49,461 - temporalio.workflow - INFO - Downloaded 1 file(s) locally ({'attempt': 1, 'namespace': 'default', 'run_id': '019bc006-2c4e-79af-a082-3bbaac9ad142', 'task_queue': 'comfyui-gpu-farm', 'workflow_id': 'chain-image-edit-to-video-pipeline-8e0e9e6a-9ea0-43bc-8aa2-f13ed1c4b672-extract_frame1', 'workflow_type': 'ComfyUIWorkflow'})
2026-01-15 10:29:49,483 - temporalio.activity - INFO - Updating workflow 69a33e8e-711b-42b3-8520-892bee40c30a status to: completed ({'activity_id': '10', 'activity_type': 'update_workflow_status_activity', 'attempt': 1, 'namespace': 'default', 'task_queue': 'comfyui-gpu-farm', 'workflow_id': 'chain-image-edit-to-video-pipeline-8e0e9e6a-9ea0-43bc-8aa2-f13ed1c4b672', 'workflow_run_id': '019bc006-2afd-779e-93e4-6477fee808d6', 'workflow_type': 'ChainExecutorWorkflow'})
2026-01-15 10:29:49,487 - temporalio.activity - INFO - ✓ Updated workflow status ({'activity_id': '10', 'activity_type': 'update_workflow_status_activity', 'attempt': 1, 'namespace': 'default', 'task_queue': 'comfyui-gpu-farm', 'workflow_id': 'chain-image-edit-to-video-pipeline-8e0e9e6a-9ea0-43bc-8aa2-f13ed1c4b672', 'workflow_run_id': '019bc006-2afd-779e-93e4-6477fee808d6', 'workflow_type': 'ChainExecutorWorkflow'})
2026-01-15 10:29:49,497 - httpx - INFO - HTTP Request: GET http://procure-x.testmcp.org/view?filename=ComfyUI_00309_.png&type=output "HTTP/1.1 200 OK"
2026-01-15 10:29:49,509 - temporalio.activity - INFO - Getting artifacts for workflow: 69a33e8e-711b-42b3-8520-892bee40c30a ({'activity_id': '11', 'activity_type': 'get_workflow_artifacts', 'attempt': 1, 'namespace': 'default', 'task_queue': 'comfyui-gpu-farm', 'workflow_id': 'chain-image-edit-to-video-pipeline-8e0e9e6a-9ea0-43bc-8aa2-f13ed1c4b672', 'workflow_run_id': '019bc006-2afd-779e-93e4-6477fee808d6', 'workflow_type': 'ChainExecutorWorkflow'})
2026-01-15 10:29:49,523 - temporalio.activity - INFO - ✓ Saved artifact to DB: cb65b34b-a606-4aba-9f19-57861817d08c (ComfyUI_00309_.png) ({'activity_id': '3', 'activity_type': 'download_and_store_artifacts', 'attempt': 1, 'namespace': 'default', 'task_queue': 'comfyui-gpu-farm', 'workflow_id': 'chain-image-edit-to-video-pipeline-8e0e9e6a-9ea0-43bc-8aa2-f13ed1c4b672-extract_frame2', 'workflow_run_id': '019bc006-2c45-7102-b0d6-69f5ad5a9b87', 'workflow_type': 'ComfyUIWorkflow'})
2026-01-15 10:29:49,523 - temporalio.activity - INFO - Downloaded and persisted 1 artifact(s) ({'activity_id': '3', 'activity_type': 'download_and_store_artifacts', 'attempt': 1, 'namespace': 'default', 'task_queue': 'comfyui-gpu-farm', 'workflow_id': 'chain-image-edit-to-video-pipeline-8e0e9e6a-9ea0-43bc-8aa2-f13ed1c4b672-extract_frame2', 'workflow_run_id': '019bc006-2c45-7102-b0d6-69f5ad5a9b87', 'workflow_type': 'ComfyUIWorkflow'})
2026-01-15 10:29:49,534 - temporalio.workflow - INFO - Downloaded 1 file(s) locally ({'attempt': 1, 'namespace': 'default', 'run_id': '019bc006-2c45-7102-b0d6-69f5ad5a9b87', 'task_queue': 'comfyui-gpu-farm', 'workflow_id': 'chain-image-edit-to-video-pipeline-8e0e9e6a-9ea0-43bc-8aa2-f13ed1c4b672-extract_frame2', 'workflow_type': 'ComfyUIWorkflow'})
2026-01-15 10:29:49,536 - temporalio.activity - INFO - Creating approval request for artifact: d25cc6c9-eccf-43af-a39d-166f1e5518b1 ({'activity_id': '12', 'activity_type': 'create_approval_request_activity', 'attempt': 1, 'namespace': 'default', 'task_queue': 'comfyui-gpu-farm', 'workflow_id': 'chain-image-edit-to-video-pipeline-8e0e9e6a-9ea0-43bc-8aa2-f13ed1c4b672', 'workflow_run_id': '019bc006-2afd-779e-93e4-6477fee808d6', 'workflow_type': 'ChainExecutorWorkflow'})
2026-01-15 10:29:49,540 - temporalio.activity - INFO - ✓ Created approval request: e0527f45-ded9-4d7c-b856-37a7d42afe88, token: dQ-oIvmzSgVg6ZxC... ({'activity_id': '12', 'activity_type': 'create_approval_request_activity', 'attempt': 1, 'namespace': 'default', 'task_queue': 'comfyui-gpu-farm', 'workflow_id': 'chain-image-edit-to-video-pipeline-8e0e9e6a-9ea0-43bc-8aa2-f13ed1c4b672', 'workflow_run_id': '019bc006-2afd-779e-93e4-6477fee808d6', 'workflow_type': 'ChainExecutorWorkflow'})
2026-01-15 10:29:49,541 - temporal_gateway.services.broadcast - INFO - Published approval_requested to chain:456fa1b3-0907-4c7d-a7ad-e5ed05402f58
2026-01-15 10:29:49,541 - temporalio.activity - INFO - Published approval_requested event for chain 456fa1b3-0907-4c7d-a7ad-e5ed05402f58 ({'activity_id': '12', 'activity_type': 'create_approval_request_activity', 'attempt': 1, 'namespace': 'default', 'task_queue': 'comfyui-gpu-farm', 'workflow_id': 'chain-image-edit-to-video-pipeline-8e0e9e6a-9ea0-43bc-8aa2-f13ed1c4b672', 'workflow_run_id': '019bc006-2afd-779e-93e4-6477fee808d6', 'workflow_type': 'ChainExecutorWorkflow'})
2026-01-15 10:29:49,552 - temporalio.workflow - INFO - Step extract_frame1: Approval request created, token: dQ-oIvmzSgVg6ZxC... ({'attempt': 1, 'namespace': 'default', 'run_id': '019bc006-2afd-779e-93e4-6477fee808d6', 'task_queue': 'comfyui-gpu-farm', 'workflow_id': 'chain-image-edit-to-video-pipeline-8e0e9e6a-9ea0-43bc-8aa2-f13ed1c4b672', 'workflow_type': 'ChainExecutorWorkflow'})
2026-01-15 10:29:49,561 - temporalio.activity - INFO - Updating workflow 128110a9-1686-4b06-ab74-4e6ff0e396bd status to: completed ({'activity_id': '13', 'activity_type': 'update_workflow_status_activity', 'attempt': 1, 'namespace': 'default', 'task_queue': 'comfyui-gpu-farm', 'workflow_id': 'chain-image-edit-to-video-pipeline-8e0e9e6a-9ea0-43bc-8aa2-f13ed1c4b672', 'workflow_run_id': '019bc006-2afd-779e-93e4-6477fee808d6', 'workflow_type': 'ChainExecutorWorkflow'})
2026-01-15 10:29:49,565 - temporalio.activity - INFO - ✓ Updated workflow status ({'activity_id': '13', 'activity_type': 'update_workflow_status_activity', 'attempt': 1, 'namespace': 'default', 'task_queue': 'comfyui-gpu-farm', 'workflow_id': 'chain-image-edit-to-video-pipeline-8e0e9e6a-9ea0-43bc-8aa2-f13ed1c4b672', 'workflow_run_id': '019bc006-2afd-779e-93e4-6477fee808d6', 'workflow_type': 'ChainExecutorWorkflow'})
2026-01-15 10:29:49,586 - temporalio.activity - INFO - Getting artifacts for workflow: 128110a9-1686-4b06-ab74-4e6ff0e396bd ({'activity_id': '14', 'activity_type': 'get_workflow_artifacts', 'attempt': 1, 'namespace': 'default', 'task_queue': 'comfyui-gpu-farm', 'workflow_id': 'chain-image-edit-to-video-pipeline-8e0e9e6a-9ea0-43bc-8aa2-f13ed1c4b672', 'workflow_run_id': '019bc006-2afd-779e-93e4-6477fee808d6', 'workflow_type': 'ChainExecutorWorkflow'})
2026-01-15 10:29:49,604 - temporalio.activity - INFO - Creating approval request for artifact: cb65b34b-a606-4aba-9f19-57861817d08c ({'activity_id': '15', 'activity_type': 'create_approval_request_activity', 'attempt': 1, 'namespace': 'default', 'task_queue': 'comfyui-gpu-farm', 'workflow_id': 'chain-image-edit-to-video-pipeline-8e0e9e6a-9ea0-43bc-8aa2-f13ed1c4b672', 'workflow_run_id': '019bc006-2afd-779e-93e4-6477fee808d6', 'workflow_type': 'ChainExecutorWorkflow'})
2026-01-15 10:29:49,607 - temporalio.activity - INFO - ✓ Created approval request: 6e2efdfd-d310-4ef6-83ad-91a8ba3142a2, token: cpx45oiGSI2R-4Hg... ({'activity_id': '15', 'activity_type': 'create_approval_request_activity', 'attempt': 1, 'namespace': 'default', 'task_queue': 'comfyui-gpu-farm', 'workflow_id': 'chain-image-edit-to-video-pipeline-8e0e9e6a-9ea0-43bc-8aa2-f13ed1c4b672', 'workflow_run_id': '019bc006-2afd-779e-93e4-6477fee808d6', 'workflow_type': 'ChainExecutorWorkflow'})
2026-01-15 10:29:49,608 - temporal_gateway.services.broadcast - INFO - Published approval_requested to chain:456fa1b3-0907-4c7d-a7ad-e5ed05402f58
2026-01-15 10:29:49,608 - temporalio.activity - INFO - Published approval_requested event for chain 456fa1b3-0907-4c7d-a7ad-e5ed05402f58 ({'activity_id': '15', 'activity_type': 'create_approval_request_activity', 'attempt': 1, 'namespace': 'default', 'task_queue': 'comfyui-gpu-farm', 'workflow_id': 'chain-image-edit-to-video-pipeline-8e0e9e6a-9ea0-43bc-8aa2-f13ed1c4b672', 'workflow_run_id': '019bc006-2afd-779e-93e4-6477fee808d6', 'workflow_type': 'ChainExecutorWorkflow'})
2026-01-15 10:29:49,617 - temporalio.workflow - INFO - Step extract_frame2: Approval request created, token: cpx45oiGSI2R-4Hg... ({'attempt': 1, 'namespace': 'default', 'run_id': '019bc006-2afd-779e-93e4-6477fee808d6', 'task_queue': 'comfyui-gpu-farm', 'workflow_id': 'chain-image-edit-to-video-pipeline-8e0e9e6a-9ea0-43bc-8aa2-f13ed1c4b672', 'workflow_type': 'ChainExecutorWorkflow'})
