2026-01-15 10:01:23,765 - worker - INFO - Initializing artifact database...
2026-01-15 10:01:23,766 - worker - INFO - Database initialized
2026-01-15 10:01:23,767 - worker - INFO - Connecting to Redis for event broadcasting...
2026-01-15 10:01:23,806 - temporal_gateway.services.broadcast - INFO - Created broadcast instance for redis://localhost:6379
2026-01-15 10:01:23,808 - temporal_gateway.services.broadcast - INFO - Broadcast connected to Redis
2026-01-15 10:01:23,808 - worker - INFO - Redis broadcast connected
2026-01-15 10:01:23,808 - worker - INFO - Loading server registry...
2026-01-15 10:01:23,808 - temporal_gateway.servers.registry - INFO - Registered server: procure-x (comfyui)
2026-01-15 10:01:23,808 - temporal_gateway.servers.registry - INFO - Loaded 1 servers from config
2026-01-15 10:01:23,808 - worker - INFO - Registered 1 servers
2026-01-15 10:01:23,808 - worker - INFO -   Server: procure-x (comfyui)
2026-01-15 10:01:23,928 - worker - INFO - ============================================================
2026-01-15 10:01:23,929 - worker - INFO - 🔧 Temporal Worker Started
2026-01-15 10:01:23,929 - worker - INFO - ============================================================
2026-01-15 10:01:23,929 - worker - INFO - Connected to Temporal: localhost:7233
2026-01-15 10:01:23,929 - worker - INFO - Task Queue: comfyui-gpu-farm
2026-01-15 10:01:23,929 - worker - INFO - Workflows: ['ComfyUIWorkflow', 'ChainExecutorWorkflow']
2026-01-15 10:01:23,929 - worker - INFO - Log file: /home/jaskirat/Documents/comfyautomate/temporal_gateway/logs/worker_20260115_043123.log
2026-01-15 10:01:23,929 - worker - INFO - ============================================================
2026-01-15 10:01:23,929 - worker - INFO - Worker is running. Press Ctrl+C to stop.
2026-01-15 10:01:28,103 - temporalio.workflow - INFO - Starting chain execution: image-edit-to-video-pipeline ({'attempt': 1, 'namespace': 'default', 'run_id': '019bbfec-3952-7ad2-9ebf-11f64b9dcfae', 'task_queue': 'comfyui-gpu-farm', 'workflow_id': 'chain-image-edit-to-video-pipeline-13f5a153-590e-4c80-88be-f3855316a0eb', 'workflow_type': 'ChainExecutorWorkflow'})
2026-01-15 10:01:28,103 - temporalio.workflow - INFO - Retry number: 0 ({'attempt': 1, 'namespace': 'default', 'run_id': '019bbfec-3952-7ad2-9ebf-11f64b9dcfae', 'task_queue': 'comfyui-gpu-farm', 'workflow_id': 'chain-image-edit-to-video-pipeline-13f5a153-590e-4c80-88be-f3855316a0eb', 'workflow_type': 'ChainExecutorWorkflow'})
2026-01-15 10:01:28,103 - temporalio.workflow - INFO - Cached steps: [] ({'attempt': 1, 'namespace': 'default', 'run_id': '019bbfec-3952-7ad2-9ebf-11f64b9dcfae', 'task_queue': 'comfyui-gpu-farm', 'workflow_id': 'chain-image-edit-to-video-pipeline-13f5a153-590e-4c80-88be-f3855316a0eb', 'workflow_type': 'ChainExecutorWorkflow'})
2026-01-15 10:01:28,103 - temporalio.workflow - INFO - Total levels: 3 ({'attempt': 1, 'namespace': 'default', 'run_id': '019bbfec-3952-7ad2-9ebf-11f64b9dcfae', 'task_queue': 'comfyui-gpu-farm', 'workflow_id': 'chain-image-edit-to-video-pipeline-13f5a153-590e-4c80-88be-f3855316a0eb', 'workflow_type': 'ChainExecutorWorkflow'})
2026-01-15 10:01:28,103 - temporalio.workflow - INFO - Using chain ID: d4dfdf39-8575-4b8a-a19e-517702c10120 ({'attempt': 1, 'namespace': 'default', 'run_id': '019bbfec-3952-7ad2-9ebf-11f64b9dcfae', 'task_queue': 'comfyui-gpu-farm', 'workflow_id': 'chain-image-edit-to-video-pipeline-13f5a153-590e-4c80-88be-f3855316a0eb', 'workflow_type': 'ChainExecutorWorkflow'})
2026-01-15 10:01:28,113 - temporalio.activity - INFO - Updating chain d4dfdf39-8575-4b8a-a19e-517702c10120 status to: executing_level_0 ({'activity_id': '1', 'activity_type': 'update_chain_status_activity', 'attempt': 1, 'namespace': 'default', 'task_queue': 'comfyui-gpu-farm', 'workflow_id': 'chain-image-edit-to-video-pipeline-13f5a153-590e-4c80-88be-f3855316a0eb', 'workflow_run_id': '019bbfec-3952-7ad2-9ebf-11f64b9dcfae', 'workflow_type': 'ChainExecutorWorkflow'})
2026-01-15 10:01:28,150 - temporalio.activity - INFO - ✓ Updated chain status ({'activity_id': '1', 'activity_type': 'update_chain_status_activity', 'attempt': 1, 'namespace': 'default', 'task_queue': 'comfyui-gpu-farm', 'workflow_id': 'chain-image-edit-to-video-pipeline-13f5a153-590e-4c80-88be-f3855316a0eb', 'workflow_run_id': '019bbfec-3952-7ad2-9ebf-11f64b9dcfae', 'workflow_type': 'ChainExecutorWorkflow'})
2026-01-15 10:01:28,160 - temporalio.workflow - INFO - Level 0: Executing 2 step(s) ({'attempt': 1, 'namespace': 'default', 'run_id': '019bbfec-3952-7ad2-9ebf-11f64b9dcfae', 'task_queue': 'comfyui-gpu-farm', 'workflow_id': 'chain-image-edit-to-video-pipeline-13f5a153-590e-4c80-88be-f3855316a0eb', 'workflow_type': 'ChainExecutorWorkflow'})
2026-01-15 10:01:28,160 - temporalio.workflow - INFO - Executing step: extract_frame1 ({'attempt': 1, 'namespace': 'default', 'run_id': '019bbfec-3952-7ad2-9ebf-11f64b9dcfae', 'task_queue': 'comfyui-gpu-farm', 'workflow_id': 'chain-image-edit-to-video-pipeline-13f5a153-590e-4c80-88be-f3855316a0eb', 'workflow_type': 'ChainExecutorWorkflow'})
2026-01-15 10:01:28,160 - temporalio.workflow - INFO - Executing step: extract_frame2 ({'attempt': 1, 'namespace': 'default', 'run_id': '019bbfec-3952-7ad2-9ebf-11f64b9dcfae', 'task_queue': 'comfyui-gpu-farm', 'workflow_id': 'chain-image-edit-to-video-pipeline-13f5a153-590e-4c80-88be-f3855316a0eb', 'workflow_type': 'ChainExecutorWorkflow'})
2026-01-15 10:01:28,168 - temporalio.activity - INFO - Resolving templates in parameters ({'activity_id': '2', 'activity_type': 'resolve_chain_templates', 'attempt': 1, 'namespace': 'default', 'task_queue': 'comfyui-gpu-farm', 'workflow_id': 'chain-image-edit-to-video-pipeline-13f5a153-590e-4c80-88be-f3855316a0eb', 'workflow_run_id': '019bbfec-3952-7ad2-9ebf-11f64b9dcfae', 'workflow_type': 'ChainExecutorWorkflow'})
2026-01-15 10:01:28,168 - temporalio.activity - INFO - Templates resolved successfully ({'activity_id': '2', 'activity_type': 'resolve_chain_templates', 'attempt': 1, 'namespace': 'default', 'task_queue': 'comfyui-gpu-farm', 'workflow_id': 'chain-image-edit-to-video-pipeline-13f5a153-590e-4c80-88be-f3855316a0eb', 'workflow_run_id': '019bbfec-3952-7ad2-9ebf-11f64b9dcfae', 'workflow_type': 'ChainExecutorWorkflow'})
2026-01-15 10:01:28,170 - temporalio.activity - INFO - Resolving templates in parameters ({'activity_id': '3', 'activity_type': 'resolve_chain_templates', 'attempt': 1, 'namespace': 'default', 'task_queue': 'comfyui-gpu-farm', 'workflow_id': 'chain-image-edit-to-video-pipeline-13f5a153-590e-4c80-88be-f3855316a0eb', 'workflow_run_id': '019bbfec-3952-7ad2-9ebf-11f64b9dcfae', 'workflow_type': 'ChainExecutorWorkflow'})
2026-01-15 10:01:28,171 - temporalio.activity - INFO - Templates resolved successfully ({'activity_id': '3', 'activity_type': 'resolve_chain_templates', 'attempt': 1, 'namespace': 'default', 'task_queue': 'comfyui-gpu-farm', 'workflow_id': 'chain-image-edit-to-video-pipeline-13f5a153-590e-4c80-88be-f3855316a0eb', 'workflow_run_id': '019bbfec-3952-7ad2-9ebf-11f64b9dcfae', 'workflow_type': 'ChainExecutorWorkflow'})
2026-01-15 10:01:28,189 - temporalio.activity - INFO - Applying parameters to workflow: imageSave ({'activity_id': '5', 'activity_type': 'apply_workflow_parameters', 'attempt': 1, 'namespace': 'default', 'task_queue': 'comfyui-gpu-farm', 'workflow_id': 'chain-image-edit-to-video-pipeline-13f5a153-590e-4c80-88be-f3855316a0eb', 'workflow_run_id': '019bbfec-3952-7ad2-9ebf-11f64b9dcfae', 'workflow_type': 'ChainExecutorWorkflow'})
2026-01-15 10:01:28,189 - temporal_gateway.registry - INFO - WorkflowRegistry initialized: /home/jaskirat/Documents/comfyautomate/templates
2026-01-15 10:01:28,190 - temporal_gateway.registry - INFO - ✓ fluxdev: Loading from override file
2026-01-15 10:01:28,190 - temporal_gateway.registry - INFO -   Loaded 13 parameters from override file
2026-01-15 10:01:28,191 - temporal_gateway.registry - INFO - ✓ firstEndTovideo: Loading from override file
2026-01-15 10:01:28,191 - temporal_gateway.registry - INFO -   Loaded 44 parameters from override file
2026-01-15 10:01:28,191 - temporal_gateway.registry - INFO - ✓ image_qwen_edit: Loading from override file
2026-01-15 10:01:28,191 - temporal_gateway.registry - INFO -   Loaded 27 parameters from override file
2026-01-15 10:01:28,192 - temporal_gateway.registry - INFO - ✓ video_wan2_2_14B_fun_camera_test: Loading from override file
2026-01-15 10:01:28,192 - temporal_gateway.registry - INFO -   Loaded 49 parameters from override file
2026-01-15 10:01:28,193 - temporal_gateway.registry - INFO - ✓ qwen_image_edit: Loading from override file
2026-01-15 10:01:28,193 - temporal_gateway.registry - INFO -   Loaded 25 parameters from override file
2026-01-15 10:01:28,193 - temporal_gateway.registry - INFO - ✓ video_wan2_2_14B_i2v: Loading from override file
2026-01-15 10:01:28,193 - temporal_gateway.registry - INFO -   Loaded 43 parameters from override file
2026-01-15 10:01:28,194 - temporal_gateway.registry - INFO - ✓ imageSave: Loading from override file
2026-01-15 10:01:28,194 - temporal_gateway.registry - INFO -   Loaded 9 parameters from override file
2026-01-15 10:01:28,194 - temporal_gateway.registry - INFO - Discovery complete: 7 workflows, 0 generated, 7 loaded, 0 regenerated
2026-01-15 10:01:28,194 - temporal_gateway.registry - INFO - Applied override: 1.frame_load_cap = 1
2026-01-15 10:01:28,194 - temporal_gateway.registry - INFO - Applied override: 1.select_every_nth = 1
2026-01-15 10:01:28,194 - temporal_gateway.registry - INFO - Applied override: 1.skip_first_frames = 172
2026-01-15 10:01:28,194 - temporal_gateway.registry - INFO - Applied override: 1.video = ComfyUI_00012_.mp4
2026-01-15 10:01:28,194 - temporalio.activity - INFO - Parameters applied successfully ({'activity_id': '5', 'activity_type': 'apply_workflow_parameters', 'attempt': 1, 'namespace': 'default', 'task_queue': 'comfyui-gpu-farm', 'workflow_id': 'chain-image-edit-to-video-pipeline-13f5a153-590e-4c80-88be-f3855316a0eb', 'workflow_run_id': '019bbfec-3952-7ad2-9ebf-11f64b9dcfae', 'workflow_type': 'ChainExecutorWorkflow'})
2026-01-15 10:01:28,195 - temporalio.activity - INFO - Applying parameters to workflow: imageSave ({'activity_id': '4', 'activity_type': 'apply_workflow_parameters', 'attempt': 1, 'namespace': 'default', 'task_queue': 'comfyui-gpu-farm', 'workflow_id': 'chain-image-edit-to-video-pipeline-13f5a153-590e-4c80-88be-f3855316a0eb', 'workflow_run_id': '019bbfec-3952-7ad2-9ebf-11f64b9dcfae', 'workflow_type': 'ChainExecutorWorkflow'})
2026-01-15 10:01:28,195 - temporal_gateway.registry - INFO - Applied override: 1.frame_load_cap = 1
2026-01-15 10:01:28,195 - temporal_gateway.registry - INFO - Applied override: 1.select_every_nth = 1
2026-01-15 10:01:28,195 - temporal_gateway.registry - INFO - Applied override: 1.skip_first_frames = 0
2026-01-15 10:01:28,195 - temporal_gateway.registry - INFO - Applied override: 1.video = ComfyUI_00012_.mp4
2026-01-15 10:01:28,196 - temporalio.activity - INFO - Parameters applied successfully ({'activity_id': '4', 'activity_type': 'apply_workflow_parameters', 'attempt': 1, 'namespace': 'default', 'task_queue': 'comfyui-gpu-farm', 'workflow_id': 'chain-image-edit-to-video-pipeline-13f5a153-590e-4c80-88be-f3855316a0eb', 'workflow_run_id': '019bbfec-3952-7ad2-9ebf-11f64b9dcfae', 'workflow_type': 'ChainExecutorWorkflow'})
2026-01-15 10:01:28,213 - temporalio.activity - INFO - Selecting server with strategy: least_loaded ({'activity_id': '7', 'activity_type': 'select_best_server', 'attempt': 1, 'namespace': 'default', 'task_queue': 'comfyui-gpu-farm', 'workflow_id': 'chain-image-edit-to-video-pipeline-13f5a153-590e-4c80-88be-f3855316a0eb', 'workflow_run_id': '019bbfec-3952-7ad2-9ebf-11f64b9dcfae', 'workflow_type': 'ChainExecutorWorkflow'})
2026-01-15 10:01:28,300 - temporalio.activity - INFO - Selecting server with strategy: least_loaded ({'activity_id': '6', 'activity_type': 'select_best_server', 'attempt': 1, 'namespace': 'default', 'task_queue': 'comfyui-gpu-farm', 'workflow_id': 'chain-image-edit-to-video-pipeline-13f5a153-590e-4c80-88be-f3855316a0eb', 'workflow_run_id': '019bbfec-3952-7ad2-9ebf-11f64b9dcfae', 'workflow_type': 'ChainExecutorWorkflow'})
2026-01-15 10:01:28,403 - httpx - INFO - HTTP Request: GET http://procure-x.testmcp.org/system_stats "HTTP/1.1 200 OK"
2026-01-15 10:01:28,416 - httpx - INFO - HTTP Request: GET http://procure-x.testmcp.org/system_stats "HTTP/1.1 200 OK"
2026-01-15 10:01:28,419 - httpx - INFO - HTTP Request: GET http://procure-x.testmcp.org/queue "HTTP/1.1 200 OK"
2026-01-15 10:01:28,422 - temporal_gateway.servers.load_balancer - INFO - Selected server procure-x (queue_depth=0, gpu_mem=0.0%)
2026-01-15 10:01:28,422 - temporalio.activity - INFO - Selected server: procure-x (http://procure-x.testmcp.org) ({'activity_id': '7', 'activity_type': 'select_best_server', 'attempt': 1, 'namespace': 'default', 'task_queue': 'comfyui-gpu-farm', 'workflow_id': 'chain-image-edit-to-video-pipeline-13f5a153-590e-4c80-88be-f3855316a0eb', 'workflow_run_id': '019bbfec-3952-7ad2-9ebf-11f64b9dcfae', 'workflow_type': 'ChainExecutorWorkflow'})
2026-01-15 10:01:28,435 - temporalio.workflow - INFO - Step extract_frame1: Server http://procure-x.testmcp.org ({'attempt': 1, 'namespace': 'default', 'run_id': '019bbfec-3952-7ad2-9ebf-11f64b9dcfae', 'task_queue': 'comfyui-gpu-farm', 'workflow_id': 'chain-image-edit-to-video-pipeline-13f5a153-590e-4c80-88be-f3855316a0eb', 'workflow_type': 'ChainExecutorWorkflow'})
2026-01-15 10:01:28,436 - httpx - INFO - HTTP Request: GET http://procure-x.testmcp.org/queue "HTTP/1.1 200 OK"
2026-01-15 10:01:28,437 - temporal_gateway.servers.load_balancer - INFO - Selected server procure-x (queue_depth=0, gpu_mem=0.0%)
2026-01-15 10:01:28,437 - temporalio.activity - INFO - Selected server: procure-x (http://procure-x.testmcp.org) ({'activity_id': '6', 'activity_type': 'select_best_server', 'attempt': 1, 'namespace': 'default', 'task_queue': 'comfyui-gpu-farm', 'workflow_id': 'chain-image-edit-to-video-pipeline-13f5a153-590e-4c80-88be-f3855316a0eb', 'workflow_run_id': '019bbfec-3952-7ad2-9ebf-11f64b9dcfae', 'workflow_type': 'ChainExecutorWorkflow'})
2026-01-15 10:01:28,452 - temporalio.activity - INFO - Creating workflow record: imageSave (prompt: pending) ({'activity_id': '8', 'activity_type': 'create_workflow_record', 'attempt': 1, 'namespace': 'default', 'task_queue': 'comfyui-gpu-farm', 'workflow_id': 'chain-image-edit-to-video-pipeline-13f5a153-590e-4c80-88be-f3855316a0eb', 'workflow_run_id': '019bbfec-3952-7ad2-9ebf-11f64b9dcfae', 'workflow_type': 'ChainExecutorWorkflow'})
2026-01-15 10:01:28,462 - temporalio.activity - INFO - ✓ Created workflow record: f3b79143-cc51-48ef-a67f-6365e4e2bac9 ({'activity_id': '8', 'activity_type': 'create_workflow_record', 'attempt': 1, 'namespace': 'default', 'task_queue': 'comfyui-gpu-farm', 'workflow_id': 'chain-image-edit-to-video-pipeline-13f5a153-590e-4c80-88be-f3855316a0eb', 'workflow_run_id': '019bbfec-3952-7ad2-9ebf-11f64b9dcfae', 'workflow_type': 'ChainExecutorWorkflow'})
2026-01-15 10:01:28,463 - temporalio.workflow - INFO - Step extract_frame2: Server http://procure-x.testmcp.org ({'attempt': 1, 'namespace': 'default', 'run_id': '019bbfec-3952-7ad2-9ebf-11f64b9dcfae', 'task_queue': 'comfyui-gpu-farm', 'workflow_id': 'chain-image-edit-to-video-pipeline-13f5a153-590e-4c80-88be-f3855316a0eb', 'workflow_type': 'ChainExecutorWorkflow'})
2026-01-15 10:01:28,476 - temporalio.activity - INFO - Creating workflow record: imageSave (prompt: pending) ({'activity_id': '9', 'activity_type': 'create_workflow_record', 'attempt': 1, 'namespace': 'default', 'task_queue': 'comfyui-gpu-farm', 'workflow_id': 'chain-image-edit-to-video-pipeline-13f5a153-590e-4c80-88be-f3855316a0eb', 'workflow_run_id': '019bbfec-3952-7ad2-9ebf-11f64b9dcfae', 'workflow_type': 'ChainExecutorWorkflow'})
2026-01-15 10:01:28,480 - temporalio.activity - INFO - ✓ Created workflow record: c68a0a78-5820-4615-9425-fa7a90e70ec6 ({'activity_id': '9', 'activity_type': 'create_workflow_record', 'attempt': 1, 'namespace': 'default', 'task_queue': 'comfyui-gpu-farm', 'workflow_id': 'chain-image-edit-to-video-pipeline-13f5a153-590e-4c80-88be-f3855316a0eb', 'workflow_run_id': '019bbfec-3952-7ad2-9ebf-11f64b9dcfae', 'workflow_type': 'ChainExecutorWorkflow'})
2026-01-15 10:01:28,503 - temporalio.workflow - INFO - Starting ComfyUI workflow execution ({'attempt': 1, 'namespace': 'default', 'run_id': '019bbfec-3ae0-7009-a427-0f16cd6fec89', 'task_queue': 'comfyui-gpu-farm', 'workflow_id': 'chain-image-edit-to-video-pipeline-13f5a153-590e-4c80-88be-f3855316a0eb-extract_frame1', 'workflow_type': 'ComfyUIWorkflow'})
2026-01-15 10:01:28,504 - temporalio.workflow - INFO - Generated client_id: d734eb12-7a5e-463b-8813-db8d5e7f0b70 ({'attempt': 1, 'namespace': 'default', 'run_id': '019bbfec-3ae0-7009-a427-0f16cd6fec89', 'task_queue': 'comfyui-gpu-farm', 'workflow_id': 'chain-image-edit-to-video-pipeline-13f5a153-590e-4c80-88be-f3855316a0eb-extract_frame1', 'workflow_type': 'ComfyUIWorkflow'})
2026-01-15 10:01:28,504 - temporalio.workflow - INFO - Using pre-selected server: http://procure-x.testmcp.org ({'attempt': 1, 'namespace': 'default', 'run_id': '019bbfec-3ae0-7009-a427-0f16cd6fec89', 'task_queue': 'comfyui-gpu-farm', 'workflow_id': 'chain-image-edit-to-video-pipeline-13f5a153-590e-4c80-88be-f3855316a0eb-extract_frame1', 'workflow_type': 'ComfyUIWorkflow'})
2026-01-15 10:01:28,514 - temporalio.activity - INFO - [V3] Executing workflow on http://procure-x.testmcp.org ({'activity_id': '1', 'activity_type': 'execute_and_track_workflow', 'attempt': 1, 'namespace': 'default', 'task_queue': 'comfyui-gpu-farm', 'workflow_id': 'chain-image-edit-to-video-pipeline-13f5a153-590e-4c80-88be-f3855316a0eb-extract_frame1', 'workflow_run_id': '019bbfec-3ae0-7009-a427-0f16cd6fec89', 'workflow_type': 'ComfyUIWorkflow'})
2026-01-15 10:01:28,514 - temporalio.activity - INFO - [V3] Workflow name: imageSave ({'activity_id': '1', 'activity_type': 'execute_and_track_workflow', 'attempt': 1, 'namespace': 'default', 'task_queue': 'comfyui-gpu-farm', 'workflow_id': 'chain-image-edit-to-video-pipeline-13f5a153-590e-4c80-88be-f3855316a0eb-extract_frame1', 'workflow_run_id': '019bbfec-3ae0-7009-a427-0f16cd6fec89', 'workflow_type': 'ComfyUIWorkflow'})
2026-01-15 10:01:28,559 - temporal_gateway.clients.comfy.client - INFO - ComfyUI client initialized for http://procure-x.testmcp.org
2026-01-15 10:01:28,559 - temporal_gateway.clients.comfy.client - INFO - Submitting workflow to ComfyUI
2026-01-15 10:01:28,566 - temporalio.workflow - INFO - Starting ComfyUI workflow execution ({'attempt': 1, 'namespace': 'default', 'run_id': '019bbfec-3af5-79e7-a3f4-c9be87d7ab4c', 'task_queue': 'comfyui-gpu-farm', 'workflow_id': 'chain-image-edit-to-video-pipeline-13f5a153-590e-4c80-88be-f3855316a0eb-extract_frame2', 'workflow_type': 'ComfyUIWorkflow'})
2026-01-15 10:01:28,567 - temporalio.workflow - INFO - Generated client_id: 087cb072-d743-4a0c-a45f-9628867d18ad ({'attempt': 1, 'namespace': 'default', 'run_id': '019bbfec-3af5-79e7-a3f4-c9be87d7ab4c', 'task_queue': 'comfyui-gpu-farm', 'workflow_id': 'chain-image-edit-to-video-pipeline-13f5a153-590e-4c80-88be-f3855316a0eb-extract_frame2', 'workflow_type': 'ComfyUIWorkflow'})
2026-01-15 10:01:28,567 - temporalio.workflow - INFO - Using pre-selected server: http://procure-x.testmcp.org ({'attempt': 1, 'namespace': 'default', 'run_id': '019bbfec-3af5-79e7-a3f4-c9be87d7ab4c', 'task_queue': 'comfyui-gpu-farm', 'workflow_id': 'chain-image-edit-to-video-pipeline-13f5a153-590e-4c80-88be-f3855316a0eb-extract_frame2', 'workflow_type': 'ComfyUIWorkflow'})
2026-01-15 10:01:28,576 - temporalio.activity - INFO - [V3] Executing workflow on http://procure-x.testmcp.org ({'activity_id': '1', 'activity_type': 'execute_and_track_workflow', 'attempt': 1, 'namespace': 'default', 'task_queue': 'comfyui-gpu-farm', 'workflow_id': 'chain-image-edit-to-video-pipeline-13f5a153-590e-4c80-88be-f3855316a0eb-extract_frame2', 'workflow_run_id': '019bbfec-3af5-79e7-a3f4-c9be87d7ab4c', 'workflow_type': 'ComfyUIWorkflow'})
2026-01-15 10:01:28,577 - temporalio.activity - INFO - [V3] Workflow name: imageSave ({'activity_id': '1', 'activity_type': 'execute_and_track_workflow', 'attempt': 1, 'namespace': 'default', 'task_queue': 'comfyui-gpu-farm', 'workflow_id': 'chain-image-edit-to-video-pipeline-13f5a153-590e-4c80-88be-f3855316a0eb-extract_frame2', 'workflow_run_id': '019bbfec-3af5-79e7-a3f4-c9be87d7ab4c', 'workflow_type': 'ComfyUIWorkflow'})
2026-01-15 10:01:28,620 - temporal_gateway.clients.comfy.client - INFO - ComfyUI client initialized for http://procure-x.testmcp.org
2026-01-15 10:01:28,620 - temporal_gateway.clients.comfy.client - INFO - Submitting workflow to ComfyUI
2026-01-15 10:01:28,631 - httpx - INFO - HTTP Request: POST http://procure-x.testmcp.org/prompt "HTTP/1.1 200 OK"
2026-01-15 10:01:28,632 - temporal_gateway.clients.comfy.client - INFO - Workflow queued with prompt_id: c9cb91a3-2431-4a83-a17e-b9307580bc4f
2026-01-15 10:01:28,632 - temporal_gateway.clients.comfy.tracker - INFO - Starting execution tracking for prompt c9cb91a3-2431-4a83-a17e-b9307580bc4f
2026-01-15 10:01:28,632 - temporal_gateway.clients.comfy.tracker - INFO - Starting history polling
2026-01-15 10:01:28,633 - temporal_gateway.clients.comfy.tracker - INFO - Starting WebSocket listener
2026-01-15 10:01:28,633 - temporal_gateway.clients.comfy.websocket - INFO - Connecting to WebSocket: ws://procure-x.testmcp.org/ws?clientId=8d7e2c32-32f0-4cfc-b409-13f4eef711dc
2026-01-15 10:01:29,053 - httpx - INFO - HTTP Request: POST http://procure-x.testmcp.org/prompt "HTTP/1.1 200 OK"
2026-01-15 10:01:29,056 - httpx - INFO - HTTP Request: GET http://procure-x.testmcp.org/history/c9cb91a3-2431-4a83-a17e-b9307580bc4f "HTTP/1.1 200 OK"
2026-01-15 10:01:29,061 - temporal_gateway.clients.comfy.client - INFO - Workflow queued with prompt_id: e29a0a00-e51f-44c0-ad4d-cfe88b9b0c01
2026-01-15 10:01:29,061 - temporal_gateway.clients.comfy.tracker - INFO - Starting execution tracking for prompt e29a0a00-e51f-44c0-ad4d-cfe88b9b0c01
2026-01-15 10:01:29,065 - temporal_gateway.clients.comfy.tracker - INFO - [POLL] Found in history: success
2026-01-15 10:01:29,065 - temporal_gateway.clients.comfy.tracker - INFO - Tracking completed: success (took 0.43s)
2026-01-15 10:01:29,066 - temporal_gateway.clients.comfy.tracker - INFO - Starting history polling
2026-01-15 10:01:29,069 - temporal_gateway.clients.comfy.tracker - INFO - Starting WebSocket listener
2026-01-15 10:01:29,069 - temporal_gateway.clients.comfy.websocket - INFO - Connecting to WebSocket: ws://procure-x.testmcp.org/ws?clientId=d623e3c7-1765-45d7-affc-6b3b36035f6b
2026-01-15 10:01:29,071 - temporal_gateway.clients.comfy.websocket - INFO - WebSocket connected successfully
2026-01-15 10:01:29,073 - temporalio.activity - INFO - [V3] Workflow completed successfully ({'activity_id': '1', 'activity_type': 'execute_and_track_workflow', 'attempt': 1, 'namespace': 'default', 'task_queue': 'comfyui-gpu-farm', 'workflow_id': 'chain-image-edit-to-video-pipeline-13f5a153-590e-4c80-88be-f3855316a0eb-extract_frame1', 'workflow_run_id': '019bbfec-3ae0-7009-a427-0f16cd6fec89', 'workflow_type': 'ComfyUIWorkflow'})
2026-01-15 10:01:29,092 - temporalio.workflow - INFO - Execution completed successfully ({'attempt': 1, 'namespace': 'default', 'run_id': '019bbfec-3ae0-7009-a427-0f16cd6fec89', 'task_queue': 'comfyui-gpu-farm', 'workflow_id': 'chain-image-edit-to-video-pipeline-13f5a153-590e-4c80-88be-f3855316a0eb-extract_frame1', 'workflow_type': 'ComfyUIWorkflow'})
2026-01-15 10:01:29,095 - httpx - INFO - HTTP Request: GET http://procure-x.testmcp.org/history/e29a0a00-e51f-44c0-ad4d-cfe88b9b0c01 "HTTP/1.1 200 OK"
2026-01-15 10:01:29,101 - temporalio.activity - INFO - Extracting server output files ({'activity_id': '2', 'activity_type': 'get_server_output_files', 'attempt': 1, 'namespace': 'default', 'task_queue': 'comfyui-gpu-farm', 'workflow_id': 'chain-image-edit-to-video-pipeline-13f5a153-590e-4c80-88be-f3855316a0eb-extract_frame1', 'workflow_run_id': '019bbfec-3ae0-7009-a427-0f16cd6fec89', 'workflow_type': 'ComfyUIWorkflow'})
2026-01-15 10:01:29,101 - temporalio.activity - INFO - Found 1 output file(s) ({'activity_id': '2', 'activity_type': 'get_server_output_files', 'attempt': 1, 'namespace': 'default', 'task_queue': 'comfyui-gpu-farm', 'workflow_id': 'chain-image-edit-to-video-pipeline-13f5a153-590e-4c80-88be-f3855316a0eb-extract_frame1', 'workflow_run_id': '019bbfec-3ae0-7009-a427-0f16cd6fec89', 'workflow_type': 'ComfyUIWorkflow'})
2026-01-15 10:01:29,111 - temporalio.workflow - INFO - Found 1 server output file(s) ({'attempt': 1, 'namespace': 'default', 'run_id': '019bbfec-3ae0-7009-a427-0f16cd6fec89', 'task_queue': 'comfyui-gpu-farm', 'workflow_id': 'chain-image-edit-to-video-pipeline-13f5a153-590e-4c80-88be-f3855316a0eb-extract_frame1', 'workflow_type': 'ComfyUIWorkflow'})
2026-01-15 10:01:29,113 - temporal_gateway.clients.comfy.websocket - INFO - WebSocket connected successfully
2026-01-15 10:01:29,120 - temporalio.activity - INFO - Downloading and persisting 1 artifact(s) for workflow f3b79143-cc51-48ef-a67f-6365e4e2bac9 ({'activity_id': '3', 'activity_type': 'download_and_store_artifacts', 'attempt': 1, 'namespace': 'default', 'task_queue': 'comfyui-gpu-farm', 'workflow_id': 'chain-image-edit-to-video-pipeline-13f5a153-590e-4c80-88be-f3855316a0eb-extract_frame1', 'workflow_run_id': '019bbfec-3ae0-7009-a427-0f16cd6fec89', 'workflow_type': 'ComfyUIWorkflow'})
2026-01-15 10:01:29,166 - temporal_gateway.clients.comfy.client - INFO - ComfyUI client initialized for http://procure-x.testmcp.org
2026-01-15 10:01:29,168 - temporal_gateway.clients.comfy.tracker - INFO - [WS] Execution completed successfully
2026-01-15 10:01:29,181 - httpx - INFO - HTTP Request: GET http://procure-x.testmcp.org/history/e29a0a00-e51f-44c0-ad4d-cfe88b9b0c01 "HTTP/1.1 200 OK"
2026-01-15 10:01:29,182 - temporal_gateway.clients.comfy.tracker - INFO - Tracking completed: success (took 0.12s)
2026-01-15 10:01:29,182 - temporalio.activity - INFO - [V3] Workflow completed successfully ({'activity_id': '1', 'activity_type': 'execute_and_track_workflow', 'attempt': 1, 'namespace': 'default', 'task_queue': 'comfyui-gpu-farm', 'workflow_id': 'chain-image-edit-to-video-pipeline-13f5a153-590e-4c80-88be-f3855316a0eb-extract_frame2', 'workflow_run_id': '019bbfec-3af5-79e7-a3f4-c9be87d7ab4c', 'workflow_type': 'ComfyUIWorkflow'})
2026-01-15 10:01:29,191 - temporalio.workflow - INFO - Execution completed successfully ({'attempt': 1, 'namespace': 'default', 'run_id': '019bbfec-3af5-79e7-a3f4-c9be87d7ab4c', 'task_queue': 'comfyui-gpu-farm', 'workflow_id': 'chain-image-edit-to-video-pipeline-13f5a153-590e-4c80-88be-f3855316a0eb-extract_frame2', 'workflow_type': 'ComfyUIWorkflow'})
2026-01-15 10:01:29,198 - httpx - INFO - HTTP Request: GET http://procure-x.testmcp.org/view?filename=ComfyUI_00295_.png&type=output "HTTP/1.1 200 OK"
2026-01-15 10:01:29,199 - temporalio.activity - INFO - Extracting server output files ({'activity_id': '2', 'activity_type': 'get_server_output_files', 'attempt': 1, 'namespace': 'default', 'task_queue': 'comfyui-gpu-farm', 'workflow_id': 'chain-image-edit-to-video-pipeline-13f5a153-590e-4c80-88be-f3855316a0eb-extract_frame2', 'workflow_run_id': '019bbfec-3af5-79e7-a3f4-c9be87d7ab4c', 'workflow_type': 'ComfyUIWorkflow'})
2026-01-15 10:01:29,199 - temporalio.activity - INFO - Found 1 output file(s) ({'activity_id': '2', 'activity_type': 'get_server_output_files', 'attempt': 1, 'namespace': 'default', 'task_queue': 'comfyui-gpu-farm', 'workflow_id': 'chain-image-edit-to-video-pipeline-13f5a153-590e-4c80-88be-f3855316a0eb-extract_frame2', 'workflow_run_id': '019bbfec-3af5-79e7-a3f4-c9be87d7ab4c', 'workflow_type': 'ComfyUIWorkflow'})
2026-01-15 10:01:29,208 - temporalio.workflow - INFO - Found 1 server output file(s) ({'attempt': 1, 'namespace': 'default', 'run_id': '019bbfec-3af5-79e7-a3f4-c9be87d7ab4c', 'task_queue': 'comfyui-gpu-farm', 'workflow_id': 'chain-image-edit-to-video-pipeline-13f5a153-590e-4c80-88be-f3855316a0eb-extract_frame2', 'workflow_type': 'ComfyUIWorkflow'})
2026-01-15 10:01:29,224 - temporalio.activity - INFO - ✓ Saved artifact to DB: f0e51abe-a199-463d-bff7-bd4bf4b2c5ba (ComfyUI_00295_.png) ({'activity_id': '3', 'activity_type': 'download_and_store_artifacts', 'attempt': 1, 'namespace': 'default', 'task_queue': 'comfyui-gpu-farm', 'workflow_id': 'chain-image-edit-to-video-pipeline-13f5a153-590e-4c80-88be-f3855316a0eb-extract_frame1', 'workflow_run_id': '019bbfec-3ae0-7009-a427-0f16cd6fec89', 'workflow_type': 'ComfyUIWorkflow'})
2026-01-15 10:01:29,225 - temporalio.activity - INFO - Downloaded and persisted 1 artifact(s) ({'activity_id': '3', 'activity_type': 'download_and_store_artifacts', 'attempt': 1, 'namespace': 'default', 'task_queue': 'comfyui-gpu-farm', 'workflow_id': 'chain-image-edit-to-video-pipeline-13f5a153-590e-4c80-88be-f3855316a0eb-extract_frame1', 'workflow_run_id': '019bbfec-3ae0-7009-a427-0f16cd6fec89', 'workflow_type': 'ComfyUIWorkflow'})
2026-01-15 10:01:29,226 - temporalio.activity - INFO - Downloading and persisting 1 artifact(s) for workflow c68a0a78-5820-4615-9425-fa7a90e70ec6 ({'activity_id': '3', 'activity_type': 'download_and_store_artifacts', 'attempt': 1, 'namespace': 'default', 'task_queue': 'comfyui-gpu-farm', 'workflow_id': 'chain-image-edit-to-video-pipeline-13f5a153-590e-4c80-88be-f3855316a0eb-extract_frame2', 'workflow_run_id': '019bbfec-3af5-79e7-a3f4-c9be87d7ab4c', 'workflow_type': 'ComfyUIWorkflow'})
2026-01-15 10:01:29,275 - temporal_gateway.clients.comfy.client - INFO - ComfyUI client initialized for http://procure-x.testmcp.org
2026-01-15 10:01:29,278 - temporalio.workflow - INFO - Downloaded 1 file(s) locally ({'attempt': 1, 'namespace': 'default', 'run_id': '019bbfec-3ae0-7009-a427-0f16cd6fec89', 'task_queue': 'comfyui-gpu-farm', 'workflow_id': 'chain-image-edit-to-video-pipeline-13f5a153-590e-4c80-88be-f3855316a0eb-extract_frame1', 'workflow_type': 'ComfyUIWorkflow'})
2026-01-15 10:01:29,300 - temporalio.activity - INFO - Updating workflow f3b79143-cc51-48ef-a67f-6365e4e2bac9 status to: completed ({'activity_id': '10', 'activity_type': 'update_workflow_status_activity', 'attempt': 1, 'namespace': 'default', 'task_queue': 'comfyui-gpu-farm', 'workflow_id': 'chain-image-edit-to-video-pipeline-13f5a153-590e-4c80-88be-f3855316a0eb', 'workflow_run_id': '019bbfec-3952-7ad2-9ebf-11f64b9dcfae', 'workflow_type': 'ChainExecutorWorkflow'})
2026-01-15 10:01:29,304 - temporalio.activity - INFO - ✓ Updated workflow status ({'activity_id': '10', 'activity_type': 'update_workflow_status_activity', 'attempt': 1, 'namespace': 'default', 'task_queue': 'comfyui-gpu-farm', 'workflow_id': 'chain-image-edit-to-video-pipeline-13f5a153-590e-4c80-88be-f3855316a0eb', 'workflow_run_id': '019bbfec-3952-7ad2-9ebf-11f64b9dcfae', 'workflow_type': 'ChainExecutorWorkflow'})
2026-01-15 10:01:29,310 - httpx - INFO - HTTP Request: GET http://procure-x.testmcp.org/view?filename=ComfyUI_00296_.png&type=output "HTTP/1.1 200 OK"
2026-01-15 10:01:29,322 - temporalio.activity - INFO - Getting artifacts for workflow: f3b79143-cc51-48ef-a67f-6365e4e2bac9 ({'activity_id': '11', 'activity_type': 'get_workflow_artifacts', 'attempt': 1, 'namespace': 'default', 'task_queue': 'comfyui-gpu-farm', 'workflow_id': 'chain-image-edit-to-video-pipeline-13f5a153-590e-4c80-88be-f3855316a0eb', 'workflow_run_id': '019bbfec-3952-7ad2-9ebf-11f64b9dcfae', 'workflow_type': 'ChainExecutorWorkflow'})
2026-01-15 10:01:29,332 - temporalio.activity - INFO - ✓ Saved artifact to DB: 3ca9b19c-60d3-4d7f-9f0d-e9c1c310af0f (ComfyUI_00296_.png) ({'activity_id': '3', 'activity_type': 'download_and_store_artifacts', 'attempt': 1, 'namespace': 'default', 'task_queue': 'comfyui-gpu-farm', 'workflow_id': 'chain-image-edit-to-video-pipeline-13f5a153-590e-4c80-88be-f3855316a0eb-extract_frame2', 'workflow_run_id': '019bbfec-3af5-79e7-a3f4-c9be87d7ab4c', 'workflow_type': 'ComfyUIWorkflow'})
2026-01-15 10:01:29,333 - temporalio.activity - INFO - Downloaded and persisted 1 artifact(s) ({'activity_id': '3', 'activity_type': 'download_and_store_artifacts', 'attempt': 1, 'namespace': 'default', 'task_queue': 'comfyui-gpu-farm', 'workflow_id': 'chain-image-edit-to-video-pipeline-13f5a153-590e-4c80-88be-f3855316a0eb-extract_frame2', 'workflow_run_id': '019bbfec-3af5-79e7-a3f4-c9be87d7ab4c', 'workflow_type': 'ComfyUIWorkflow'})
2026-01-15 10:01:29,342 - temporalio.workflow - INFO - Downloaded 1 file(s) locally ({'attempt': 1, 'namespace': 'default', 'run_id': '019bbfec-3af5-79e7-a3f4-c9be87d7ab4c', 'task_queue': 'comfyui-gpu-farm', 'workflow_id': 'chain-image-edit-to-video-pipeline-13f5a153-590e-4c80-88be-f3855316a0eb-extract_frame2', 'workflow_type': 'ComfyUIWorkflow'})
2026-01-15 10:01:29,344 - temporalio.activity - INFO - Creating approval request for artifact: f0e51abe-a199-463d-bff7-bd4bf4b2c5ba ({'activity_id': '12', 'activity_type': 'create_approval_request_activity', 'attempt': 1, 'namespace': 'default', 'task_queue': 'comfyui-gpu-farm', 'workflow_id': 'chain-image-edit-to-video-pipeline-13f5a153-590e-4c80-88be-f3855316a0eb', 'workflow_run_id': '019bbfec-3952-7ad2-9ebf-11f64b9dcfae', 'workflow_type': 'ChainExecutorWorkflow'})
2026-01-15 10:01:29,353 - temporalio.activity - INFO - ✓ Created approval request: 64bdc8f0-4b9c-4082-bd4c-89a31df3029f, token: -CX8sbz2bA6wxDQq... ({'activity_id': '12', 'activity_type': 'create_approval_request_activity', 'attempt': 1, 'namespace': 'default', 'task_queue': 'comfyui-gpu-farm', 'workflow_id': 'chain-image-edit-to-video-pipeline-13f5a153-590e-4c80-88be-f3855316a0eb', 'workflow_run_id': '019bbfec-3952-7ad2-9ebf-11f64b9dcfae', 'workflow_type': 'ChainExecutorWorkflow'})
2026-01-15 10:01:29,355 - temporal_gateway.services.broadcast - INFO - Published approval_requested to chain:d4dfdf39-8575-4b8a-a19e-517702c10120
2026-01-15 10:01:29,355 - temporalio.activity - INFO - Published approval_requested event for chain d4dfdf39-8575-4b8a-a19e-517702c10120 ({'activity_id': '12', 'activity_type': 'create_approval_request_activity', 'attempt': 1, 'namespace': 'default', 'task_queue': 'comfyui-gpu-farm', 'workflow_id': 'chain-image-edit-to-video-pipeline-13f5a153-590e-4c80-88be-f3855316a0eb', 'workflow_run_id': '019bbfec-3952-7ad2-9ebf-11f64b9dcfae', 'workflow_type': 'ChainExecutorWorkflow'})
2026-01-15 10:01:29,365 - temporalio.workflow - INFO - Step extract_frame1: Approval request created, token: -CX8sbz2bA6wxDQq... ({'attempt': 1, 'namespace': 'default', 'run_id': '019bbfec-3952-7ad2-9ebf-11f64b9dcfae', 'task_queue': 'comfyui-gpu-farm', 'workflow_id': 'chain-image-edit-to-video-pipeline-13f5a153-590e-4c80-88be-f3855316a0eb', 'workflow_type': 'ChainExecutorWorkflow'})
2026-01-15 10:01:29,369 - temporalio.activity - INFO - Updating workflow c68a0a78-5820-4615-9425-fa7a90e70ec6 status to: completed ({'activity_id': '13', 'activity_type': 'update_workflow_status_activity', 'attempt': 1, 'namespace': 'default', 'task_queue': 'comfyui-gpu-farm', 'workflow_id': 'chain-image-edit-to-video-pipeline-13f5a153-590e-4c80-88be-f3855316a0eb', 'workflow_run_id': '019bbfec-3952-7ad2-9ebf-11f64b9dcfae', 'workflow_type': 'ChainExecutorWorkflow'})
2026-01-15 10:01:29,373 - temporalio.activity - INFO - ✓ Updated workflow status ({'activity_id': '13', 'activity_type': 'update_workflow_status_activity', 'attempt': 1, 'namespace': 'default', 'task_queue': 'comfyui-gpu-farm', 'workflow_id': 'chain-image-edit-to-video-pipeline-13f5a153-590e-4c80-88be-f3855316a0eb', 'workflow_run_id': '019bbfec-3952-7ad2-9ebf-11f64b9dcfae', 'workflow_type': 'ChainExecutorWorkflow'})
2026-01-15 10:01:29,392 - temporalio.activity - INFO - Getting artifacts for workflow: c68a0a78-5820-4615-9425-fa7a90e70ec6 ({'activity_id': '14', 'activity_type': 'get_workflow_artifacts', 'attempt': 1, 'namespace': 'default', 'task_queue': 'comfyui-gpu-farm', 'workflow_id': 'chain-image-edit-to-video-pipeline-13f5a153-590e-4c80-88be-f3855316a0eb', 'workflow_run_id': '019bbfec-3952-7ad2-9ebf-11f64b9dcfae', 'workflow_type': 'ChainExecutorWorkflow'})
2026-01-15 10:01:29,411 - temporalio.activity - INFO - Creating approval request for artifact: 3ca9b19c-60d3-4d7f-9f0d-e9c1c310af0f ({'activity_id': '15', 'activity_type': 'create_approval_request_activity', 'attempt': 1, 'namespace': 'default', 'task_queue': 'comfyui-gpu-farm', 'workflow_id': 'chain-image-edit-to-video-pipeline-13f5a153-590e-4c80-88be-f3855316a0eb', 'workflow_run_id': '019bbfec-3952-7ad2-9ebf-11f64b9dcfae', 'workflow_type': 'ChainExecutorWorkflow'})
2026-01-15 10:01:29,414 - temporalio.activity - INFO - ✓ Created approval request: 257789ce-fe9f-4d0b-804f-1816cc24e3ba, token: aRtRkLxjY2Ek3vPm... ({'activity_id': '15', 'activity_type': 'create_approval_request_activity', 'attempt': 1, 'namespace': 'default', 'task_queue': 'comfyui-gpu-farm', 'workflow_id': 'chain-image-edit-to-video-pipeline-13f5a153-590e-4c80-88be-f3855316a0eb', 'workflow_run_id': '019bbfec-3952-7ad2-9ebf-11f64b9dcfae', 'workflow_type': 'ChainExecutorWorkflow'})
2026-01-15 10:01:29,414 - temporal_gateway.services.broadcast - INFO - Published approval_requested to chain:d4dfdf39-8575-4b8a-a19e-517702c10120
2026-01-15 10:01:29,414 - temporalio.activity - INFO - Published approval_requested event for chain d4dfdf39-8575-4b8a-a19e-517702c10120 ({'activity_id': '15', 'activity_type': 'create_approval_request_activity', 'attempt': 1, 'namespace': 'default', 'task_queue': 'comfyui-gpu-farm', 'workflow_id': 'chain-image-edit-to-video-pipeline-13f5a153-590e-4c80-88be-f3855316a0eb', 'workflow_run_id': '019bbfec-3952-7ad2-9ebf-11f64b9dcfae', 'workflow_type': 'ChainExecutorWorkflow'})
2026-01-15 10:01:29,424 - temporalio.workflow - INFO - Step extract_frame2: Approval request created, token: aRtRkLxjY2Ek3vPm... ({'attempt': 1, 'namespace': 'default', 'run_id': '019bbfec-3952-7ad2-9ebf-11f64b9dcfae', 'task_queue': 'comfyui-gpu-farm', 'workflow_id': 'chain-image-edit-to-video-pipeline-13f5a153-590e-4c80-88be-f3855316a0eb', 'workflow_type': 'ChainExecutorWorkflow'})
2026-01-15 10:01:47,202 - temporalio.workflow - INFO - Starting chain execution: image-edit-to-video-pipeline ({'attempt': 1, 'namespace': 'default', 'run_id': '019bbfec-83ec-7b8b-82e8-c3a7f1979db9', 'task_queue': 'comfyui-gpu-farm', 'workflow_id': 'chain-image-edit-to-video-pipeline-d9704bc4-93b5-4c84-a574-09c8a45e4ea7', 'workflow_type': 'ChainExecutorWorkflow'})
2026-01-15 10:01:47,203 - temporalio.workflow - INFO - Retry number: 0 ({'attempt': 1, 'namespace': 'default', 'run_id': '019bbfec-83ec-7b8b-82e8-c3a7f1979db9', 'task_queue': 'comfyui-gpu-farm', 'workflow_id': 'chain-image-edit-to-video-pipeline-d9704bc4-93b5-4c84-a574-09c8a45e4ea7', 'workflow_type': 'ChainExecutorWorkflow'})
2026-01-15 10:01:47,203 - temporalio.workflow - INFO - Cached steps: [] ({'attempt': 1, 'namespace': 'default', 'run_id': '019bbfec-83ec-7b8b-82e8-c3a7f1979db9', 'task_queue': 'comfyui-gpu-farm', 'workflow_id': 'chain-image-edit-to-video-pipeline-d9704bc4-93b5-4c84-a574-09c8a45e4ea7', 'workflow_type': 'ChainExecutorWorkflow'})
2026-01-15 10:01:47,203 - temporalio.workflow - INFO - Total levels: 3 ({'attempt': 1, 'namespace': 'default', 'run_id': '019bbfec-83ec-7b8b-82e8-c3a7f1979db9', 'task_queue': 'comfyui-gpu-farm', 'workflow_id': 'chain-image-edit-to-video-pipeline-d9704bc4-93b5-4c84-a574-09c8a45e4ea7', 'workflow_type': 'ChainExecutorWorkflow'})
2026-01-15 10:01:47,203 - temporalio.workflow - INFO - Using chain ID: c06a9e3d-3d5a-4b26-b0a0-d0d4497f4e1a ({'attempt': 1, 'namespace': 'default', 'run_id': '019bbfec-83ec-7b8b-82e8-c3a7f1979db9', 'task_queue': 'comfyui-gpu-farm', 'workflow_id': 'chain-image-edit-to-video-pipeline-d9704bc4-93b5-4c84-a574-09c8a45e4ea7', 'workflow_type': 'ChainExecutorWorkflow'})
2026-01-15 10:01:47,213 - temporalio.activity - INFO - Updating chain c06a9e3d-3d5a-4b26-b0a0-d0d4497f4e1a status to: executing_level_0 ({'activity_id': '1', 'activity_type': 'update_chain_status_activity', 'attempt': 1, 'namespace': 'default', 'task_queue': 'comfyui-gpu-farm', 'workflow_id': 'chain-image-edit-to-video-pipeline-d9704bc4-93b5-4c84-a574-09c8a45e4ea7', 'workflow_run_id': '019bbfec-83ec-7b8b-82e8-c3a7f1979db9', 'workflow_type': 'ChainExecutorWorkflow'})
2026-01-15 10:01:47,218 - temporalio.activity - INFO - ✓ Updated chain status ({'activity_id': '1', 'activity_type': 'update_chain_status_activity', 'attempt': 1, 'namespace': 'default', 'task_queue': 'comfyui-gpu-farm', 'workflow_id': 'chain-image-edit-to-video-pipeline-d9704bc4-93b5-4c84-a574-09c8a45e4ea7', 'workflow_run_id': '019bbfec-83ec-7b8b-82e8-c3a7f1979db9', 'workflow_type': 'ChainExecutorWorkflow'})
2026-01-15 10:01:47,227 - temporalio.workflow - INFO - Level 0: Executing 2 step(s) ({'attempt': 1, 'namespace': 'default', 'run_id': '019bbfec-83ec-7b8b-82e8-c3a7f1979db9', 'task_queue': 'comfyui-gpu-farm', 'workflow_id': 'chain-image-edit-to-video-pipeline-d9704bc4-93b5-4c84-a574-09c8a45e4ea7', 'workflow_type': 'ChainExecutorWorkflow'})
2026-01-15 10:01:47,228 - temporalio.workflow - INFO - Executing step: extract_frame1 ({'attempt': 1, 'namespace': 'default', 'run_id': '019bbfec-83ec-7b8b-82e8-c3a7f1979db9', 'task_queue': 'comfyui-gpu-farm', 'workflow_id': 'chain-image-edit-to-video-pipeline-d9704bc4-93b5-4c84-a574-09c8a45e4ea7', 'workflow_type': 'ChainExecutorWorkflow'})
2026-01-15 10:01:47,228 - temporalio.workflow - INFO - Executing step: extract_frame2 ({'attempt': 1, 'namespace': 'default', 'run_id': '019bbfec-83ec-7b8b-82e8-c3a7f1979db9', 'task_queue': 'comfyui-gpu-farm', 'workflow_id': 'chain-image-edit-to-video-pipeline-d9704bc4-93b5-4c84-a574-09c8a45e4ea7', 'workflow_type': 'ChainExecutorWorkflow'})
2026-01-15 10:01:47,237 - temporalio.activity - INFO - Resolving templates in parameters ({'activity_id': '3', 'activity_type': 'resolve_chain_templates', 'attempt': 1, 'namespace': 'default', 'task_queue': 'comfyui-gpu-farm', 'workflow_id': 'chain-image-edit-to-video-pipeline-d9704bc4-93b5-4c84-a574-09c8a45e4ea7', 'workflow_run_id': '019bbfec-83ec-7b8b-82e8-c3a7f1979db9', 'workflow_type': 'ChainExecutorWorkflow'})
2026-01-15 10:01:47,237 - temporalio.activity - INFO - Templates resolved successfully ({'activity_id': '3', 'activity_type': 'resolve_chain_templates', 'attempt': 1, 'namespace': 'default', 'task_queue': 'comfyui-gpu-farm', 'workflow_id': 'chain-image-edit-to-video-pipeline-d9704bc4-93b5-4c84-a574-09c8a45e4ea7', 'workflow_run_id': '019bbfec-83ec-7b8b-82e8-c3a7f1979db9', 'workflow_type': 'ChainExecutorWorkflow'})
2026-01-15 10:01:47,239 - temporalio.activity - INFO - Resolving templates in parameters ({'activity_id': '2', 'activity_type': 'resolve_chain_templates', 'attempt': 1, 'namespace': 'default', 'task_queue': 'comfyui-gpu-farm', 'workflow_id': 'chain-image-edit-to-video-pipeline-d9704bc4-93b5-4c84-a574-09c8a45e4ea7', 'workflow_run_id': '019bbfec-83ec-7b8b-82e8-c3a7f1979db9', 'workflow_type': 'ChainExecutorWorkflow'})
2026-01-15 10:01:47,239 - temporalio.activity - INFO - Templates resolved successfully ({'activity_id': '2', 'activity_type': 'resolve_chain_templates', 'attempt': 1, 'namespace': 'default', 'task_queue': 'comfyui-gpu-farm', 'workflow_id': 'chain-image-edit-to-video-pipeline-d9704bc4-93b5-4c84-a574-09c8a45e4ea7', 'workflow_run_id': '019bbfec-83ec-7b8b-82e8-c3a7f1979db9', 'workflow_type': 'ChainExecutorWorkflow'})
2026-01-15 10:01:47,261 - temporalio.activity - INFO - Applying parameters to workflow: imageSave ({'activity_id': '4', 'activity_type': 'apply_workflow_parameters', 'attempt': 1, 'namespace': 'default', 'task_queue': 'comfyui-gpu-farm', 'workflow_id': 'chain-image-edit-to-video-pipeline-d9704bc4-93b5-4c84-a574-09c8a45e4ea7', 'workflow_run_id': '019bbfec-83ec-7b8b-82e8-c3a7f1979db9', 'workflow_type': 'ChainExecutorWorkflow'})
2026-01-15 10:01:47,262 - temporal_gateway.registry - INFO - Applied override: 1.frame_load_cap = 1
2026-01-15 10:01:47,262 - temporal_gateway.registry - INFO - Applied override: 1.select_every_nth = 1
2026-01-15 10:01:47,262 - temporal_gateway.registry - INFO - Applied override: 1.skip_first_frames = 172
2026-01-15 10:01:47,262 - temporal_gateway.registry - INFO - Applied override: 1.video = ComfyUI_00012_.mp4
2026-01-15 10:01:47,262 - temporalio.activity - INFO - Parameters applied successfully ({'activity_id': '4', 'activity_type': 'apply_workflow_parameters', 'attempt': 1, 'namespace': 'default', 'task_queue': 'comfyui-gpu-farm', 'workflow_id': 'chain-image-edit-to-video-pipeline-d9704bc4-93b5-4c84-a574-09c8a45e4ea7', 'workflow_run_id': '019bbfec-83ec-7b8b-82e8-c3a7f1979db9', 'workflow_type': 'ChainExecutorWorkflow'})
2026-01-15 10:01:47,263 - temporalio.activity - INFO - Applying parameters to workflow: imageSave ({'activity_id': '5', 'activity_type': 'apply_workflow_parameters', 'attempt': 1, 'namespace': 'default', 'task_queue': 'comfyui-gpu-farm', 'workflow_id': 'chain-image-edit-to-video-pipeline-d9704bc4-93b5-4c84-a574-09c8a45e4ea7', 'workflow_run_id': '019bbfec-83ec-7b8b-82e8-c3a7f1979db9', 'workflow_type': 'ChainExecutorWorkflow'})
2026-01-15 10:01:47,264 - temporal_gateway.registry - INFO - Applied override: 1.frame_load_cap = 1
2026-01-15 10:01:47,264 - temporal_gateway.registry - INFO - Applied override: 1.select_every_nth = 1
2026-01-15 10:01:47,264 - temporal_gateway.registry - INFO - Applied override: 1.skip_first_frames = 0
2026-01-15 10:01:47,264 - temporal_gateway.registry - INFO - Applied override: 1.video = ComfyUI_00012_.mp4
2026-01-15 10:01:47,264 - temporalio.activity - INFO - Parameters applied successfully ({'activity_id': '5', 'activity_type': 'apply_workflow_parameters', 'attempt': 1, 'namespace': 'default', 'task_queue': 'comfyui-gpu-farm', 'workflow_id': 'chain-image-edit-to-video-pipeline-d9704bc4-93b5-4c84-a574-09c8a45e4ea7', 'workflow_run_id': '019bbfec-83ec-7b8b-82e8-c3a7f1979db9', 'workflow_type': 'ChainExecutorWorkflow'})
2026-01-15 10:01:47,283 - temporalio.activity - INFO - Selecting server with strategy: least_loaded ({'activity_id': '7', 'activity_type': 'select_best_server', 'attempt': 1, 'namespace': 'default', 'task_queue': 'comfyui-gpu-farm', 'workflow_id': 'chain-image-edit-to-video-pipeline-d9704bc4-93b5-4c84-a574-09c8a45e4ea7', 'workflow_run_id': '019bbfec-83ec-7b8b-82e8-c3a7f1979db9', 'workflow_type': 'ChainExecutorWorkflow'})
2026-01-15 10:01:47,329 - temporalio.activity - INFO - Selecting server with strategy: least_loaded ({'activity_id': '6', 'activity_type': 'select_best_server', 'attempt': 1, 'namespace': 'default', 'task_queue': 'comfyui-gpu-farm', 'workflow_id': 'chain-image-edit-to-video-pipeline-d9704bc4-93b5-4c84-a574-09c8a45e4ea7', 'workflow_run_id': '019bbfec-83ec-7b8b-82e8-c3a7f1979db9', 'workflow_type': 'ChainExecutorWorkflow'})
2026-01-15 10:01:47,405 - httpx - INFO - HTTP Request: GET http://procure-x.testmcp.org/system_stats "HTTP/1.1 200 OK"
2026-01-15 10:01:47,418 - httpx - INFO - HTTP Request: GET http://procure-x.testmcp.org/system_stats "HTTP/1.1 200 OK"
2026-01-15 10:01:47,419 - httpx - INFO - HTTP Request: GET http://procure-x.testmcp.org/queue "HTTP/1.1 200 OK"
2026-01-15 10:01:47,421 - temporal_gateway.servers.load_balancer - INFO - Selected server procure-x (queue_depth=0, gpu_mem=0.0%)
2026-01-15 10:01:47,421 - temporalio.activity - INFO - Selected server: procure-x (http://procure-x.testmcp.org) ({'activity_id': '6', 'activity_type': 'select_best_server', 'attempt': 1, 'namespace': 'default', 'task_queue': 'comfyui-gpu-farm', 'workflow_id': 'chain-image-edit-to-video-pipeline-d9704bc4-93b5-4c84-a574-09c8a45e4ea7', 'workflow_run_id': '019bbfec-83ec-7b8b-82e8-c3a7f1979db9', 'workflow_type': 'ChainExecutorWorkflow'})
2026-01-15 10:01:47,429 - temporalio.workflow - INFO - Step extract_frame2: Server http://procure-x.testmcp.org ({'attempt': 1, 'namespace': 'default', 'run_id': '019bbfec-83ec-7b8b-82e8-c3a7f1979db9', 'task_queue': 'comfyui-gpu-farm', 'workflow_id': 'chain-image-edit-to-video-pipeline-d9704bc4-93b5-4c84-a574-09c8a45e4ea7', 'workflow_type': 'ChainExecutorWorkflow'})
2026-01-15 10:01:47,432 - httpx - INFO - HTTP Request: GET http://procure-x.testmcp.org/queue "HTTP/1.1 200 OK"
2026-01-15 10:01:47,433 - temporal_gateway.servers.load_balancer - INFO - Selected server procure-x (queue_depth=0, gpu_mem=0.0%)
2026-01-15 10:01:47,433 - temporalio.activity - INFO - Selected server: procure-x (http://procure-x.testmcp.org) ({'activity_id': '7', 'activity_type': 'select_best_server', 'attempt': 1, 'namespace': 'default', 'task_queue': 'comfyui-gpu-farm', 'workflow_id': 'chain-image-edit-to-video-pipeline-d9704bc4-93b5-4c84-a574-09c8a45e4ea7', 'workflow_run_id': '019bbfec-83ec-7b8b-82e8-c3a7f1979db9', 'workflow_type': 'ChainExecutorWorkflow'})
2026-01-15 10:01:47,444 - temporalio.activity - INFO - Creating workflow record: imageSave (prompt: pending) ({'activity_id': '8', 'activity_type': 'create_workflow_record', 'attempt': 1, 'namespace': 'default', 'task_queue': 'comfyui-gpu-farm', 'workflow_id': 'chain-image-edit-to-video-pipeline-d9704bc4-93b5-4c84-a574-09c8a45e4ea7', 'workflow_run_id': '019bbfec-83ec-7b8b-82e8-c3a7f1979db9', 'workflow_type': 'ChainExecutorWorkflow'})
2026-01-15 10:01:47,448 - temporalio.activity - INFO - ✓ Created workflow record: 3dcb8df7-5266-4f5a-87e3-2b6c48f55f5e ({'activity_id': '8', 'activity_type': 'create_workflow_record', 'attempt': 1, 'namespace': 'default', 'task_queue': 'comfyui-gpu-farm', 'workflow_id': 'chain-image-edit-to-video-pipeline-d9704bc4-93b5-4c84-a574-09c8a45e4ea7', 'workflow_run_id': '019bbfec-83ec-7b8b-82e8-c3a7f1979db9', 'workflow_type': 'ChainExecutorWorkflow'})
2026-01-15 10:01:47,452 - temporalio.workflow - INFO - Step extract_frame1: Server http://procure-x.testmcp.org ({'attempt': 1, 'namespace': 'default', 'run_id': '019bbfec-83ec-7b8b-82e8-c3a7f1979db9', 'task_queue': 'comfyui-gpu-farm', 'workflow_id': 'chain-image-edit-to-video-pipeline-d9704bc4-93b5-4c84-a574-09c8a45e4ea7', 'workflow_type': 'ChainExecutorWorkflow'})
2026-01-15 10:01:47,464 - temporalio.activity - INFO - Creating workflow record: imageSave (prompt: pending) ({'activity_id': '9', 'activity_type': 'create_workflow_record', 'attempt': 1, 'namespace': 'default', 'task_queue': 'comfyui-gpu-farm', 'workflow_id': 'chain-image-edit-to-video-pipeline-d9704bc4-93b5-4c84-a574-09c8a45e4ea7', 'workflow_run_id': '019bbfec-83ec-7b8b-82e8-c3a7f1979db9', 'workflow_type': 'ChainExecutorWorkflow'})
2026-01-15 10:01:47,469 - temporalio.activity - INFO - ✓ Created workflow record: db72a458-86b0-4176-96fd-99bb654d125a ({'activity_id': '9', 'activity_type': 'create_workflow_record', 'attempt': 1, 'namespace': 'default', 'task_queue': 'comfyui-gpu-farm', 'workflow_id': 'chain-image-edit-to-video-pipeline-d9704bc4-93b5-4c84-a574-09c8a45e4ea7', 'workflow_run_id': '019bbfec-83ec-7b8b-82e8-c3a7f1979db9', 'workflow_type': 'ChainExecutorWorkflow'})
2026-01-15 10:01:47,494 - temporalio.workflow - INFO - Starting ComfyUI workflow execution ({'attempt': 1, 'namespace': 'default', 'run_id': '019bbfec-850b-76a3-99b8-4a13b12a809d', 'task_queue': 'comfyui-gpu-farm', 'workflow_id': 'chain-image-edit-to-video-pipeline-d9704bc4-93b5-4c84-a574-09c8a45e4ea7-extract_frame2', 'workflow_type': 'ComfyUIWorkflow'})
2026-01-15 10:01:47,494 - temporalio.workflow - INFO - Generated client_id: 69e7530d-0fe1-4a76-a9a0-c2c7e3d65bd7 ({'attempt': 1, 'namespace': 'default', 'run_id': '019bbfec-850b-76a3-99b8-4a13b12a809d', 'task_queue': 'comfyui-gpu-farm', 'workflow_id': 'chain-image-edit-to-video-pipeline-d9704bc4-93b5-4c84-a574-09c8a45e4ea7-extract_frame2', 'workflow_type': 'ComfyUIWorkflow'})
2026-01-15 10:01:47,495 - temporalio.workflow - INFO - Using pre-selected server: http://procure-x.testmcp.org ({'attempt': 1, 'namespace': 'default', 'run_id': '019bbfec-850b-76a3-99b8-4a13b12a809d', 'task_queue': 'comfyui-gpu-farm', 'workflow_id': 'chain-image-edit-to-video-pipeline-d9704bc4-93b5-4c84-a574-09c8a45e4ea7-extract_frame2', 'workflow_type': 'ComfyUIWorkflow'})
2026-01-15 10:01:47,518 - temporalio.activity - INFO - [V3] Executing workflow on http://procure-x.testmcp.org ({'activity_id': '1', 'activity_type': 'execute_and_track_workflow', 'attempt': 1, 'namespace': 'default', 'task_queue': 'comfyui-gpu-farm', 'workflow_id': 'chain-image-edit-to-video-pipeline-d9704bc4-93b5-4c84-a574-09c8a45e4ea7-extract_frame2', 'workflow_run_id': '019bbfec-850b-76a3-99b8-4a13b12a809d', 'workflow_type': 'ComfyUIWorkflow'})
2026-01-15 10:01:47,519 - temporalio.activity - INFO - [V3] Workflow name: imageSave ({'activity_id': '1', 'activity_type': 'execute_and_track_workflow', 'attempt': 1, 'namespace': 'default', 'task_queue': 'comfyui-gpu-farm', 'workflow_id': 'chain-image-edit-to-video-pipeline-d9704bc4-93b5-4c84-a574-09c8a45e4ea7-extract_frame2', 'workflow_run_id': '019bbfec-850b-76a3-99b8-4a13b12a809d', 'workflow_type': 'ComfyUIWorkflow'})
2026-01-15 10:01:47,565 - temporal_gateway.clients.comfy.client - INFO - ComfyUI client initialized for http://procure-x.testmcp.org
2026-01-15 10:01:47,565 - temporal_gateway.clients.comfy.client - INFO - Submitting workflow to ComfyUI
2026-01-15 10:01:47,582 - temporalio.workflow - INFO - Starting ComfyUI workflow execution ({'attempt': 1, 'namespace': 'default', 'run_id': '019bbfec-8520-774d-89e7-3f632d9b21ca', 'task_queue': 'comfyui-gpu-farm', 'workflow_id': 'chain-image-edit-to-video-pipeline-d9704bc4-93b5-4c84-a574-09c8a45e4ea7-extract_frame1', 'workflow_type': 'ComfyUIWorkflow'})
2026-01-15 10:01:47,583 - temporalio.workflow - INFO - Generated client_id: 491ba8f7-c8d9-4358-bea1-2022fa4d2313 ({'attempt': 1, 'namespace': 'default', 'run_id': '019bbfec-8520-774d-89e7-3f632d9b21ca', 'task_queue': 'comfyui-gpu-farm', 'workflow_id': 'chain-image-edit-to-video-pipeline-d9704bc4-93b5-4c84-a574-09c8a45e4ea7-extract_frame1', 'workflow_type': 'ComfyUIWorkflow'})
2026-01-15 10:01:47,583 - temporalio.workflow - INFO - Using pre-selected server: http://procure-x.testmcp.org ({'attempt': 1, 'namespace': 'default', 'run_id': '019bbfec-8520-774d-89e7-3f632d9b21ca', 'task_queue': 'comfyui-gpu-farm', 'workflow_id': 'chain-image-edit-to-video-pipeline-d9704bc4-93b5-4c84-a574-09c8a45e4ea7-extract_frame1', 'workflow_type': 'ComfyUIWorkflow'})
2026-01-15 10:01:47,593 - temporalio.activity - INFO - [V3] Executing workflow on http://procure-x.testmcp.org ({'activity_id': '1', 'activity_type': 'execute_and_track_workflow', 'attempt': 1, 'namespace': 'default', 'task_queue': 'comfyui-gpu-farm', 'workflow_id': 'chain-image-edit-to-video-pipeline-d9704bc4-93b5-4c84-a574-09c8a45e4ea7-extract_frame1', 'workflow_run_id': '019bbfec-8520-774d-89e7-3f632d9b21ca', 'workflow_type': 'ComfyUIWorkflow'})
2026-01-15 10:01:47,593 - temporalio.activity - INFO - [V3] Workflow name: imageSave ({'activity_id': '1', 'activity_type': 'execute_and_track_workflow', 'attempt': 1, 'namespace': 'default', 'task_queue': 'comfyui-gpu-farm', 'workflow_id': 'chain-image-edit-to-video-pipeline-d9704bc4-93b5-4c84-a574-09c8a45e4ea7-extract_frame1', 'workflow_run_id': '019bbfec-8520-774d-89e7-3f632d9b21ca', 'workflow_type': 'ComfyUIWorkflow'})
2026-01-15 10:01:47,635 - temporal_gateway.clients.comfy.client - INFO - ComfyUI client initialized for http://procure-x.testmcp.org
2026-01-15 10:01:47,636 - temporal_gateway.clients.comfy.client - INFO - Submitting workflow to ComfyUI
2026-01-15 10:01:47,637 - httpx - INFO - HTTP Request: POST http://procure-x.testmcp.org/prompt "HTTP/1.1 200 OK"
2026-01-15 10:01:47,638 - temporal_gateway.clients.comfy.client - INFO - Workflow queued with prompt_id: 83748eee-e414-46c6-9ce5-10286e61e564
2026-01-15 10:01:47,638 - temporal_gateway.clients.comfy.tracker - INFO - Starting execution tracking for prompt 83748eee-e414-46c6-9ce5-10286e61e564
2026-01-15 10:01:47,639 - temporal_gateway.clients.comfy.tracker - INFO - Starting history polling
2026-01-15 10:01:47,639 - temporal_gateway.clients.comfy.tracker - INFO - Starting WebSocket listener
2026-01-15 10:01:47,639 - temporal_gateway.clients.comfy.websocket - INFO - Connecting to WebSocket: ws://procure-x.testmcp.org/ws?clientId=7db84dba-456b-40e6-90a7-27f4f26a40d1
2026-01-15 10:01:47,652 - httpx - INFO - HTTP Request: GET http://procure-x.testmcp.org/history/83748eee-e414-46c6-9ce5-10286e61e564 "HTTP/1.1 200 OK"
2026-01-15 10:01:47,652 - temporal_gateway.clients.comfy.tracker - INFO - [POLL] Found in history: success
2026-01-15 10:01:47,653 - temporal_gateway.clients.comfy.tracker - INFO - Tracking completed: success (took 0.01s)
2026-01-15 10:01:47,653 - temporalio.activity - INFO - [V3] Workflow completed successfully ({'activity_id': '1', 'activity_type': 'execute_and_track_workflow', 'attempt': 1, 'namespace': 'default', 'task_queue': 'comfyui-gpu-farm', 'workflow_id': 'chain-image-edit-to-video-pipeline-d9704bc4-93b5-4c84-a574-09c8a45e4ea7-extract_frame2', 'workflow_run_id': '019bbfec-850b-76a3-99b8-4a13b12a809d', 'workflow_type': 'ComfyUIWorkflow'})
2026-01-15 10:01:47,662 - temporalio.workflow - INFO - Execution completed successfully ({'attempt': 1, 'namespace': 'default', 'run_id': '019bbfec-850b-76a3-99b8-4a13b12a809d', 'task_queue': 'comfyui-gpu-farm', 'workflow_id': 'chain-image-edit-to-video-pipeline-d9704bc4-93b5-4c84-a574-09c8a45e4ea7-extract_frame2', 'workflow_type': 'ComfyUIWorkflow'})
2026-01-15 10:01:47,669 - temporalio.activity - INFO - Extracting server output files ({'activity_id': '2', 'activity_type': 'get_server_output_files', 'attempt': 1, 'namespace': 'default', 'task_queue': 'comfyui-gpu-farm', 'workflow_id': 'chain-image-edit-to-video-pipeline-d9704bc4-93b5-4c84-a574-09c8a45e4ea7-extract_frame2', 'workflow_run_id': '019bbfec-850b-76a3-99b8-4a13b12a809d', 'workflow_type': 'ComfyUIWorkflow'})
2026-01-15 10:01:47,670 - temporalio.activity - INFO - Found 1 output file(s) ({'activity_id': '2', 'activity_type': 'get_server_output_files', 'attempt': 1, 'namespace': 'default', 'task_queue': 'comfyui-gpu-farm', 'workflow_id': 'chain-image-edit-to-video-pipeline-d9704bc4-93b5-4c84-a574-09c8a45e4ea7-extract_frame2', 'workflow_run_id': '019bbfec-850b-76a3-99b8-4a13b12a809d', 'workflow_type': 'ComfyUIWorkflow'})
2026-01-15 10:01:47,678 - temporalio.workflow - INFO - Found 1 server output file(s) ({'attempt': 1, 'namespace': 'default', 'run_id': '019bbfec-850b-76a3-99b8-4a13b12a809d', 'task_queue': 'comfyui-gpu-farm', 'workflow_id': 'chain-image-edit-to-video-pipeline-d9704bc4-93b5-4c84-a574-09c8a45e4ea7-extract_frame2', 'workflow_type': 'ComfyUIWorkflow'})
2026-01-15 10:01:47,686 - temporalio.activity - INFO - Downloading and persisting 1 artifact(s) for workflow 3dcb8df7-5266-4f5a-87e3-2b6c48f55f5e ({'activity_id': '3', 'activity_type': 'download_and_store_artifacts', 'attempt': 1, 'namespace': 'default', 'task_queue': 'comfyui-gpu-farm', 'workflow_id': 'chain-image-edit-to-video-pipeline-d9704bc4-93b5-4c84-a574-09c8a45e4ea7-extract_frame2', 'workflow_run_id': '019bbfec-850b-76a3-99b8-4a13b12a809d', 'workflow_type': 'ComfyUIWorkflow'})
2026-01-15 10:01:47,730 - temporal_gateway.clients.comfy.client - INFO - ComfyUI client initialized for http://procure-x.testmcp.org
2026-01-15 10:01:47,732 - httpx - INFO - HTTP Request: POST http://procure-x.testmcp.org/prompt "HTTP/1.1 200 OK"
2026-01-15 10:01:47,733 - temporal_gateway.clients.comfy.client - INFO - Workflow queued with prompt_id: 3c69a915-2086-4848-85ac-df378be39cb7
2026-01-15 10:01:47,733 - temporal_gateway.clients.comfy.tracker - INFO - Starting execution tracking for prompt 3c69a915-2086-4848-85ac-df378be39cb7
2026-01-15 10:01:47,733 - temporal_gateway.clients.comfy.tracker - INFO - Starting history polling
2026-01-15 10:01:47,734 - temporal_gateway.clients.comfy.tracker - INFO - Starting WebSocket listener
2026-01-15 10:01:47,734 - temporal_gateway.clients.comfy.websocket - INFO - Connecting to WebSocket: ws://procure-x.testmcp.org/ws?clientId=f9943b20-381a-4134-83f9-d0c176e3a371
2026-01-15 10:01:47,756 - httpx - INFO - HTTP Request: GET http://procure-x.testmcp.org/history/3c69a915-2086-4848-85ac-df378be39cb7 "HTTP/1.1 200 OK"
2026-01-15 10:01:47,766 - httpx - INFO - HTTP Request: GET http://procure-x.testmcp.org/view?filename=ComfyUI_00296_.png&type=output "HTTP/1.1 200 OK"
2026-01-15 10:01:47,774 - temporal_gateway.clients.comfy.websocket - INFO - WebSocket connected successfully
2026-01-15 10:01:47,788 - temporalio.activity - INFO - ✓ Saved artifact to DB: 46307030-1ec3-4f5e-83b7-8603b16bd7ba (ComfyUI_00296_.png) ({'activity_id': '3', 'activity_type': 'download_and_store_artifacts', 'attempt': 1, 'namespace': 'default', 'task_queue': 'comfyui-gpu-farm', 'workflow_id': 'chain-image-edit-to-video-pipeline-d9704bc4-93b5-4c84-a574-09c8a45e4ea7-extract_frame2', 'workflow_run_id': '019bbfec-850b-76a3-99b8-4a13b12a809d', 'workflow_type': 'ComfyUIWorkflow'})
2026-01-15 10:01:47,788 - temporalio.activity - INFO - Downloaded and persisted 1 artifact(s) ({'activity_id': '3', 'activity_type': 'download_and_store_artifacts', 'attempt': 1, 'namespace': 'default', 'task_queue': 'comfyui-gpu-farm', 'workflow_id': 'chain-image-edit-to-video-pipeline-d9704bc4-93b5-4c84-a574-09c8a45e4ea7-extract_frame2', 'workflow_run_id': '019bbfec-850b-76a3-99b8-4a13b12a809d', 'workflow_type': 'ComfyUIWorkflow'})
2026-01-15 10:01:47,794 - temporal_gateway.clients.comfy.tracker - INFO - [WS] Execution completed successfully
2026-01-15 10:01:47,797 - temporalio.workflow - INFO - Downloaded 1 file(s) locally ({'attempt': 1, 'namespace': 'default', 'run_id': '019bbfec-850b-76a3-99b8-4a13b12a809d', 'task_queue': 'comfyui-gpu-farm', 'workflow_id': 'chain-image-edit-to-video-pipeline-d9704bc4-93b5-4c84-a574-09c8a45e4ea7-extract_frame2', 'workflow_type': 'ComfyUIWorkflow'})
2026-01-15 10:01:47,808 - httpx - INFO - HTTP Request: GET http://procure-x.testmcp.org/history/3c69a915-2086-4848-85ac-df378be39cb7 "HTTP/1.1 200 OK"
2026-01-15 10:01:47,809 - temporal_gateway.clients.comfy.tracker - INFO - Tracking completed: success (took 0.08s)
2026-01-15 10:01:47,810 - temporalio.activity - INFO - [V3] Workflow completed successfully ({'activity_id': '1', 'activity_type': 'execute_and_track_workflow', 'attempt': 1, 'namespace': 'default', 'task_queue': 'comfyui-gpu-farm', 'workflow_id': 'chain-image-edit-to-video-pipeline-d9704bc4-93b5-4c84-a574-09c8a45e4ea7-extract_frame1', 'workflow_run_id': '019bbfec-8520-774d-89e7-3f632d9b21ca', 'workflow_type': 'ComfyUIWorkflow'})
2026-01-15 10:01:47,819 - temporalio.activity - INFO - Updating workflow 3dcb8df7-5266-4f5a-87e3-2b6c48f55f5e status to: completed ({'activity_id': '10', 'activity_type': 'update_workflow_status_activity', 'attempt': 1, 'namespace': 'default', 'task_queue': 'comfyui-gpu-farm', 'workflow_id': 'chain-image-edit-to-video-pipeline-d9704bc4-93b5-4c84-a574-09c8a45e4ea7', 'workflow_run_id': '019bbfec-83ec-7b8b-82e8-c3a7f1979db9', 'workflow_type': 'ChainExecutorWorkflow'})
2026-01-15 10:01:47,823 - temporalio.activity - INFO - ✓ Updated workflow status ({'activity_id': '10', 'activity_type': 'update_workflow_status_activity', 'attempt': 1, 'namespace': 'default', 'task_queue': 'comfyui-gpu-farm', 'workflow_id': 'chain-image-edit-to-video-pipeline-d9704bc4-93b5-4c84-a574-09c8a45e4ea7', 'workflow_run_id': '019bbfec-83ec-7b8b-82e8-c3a7f1979db9', 'workflow_type': 'ChainExecutorWorkflow'})
2026-01-15 10:01:47,824 - temporalio.workflow - INFO - Execution completed successfully ({'attempt': 1, 'namespace': 'default', 'run_id': '019bbfec-8520-774d-89e7-3f632d9b21ca', 'task_queue': 'comfyui-gpu-farm', 'workflow_id': 'chain-image-edit-to-video-pipeline-d9704bc4-93b5-4c84-a574-09c8a45e4ea7-extract_frame1', 'workflow_type': 'ComfyUIWorkflow'})
2026-01-15 10:01:47,832 - temporalio.activity - INFO - Extracting server output files ({'activity_id': '2', 'activity_type': 'get_server_output_files', 'attempt': 1, 'namespace': 'default', 'task_queue': 'comfyui-gpu-farm', 'workflow_id': 'chain-image-edit-to-video-pipeline-d9704bc4-93b5-4c84-a574-09c8a45e4ea7-extract_frame1', 'workflow_run_id': '019bbfec-8520-774d-89e7-3f632d9b21ca', 'workflow_type': 'ComfyUIWorkflow'})
2026-01-15 10:01:47,833 - temporalio.activity - INFO - Found 1 output file(s) ({'activity_id': '2', 'activity_type': 'get_server_output_files', 'attempt': 1, 'namespace': 'default', 'task_queue': 'comfyui-gpu-farm', 'workflow_id': 'chain-image-edit-to-video-pipeline-d9704bc4-93b5-4c84-a574-09c8a45e4ea7-extract_frame1', 'workflow_run_id': '019bbfec-8520-774d-89e7-3f632d9b21ca', 'workflow_type': 'ComfyUIWorkflow'})
2026-01-15 10:01:47,840 - temporalio.activity - INFO - Getting artifacts for workflow: 3dcb8df7-5266-4f5a-87e3-2b6c48f55f5e ({'activity_id': '11', 'activity_type': 'get_workflow_artifacts', 'attempt': 1, 'namespace': 'default', 'task_queue': 'comfyui-gpu-farm', 'workflow_id': 'chain-image-edit-to-video-pipeline-d9704bc4-93b5-4c84-a574-09c8a45e4ea7', 'workflow_run_id': '019bbfec-83ec-7b8b-82e8-c3a7f1979db9', 'workflow_type': 'ChainExecutorWorkflow'})
2026-01-15 10:01:47,842 - temporalio.workflow - INFO - Found 1 server output file(s) ({'attempt': 1, 'namespace': 'default', 'run_id': '019bbfec-8520-774d-89e7-3f632d9b21ca', 'task_queue': 'comfyui-gpu-farm', 'workflow_id': 'chain-image-edit-to-video-pipeline-d9704bc4-93b5-4c84-a574-09c8a45e4ea7-extract_frame1', 'workflow_type': 'ComfyUIWorkflow'})
2026-01-15 10:01:47,850 - temporalio.activity - INFO - Downloading and persisting 1 artifact(s) for workflow db72a458-86b0-4176-96fd-99bb654d125a ({'activity_id': '3', 'activity_type': 'download_and_store_artifacts', 'attempt': 1, 'namespace': 'default', 'task_queue': 'comfyui-gpu-farm', 'workflow_id': 'chain-image-edit-to-video-pipeline-d9704bc4-93b5-4c84-a574-09c8a45e4ea7-extract_frame1', 'workflow_run_id': '019bbfec-8520-774d-89e7-3f632d9b21ca', 'workflow_type': 'ComfyUIWorkflow'})
2026-01-15 10:01:47,895 - temporal_gateway.clients.comfy.client - INFO - ComfyUI client initialized for http://procure-x.testmcp.org
2026-01-15 10:01:47,906 - temporalio.activity - INFO - Creating approval request for artifact: 46307030-1ec3-4f5e-83b7-8603b16bd7ba ({'activity_id': '12', 'activity_type': 'create_approval_request_activity', 'attempt': 1, 'namespace': 'default', 'task_queue': 'comfyui-gpu-farm', 'workflow_id': 'chain-image-edit-to-video-pipeline-d9704bc4-93b5-4c84-a574-09c8a45e4ea7', 'workflow_run_id': '019bbfec-83ec-7b8b-82e8-c3a7f1979db9', 'workflow_type': 'ChainExecutorWorkflow'})
2026-01-15 10:01:47,909 - temporalio.activity - INFO - ✓ Created approval request: 96c14190-6c01-48e5-98b8-85a27258111d, token: GYOrZGOoJoiwu8Ue... ({'activity_id': '12', 'activity_type': 'create_approval_request_activity', 'attempt': 1, 'namespace': 'default', 'task_queue': 'comfyui-gpu-farm', 'workflow_id': 'chain-image-edit-to-video-pipeline-d9704bc4-93b5-4c84-a574-09c8a45e4ea7', 'workflow_run_id': '019bbfec-83ec-7b8b-82e8-c3a7f1979db9', 'workflow_type': 'ChainExecutorWorkflow'})
2026-01-15 10:01:47,909 - temporal_gateway.services.broadcast - INFO - Published approval_requested to chain:c06a9e3d-3d5a-4b26-b0a0-d0d4497f4e1a
2026-01-15 10:01:47,910 - temporalio.activity - INFO - Published approval_requested event for chain c06a9e3d-3d5a-4b26-b0a0-d0d4497f4e1a ({'activity_id': '12', 'activity_type': 'create_approval_request_activity', 'attempt': 1, 'namespace': 'default', 'task_queue': 'comfyui-gpu-farm', 'workflow_id': 'chain-image-edit-to-video-pipeline-d9704bc4-93b5-4c84-a574-09c8a45e4ea7', 'workflow_run_id': '019bbfec-83ec-7b8b-82e8-c3a7f1979db9', 'workflow_type': 'ChainExecutorWorkflow'})
2026-01-15 10:01:47,919 - temporalio.workflow - INFO - Step extract_frame2: Approval request created, token: GYOrZGOoJoiwu8Ue... ({'attempt': 1, 'namespace': 'default', 'run_id': '019bbfec-83ec-7b8b-82e8-c3a7f1979db9', 'task_queue': 'comfyui-gpu-farm', 'workflow_id': 'chain-image-edit-to-video-pipeline-d9704bc4-93b5-4c84-a574-09c8a45e4ea7', 'workflow_type': 'ChainExecutorWorkflow'})
2026-01-15 10:01:47,935 - httpx - INFO - HTTP Request: GET http://procure-x.testmcp.org/view?filename=ComfyUI_00297_.png&type=output "HTTP/1.1 200 OK"
2026-01-15 10:01:47,954 - temporalio.activity - INFO - ✓ Saved artifact to DB: 8f06b7b8-05c8-4275-bfce-bc961256ef06 (ComfyUI_00297_.png) ({'activity_id': '3', 'activity_type': 'download_and_store_artifacts', 'attempt': 1, 'namespace': 'default', 'task_queue': 'comfyui-gpu-farm', 'workflow_id': 'chain-image-edit-to-video-pipeline-d9704bc4-93b5-4c84-a574-09c8a45e4ea7-extract_frame1', 'workflow_run_id': '019bbfec-8520-774d-89e7-3f632d9b21ca', 'workflow_type': 'ComfyUIWorkflow'})
2026-01-15 10:01:47,955 - temporalio.activity - INFO - Downloaded and persisted 1 artifact(s) ({'activity_id': '3', 'activity_type': 'download_and_store_artifacts', 'attempt': 1, 'namespace': 'default', 'task_queue': 'comfyui-gpu-farm', 'workflow_id': 'chain-image-edit-to-video-pipeline-d9704bc4-93b5-4c84-a574-09c8a45e4ea7-extract_frame1', 'workflow_run_id': '019bbfec-8520-774d-89e7-3f632d9b21ca', 'workflow_type': 'ComfyUIWorkflow'})
2026-01-15 10:01:47,965 - temporalio.workflow - INFO - Downloaded 1 file(s) locally ({'attempt': 1, 'namespace': 'default', 'run_id': '019bbfec-8520-774d-89e7-3f632d9b21ca', 'task_queue': 'comfyui-gpu-farm', 'workflow_id': 'chain-image-edit-to-video-pipeline-d9704bc4-93b5-4c84-a574-09c8a45e4ea7-extract_frame1', 'workflow_type': 'ComfyUIWorkflow'})
2026-01-15 10:01:47,989 - temporalio.activity - INFO - Updating workflow db72a458-86b0-4176-96fd-99bb654d125a status to: completed ({'activity_id': '13', 'activity_type': 'update_workflow_status_activity', 'attempt': 1, 'namespace': 'default', 'task_queue': 'comfyui-gpu-farm', 'workflow_id': 'chain-image-edit-to-video-pipeline-d9704bc4-93b5-4c84-a574-09c8a45e4ea7', 'workflow_run_id': '019bbfec-83ec-7b8b-82e8-c3a7f1979db9', 'workflow_type': 'ChainExecutorWorkflow'})
2026-01-15 10:01:47,992 - temporalio.activity - INFO - ✓ Updated workflow status ({'activity_id': '13', 'activity_type': 'update_workflow_status_activity', 'attempt': 1, 'namespace': 'default', 'task_queue': 'comfyui-gpu-farm', 'workflow_id': 'chain-image-edit-to-video-pipeline-d9704bc4-93b5-4c84-a574-09c8a45e4ea7', 'workflow_run_id': '019bbfec-83ec-7b8b-82e8-c3a7f1979db9', 'workflow_type': 'ChainExecutorWorkflow'})
2026-01-15 10:01:48,008 - temporalio.activity - INFO - Getting artifacts for workflow: db72a458-86b0-4176-96fd-99bb654d125a ({'activity_id': '14', 'activity_type': 'get_workflow_artifacts', 'attempt': 1, 'namespace': 'default', 'task_queue': 'comfyui-gpu-farm', 'workflow_id': 'chain-image-edit-to-video-pipeline-d9704bc4-93b5-4c84-a574-09c8a45e4ea7', 'workflow_run_id': '019bbfec-83ec-7b8b-82e8-c3a7f1979db9', 'workflow_type': 'ChainExecutorWorkflow'})
2026-01-15 10:01:48,025 - temporalio.activity - INFO - Creating approval request for artifact: 8f06b7b8-05c8-4275-bfce-bc961256ef06 ({'activity_id': '15', 'activity_type': 'create_approval_request_activity', 'attempt': 1, 'namespace': 'default', 'task_queue': 'comfyui-gpu-farm', 'workflow_id': 'chain-image-edit-to-video-pipeline-d9704bc4-93b5-4c84-a574-09c8a45e4ea7', 'workflow_run_id': '019bbfec-83ec-7b8b-82e8-c3a7f1979db9', 'workflow_type': 'ChainExecutorWorkflow'})
2026-01-15 10:01:48,028 - temporalio.activity - INFO - ✓ Created approval request: 4a978936-37ed-4ba4-8cc4-28de7ff47080, token: UnfhzqEzo8RpIW85... ({'activity_id': '15', 'activity_type': 'create_approval_request_activity', 'attempt': 1, 'namespace': 'default', 'task_queue': 'comfyui-gpu-farm', 'workflow_id': 'chain-image-edit-to-video-pipeline-d9704bc4-93b5-4c84-a574-09c8a45e4ea7', 'workflow_run_id': '019bbfec-83ec-7b8b-82e8-c3a7f1979db9', 'workflow_type': 'ChainExecutorWorkflow'})
2026-01-15 10:01:48,029 - temporal_gateway.services.broadcast - INFO - Published approval_requested to chain:c06a9e3d-3d5a-4b26-b0a0-d0d4497f4e1a
2026-01-15 10:01:48,029 - temporalio.activity - INFO - Published approval_requested event for chain c06a9e3d-3d5a-4b26-b0a0-d0d4497f4e1a ({'activity_id': '15', 'activity_type': 'create_approval_request_activity', 'attempt': 1, 'namespace': 'default', 'task_queue': 'comfyui-gpu-farm', 'workflow_id': 'chain-image-edit-to-video-pipeline-d9704bc4-93b5-4c84-a574-09c8a45e4ea7', 'workflow_run_id': '019bbfec-83ec-7b8b-82e8-c3a7f1979db9', 'workflow_type': 'ChainExecutorWorkflow'})
2026-01-15 10:01:48,038 - temporalio.workflow - INFO - Step extract_frame1: Approval request created, token: UnfhzqEzo8RpIW85... ({'attempt': 1, 'namespace': 'default', 'run_id': '019bbfec-83ec-7b8b-82e8-c3a7f1979db9', 'task_queue': 'comfyui-gpu-farm', 'workflow_id': 'chain-image-edit-to-video-pipeline-d9704bc4-93b5-4c84-a574-09c8a45e4ea7', 'workflow_type': 'ChainExecutorWorkflow'})
2026-01-15 10:02:07,699 - temporalio.workflow - INFO - Received approval decision for step extract_frame2: approved by cli-user ({'attempt': 1, 'namespace': 'default', 'run_id': '019bbfec-83ec-7b8b-82e8-c3a7f1979db9', 'task_queue': 'comfyui-gpu-farm', 'workflow_id': 'chain-image-edit-to-video-pipeline-d9704bc4-93b5-4c84-a574-09c8a45e4ea7', 'workflow_type': 'ChainExecutorWorkflow'})
2026-01-15 10:02:07,699 - temporalio.workflow - INFO - Step extract_frame2: Approved by cli-user ({'attempt': 1, 'namespace': 'default', 'run_id': '019bbfec-83ec-7b8b-82e8-c3a7f1979db9', 'task_queue': 'comfyui-gpu-farm', 'workflow_id': 'chain-image-edit-to-video-pipeline-d9704bc4-93b5-4c84-a574-09c8a45e4ea7', 'workflow_type': 'ChainExecutorWorkflow'})
2026-01-15 10:02:07,699 - temporalio.workflow - INFO - Step extract_frame2: Approved ({'attempt': 1, 'namespace': 'default', 'run_id': '019bbfec-83ec-7b8b-82e8-c3a7f1979db9', 'task_queue': 'comfyui-gpu-farm', 'workflow_id': 'chain-image-edit-to-video-pipeline-d9704bc4-93b5-4c84-a574-09c8a45e4ea7', 'workflow_type': 'ChainExecutorWorkflow'})
2026-01-15 10:02:07,709 - temporalio.activity - INFO - Getting artifacts for workflow: 3dcb8df7-5266-4f5a-87e3-2b6c48f55f5e ({'activity_id': '16', 'activity_type': 'get_workflow_artifacts', 'attempt': 1, 'namespace': 'default', 'task_queue': 'comfyui-gpu-farm', 'workflow_id': 'chain-image-edit-to-video-pipeline-d9704bc4-93b5-4c84-a574-09c8a45e4ea7', 'workflow_run_id': '019bbfec-83ec-7b8b-82e8-c3a7f1979db9', 'workflow_type': 'ChainExecutorWorkflow'})
2026-01-15 10:02:07,731 - temporal_gateway.services.broadcast - INFO - Published step_completed to chain:c06a9e3d-3d5a-4b26-b0a0-d0d4497f4e1a
2026-01-15 10:02:07,732 - temporalio.activity - INFO - Published step_completed event for extract_frame2 in chain c06a9e3d-3d5a-4b26-b0a0-d0d4497f4e1a ({'activity_id': '17', 'activity_type': 'publish_step_completed_activity', 'attempt': 1, 'namespace': 'default', 'task_queue': 'comfyui-gpu-farm', 'workflow_id': 'chain-image-edit-to-video-pipeline-d9704bc4-93b5-4c84-a574-09c8a45e4ea7', 'workflow_run_id': '019bbfec-83ec-7b8b-82e8-c3a7f1979db9', 'workflow_type': 'ChainExecutorWorkflow'})
2026-01-15 10:02:09,464 - temporalio.workflow - INFO - Received approval decision for step extract_frame1: approved by cli-user ({'attempt': 1, 'namespace': 'default', 'run_id': '019bbfec-83ec-7b8b-82e8-c3a7f1979db9', 'task_queue': 'comfyui-gpu-farm', 'workflow_id': 'chain-image-edit-to-video-pipeline-d9704bc4-93b5-4c84-a574-09c8a45e4ea7', 'workflow_type': 'ChainExecutorWorkflow'})
2026-01-15 10:02:09,465 - temporalio.workflow - INFO - Step extract_frame1: Approved by cli-user ({'attempt': 1, 'namespace': 'default', 'run_id': '019bbfec-83ec-7b8b-82e8-c3a7f1979db9', 'task_queue': 'comfyui-gpu-farm', 'workflow_id': 'chain-image-edit-to-video-pipeline-d9704bc4-93b5-4c84-a574-09c8a45e4ea7', 'workflow_type': 'ChainExecutorWorkflow'})
2026-01-15 10:02:09,465 - temporalio.workflow - INFO - Step extract_frame1: Approved ({'attempt': 1, 'namespace': 'default', 'run_id': '019bbfec-83ec-7b8b-82e8-c3a7f1979db9', 'task_queue': 'comfyui-gpu-farm', 'workflow_id': 'chain-image-edit-to-video-pipeline-d9704bc4-93b5-4c84-a574-09c8a45e4ea7', 'workflow_type': 'ChainExecutorWorkflow'})
2026-01-15 10:02:09,475 - temporalio.activity - INFO - Getting artifacts for workflow: db72a458-86b0-4176-96fd-99bb654d125a ({'activity_id': '18', 'activity_type': 'get_workflow_artifacts', 'attempt': 1, 'namespace': 'default', 'task_queue': 'comfyui-gpu-farm', 'workflow_id': 'chain-image-edit-to-video-pipeline-d9704bc4-93b5-4c84-a574-09c8a45e4ea7', 'workflow_run_id': '019bbfec-83ec-7b8b-82e8-c3a7f1979db9', 'workflow_type': 'ChainExecutorWorkflow'})
2026-01-15 10:02:09,499 - temporal_gateway.services.broadcast - INFO - Published step_completed to chain:c06a9e3d-3d5a-4b26-b0a0-d0d4497f4e1a
2026-01-15 10:02:09,499 - temporalio.activity - INFO - Published step_completed event for extract_frame1 in chain c06a9e3d-3d5a-4b26-b0a0-d0d4497f4e1a ({'activity_id': '19', 'activity_type': 'publish_step_completed_activity', 'attempt': 1, 'namespace': 'default', 'task_queue': 'comfyui-gpu-farm', 'workflow_id': 'chain-image-edit-to-video-pipeline-d9704bc4-93b5-4c84-a574-09c8a45e4ea7', 'workflow_run_id': '019bbfec-83ec-7b8b-82e8-c3a7f1979db9', 'workflow_type': 'ChainExecutorWorkflow'})
2026-01-15 10:02:09,511 - temporalio.workflow - INFO - Step extract_frame1: completed ({'attempt': 1, 'namespace': 'default', 'run_id': '019bbfec-83ec-7b8b-82e8-c3a7f1979db9', 'task_queue': 'comfyui-gpu-farm', 'workflow_id': 'chain-image-edit-to-video-pipeline-d9704bc4-93b5-4c84-a574-09c8a45e4ea7', 'workflow_type': 'ChainExecutorWorkflow'})
2026-01-15 10:02:09,511 - temporalio.workflow - INFO - Step extract_frame2: completed ({'attempt': 1, 'namespace': 'default', 'run_id': '019bbfec-83ec-7b8b-82e8-c3a7f1979db9', 'task_queue': 'comfyui-gpu-farm', 'workflow_id': 'chain-image-edit-to-video-pipeline-d9704bc4-93b5-4c84-a574-09c8a45e4ea7', 'workflow_type': 'ChainExecutorWorkflow'})
2026-01-15 10:02:09,521 - temporalio.activity - INFO - Updating chain c06a9e3d-3d5a-4b26-b0a0-d0d4497f4e1a status to: executing_level_1 ({'activity_id': '20', 'activity_type': 'update_chain_status_activity', 'attempt': 1, 'namespace': 'default', 'task_queue': 'comfyui-gpu-farm', 'workflow_id': 'chain-image-edit-to-video-pipeline-d9704bc4-93b5-4c84-a574-09c8a45e4ea7', 'workflow_run_id': '019bbfec-83ec-7b8b-82e8-c3a7f1979db9', 'workflow_type': 'ChainExecutorWorkflow'})
2026-01-15 10:02:09,525 - temporalio.activity - INFO - ✓ Updated chain status ({'activity_id': '20', 'activity_type': 'update_chain_status_activity', 'attempt': 1, 'namespace': 'default', 'task_queue': 'comfyui-gpu-farm', 'workflow_id': 'chain-image-edit-to-video-pipeline-d9704bc4-93b5-4c84-a574-09c8a45e4ea7', 'workflow_run_id': '019bbfec-83ec-7b8b-82e8-c3a7f1979db9', 'workflow_type': 'ChainExecutorWorkflow'})
2026-01-15 10:02:09,537 - temporalio.workflow - INFO - Level 1: Executing 2 step(s) ({'attempt': 1, 'namespace': 'default', 'run_id': '019bbfec-83ec-7b8b-82e8-c3a7f1979db9', 'task_queue': 'comfyui-gpu-farm', 'workflow_id': 'chain-image-edit-to-video-pipeline-d9704bc4-93b5-4c84-a574-09c8a45e4ea7', 'workflow_type': 'ChainExecutorWorkflow'})
2026-01-15 10:02:09,537 - temporalio.workflow - INFO - Executing step: edit_frame1 ({'attempt': 1, 'namespace': 'default', 'run_id': '019bbfec-83ec-7b8b-82e8-c3a7f1979db9', 'task_queue': 'comfyui-gpu-farm', 'workflow_id': 'chain-image-edit-to-video-pipeline-d9704bc4-93b5-4c84-a574-09c8a45e4ea7', 'workflow_type': 'ChainExecutorWorkflow'})
2026-01-15 10:02:09,538 - temporalio.workflow - INFO - Executing step: edit_frame2 ({'attempt': 1, 'namespace': 'default', 'run_id': '019bbfec-83ec-7b8b-82e8-c3a7f1979db9', 'task_queue': 'comfyui-gpu-farm', 'workflow_id': 'chain-image-edit-to-video-pipeline-d9704bc4-93b5-4c84-a574-09c8a45e4ea7', 'workflow_type': 'ChainExecutorWorkflow'})
2026-01-15 10:02:09,549 - temporalio.activity - INFO - Resolving templates in parameters ({'activity_id': '21', 'activity_type': 'resolve_chain_templates', 'attempt': 1, 'namespace': 'default', 'task_queue': 'comfyui-gpu-farm', 'workflow_id': 'chain-image-edit-to-video-pipeline-d9704bc4-93b5-4c84-a574-09c8a45e4ea7', 'workflow_run_id': '019bbfec-83ec-7b8b-82e8-c3a7f1979db9', 'workflow_type': 'ChainExecutorWorkflow'})
2026-01-15 10:02:09,551 - temporalio.activity - INFO - Templates resolved successfully ({'activity_id': '21', 'activity_type': 'resolve_chain_templates', 'attempt': 1, 'namespace': 'default', 'task_queue': 'comfyui-gpu-farm', 'workflow_id': 'chain-image-edit-to-video-pipeline-d9704bc4-93b5-4c84-a574-09c8a45e4ea7', 'workflow_run_id': '019bbfec-83ec-7b8b-82e8-c3a7f1979db9', 'workflow_type': 'ChainExecutorWorkflow'})
2026-01-15 10:02:09,552 - temporalio.activity - INFO - Resolving templates in parameters ({'activity_id': '22', 'activity_type': 'resolve_chain_templates', 'attempt': 1, 'namespace': 'default', 'task_queue': 'comfyui-gpu-farm', 'workflow_id': 'chain-image-edit-to-video-pipeline-d9704bc4-93b5-4c84-a574-09c8a45e4ea7', 'workflow_run_id': '019bbfec-83ec-7b8b-82e8-c3a7f1979db9', 'workflow_type': 'ChainExecutorWorkflow'})
2026-01-15 10:02:09,553 - temporalio.activity - INFO - Templates resolved successfully ({'activity_id': '22', 'activity_type': 'resolve_chain_templates', 'attempt': 1, 'namespace': 'default', 'task_queue': 'comfyui-gpu-farm', 'workflow_id': 'chain-image-edit-to-video-pipeline-d9704bc4-93b5-4c84-a574-09c8a45e4ea7', 'workflow_run_id': '019bbfec-83ec-7b8b-82e8-c3a7f1979db9', 'workflow_type': 'ChainExecutorWorkflow'})
2026-01-15 10:02:09,571 - temporalio.activity - INFO - Applying parameters to workflow: qwen_image_edit ({'activity_id': '24', 'activity_type': 'apply_workflow_parameters', 'attempt': 1, 'namespace': 'default', 'task_queue': 'comfyui-gpu-farm', 'workflow_id': 'chain-image-edit-to-video-pipeline-d9704bc4-93b5-4c84-a574-09c8a45e4ea7', 'workflow_run_id': '019bbfec-83ec-7b8b-82e8-c3a7f1979db9', 'workflow_type': 'ChainExecutorWorkflow'})
2026-01-15 10:02:09,572 - temporal_gateway.registry - INFO - Applied override: 111.prompt = Make the scene more vibrant and colorful with enhanced details
2026-01-15 10:02:09,572 - temporal_gateway.registry - INFO - Applied override: 78.image = ComfyUI_00296_.png
2026-01-15 10:02:09,572 - temporalio.activity - INFO - Parameters applied successfully ({'activity_id': '24', 'activity_type': 'apply_workflow_parameters', 'attempt': 1, 'namespace': 'default', 'task_queue': 'comfyui-gpu-farm', 'workflow_id': 'chain-image-edit-to-video-pipeline-d9704bc4-93b5-4c84-a574-09c8a45e4ea7', 'workflow_run_id': '019bbfec-83ec-7b8b-82e8-c3a7f1979db9', 'workflow_type': 'ChainExecutorWorkflow'})
2026-01-15 10:02:09,574 - temporalio.activity - INFO - Applying parameters to workflow: qwen_image_edit ({'activity_id': '23', 'activity_type': 'apply_workflow_parameters', 'attempt': 1, 'namespace': 'default', 'task_queue': 'comfyui-gpu-farm', 'workflow_id': 'chain-image-edit-to-video-pipeline-d9704bc4-93b5-4c84-a574-09c8a45e4ea7', 'workflow_run_id': '019bbfec-83ec-7b8b-82e8-c3a7f1979db9', 'workflow_type': 'ChainExecutorWorkflow'})
2026-01-15 10:02:09,575 - temporal_gateway.registry - INFO - Applied override: 111.prompt = Make the scene more vibrant and colorful with enhanced details
2026-01-15 10:02:09,575 - temporal_gateway.registry - INFO - Applied override: 78.image = ComfyUI_00297_.png
2026-01-15 10:02:09,575 - temporalio.activity - INFO - Parameters applied successfully ({'activity_id': '23', 'activity_type': 'apply_workflow_parameters', 'attempt': 1, 'namespace': 'default', 'task_queue': 'comfyui-gpu-farm', 'workflow_id': 'chain-image-edit-to-video-pipeline-d9704bc4-93b5-4c84-a574-09c8a45e4ea7', 'workflow_run_id': '019bbfec-83ec-7b8b-82e8-c3a7f1979db9', 'workflow_type': 'ChainExecutorWorkflow'})
2026-01-15 10:02:09,591 - temporalio.activity - INFO - Selecting server with strategy: least_loaded ({'activity_id': '26', 'activity_type': 'select_best_server', 'attempt': 1, 'namespace': 'default', 'task_queue': 'comfyui-gpu-farm', 'workflow_id': 'chain-image-edit-to-video-pipeline-d9704bc4-93b5-4c84-a574-09c8a45e4ea7', 'workflow_run_id': '019bbfec-83ec-7b8b-82e8-c3a7f1979db9', 'workflow_type': 'ChainExecutorWorkflow'})
2026-01-15 10:02:09,638 - temporalio.activity - INFO - Selecting server with strategy: least_loaded ({'activity_id': '25', 'activity_type': 'select_best_server', 'attempt': 1, 'namespace': 'default', 'task_queue': 'comfyui-gpu-farm', 'workflow_id': 'chain-image-edit-to-video-pipeline-d9704bc4-93b5-4c84-a574-09c8a45e4ea7', 'workflow_run_id': '019bbfec-83ec-7b8b-82e8-c3a7f1979db9', 'workflow_type': 'ChainExecutorWorkflow'})
2026-01-15 10:02:09,717 - httpx - INFO - HTTP Request: GET http://procure-x.testmcp.org/system_stats "HTTP/1.1 200 OK"
2026-01-15 10:02:09,730 - httpx - INFO - HTTP Request: GET http://procure-x.testmcp.org/system_stats "HTTP/1.1 200 OK"
2026-01-15 10:02:09,732 - httpx - INFO - HTTP Request: GET http://procure-x.testmcp.org/queue "HTTP/1.1 200 OK"
2026-01-15 10:02:09,733 - temporal_gateway.servers.load_balancer - INFO - Selected server procure-x (queue_depth=0, gpu_mem=0.0%)
2026-01-15 10:02:09,733 - temporalio.activity - INFO - Selected server: procure-x (http://procure-x.testmcp.org) ({'activity_id': '25', 'activity_type': 'select_best_server', 'attempt': 1, 'namespace': 'default', 'task_queue': 'comfyui-gpu-farm', 'workflow_id': 'chain-image-edit-to-video-pipeline-d9704bc4-93b5-4c84-a574-09c8a45e4ea7', 'workflow_run_id': '019bbfec-83ec-7b8b-82e8-c3a7f1979db9', 'workflow_type': 'ChainExecutorWorkflow'})
2026-01-15 10:02:09,743 - httpx - INFO - HTTP Request: GET http://procure-x.testmcp.org/queue "HTTP/1.1 200 OK"
2026-01-15 10:02:09,745 - temporal_gateway.servers.load_balancer - INFO - Selected server procure-x (queue_depth=0, gpu_mem=0.0%)
2026-01-15 10:02:09,745 - temporalio.workflow - INFO - Step edit_frame2: Server http://procure-x.testmcp.org ({'attempt': 1, 'namespace': 'default', 'run_id': '019bbfec-83ec-7b8b-82e8-c3a7f1979db9', 'task_queue': 'comfyui-gpu-farm', 'workflow_id': 'chain-image-edit-to-video-pipeline-d9704bc4-93b5-4c84-a574-09c8a45e4ea7', 'workflow_type': 'ChainExecutorWorkflow'})
2026-01-15 10:02:09,745 - temporalio.activity - INFO - Selected server: procure-x (http://procure-x.testmcp.org) ({'activity_id': '26', 'activity_type': 'select_best_server', 'attempt': 1, 'namespace': 'default', 'task_queue': 'comfyui-gpu-farm', 'workflow_id': 'chain-image-edit-to-video-pipeline-d9704bc4-93b5-4c84-a574-09c8a45e4ea7', 'workflow_run_id': '019bbfec-83ec-7b8b-82e8-c3a7f1979db9', 'workflow_type': 'ChainExecutorWorkflow'})
2026-01-15 10:02:09,754 - temporalio.workflow - INFO - Step edit_frame1: Server http://procure-x.testmcp.org ({'attempt': 1, 'namespace': 'default', 'run_id': '019bbfec-83ec-7b8b-82e8-c3a7f1979db9', 'task_queue': 'comfyui-gpu-farm', 'workflow_id': 'chain-image-edit-to-video-pipeline-d9704bc4-93b5-4c84-a574-09c8a45e4ea7', 'workflow_type': 'ChainExecutorWorkflow'})
2026-01-15 10:02:09,757 - temporalio.activity - INFO - Getting artifacts for workflow: 3dcb8df7-5266-4f5a-87e3-2b6c48f55f5e ({'activity_id': '27', 'activity_type': 'get_workflow_artifacts', 'attempt': 1, 'namespace': 'default', 'task_queue': 'comfyui-gpu-farm', 'workflow_id': 'chain-image-edit-to-video-pipeline-d9704bc4-93b5-4c84-a574-09c8a45e4ea7', 'workflow_run_id': '019bbfec-83ec-7b8b-82e8-c3a7f1979db9', 'workflow_type': 'ChainExecutorWorkflow'})
2026-01-15 10:02:09,765 - temporalio.activity - INFO - Getting artifacts for workflow: db72a458-86b0-4176-96fd-99bb654d125a ({'activity_id': '28', 'activity_type': 'get_workflow_artifacts', 'attempt': 1, 'namespace': 'default', 'task_queue': 'comfyui-gpu-farm', 'workflow_id': 'chain-image-edit-to-video-pipeline-d9704bc4-93b5-4c84-a574-09c8a45e4ea7', 'workflow_run_id': '019bbfec-83ec-7b8b-82e8-c3a7f1979db9', 'workflow_type': 'ChainExecutorWorkflow'})
2026-01-15 10:02:09,769 - temporalio.workflow - INFO - Transferring 1 artifact(s) from extract_frame2 ({'attempt': 1, 'namespace': 'default', 'run_id': '019bbfec-83ec-7b8b-82e8-c3a7f1979db9', 'task_queue': 'comfyui-gpu-farm', 'workflow_id': 'chain-image-edit-to-video-pipeline-d9704bc4-93b5-4c84-a574-09c8a45e4ea7', 'workflow_type': 'ChainExecutorWorkflow'})
2026-01-15 10:02:09,775 - temporalio.workflow - INFO - Transferring 1 artifact(s) from extract_frame1 ({'attempt': 1, 'namespace': 'default', 'run_id': '019bbfec-83ec-7b8b-82e8-c3a7f1979db9', 'task_queue': 'comfyui-gpu-farm', 'workflow_id': 'chain-image-edit-to-video-pipeline-d9704bc4-93b5-4c84-a574-09c8a45e4ea7', 'workflow_type': 'ChainExecutorWorkflow'})
2026-01-15 10:02:09,778 - temporalio.activity - INFO - Transferring 1 artifact(s) from workflow 3dcb8df7-5266-4f5a-87e3-2b6c48f55f5e to http://procure-x.testmcp.org ({'activity_id': '29', 'activity_type': 'transfer_artifacts_from_storage', 'attempt': 1, 'namespace': 'default', 'task_queue': 'comfyui-gpu-farm', 'workflow_id': 'chain-image-edit-to-video-pipeline-d9704bc4-93b5-4c84-a574-09c8a45e4ea7', 'workflow_run_id': '019bbfec-83ec-7b8b-82e8-c3a7f1979db9', 'workflow_type': 'ChainExecutorWorkflow'})
2026-01-15 10:02:09,822 - temporal_gateway.clients.comfy.client - INFO - ComfyUI client initialized for http://procure-x.testmcp.org
2026-01-15 10:02:09,832 - temporalio.activity - INFO - Uploading: ComfyUI_00296_.png from local storage to http://procure-x.testmcp.org/input/ ({'activity_id': '29', 'activity_type': 'transfer_artifacts_from_storage', 'attempt': 1, 'namespace': 'default', 'task_queue': 'comfyui-gpu-farm', 'workflow_id': 'chain-image-edit-to-video-pipeline-d9704bc4-93b5-4c84-a574-09c8a45e4ea7', 'workflow_run_id': '019bbfec-83ec-7b8b-82e8-c3a7f1979db9', 'workflow_type': 'ChainExecutorWorkflow'})
2026-01-15 10:02:09,834 - temporalio.activity - INFO - Transferring 1 artifact(s) from workflow db72a458-86b0-4176-96fd-99bb654d125a to http://procure-x.testmcp.org ({'activity_id': '30', 'activity_type': 'transfer_artifacts_from_storage', 'attempt': 1, 'namespace': 'default', 'task_queue': 'comfyui-gpu-farm', 'workflow_id': 'chain-image-edit-to-video-pipeline-d9704bc4-93b5-4c84-a574-09c8a45e4ea7', 'workflow_run_id': '019bbfec-83ec-7b8b-82e8-c3a7f1979db9', 'workflow_type': 'ChainExecutorWorkflow'})
2026-01-15 10:02:09,877 - temporal_gateway.clients.comfy.client - INFO - ComfyUI client initialized for http://procure-x.testmcp.org
2026-01-15 10:02:09,881 - temporalio.activity - INFO - Uploading: ComfyUI_00297_.png from local storage to http://procure-x.testmcp.org/input/ ({'activity_id': '30', 'activity_type': 'transfer_artifacts_from_storage', 'attempt': 1, 'namespace': 'default', 'task_queue': 'comfyui-gpu-farm', 'workflow_id': 'chain-image-edit-to-video-pipeline-d9704bc4-93b5-4c84-a574-09c8a45e4ea7', 'workflow_run_id': '019bbfec-83ec-7b8b-82e8-c3a7f1979db9', 'workflow_type': 'ChainExecutorWorkflow'})
2026-01-15 10:02:09,940 - httpx - INFO - HTTP Request: POST http://procure-x.testmcp.org/upload/image "HTTP/1.1 200 OK"
2026-01-15 10:02:09,942 - temporalio.activity - INFO - ✓ Uploaded: ComfyUI_00296_.png (119859 bytes) ({'activity_id': '29', 'activity_type': 'transfer_artifacts_from_storage', 'attempt': 1, 'namespace': 'default', 'task_queue': 'comfyui-gpu-farm', 'workflow_id': 'chain-image-edit-to-video-pipeline-d9704bc4-93b5-4c84-a574-09c8a45e4ea7', 'workflow_run_id': '019bbfec-83ec-7b8b-82e8-c3a7f1979db9', 'workflow_type': 'ChainExecutorWorkflow'})
2026-01-15 10:02:09,952 - httpx - INFO - HTTP Request: POST http://procure-x.testmcp.org/upload/image "HTTP/1.1 200 OK"
2026-01-15 10:02:09,953 - temporalio.activity - INFO - Successfully transferred 1 file(s) ({'activity_id': '29', 'activity_type': 'transfer_artifacts_from_storage', 'attempt': 1, 'namespace': 'default', 'task_queue': 'comfyui-gpu-farm', 'workflow_id': 'chain-image-edit-to-video-pipeline-d9704bc4-93b5-4c84-a574-09c8a45e4ea7', 'workflow_run_id': '019bbfec-83ec-7b8b-82e8-c3a7f1979db9', 'workflow_type': 'ChainExecutorWorkflow'})
2026-01-15 10:02:09,955 - temporalio.activity - INFO - ✓ Uploaded: ComfyUI_00297_.png (105368 bytes) ({'activity_id': '30', 'activity_type': 'transfer_artifacts_from_storage', 'attempt': 1, 'namespace': 'default', 'task_queue': 'comfyui-gpu-farm', 'workflow_id': 'chain-image-edit-to-video-pipeline-d9704bc4-93b5-4c84-a574-09c8a45e4ea7', 'workflow_run_id': '019bbfec-83ec-7b8b-82e8-c3a7f1979db9', 'workflow_type': 'ChainExecutorWorkflow'})
2026-01-15 10:02:09,960 - temporalio.activity - INFO - Successfully transferred 1 file(s) ({'activity_id': '30', 'activity_type': 'transfer_artifacts_from_storage', 'attempt': 1, 'namespace': 'default', 'task_queue': 'comfyui-gpu-farm', 'workflow_id': 'chain-image-edit-to-video-pipeline-d9704bc4-93b5-4c84-a574-09c8a45e4ea7', 'workflow_run_id': '019bbfec-83ec-7b8b-82e8-c3a7f1979db9', 'workflow_type': 'ChainExecutorWorkflow'})
2026-01-15 10:02:09,975 - temporalio.activity - INFO - Creating workflow record: qwen_image_edit (prompt: pending) ({'activity_id': '31', 'activity_type': 'create_workflow_record', 'attempt': 1, 'namespace': 'default', 'task_queue': 'comfyui-gpu-farm', 'workflow_id': 'chain-image-edit-to-video-pipeline-d9704bc4-93b5-4c84-a574-09c8a45e4ea7', 'workflow_run_id': '019bbfec-83ec-7b8b-82e8-c3a7f1979db9', 'workflow_type': 'ChainExecutorWorkflow'})
2026-01-15 10:02:09,978 - temporalio.activity - INFO - ✓ Created workflow record: f0960166-cd76-413d-9092-df5e18e0bf68 ({'activity_id': '31', 'activity_type': 'create_workflow_record', 'attempt': 1, 'namespace': 'default', 'task_queue': 'comfyui-gpu-farm', 'workflow_id': 'chain-image-edit-to-video-pipeline-d9704bc4-93b5-4c84-a574-09c8a45e4ea7', 'workflow_run_id': '019bbfec-83ec-7b8b-82e8-c3a7f1979db9', 'workflow_type': 'ChainExecutorWorkflow'})
2026-01-15 10:02:09,981 - temporalio.activity - INFO - Creating workflow record: qwen_image_edit (prompt: pending) ({'activity_id': '32', 'activity_type': 'create_workflow_record', 'attempt': 1, 'namespace': 'default', 'task_queue': 'comfyui-gpu-farm', 'workflow_id': 'chain-image-edit-to-video-pipeline-d9704bc4-93b5-4c84-a574-09c8a45e4ea7', 'workflow_run_id': '019bbfec-83ec-7b8b-82e8-c3a7f1979db9', 'workflow_type': 'ChainExecutorWorkflow'})
2026-01-15 10:02:09,990 - temporalio.activity - INFO - ✓ Created workflow record: af68b4a0-9ec2-469e-aae2-8971b9f7f454 ({'activity_id': '32', 'activity_type': 'create_workflow_record', 'attempt': 1, 'namespace': 'default', 'task_queue': 'comfyui-gpu-farm', 'workflow_id': 'chain-image-edit-to-video-pipeline-d9704bc4-93b5-4c84-a574-09c8a45e4ea7', 'workflow_run_id': '019bbfec-83ec-7b8b-82e8-c3a7f1979db9', 'workflow_type': 'ChainExecutorWorkflow'})
2026-01-15 10:02:10,046 - temporalio.workflow - INFO - Starting ComfyUI workflow execution ({'attempt': 1, 'namespace': 'default', 'run_id': '019bbfec-dd22-7ab8-8370-3dba4e218fe7', 'task_queue': 'comfyui-gpu-farm', 'workflow_id': 'chain-image-edit-to-video-pipeline-d9704bc4-93b5-4c84-a574-09c8a45e4ea7-edit_frame2', 'workflow_type': 'ComfyUIWorkflow'})
2026-01-15 10:02:10,046 - temporalio.workflow - INFO - Generated client_id: 3fae79bf-7c67-4e64-a7e9-e93e4f6715e4 ({'attempt': 1, 'namespace': 'default', 'run_id': '019bbfec-dd22-7ab8-8370-3dba4e218fe7', 'task_queue': 'comfyui-gpu-farm', 'workflow_id': 'chain-image-edit-to-video-pipeline-d9704bc4-93b5-4c84-a574-09c8a45e4ea7-edit_frame2', 'workflow_type': 'ComfyUIWorkflow'})
2026-01-15 10:02:10,047 - temporalio.workflow - INFO - Using pre-selected server: http://procure-x.testmcp.org ({'attempt': 1, 'namespace': 'default', 'run_id': '019bbfec-dd22-7ab8-8370-3dba4e218fe7', 'task_queue': 'comfyui-gpu-farm', 'workflow_id': 'chain-image-edit-to-video-pipeline-d9704bc4-93b5-4c84-a574-09c8a45e4ea7-edit_frame2', 'workflow_type': 'ComfyUIWorkflow'})
2026-01-15 10:02:10,055 - temporalio.workflow - INFO - Starting ComfyUI workflow execution ({'attempt': 1, 'namespace': 'default', 'run_id': '019bbfec-dd30-7823-8e9e-e3d5543c628a', 'task_queue': 'comfyui-gpu-farm', 'workflow_id': 'chain-image-edit-to-video-pipeline-d9704bc4-93b5-4c84-a574-09c8a45e4ea7-edit_frame1', 'workflow_type': 'ComfyUIWorkflow'})
2026-01-15 10:02:10,055 - temporalio.workflow - INFO - Generated client_id: 711bcde0-3435-4bb7-9b69-15028a448801 ({'attempt': 1, 'namespace': 'default', 'run_id': '019bbfec-dd30-7823-8e9e-e3d5543c628a', 'task_queue': 'comfyui-gpu-farm', 'workflow_id': 'chain-image-edit-to-video-pipeline-d9704bc4-93b5-4c84-a574-09c8a45e4ea7-edit_frame1', 'workflow_type': 'ComfyUIWorkflow'})
2026-01-15 10:02:10,055 - temporalio.workflow - INFO - Using pre-selected server: http://procure-x.testmcp.org ({'attempt': 1, 'namespace': 'default', 'run_id': '019bbfec-dd30-7823-8e9e-e3d5543c628a', 'task_queue': 'comfyui-gpu-farm', 'workflow_id': 'chain-image-edit-to-video-pipeline-d9704bc4-93b5-4c84-a574-09c8a45e4ea7-edit_frame1', 'workflow_type': 'ComfyUIWorkflow'})
2026-01-15 10:02:10,063 - temporalio.activity - INFO - [V3] Executing workflow on http://procure-x.testmcp.org ({'activity_id': '1', 'activity_type': 'execute_and_track_workflow', 'attempt': 1, 'namespace': 'default', 'task_queue': 'comfyui-gpu-farm', 'workflow_id': 'chain-image-edit-to-video-pipeline-d9704bc4-93b5-4c84-a574-09c8a45e4ea7-edit_frame2', 'workflow_run_id': '019bbfec-dd22-7ab8-8370-3dba4e218fe7', 'workflow_type': 'ComfyUIWorkflow'})
2026-01-15 10:02:10,063 - temporalio.activity - INFO - [V3] Workflow name: qwen_image_edit ({'activity_id': '1', 'activity_type': 'execute_and_track_workflow', 'attempt': 1, 'namespace': 'default', 'task_queue': 'comfyui-gpu-farm', 'workflow_id': 'chain-image-edit-to-video-pipeline-d9704bc4-93b5-4c84-a574-09c8a45e4ea7-edit_frame2', 'workflow_run_id': '019bbfec-dd22-7ab8-8370-3dba4e218fe7', 'workflow_type': 'ComfyUIWorkflow'})
2026-01-15 10:02:10,107 - temporal_gateway.clients.comfy.client - INFO - ComfyUI client initialized for http://procure-x.testmcp.org
2026-01-15 10:02:10,107 - temporal_gateway.clients.comfy.client - INFO - Submitting workflow to ComfyUI
2026-01-15 10:02:10,109 - temporalio.activity - INFO - [V3] Executing workflow on http://procure-x.testmcp.org ({'activity_id': '1', 'activity_type': 'execute_and_track_workflow', 'attempt': 1, 'namespace': 'default', 'task_queue': 'comfyui-gpu-farm', 'workflow_id': 'chain-image-edit-to-video-pipeline-d9704bc4-93b5-4c84-a574-09c8a45e4ea7-edit_frame1', 'workflow_run_id': '019bbfec-dd30-7823-8e9e-e3d5543c628a', 'workflow_type': 'ComfyUIWorkflow'})
2026-01-15 10:02:10,109 - temporalio.activity - INFO - [V3] Workflow name: qwen_image_edit ({'activity_id': '1', 'activity_type': 'execute_and_track_workflow', 'attempt': 1, 'namespace': 'default', 'task_queue': 'comfyui-gpu-farm', 'workflow_id': 'chain-image-edit-to-video-pipeline-d9704bc4-93b5-4c84-a574-09c8a45e4ea7-edit_frame1', 'workflow_run_id': '019bbfec-dd30-7823-8e9e-e3d5543c628a', 'workflow_type': 'ComfyUIWorkflow'})
2026-01-15 10:02:10,150 - temporal_gateway.clients.comfy.client - INFO - ComfyUI client initialized for http://procure-x.testmcp.org
2026-01-15 10:02:10,150 - temporal_gateway.clients.comfy.client - INFO - Submitting workflow to ComfyUI
2026-01-15 10:02:10,207 - httpx - INFO - HTTP Request: POST http://procure-x.testmcp.org/prompt "HTTP/1.1 200 OK"
2026-01-15 10:02:10,209 - temporal_gateway.clients.comfy.client - INFO - Workflow queued with prompt_id: 8be1429e-75cd-4f62-91a0-afcad60b880c
2026-01-15 10:02:10,209 - temporal_gateway.clients.comfy.tracker - INFO - Starting execution tracking for prompt 8be1429e-75cd-4f62-91a0-afcad60b880c
2026-01-15 10:02:10,209 - temporal_gateway.clients.comfy.tracker - INFO - Starting history polling
2026-01-15 10:02:10,210 - temporal_gateway.clients.comfy.tracker - INFO - Starting WebSocket listener
2026-01-15 10:02:10,210 - temporal_gateway.clients.comfy.websocket - INFO - Connecting to WebSocket: ws://procure-x.testmcp.org/ws?clientId=61ceab2d-0f41-4d14-9a5a-cb91803a67c8
2026-01-15 10:02:10,242 - httpx - INFO - HTTP Request: POST http://procure-x.testmcp.org/prompt "HTTP/1.1 200 OK"
2026-01-15 10:02:10,247 - httpx - INFO - HTTP Request: GET http://procure-x.testmcp.org/history/8be1429e-75cd-4f62-91a0-afcad60b880c "HTTP/1.1 200 OK"
2026-01-15 10:02:10,253 - temporal_gateway.clients.comfy.client - INFO - Workflow queued with prompt_id: 3366b40f-ff95-4676-99e5-9417c08fa46d
2026-01-15 10:02:10,254 - temporal_gateway.clients.comfy.tracker - INFO - Starting execution tracking for prompt 3366b40f-ff95-4676-99e5-9417c08fa46d
2026-01-15 10:02:10,255 - temporal_gateway.clients.comfy.tracker - INFO - Starting history polling
2026-01-15 10:02:10,258 - temporal_gateway.clients.comfy.tracker - INFO - Starting WebSocket listener
2026-01-15 10:02:10,258 - temporal_gateway.clients.comfy.websocket - INFO - Connecting to WebSocket: ws://procure-x.testmcp.org/ws?clientId=6dc2d496-3068-4b59-8513-d674fd03e7a7
2026-01-15 10:02:10,266 - temporal_gateway.clients.comfy.websocket - INFO - WebSocket connected successfully
2026-01-15 10:02:10,277 - httpx - INFO - HTTP Request: GET http://procure-x.testmcp.org/history/3366b40f-ff95-4676-99e5-9417c08fa46d "HTTP/1.1 200 OK"
2026-01-15 10:02:10,301 - temporal_gateway.clients.comfy.websocket - INFO - WebSocket connected successfully
2026-01-15 10:02:11,273 - httpx - INFO - HTTP Request: GET http://procure-x.testmcp.org/history/8be1429e-75cd-4f62-91a0-afcad60b880c "HTTP/1.1 200 OK"
2026-01-15 10:02:11,298 - httpx - INFO - HTTP Request: GET http://procure-x.testmcp.org/history/3366b40f-ff95-4676-99e5-9417c08fa46d "HTTP/1.1 200 OK"
2026-01-15 10:02:12,296 - httpx - INFO - HTTP Request: GET http://procure-x.testmcp.org/history/8be1429e-75cd-4f62-91a0-afcad60b880c "HTTP/1.1 200 OK"
2026-01-15 10:02:12,316 - httpx - INFO - HTTP Request: GET http://procure-x.testmcp.org/history/3366b40f-ff95-4676-99e5-9417c08fa46d "HTTP/1.1 200 OK"
2026-01-15 10:02:13,322 - httpx - INFO - HTTP Request: GET http://procure-x.testmcp.org/history/8be1429e-75cd-4f62-91a0-afcad60b880c "HTTP/1.1 200 OK"
2026-01-15 10:02:13,346 - httpx - INFO - HTTP Request: GET http://procure-x.testmcp.org/history/3366b40f-ff95-4676-99e5-9417c08fa46d "HTTP/1.1 200 OK"
2026-01-15 10:02:14,344 - httpx - INFO - HTTP Request: GET http://procure-x.testmcp.org/history/8be1429e-75cd-4f62-91a0-afcad60b880c "HTTP/1.1 200 OK"
2026-01-15 10:02:14,365 - httpx - INFO - HTTP Request: GET http://procure-x.testmcp.org/history/3366b40f-ff95-4676-99e5-9417c08fa46d "HTTP/1.1 200 OK"
2026-01-15 10:02:15,362 - httpx - INFO - HTTP Request: GET http://procure-x.testmcp.org/history/8be1429e-75cd-4f62-91a0-afcad60b880c "HTTP/1.1 200 OK"
2026-01-15 10:02:15,383 - httpx - INFO - HTTP Request: GET http://procure-x.testmcp.org/history/3366b40f-ff95-4676-99e5-9417c08fa46d "HTTP/1.1 200 OK"
2026-01-15 10:02:16,390 - httpx - INFO - HTTP Request: GET http://procure-x.testmcp.org/history/8be1429e-75cd-4f62-91a0-afcad60b880c "HTTP/1.1 200 OK"
2026-01-15 10:02:16,411 - httpx - INFO - HTTP Request: GET http://procure-x.testmcp.org/history/3366b40f-ff95-4676-99e5-9417c08fa46d "HTTP/1.1 200 OK"
2026-01-15 10:02:17,427 - httpx - INFO - HTTP Request: GET http://procure-x.testmcp.org/history/8be1429e-75cd-4f62-91a0-afcad60b880c "HTTP/1.1 200 OK"
2026-01-15 10:02:17,439 - httpx - INFO - HTTP Request: GET http://procure-x.testmcp.org/history/3366b40f-ff95-4676-99e5-9417c08fa46d "HTTP/1.1 200 OK"
2026-01-15 10:02:18,458 - httpx - INFO - HTTP Request: GET http://procure-x.testmcp.org/history/8be1429e-75cd-4f62-91a0-afcad60b880c "HTTP/1.1 200 OK"
2026-01-15 10:02:18,460 - httpx - INFO - HTTP Request: GET http://procure-x.testmcp.org/history/3366b40f-ff95-4676-99e5-9417c08fa46d "HTTP/1.1 200 OK"
2026-01-15 10:02:19,485 - httpx - INFO - HTTP Request: GET http://procure-x.testmcp.org/history/8be1429e-75cd-4f62-91a0-afcad60b880c "HTTP/1.1 200 OK"
2026-01-15 10:02:19,492 - httpx - INFO - HTTP Request: GET http://procure-x.testmcp.org/history/3366b40f-ff95-4676-99e5-9417c08fa46d "HTTP/1.1 200 OK"
2026-01-15 10:02:20,508 - httpx - INFO - HTTP Request: GET http://procure-x.testmcp.org/history/8be1429e-75cd-4f62-91a0-afcad60b880c "HTTP/1.1 200 OK"
2026-01-15 10:02:20,513 - httpx - INFO - HTTP Request: GET http://procure-x.testmcp.org/history/3366b40f-ff95-4676-99e5-9417c08fa46d "HTTP/1.1 200 OK"
2026-01-15 10:02:21,530 - httpx - INFO - HTTP Request: GET http://procure-x.testmcp.org/history/8be1429e-75cd-4f62-91a0-afcad60b880c "HTTP/1.1 200 OK"
2026-01-15 10:02:21,535 - httpx - INFO - HTTP Request: GET http://procure-x.testmcp.org/history/3366b40f-ff95-4676-99e5-9417c08fa46d "HTTP/1.1 200 OK"
2026-01-15 10:02:22,557 - httpx - INFO - HTTP Request: GET http://procure-x.testmcp.org/history/8be1429e-75cd-4f62-91a0-afcad60b880c "HTTP/1.1 200 OK"
2026-01-15 10:02:22,562 - httpx - INFO - HTTP Request: GET http://procure-x.testmcp.org/history/3366b40f-ff95-4676-99e5-9417c08fa46d "HTTP/1.1 200 OK"
2026-01-15 10:02:23,575 - httpx - INFO - HTTP Request: GET http://procure-x.testmcp.org/history/8be1429e-75cd-4f62-91a0-afcad60b880c "HTTP/1.1 200 OK"
2026-01-15 10:02:23,578 - httpx - INFO - HTTP Request: GET http://procure-x.testmcp.org/history/3366b40f-ff95-4676-99e5-9417c08fa46d "HTTP/1.1 200 OK"
2026-01-15 10:02:24,604 - httpx - INFO - HTTP Request: GET http://procure-x.testmcp.org/history/3366b40f-ff95-4676-99e5-9417c08fa46d "HTTP/1.1 200 OK"
2026-01-15 10:02:24,609 - httpx - INFO - HTTP Request: GET http://procure-x.testmcp.org/history/8be1429e-75cd-4f62-91a0-afcad60b880c "HTTP/1.1 200 OK"
2026-01-15 10:02:25,632 - httpx - INFO - HTTP Request: GET http://procure-x.testmcp.org/history/3366b40f-ff95-4676-99e5-9417c08fa46d "HTTP/1.1 200 OK"
2026-01-15 10:02:25,635 - httpx - INFO - HTTP Request: GET http://procure-x.testmcp.org/history/8be1429e-75cd-4f62-91a0-afcad60b880c "HTTP/1.1 200 OK"
2026-01-15 10:02:26,661 - httpx - INFO - HTTP Request: GET http://procure-x.testmcp.org/history/8be1429e-75cd-4f62-91a0-afcad60b880c "HTTP/1.1 200 OK"
2026-01-15 10:02:26,662 - httpx - INFO - HTTP Request: GET http://procure-x.testmcp.org/history/3366b40f-ff95-4676-99e5-9417c08fa46d "HTTP/1.1 200 OK"
2026-01-15 10:02:27,685 - httpx - INFO - HTTP Request: GET http://procure-x.testmcp.org/history/8be1429e-75cd-4f62-91a0-afcad60b880c "HTTP/1.1 200 OK"
2026-01-15 10:02:27,690 - httpx - INFO - HTTP Request: GET http://procure-x.testmcp.org/history/3366b40f-ff95-4676-99e5-9417c08fa46d "HTTP/1.1 200 OK"
2026-01-15 10:02:28,711 - httpx - INFO - HTTP Request: GET http://procure-x.testmcp.org/history/8be1429e-75cd-4f62-91a0-afcad60b880c "HTTP/1.1 200 OK"
2026-01-15 10:02:28,714 - httpx - INFO - HTTP Request: GET http://procure-x.testmcp.org/history/3366b40f-ff95-4676-99e5-9417c08fa46d "HTTP/1.1 200 OK"
2026-01-15 10:02:29,738 - httpx - INFO - HTTP Request: GET http://procure-x.testmcp.org/history/3366b40f-ff95-4676-99e5-9417c08fa46d "HTTP/1.1 200 OK"
2026-01-15 10:02:29,743 - httpx - INFO - HTTP Request: GET http://procure-x.testmcp.org/history/8be1429e-75cd-4f62-91a0-afcad60b880c "HTTP/1.1 200 OK"
2026-01-15 10:02:30,763 - httpx - INFO - HTTP Request: GET http://procure-x.testmcp.org/history/3366b40f-ff95-4676-99e5-9417c08fa46d "HTTP/1.1 200 OK"
2026-01-15 10:02:30,768 - httpx - INFO - HTTP Request: GET http://procure-x.testmcp.org/history/8be1429e-75cd-4f62-91a0-afcad60b880c "HTTP/1.1 200 OK"
2026-01-15 10:02:31,788 - httpx - INFO - HTTP Request: GET http://procure-x.testmcp.org/history/3366b40f-ff95-4676-99e5-9417c08fa46d "HTTP/1.1 200 OK"
2026-01-15 10:02:31,792 - httpx - INFO - HTTP Request: GET http://procure-x.testmcp.org/history/8be1429e-75cd-4f62-91a0-afcad60b880c "HTTP/1.1 200 OK"
2026-01-15 10:02:32,812 - httpx - INFO - HTTP Request: GET http://procure-x.testmcp.org/history/3366b40f-ff95-4676-99e5-9417c08fa46d "HTTP/1.1 200 OK"
2026-01-15 10:02:32,817 - httpx - INFO - HTTP Request: GET http://procure-x.testmcp.org/history/8be1429e-75cd-4f62-91a0-afcad60b880c "HTTP/1.1 200 OK"
2026-01-15 10:02:33,838 - httpx - INFO - HTTP Request: GET http://procure-x.testmcp.org/history/3366b40f-ff95-4676-99e5-9417c08fa46d "HTTP/1.1 200 OK"
2026-01-15 10:02:33,842 - httpx - INFO - HTTP Request: GET http://procure-x.testmcp.org/history/8be1429e-75cd-4f62-91a0-afcad60b880c "HTTP/1.1 200 OK"
2026-01-15 10:02:34,859 - httpx - INFO - HTTP Request: GET http://procure-x.testmcp.org/history/3366b40f-ff95-4676-99e5-9417c08fa46d "HTTP/1.1 200 OK"
2026-01-15 10:02:34,860 - httpx - INFO - HTTP Request: GET http://procure-x.testmcp.org/history/8be1429e-75cd-4f62-91a0-afcad60b880c "HTTP/1.1 200 OK"
2026-01-15 10:02:35,918 - httpx - INFO - HTTP Request: GET http://procure-x.testmcp.org/history/3366b40f-ff95-4676-99e5-9417c08fa46d "HTTP/1.1 200 OK"
2026-01-15 10:02:35,921 - httpx - INFO - HTTP Request: GET http://procure-x.testmcp.org/history/8be1429e-75cd-4f62-91a0-afcad60b880c "HTTP/1.1 200 OK"
2026-01-15 10:02:36,945 - httpx - INFO - HTTP Request: GET http://procure-x.testmcp.org/history/8be1429e-75cd-4f62-91a0-afcad60b880c "HTTP/1.1 200 OK"
2026-01-15 10:02:37,165 - httpx - INFO - HTTP Request: GET http://procure-x.testmcp.org/history/3366b40f-ff95-4676-99e5-9417c08fa46d "HTTP/1.1 200 OK"
2026-01-15 10:02:37,969 - httpx - INFO - HTTP Request: GET http://procure-x.testmcp.org/history/8be1429e-75cd-4f62-91a0-afcad60b880c "HTTP/1.1 200 OK"
2026-01-15 10:02:38,188 - httpx - INFO - HTTP Request: GET http://procure-x.testmcp.org/history/3366b40f-ff95-4676-99e5-9417c08fa46d "HTTP/1.1 200 OK"
2026-01-15 10:02:38,996 - httpx - INFO - HTTP Request: GET http://procure-x.testmcp.org/history/8be1429e-75cd-4f62-91a0-afcad60b880c "HTTP/1.1 200 OK"
2026-01-15 10:02:39,208 - httpx - INFO - HTTP Request: GET http://procure-x.testmcp.org/history/3366b40f-ff95-4676-99e5-9417c08fa46d "HTTP/1.1 200 OK"
2026-01-15 10:02:40,019 - httpx - INFO - HTTP Request: GET http://procure-x.testmcp.org/history/8be1429e-75cd-4f62-91a0-afcad60b880c "HTTP/1.1 200 OK"
2026-01-15 10:02:40,229 - httpx - INFO - HTTP Request: GET http://procure-x.testmcp.org/history/3366b40f-ff95-4676-99e5-9417c08fa46d "HTTP/1.1 200 OK"
2026-01-15 10:02:41,047 - httpx - INFO - HTTP Request: GET http://procure-x.testmcp.org/history/8be1429e-75cd-4f62-91a0-afcad60b880c "HTTP/1.1 200 OK"
2026-01-15 10:02:41,255 - httpx - INFO - HTTP Request: GET http://procure-x.testmcp.org/history/3366b40f-ff95-4676-99e5-9417c08fa46d "HTTP/1.1 200 OK"
2026-01-15 10:02:42,073 - httpx - INFO - HTTP Request: GET http://procure-x.testmcp.org/history/8be1429e-75cd-4f62-91a0-afcad60b880c "HTTP/1.1 200 OK"
2026-01-15 10:02:42,280 - httpx - INFO - HTTP Request: GET http://procure-x.testmcp.org/history/3366b40f-ff95-4676-99e5-9417c08fa46d "HTTP/1.1 200 OK"
2026-01-15 10:02:43,095 - httpx - INFO - HTTP Request: GET http://procure-x.testmcp.org/history/8be1429e-75cd-4f62-91a0-afcad60b880c "HTTP/1.1 200 OK"
2026-01-15 10:02:43,305 - httpx - INFO - HTTP Request: GET http://procure-x.testmcp.org/history/3366b40f-ff95-4676-99e5-9417c08fa46d "HTTP/1.1 200 OK"
2026-01-15 10:02:44,116 - httpx - INFO - HTTP Request: GET http://procure-x.testmcp.org/history/8be1429e-75cd-4f62-91a0-afcad60b880c "HTTP/1.1 200 OK"
2026-01-15 10:02:44,328 - httpx - INFO - HTTP Request: GET http://procure-x.testmcp.org/history/3366b40f-ff95-4676-99e5-9417c08fa46d "HTTP/1.1 200 OK"
2026-01-15 10:02:45,140 - httpx - INFO - HTTP Request: GET http://procure-x.testmcp.org/history/8be1429e-75cd-4f62-91a0-afcad60b880c "HTTP/1.1 200 OK"
2026-01-15 10:02:45,369 - httpx - INFO - HTTP Request: GET http://procure-x.testmcp.org/history/3366b40f-ff95-4676-99e5-9417c08fa46d "HTTP/1.1 200 OK"
2026-01-15 10:02:46,164 - httpx - INFO - HTTP Request: GET http://procure-x.testmcp.org/history/8be1429e-75cd-4f62-91a0-afcad60b880c "HTTP/1.1 200 OK"
2026-01-15 10:02:46,393 - httpx - INFO - HTTP Request: GET http://procure-x.testmcp.org/history/3366b40f-ff95-4676-99e5-9417c08fa46d "HTTP/1.1 200 OK"
2026-01-15 10:02:47,190 - httpx - INFO - HTTP Request: GET http://procure-x.testmcp.org/history/8be1429e-75cd-4f62-91a0-afcad60b880c "HTTP/1.1 200 OK"
2026-01-15 10:02:47,415 - httpx - INFO - HTTP Request: GET http://procure-x.testmcp.org/history/3366b40f-ff95-4676-99e5-9417c08fa46d "HTTP/1.1 200 OK"
2026-01-15 10:02:48,212 - httpx - INFO - HTTP Request: GET http://procure-x.testmcp.org/history/8be1429e-75cd-4f62-91a0-afcad60b880c "HTTP/1.1 200 OK"
2026-01-15 10:02:48,441 - httpx - INFO - HTTP Request: GET http://procure-x.testmcp.org/history/3366b40f-ff95-4676-99e5-9417c08fa46d "HTTP/1.1 200 OK"
2026-01-15 10:02:49,243 - httpx - INFO - HTTP Request: GET http://procure-x.testmcp.org/history/8be1429e-75cd-4f62-91a0-afcad60b880c "HTTP/1.1 200 OK"
2026-01-15 10:02:49,466 - httpx - INFO - HTTP Request: GET http://procure-x.testmcp.org/history/3366b40f-ff95-4676-99e5-9417c08fa46d "HTTP/1.1 200 OK"
2026-01-15 10:02:50,271 - httpx - INFO - HTTP Request: GET http://procure-x.testmcp.org/history/8be1429e-75cd-4f62-91a0-afcad60b880c "HTTP/1.1 200 OK"
2026-01-15 10:02:50,489 - httpx - INFO - HTTP Request: GET http://procure-x.testmcp.org/history/3366b40f-ff95-4676-99e5-9417c08fa46d "HTTP/1.1 200 OK"
2026-01-15 10:02:51,297 - httpx - INFO - HTTP Request: GET http://procure-x.testmcp.org/history/8be1429e-75cd-4f62-91a0-afcad60b880c "HTTP/1.1 200 OK"
2026-01-15 10:02:51,513 - httpx - INFO - HTTP Request: GET http://procure-x.testmcp.org/history/3366b40f-ff95-4676-99e5-9417c08fa46d "HTTP/1.1 200 OK"
2026-01-15 10:02:52,321 - httpx - INFO - HTTP Request: GET http://procure-x.testmcp.org/history/8be1429e-75cd-4f62-91a0-afcad60b880c "HTTP/1.1 200 OK"
2026-01-15 10:02:52,538 - httpx - INFO - HTTP Request: GET http://procure-x.testmcp.org/history/3366b40f-ff95-4676-99e5-9417c08fa46d "HTTP/1.1 200 OK"
2026-01-15 10:02:53,369 - httpx - INFO - HTTP Request: GET http://procure-x.testmcp.org/history/8be1429e-75cd-4f62-91a0-afcad60b880c "HTTP/1.1 200 OK"
2026-01-15 10:02:53,583 - httpx - INFO - HTTP Request: GET http://procure-x.testmcp.org/history/3366b40f-ff95-4676-99e5-9417c08fa46d "HTTP/1.1 200 OK"
2026-01-15 10:02:54,397 - httpx - INFO - HTTP Request: GET http://procure-x.testmcp.org/history/8be1429e-75cd-4f62-91a0-afcad60b880c "HTTP/1.1 200 OK"
2026-01-15 10:02:54,599 - httpx - INFO - HTTP Request: GET http://procure-x.testmcp.org/history/3366b40f-ff95-4676-99e5-9417c08fa46d "HTTP/1.1 200 OK"
2026-01-15 10:02:55,418 - httpx - INFO - HTTP Request: GET http://procure-x.testmcp.org/history/8be1429e-75cd-4f62-91a0-afcad60b880c "HTTP/1.1 200 OK"
2026-01-15 10:02:55,628 - httpx - INFO - HTTP Request: GET http://procure-x.testmcp.org/history/3366b40f-ff95-4676-99e5-9417c08fa46d "HTTP/1.1 200 OK"
2026-01-15 10:02:56,439 - httpx - INFO - HTTP Request: GET http://procure-x.testmcp.org/history/8be1429e-75cd-4f62-91a0-afcad60b880c "HTTP/1.1 200 OK"
2026-01-15 10:02:56,642 - httpx - INFO - HTTP Request: GET http://procure-x.testmcp.org/history/3366b40f-ff95-4676-99e5-9417c08fa46d "HTTP/1.1 200 OK"
2026-01-15 10:02:57,459 - httpx - INFO - HTTP Request: GET http://procure-x.testmcp.org/history/8be1429e-75cd-4f62-91a0-afcad60b880c "HTTP/1.1 200 OK"
2026-01-15 10:02:57,660 - httpx - INFO - HTTP Request: GET http://procure-x.testmcp.org/history/3366b40f-ff95-4676-99e5-9417c08fa46d "HTTP/1.1 200 OK"
2026-01-15 10:02:58,481 - httpx - INFO - HTTP Request: GET http://procure-x.testmcp.org/history/8be1429e-75cd-4f62-91a0-afcad60b880c "HTTP/1.1 200 OK"
2026-01-15 10:02:58,678 - httpx - INFO - HTTP Request: GET http://procure-x.testmcp.org/history/3366b40f-ff95-4676-99e5-9417c08fa46d "HTTP/1.1 200 OK"
2026-01-15 10:02:59,503 - httpx - INFO - HTTP Request: GET http://procure-x.testmcp.org/history/8be1429e-75cd-4f62-91a0-afcad60b880c "HTTP/1.1 200 OK"
2026-01-15 10:02:59,696 - httpx - INFO - HTTP Request: GET http://procure-x.testmcp.org/history/3366b40f-ff95-4676-99e5-9417c08fa46d "HTTP/1.1 200 OK"
2026-01-15 10:03:00,519 - httpx - INFO - HTTP Request: GET http://procure-x.testmcp.org/history/8be1429e-75cd-4f62-91a0-afcad60b880c "HTTP/1.1 200 OK"
2026-01-15 10:03:00,717 - httpx - INFO - HTTP Request: GET http://procure-x.testmcp.org/history/3366b40f-ff95-4676-99e5-9417c08fa46d "HTTP/1.1 200 OK"
2026-01-15 10:03:01,477 - temporal_gateway.clients.comfy.tracker - INFO - [WS] Execution completed successfully
2026-01-15 10:03:01,830 - httpx - INFO - HTTP Request: GET http://procure-x.testmcp.org/history/8be1429e-75cd-4f62-91a0-afcad60b880c "HTTP/1.1 200 OK"
2026-01-15 10:03:01,837 - temporal_gateway.clients.comfy.tracker - INFO - Tracking completed: success (took 51.63s)
2026-01-15 10:03:01,840 - httpx - INFO - HTTP Request: GET http://procure-x.testmcp.org/history/3366b40f-ff95-4676-99e5-9417c08fa46d "HTTP/1.1 200 OK"
2026-01-15 10:03:01,843 - httpx - INFO - HTTP Request: GET http://procure-x.testmcp.org/history/8be1429e-75cd-4f62-91a0-afcad60b880c "HTTP/1.1 200 OK"
2026-01-15 10:03:01,847 - temporal_gateway.clients.comfy.tracker - INFO - [POLL] Found in history: success
2026-01-15 10:03:01,848 - temporalio.activity - INFO - [V3] Workflow completed successfully ({'activity_id': '1', 'activity_type': 'execute_and_track_workflow', 'attempt': 1, 'namespace': 'default', 'task_queue': 'comfyui-gpu-farm', 'workflow_id': 'chain-image-edit-to-video-pipeline-d9704bc4-93b5-4c84-a574-09c8a45e4ea7-edit_frame2', 'workflow_run_id': '019bbfec-dd22-7ab8-8370-3dba4e218fe7', 'workflow_type': 'ComfyUIWorkflow'})
2026-01-15 10:03:01,862 - temporalio.workflow - INFO - Execution completed successfully ({'attempt': 1, 'namespace': 'default', 'run_id': '019bbfec-dd22-7ab8-8370-3dba4e218fe7', 'task_queue': 'comfyui-gpu-farm', 'workflow_id': 'chain-image-edit-to-video-pipeline-d9704bc4-93b5-4c84-a574-09c8a45e4ea7-edit_frame2', 'workflow_type': 'ComfyUIWorkflow'})
2026-01-15 10:03:01,871 - temporalio.activity - INFO - Extracting server output files ({'activity_id': '2', 'activity_type': 'get_server_output_files', 'attempt': 1, 'namespace': 'default', 'task_queue': 'comfyui-gpu-farm', 'workflow_id': 'chain-image-edit-to-video-pipeline-d9704bc4-93b5-4c84-a574-09c8a45e4ea7-edit_frame2', 'workflow_run_id': '019bbfec-dd22-7ab8-8370-3dba4e218fe7', 'workflow_type': 'ComfyUIWorkflow'})
2026-01-15 10:03:01,871 - temporalio.activity - INFO - Found 1 output file(s) ({'activity_id': '2', 'activity_type': 'get_server_output_files', 'attempt': 1, 'namespace': 'default', 'task_queue': 'comfyui-gpu-farm', 'workflow_id': 'chain-image-edit-to-video-pipeline-d9704bc4-93b5-4c84-a574-09c8a45e4ea7-edit_frame2', 'workflow_run_id': '019bbfec-dd22-7ab8-8370-3dba4e218fe7', 'workflow_type': 'ComfyUIWorkflow'})
2026-01-15 10:03:01,881 - temporalio.workflow - INFO - Found 1 server output file(s) ({'attempt': 1, 'namespace': 'default', 'run_id': '019bbfec-dd22-7ab8-8370-3dba4e218fe7', 'task_queue': 'comfyui-gpu-farm', 'workflow_id': 'chain-image-edit-to-video-pipeline-d9704bc4-93b5-4c84-a574-09c8a45e4ea7-edit_frame2', 'workflow_type': 'ComfyUIWorkflow'})
2026-01-15 10:03:01,889 - temporalio.activity - INFO - Downloading and persisting 1 artifact(s) for workflow f0960166-cd76-413d-9092-df5e18e0bf68 ({'activity_id': '3', 'activity_type': 'download_and_store_artifacts', 'attempt': 1, 'namespace': 'default', 'task_queue': 'comfyui-gpu-farm', 'workflow_id': 'chain-image-edit-to-video-pipeline-d9704bc4-93b5-4c84-a574-09c8a45e4ea7-edit_frame2', 'workflow_run_id': '019bbfec-dd22-7ab8-8370-3dba4e218fe7', 'workflow_type': 'ComfyUIWorkflow'})
2026-01-15 10:03:01,935 - temporal_gateway.clients.comfy.client - INFO - ComfyUI client initialized for http://procure-x.testmcp.org
2026-01-15 10:03:01,979 - httpx - INFO - HTTP Request: GET http://procure-x.testmcp.org/view?filename=ComfyUI_00298_.png&type=output "HTTP/1.1 200 OK"
2026-01-15 10:03:02,191 - temporalio.activity - INFO - ✓ Saved artifact to DB: dabb5ae8-dc18-4a91-909f-4657e9431a4f (ComfyUI_00298_.png) ({'activity_id': '3', 'activity_type': 'download_and_store_artifacts', 'attempt': 1, 'namespace': 'default', 'task_queue': 'comfyui-gpu-farm', 'workflow_id': 'chain-image-edit-to-video-pipeline-d9704bc4-93b5-4c84-a574-09c8a45e4ea7-edit_frame2', 'workflow_run_id': '019bbfec-dd22-7ab8-8370-3dba4e218fe7', 'workflow_type': 'ComfyUIWorkflow'})
2026-01-15 10:03:02,192 - temporalio.activity - INFO - Downloaded and persisted 1 artifact(s) ({'activity_id': '3', 'activity_type': 'download_and_store_artifacts', 'attempt': 1, 'namespace': 'default', 'task_queue': 'comfyui-gpu-farm', 'workflow_id': 'chain-image-edit-to-video-pipeline-d9704bc4-93b5-4c84-a574-09c8a45e4ea7-edit_frame2', 'workflow_run_id': '019bbfec-dd22-7ab8-8370-3dba4e218fe7', 'workflow_type': 'ComfyUIWorkflow'})
2026-01-15 10:03:02,204 - temporalio.workflow - INFO - Downloaded 1 file(s) locally ({'attempt': 1, 'namespace': 'default', 'run_id': '019bbfec-dd22-7ab8-8370-3dba4e218fe7', 'task_queue': 'comfyui-gpu-farm', 'workflow_id': 'chain-image-edit-to-video-pipeline-d9704bc4-93b5-4c84-a574-09c8a45e4ea7-edit_frame2', 'workflow_type': 'ComfyUIWorkflow'})
2026-01-15 10:03:02,225 - temporalio.activity - INFO - Updating workflow f0960166-cd76-413d-9092-df5e18e0bf68 status to: completed ({'activity_id': '33', 'activity_type': 'update_workflow_status_activity', 'attempt': 1, 'namespace': 'default', 'task_queue': 'comfyui-gpu-farm', 'workflow_id': 'chain-image-edit-to-video-pipeline-d9704bc4-93b5-4c84-a574-09c8a45e4ea7', 'workflow_run_id': '019bbfec-83ec-7b8b-82e8-c3a7f1979db9', 'workflow_type': 'ChainExecutorWorkflow'})
2026-01-15 10:03:02,229 - temporalio.activity - INFO - ✓ Updated workflow status ({'activity_id': '33', 'activity_type': 'update_workflow_status_activity', 'attempt': 1, 'namespace': 'default', 'task_queue': 'comfyui-gpu-farm', 'workflow_id': 'chain-image-edit-to-video-pipeline-d9704bc4-93b5-4c84-a574-09c8a45e4ea7', 'workflow_run_id': '019bbfec-83ec-7b8b-82e8-c3a7f1979db9', 'workflow_type': 'ChainExecutorWorkflow'})
2026-01-15 10:03:02,245 - temporalio.activity - INFO - Getting artifacts for workflow: f0960166-cd76-413d-9092-df5e18e0bf68 ({'activity_id': '34', 'activity_type': 'get_workflow_artifacts', 'attempt': 1, 'namespace': 'default', 'task_queue': 'comfyui-gpu-farm', 'workflow_id': 'chain-image-edit-to-video-pipeline-d9704bc4-93b5-4c84-a574-09c8a45e4ea7', 'workflow_run_id': '019bbfec-83ec-7b8b-82e8-c3a7f1979db9', 'workflow_type': 'ChainExecutorWorkflow'})
2026-01-15 10:03:02,263 - temporalio.activity - INFO - Creating approval request for artifact: dabb5ae8-dc18-4a91-909f-4657e9431a4f ({'activity_id': '35', 'activity_type': 'create_approval_request_activity', 'attempt': 1, 'namespace': 'default', 'task_queue': 'comfyui-gpu-farm', 'workflow_id': 'chain-image-edit-to-video-pipeline-d9704bc4-93b5-4c84-a574-09c8a45e4ea7', 'workflow_run_id': '019bbfec-83ec-7b8b-82e8-c3a7f1979db9', 'workflow_type': 'ChainExecutorWorkflow'})
2026-01-15 10:03:02,268 - temporalio.activity - INFO - ✓ Created approval request: 3d6c22e3-deba-47da-af7e-e1b765b687d2, token: Y-jKGMLc66zEtAhg... ({'activity_id': '35', 'activity_type': 'create_approval_request_activity', 'attempt': 1, 'namespace': 'default', 'task_queue': 'comfyui-gpu-farm', 'workflow_id': 'chain-image-edit-to-video-pipeline-d9704bc4-93b5-4c84-a574-09c8a45e4ea7', 'workflow_run_id': '019bbfec-83ec-7b8b-82e8-c3a7f1979db9', 'workflow_type': 'ChainExecutorWorkflow'})
2026-01-15 10:03:02,268 - temporal_gateway.services.broadcast - INFO - Published approval_requested to chain:c06a9e3d-3d5a-4b26-b0a0-d0d4497f4e1a
2026-01-15 10:03:02,268 - temporalio.activity - INFO - Published approval_requested event for chain c06a9e3d-3d5a-4b26-b0a0-d0d4497f4e1a ({'activity_id': '35', 'activity_type': 'create_approval_request_activity', 'attempt': 1, 'namespace': 'default', 'task_queue': 'comfyui-gpu-farm', 'workflow_id': 'chain-image-edit-to-video-pipeline-d9704bc4-93b5-4c84-a574-09c8a45e4ea7', 'workflow_run_id': '019bbfec-83ec-7b8b-82e8-c3a7f1979db9', 'workflow_type': 'ChainExecutorWorkflow'})
2026-01-15 10:03:02,280 - temporalio.workflow - INFO - Step edit_frame2: Approval request created, token: Y-jKGMLc66zEtAhg... ({'attempt': 1, 'namespace': 'default', 'run_id': '019bbfec-83ec-7b8b-82e8-c3a7f1979db9', 'task_queue': 'comfyui-gpu-farm', 'workflow_id': 'chain-image-edit-to-video-pipeline-d9704bc4-93b5-4c84-a574-09c8a45e4ea7', 'workflow_type': 'ChainExecutorWorkflow'})
2026-01-15 10:03:02,865 - httpx - INFO - HTTP Request: GET http://procure-x.testmcp.org/history/3366b40f-ff95-4676-99e5-9417c08fa46d "HTTP/1.1 200 OK"
2026-01-15 10:03:03,899 - httpx - INFO - HTTP Request: GET http://procure-x.testmcp.org/history/3366b40f-ff95-4676-99e5-9417c08fa46d "HTTP/1.1 200 OK"
2026-01-15 10:03:04,919 - httpx - INFO - HTTP Request: GET http://procure-x.testmcp.org/history/3366b40f-ff95-4676-99e5-9417c08fa46d "HTTP/1.1 200 OK"
2026-01-15 10:03:05,940 - httpx - INFO - HTTP Request: GET http://procure-x.testmcp.org/history/3366b40f-ff95-4676-99e5-9417c08fa46d "HTTP/1.1 200 OK"
2026-01-15 10:03:06,956 - httpx - INFO - HTTP Request: GET http://procure-x.testmcp.org/history/3366b40f-ff95-4676-99e5-9417c08fa46d "HTTP/1.1 200 OK"
2026-01-15 10:03:07,972 - httpx - INFO - HTTP Request: GET http://procure-x.testmcp.org/history/3366b40f-ff95-4676-99e5-9417c08fa46d "HTTP/1.1 200 OK"
2026-01-15 10:03:08,990 - httpx - INFO - HTTP Request: GET http://procure-x.testmcp.org/history/3366b40f-ff95-4676-99e5-9417c08fa46d "HTTP/1.1 200 OK"
2026-01-15 10:03:10,009 - httpx - INFO - HTTP Request: GET http://procure-x.testmcp.org/history/3366b40f-ff95-4676-99e5-9417c08fa46d "HTTP/1.1 200 OK"
2026-01-15 10:03:11,030 - httpx - INFO - HTTP Request: GET http://procure-x.testmcp.org/history/3366b40f-ff95-4676-99e5-9417c08fa46d "HTTP/1.1 200 OK"
2026-01-15 10:03:12,050 - httpx - INFO - HTTP Request: GET http://procure-x.testmcp.org/history/3366b40f-ff95-4676-99e5-9417c08fa46d "HTTP/1.1 200 OK"
2026-01-15 10:03:13,067 - httpx - INFO - HTTP Request: GET http://procure-x.testmcp.org/history/3366b40f-ff95-4676-99e5-9417c08fa46d "HTTP/1.1 200 OK"
2026-01-15 10:03:14,089 - httpx - INFO - HTTP Request: GET http://procure-x.testmcp.org/history/3366b40f-ff95-4676-99e5-9417c08fa46d "HTTP/1.1 200 OK"
2026-01-15 10:03:15,111 - httpx - INFO - HTTP Request: GET http://procure-x.testmcp.org/history/3366b40f-ff95-4676-99e5-9417c08fa46d "HTTP/1.1 200 OK"
2026-01-15 10:03:15,691 - temporalio.workflow - INFO - Received approval decision for step edit_frame2: approved by cli-user ({'attempt': 1, 'namespace': 'default', 'run_id': '019bbfec-83ec-7b8b-82e8-c3a7f1979db9', 'task_queue': 'comfyui-gpu-farm', 'workflow_id': 'chain-image-edit-to-video-pipeline-d9704bc4-93b5-4c84-a574-09c8a45e4ea7', 'workflow_type': 'ChainExecutorWorkflow'})
2026-01-15 10:03:15,692 - temporalio.workflow - INFO - Step edit_frame2: Approved by cli-user ({'attempt': 1, 'namespace': 'default', 'run_id': '019bbfec-83ec-7b8b-82e8-c3a7f1979db9', 'task_queue': 'comfyui-gpu-farm', 'workflow_id': 'chain-image-edit-to-video-pipeline-d9704bc4-93b5-4c84-a574-09c8a45e4ea7', 'workflow_type': 'ChainExecutorWorkflow'})
2026-01-15 10:03:15,692 - temporalio.workflow - INFO - Step edit_frame2: Approved ({'attempt': 1, 'namespace': 'default', 'run_id': '019bbfec-83ec-7b8b-82e8-c3a7f1979db9', 'task_queue': 'comfyui-gpu-farm', 'workflow_id': 'chain-image-edit-to-video-pipeline-d9704bc4-93b5-4c84-a574-09c8a45e4ea7', 'workflow_type': 'ChainExecutorWorkflow'})
2026-01-15 10:03:15,709 - temporalio.activity - INFO - Getting artifacts for workflow: f0960166-cd76-413d-9092-df5e18e0bf68 ({'activity_id': '36', 'activity_type': 'get_workflow_artifacts', 'attempt': 1, 'namespace': 'default', 'task_queue': 'comfyui-gpu-farm', 'workflow_id': 'chain-image-edit-to-video-pipeline-d9704bc4-93b5-4c84-a574-09c8a45e4ea7', 'workflow_run_id': '019bbfec-83ec-7b8b-82e8-c3a7f1979db9', 'workflow_type': 'ChainExecutorWorkflow'})
2026-01-15 10:03:15,738 - temporal_gateway.services.broadcast - INFO - Published step_completed to chain:c06a9e3d-3d5a-4b26-b0a0-d0d4497f4e1a
2026-01-15 10:03:15,738 - temporalio.activity - INFO - Published step_completed event for edit_frame2 in chain c06a9e3d-3d5a-4b26-b0a0-d0d4497f4e1a ({'activity_id': '37', 'activity_type': 'publish_step_completed_activity', 'attempt': 1, 'namespace': 'default', 'task_queue': 'comfyui-gpu-farm', 'workflow_id': 'chain-image-edit-to-video-pipeline-d9704bc4-93b5-4c84-a574-09c8a45e4ea7', 'workflow_run_id': '019bbfec-83ec-7b8b-82e8-c3a7f1979db9', 'workflow_type': 'ChainExecutorWorkflow'})
2026-01-15 10:03:16,139 - httpx - INFO - HTTP Request: GET http://procure-x.testmcp.org/history/3366b40f-ff95-4676-99e5-9417c08fa46d "HTTP/1.1 200 OK"
2026-01-15 10:03:17,165 - httpx - INFO - HTTP Request: GET http://procure-x.testmcp.org/history/3366b40f-ff95-4676-99e5-9417c08fa46d "HTTP/1.1 200 OK"
2026-01-15 10:03:18,182 - httpx - INFO - HTTP Request: GET http://procure-x.testmcp.org/history/3366b40f-ff95-4676-99e5-9417c08fa46d "HTTP/1.1 200 OK"
2026-01-15 10:03:19,196 - httpx - INFO - HTTP Request: GET http://procure-x.testmcp.org/history/3366b40f-ff95-4676-99e5-9417c08fa46d "HTTP/1.1 200 OK"
2026-01-15 10:03:20,212 - httpx - INFO - HTTP Request: GET http://procure-x.testmcp.org/history/3366b40f-ff95-4676-99e5-9417c08fa46d "HTTP/1.1 200 OK"
2026-01-15 10:03:21,235 - httpx - INFO - HTTP Request: GET http://procure-x.testmcp.org/history/3366b40f-ff95-4676-99e5-9417c08fa46d "HTTP/1.1 200 OK"
2026-01-15 10:03:22,253 - httpx - INFO - HTTP Request: GET http://procure-x.testmcp.org/history/3366b40f-ff95-4676-99e5-9417c08fa46d "HTTP/1.1 200 OK"
2026-01-15 10:03:23,272 - httpx - INFO - HTTP Request: GET http://procure-x.testmcp.org/history/3366b40f-ff95-4676-99e5-9417c08fa46d "HTTP/1.1 200 OK"
2026-01-15 10:03:24,290 - httpx - INFO - HTTP Request: GET http://procure-x.testmcp.org/history/3366b40f-ff95-4676-99e5-9417c08fa46d "HTTP/1.1 200 OK"
2026-01-15 10:03:25,310 - httpx - INFO - HTTP Request: GET http://procure-x.testmcp.org/history/3366b40f-ff95-4676-99e5-9417c08fa46d "HTTP/1.1 200 OK"
2026-01-15 10:03:26,329 - httpx - INFO - HTTP Request: GET http://procure-x.testmcp.org/history/3366b40f-ff95-4676-99e5-9417c08fa46d "HTTP/1.1 200 OK"
2026-01-15 10:03:27,302 - temporal_gateway.clients.comfy.tracker - INFO - [WS] Execution completed successfully
2026-01-15 10:03:27,620 - httpx - INFO - HTTP Request: GET http://procure-x.testmcp.org/history/3366b40f-ff95-4676-99e5-9417c08fa46d "HTTP/1.1 200 OK"
2026-01-15 10:03:27,621 - temporal_gateway.clients.comfy.tracker - INFO - [POLL] Found in history: success
2026-01-15 10:03:27,621 - temporal_gateway.clients.comfy.tracker - INFO - Tracking completed: success (took 77.37s)
2026-01-15 10:03:27,622 - httpx - INFO - HTTP Request: GET http://procure-x.testmcp.org/history/3366b40f-ff95-4676-99e5-9417c08fa46d "HTTP/1.1 200 OK"
2026-01-15 10:03:27,622 - temporalio.activity - INFO - [V3] Workflow completed successfully ({'activity_id': '1', 'activity_type': 'execute_and_track_workflow', 'attempt': 1, 'namespace': 'default', 'task_queue': 'comfyui-gpu-farm', 'workflow_id': 'chain-image-edit-to-video-pipeline-d9704bc4-93b5-4c84-a574-09c8a45e4ea7-edit_frame1', 'workflow_run_id': '019bbfec-dd30-7823-8e9e-e3d5543c628a', 'workflow_type': 'ComfyUIWorkflow'})
2026-01-15 10:03:27,632 - temporalio.workflow - INFO - Execution completed successfully ({'attempt': 1, 'namespace': 'default', 'run_id': '019bbfec-dd30-7823-8e9e-e3d5543c628a', 'task_queue': 'comfyui-gpu-farm', 'workflow_id': 'chain-image-edit-to-video-pipeline-d9704bc4-93b5-4c84-a574-09c8a45e4ea7-edit_frame1', 'workflow_type': 'ComfyUIWorkflow'})
2026-01-15 10:03:27,640 - temporalio.activity - INFO - Extracting server output files ({'activity_id': '2', 'activity_type': 'get_server_output_files', 'attempt': 1, 'namespace': 'default', 'task_queue': 'comfyui-gpu-farm', 'workflow_id': 'chain-image-edit-to-video-pipeline-d9704bc4-93b5-4c84-a574-09c8a45e4ea7-edit_frame1', 'workflow_run_id': '019bbfec-dd30-7823-8e9e-e3d5543c628a', 'workflow_type': 'ComfyUIWorkflow'})
2026-01-15 10:03:27,640 - temporalio.activity - INFO - Found 1 output file(s) ({'activity_id': '2', 'activity_type': 'get_server_output_files', 'attempt': 1, 'namespace': 'default', 'task_queue': 'comfyui-gpu-farm', 'workflow_id': 'chain-image-edit-to-video-pipeline-d9704bc4-93b5-4c84-a574-09c8a45e4ea7-edit_frame1', 'workflow_run_id': '019bbfec-dd30-7823-8e9e-e3d5543c628a', 'workflow_type': 'ComfyUIWorkflow'})
2026-01-15 10:03:27,649 - temporalio.workflow - INFO - Found 1 server output file(s) ({'attempt': 1, 'namespace': 'default', 'run_id': '019bbfec-dd30-7823-8e9e-e3d5543c628a', 'task_queue': 'comfyui-gpu-farm', 'workflow_id': 'chain-image-edit-to-video-pipeline-d9704bc4-93b5-4c84-a574-09c8a45e4ea7-edit_frame1', 'workflow_type': 'ComfyUIWorkflow'})
2026-01-15 10:03:27,657 - temporalio.activity - INFO - Downloading and persisting 1 artifact(s) for workflow af68b4a0-9ec2-469e-aae2-8971b9f7f454 ({'activity_id': '3', 'activity_type': 'download_and_store_artifacts', 'attempt': 1, 'namespace': 'default', 'task_queue': 'comfyui-gpu-farm', 'workflow_id': 'chain-image-edit-to-video-pipeline-d9704bc4-93b5-4c84-a574-09c8a45e4ea7-edit_frame1', 'workflow_run_id': '019bbfec-dd30-7823-8e9e-e3d5543c628a', 'workflow_type': 'ComfyUIWorkflow'})
2026-01-15 10:03:27,702 - temporal_gateway.clients.comfy.client - INFO - ComfyUI client initialized for http://procure-x.testmcp.org
2026-01-15 10:03:27,742 - httpx - INFO - HTTP Request: GET http://procure-x.testmcp.org/view?filename=ComfyUI_00299_.png&type=output "HTTP/1.1 200 OK"
2026-01-15 10:03:27,894 - temporalio.activity - INFO - ✓ Saved artifact to DB: 4e7557b8-eea7-4a8d-a54c-a29d5721d38e (ComfyUI_00299_.png) ({'activity_id': '3', 'activity_type': 'download_and_store_artifacts', 'attempt': 1, 'namespace': 'default', 'task_queue': 'comfyui-gpu-farm', 'workflow_id': 'chain-image-edit-to-video-pipeline-d9704bc4-93b5-4c84-a574-09c8a45e4ea7-edit_frame1', 'workflow_run_id': '019bbfec-dd30-7823-8e9e-e3d5543c628a', 'workflow_type': 'ComfyUIWorkflow'})
2026-01-15 10:03:27,895 - temporalio.activity - INFO - Downloaded and persisted 1 artifact(s) ({'activity_id': '3', 'activity_type': 'download_and_store_artifacts', 'attempt': 1, 'namespace': 'default', 'task_queue': 'comfyui-gpu-farm', 'workflow_id': 'chain-image-edit-to-video-pipeline-d9704bc4-93b5-4c84-a574-09c8a45e4ea7-edit_frame1', 'workflow_run_id': '019bbfec-dd30-7823-8e9e-e3d5543c628a', 'workflow_type': 'ComfyUIWorkflow'})
2026-01-15 10:03:27,907 - temporalio.workflow - INFO - Downloaded 1 file(s) locally ({'attempt': 1, 'namespace': 'default', 'run_id': '019bbfec-dd30-7823-8e9e-e3d5543c628a', 'task_queue': 'comfyui-gpu-farm', 'workflow_id': 'chain-image-edit-to-video-pipeline-d9704bc4-93b5-4c84-a574-09c8a45e4ea7-edit_frame1', 'workflow_type': 'ComfyUIWorkflow'})
2026-01-15 10:03:27,930 - temporalio.activity - INFO - Updating workflow af68b4a0-9ec2-469e-aae2-8971b9f7f454 status to: completed ({'activity_id': '38', 'activity_type': 'update_workflow_status_activity', 'attempt': 1, 'namespace': 'default', 'task_queue': 'comfyui-gpu-farm', 'workflow_id': 'chain-image-edit-to-video-pipeline-d9704bc4-93b5-4c84-a574-09c8a45e4ea7', 'workflow_run_id': '019bbfec-83ec-7b8b-82e8-c3a7f1979db9', 'workflow_type': 'ChainExecutorWorkflow'})
2026-01-15 10:03:27,935 - temporalio.activity - INFO - ✓ Updated workflow status ({'activity_id': '38', 'activity_type': 'update_workflow_status_activity', 'attempt': 1, 'namespace': 'default', 'task_queue': 'comfyui-gpu-farm', 'workflow_id': 'chain-image-edit-to-video-pipeline-d9704bc4-93b5-4c84-a574-09c8a45e4ea7', 'workflow_run_id': '019bbfec-83ec-7b8b-82e8-c3a7f1979db9', 'workflow_type': 'ChainExecutorWorkflow'})
2026-01-15 10:03:27,953 - temporalio.activity - INFO - Getting artifacts for workflow: af68b4a0-9ec2-469e-aae2-8971b9f7f454 ({'activity_id': '39', 'activity_type': 'get_workflow_artifacts', 'attempt': 1, 'namespace': 'default', 'task_queue': 'comfyui-gpu-farm', 'workflow_id': 'chain-image-edit-to-video-pipeline-d9704bc4-93b5-4c84-a574-09c8a45e4ea7', 'workflow_run_id': '019bbfec-83ec-7b8b-82e8-c3a7f1979db9', 'workflow_type': 'ChainExecutorWorkflow'})
2026-01-15 10:03:27,973 - temporalio.activity - INFO - Creating approval request for artifact: 4e7557b8-eea7-4a8d-a54c-a29d5721d38e ({'activity_id': '40', 'activity_type': 'create_approval_request_activity', 'attempt': 1, 'namespace': 'default', 'task_queue': 'comfyui-gpu-farm', 'workflow_id': 'chain-image-edit-to-video-pipeline-d9704bc4-93b5-4c84-a574-09c8a45e4ea7', 'workflow_run_id': '019bbfec-83ec-7b8b-82e8-c3a7f1979db9', 'workflow_type': 'ChainExecutorWorkflow'})
2026-01-15 10:03:27,976 - temporalio.activity - INFO - ✓ Created approval request: c21a4ca3-809f-406a-8828-236abb37ef69, token: jFdXIGXIWEORrEG8... ({'activity_id': '40', 'activity_type': 'create_approval_request_activity', 'attempt': 1, 'namespace': 'default', 'task_queue': 'comfyui-gpu-farm', 'workflow_id': 'chain-image-edit-to-video-pipeline-d9704bc4-93b5-4c84-a574-09c8a45e4ea7', 'workflow_run_id': '019bbfec-83ec-7b8b-82e8-c3a7f1979db9', 'workflow_type': 'ChainExecutorWorkflow'})
2026-01-15 10:03:27,977 - temporal_gateway.services.broadcast - INFO - Published approval_requested to chain:c06a9e3d-3d5a-4b26-b0a0-d0d4497f4e1a
2026-01-15 10:03:27,977 - temporalio.activity - INFO - Published approval_requested event for chain c06a9e3d-3d5a-4b26-b0a0-d0d4497f4e1a ({'activity_id': '40', 'activity_type': 'create_approval_request_activity', 'attempt': 1, 'namespace': 'default', 'task_queue': 'comfyui-gpu-farm', 'workflow_id': 'chain-image-edit-to-video-pipeline-d9704bc4-93b5-4c84-a574-09c8a45e4ea7', 'workflow_run_id': '019bbfec-83ec-7b8b-82e8-c3a7f1979db9', 'workflow_type': 'ChainExecutorWorkflow'})
2026-01-15 10:03:27,990 - temporalio.workflow - INFO - Step edit_frame1: Approval request created, token: jFdXIGXIWEORrEG8... ({'attempt': 1, 'namespace': 'default', 'run_id': '019bbfec-83ec-7b8b-82e8-c3a7f1979db9', 'task_queue': 'comfyui-gpu-farm', 'workflow_id': 'chain-image-edit-to-video-pipeline-d9704bc4-93b5-4c84-a574-09c8a45e4ea7', 'workflow_type': 'ChainExecutorWorkflow'})
2026-01-15 10:04:27,306 - temporalio.workflow - INFO - Received approval decision for step edit_frame1: approved by cli-user ({'attempt': 1, 'namespace': 'default', 'run_id': '019bbfec-83ec-7b8b-82e8-c3a7f1979db9', 'task_queue': 'comfyui-gpu-farm', 'workflow_id': 'chain-image-edit-to-video-pipeline-d9704bc4-93b5-4c84-a574-09c8a45e4ea7', 'workflow_type': 'ChainExecutorWorkflow'})
2026-01-15 10:04:27,306 - temporalio.workflow - INFO - Step edit_frame1: Approved by cli-user ({'attempt': 1, 'namespace': 'default', 'run_id': '019bbfec-83ec-7b8b-82e8-c3a7f1979db9', 'task_queue': 'comfyui-gpu-farm', 'workflow_id': 'chain-image-edit-to-video-pipeline-d9704bc4-93b5-4c84-a574-09c8a45e4ea7', 'workflow_type': 'ChainExecutorWorkflow'})
2026-01-15 10:04:27,306 - temporalio.workflow - INFO - Step edit_frame1: Approved ({'attempt': 1, 'namespace': 'default', 'run_id': '019bbfec-83ec-7b8b-82e8-c3a7f1979db9', 'task_queue': 'comfyui-gpu-farm', 'workflow_id': 'chain-image-edit-to-video-pipeline-d9704bc4-93b5-4c84-a574-09c8a45e4ea7', 'workflow_type': 'ChainExecutorWorkflow'})
2026-01-15 10:04:27,316 - temporalio.activity - INFO - Getting artifacts for workflow: af68b4a0-9ec2-469e-aae2-8971b9f7f454 ({'activity_id': '41', 'activity_type': 'get_workflow_artifacts', 'attempt': 1, 'namespace': 'default', 'task_queue': 'comfyui-gpu-farm', 'workflow_id': 'chain-image-edit-to-video-pipeline-d9704bc4-93b5-4c84-a574-09c8a45e4ea7', 'workflow_run_id': '019bbfec-83ec-7b8b-82e8-c3a7f1979db9', 'workflow_type': 'ChainExecutorWorkflow'})
2026-01-15 10:04:27,335 - temporal_gateway.services.broadcast - INFO - Published step_completed to chain:c06a9e3d-3d5a-4b26-b0a0-d0d4497f4e1a
2026-01-15 10:04:27,336 - temporalio.activity - INFO - Published step_completed event for edit_frame1 in chain c06a9e3d-3d5a-4b26-b0a0-d0d4497f4e1a ({'activity_id': '42', 'activity_type': 'publish_step_completed_activity', 'attempt': 1, 'namespace': 'default', 'task_queue': 'comfyui-gpu-farm', 'workflow_id': 'chain-image-edit-to-video-pipeline-d9704bc4-93b5-4c84-a574-09c8a45e4ea7', 'workflow_run_id': '019bbfec-83ec-7b8b-82e8-c3a7f1979db9', 'workflow_type': 'ChainExecutorWorkflow'})
2026-01-15 10:04:27,347 - temporalio.workflow - INFO - Step edit_frame1: completed ({'attempt': 1, 'namespace': 'default', 'run_id': '019bbfec-83ec-7b8b-82e8-c3a7f1979db9', 'task_queue': 'comfyui-gpu-farm', 'workflow_id': 'chain-image-edit-to-video-pipeline-d9704bc4-93b5-4c84-a574-09c8a45e4ea7', 'workflow_type': 'ChainExecutorWorkflow'})
2026-01-15 10:04:27,347 - temporalio.workflow - INFO - Step edit_frame2: completed ({'attempt': 1, 'namespace': 'default', 'run_id': '019bbfec-83ec-7b8b-82e8-c3a7f1979db9', 'task_queue': 'comfyui-gpu-farm', 'workflow_id': 'chain-image-edit-to-video-pipeline-d9704bc4-93b5-4c84-a574-09c8a45e4ea7', 'workflow_type': 'ChainExecutorWorkflow'})
2026-01-15 10:04:27,357 - temporalio.activity - INFO - Updating chain c06a9e3d-3d5a-4b26-b0a0-d0d4497f4e1a status to: executing_level_2 ({'activity_id': '43', 'activity_type': 'update_chain_status_activity', 'attempt': 1, 'namespace': 'default', 'task_queue': 'comfyui-gpu-farm', 'workflow_id': 'chain-image-edit-to-video-pipeline-d9704bc4-93b5-4c84-a574-09c8a45e4ea7', 'workflow_run_id': '019bbfec-83ec-7b8b-82e8-c3a7f1979db9', 'workflow_type': 'ChainExecutorWorkflow'})
2026-01-15 10:04:27,362 - temporalio.activity - INFO - ✓ Updated chain status ({'activity_id': '43', 'activity_type': 'update_chain_status_activity', 'attempt': 1, 'namespace': 'default', 'task_queue': 'comfyui-gpu-farm', 'workflow_id': 'chain-image-edit-to-video-pipeline-d9704bc4-93b5-4c84-a574-09c8a45e4ea7', 'workflow_run_id': '019bbfec-83ec-7b8b-82e8-c3a7f1979db9', 'workflow_type': 'ChainExecutorWorkflow'})
2026-01-15 10:04:27,373 - temporalio.workflow - INFO - Level 2: Executing 1 step(s) ({'attempt': 1, 'namespace': 'default', 'run_id': '019bbfec-83ec-7b8b-82e8-c3a7f1979db9', 'task_queue': 'comfyui-gpu-farm', 'workflow_id': 'chain-image-edit-to-video-pipeline-d9704bc4-93b5-4c84-a574-09c8a45e4ea7', 'workflow_type': 'ChainExecutorWorkflow'})
2026-01-15 10:04:27,373 - temporalio.workflow - INFO - Executing step: create_video ({'attempt': 1, 'namespace': 'default', 'run_id': '019bbfec-83ec-7b8b-82e8-c3a7f1979db9', 'task_queue': 'comfyui-gpu-farm', 'workflow_id': 'chain-image-edit-to-video-pipeline-d9704bc4-93b5-4c84-a574-09c8a45e4ea7', 'workflow_type': 'ChainExecutorWorkflow'})
2026-01-15 10:04:27,385 - temporalio.activity - INFO - Resolving templates in parameters ({'activity_id': '44', 'activity_type': 'resolve_chain_templates', 'attempt': 1, 'namespace': 'default', 'task_queue': 'comfyui-gpu-farm', 'workflow_id': 'chain-image-edit-to-video-pipeline-d9704bc4-93b5-4c84-a574-09c8a45e4ea7', 'workflow_run_id': '019bbfec-83ec-7b8b-82e8-c3a7f1979db9', 'workflow_type': 'ChainExecutorWorkflow'})
2026-01-15 10:04:27,387 - temporalio.activity - INFO - Templates resolved successfully ({'activity_id': '44', 'activity_type': 'resolve_chain_templates', 'attempt': 1, 'namespace': 'default', 'task_queue': 'comfyui-gpu-farm', 'workflow_id': 'chain-image-edit-to-video-pipeline-d9704bc4-93b5-4c84-a574-09c8a45e4ea7', 'workflow_run_id': '019bbfec-83ec-7b8b-82e8-c3a7f1979db9', 'workflow_type': 'ChainExecutorWorkflow'})
2026-01-15 10:04:27,405 - temporalio.activity - INFO - Applying parameters to workflow: firstEndTovideo ({'activity_id': '45', 'activity_type': 'apply_workflow_parameters', 'attempt': 1, 'namespace': 'default', 'task_queue': 'comfyui-gpu-farm', 'workflow_id': 'chain-image-edit-to-video-pipeline-d9704bc4-93b5-4c84-a574-09c8a45e4ea7', 'workflow_run_id': '019bbfec-83ec-7b8b-82e8-c3a7f1979db9', 'workflow_type': 'ChainExecutorWorkflow'})
2026-01-15 10:04:27,406 - temporal_gateway.registry - INFO - Applied override: 6.text = Smooth cinematic transition between vibrant colorful scenes
2026-01-15 10:04:27,406 - temporal_gateway.registry - INFO - Applied override: 60.fps = 16
2026-01-15 10:04:27,406 - temporal_gateway.registry - INFO - Applied override: 62.image = ComfyUI_00299_.png
2026-01-15 10:04:27,406 - temporal_gateway.registry - INFO - Applied override: 67.height = 1025
2026-01-15 10:04:27,406 - temporal_gateway.registry - INFO - Applied override: 67.length = 81
2026-01-15 10:04:27,406 - temporal_gateway.registry - INFO - Applied override: 67.width = 594
2026-01-15 10:04:27,406 - temporal_gateway.registry - INFO - Applied override: 68.image = ComfyUI_00298_.png
2026-01-15 10:04:27,406 - temporalio.activity - INFO - Parameters applied successfully ({'activity_id': '45', 'activity_type': 'apply_workflow_parameters', 'attempt': 1, 'namespace': 'default', 'task_queue': 'comfyui-gpu-farm', 'workflow_id': 'chain-image-edit-to-video-pipeline-d9704bc4-93b5-4c84-a574-09c8a45e4ea7', 'workflow_run_id': '019bbfec-83ec-7b8b-82e8-c3a7f1979db9', 'workflow_type': 'ChainExecutorWorkflow'})
2026-01-15 10:04:27,424 - temporalio.activity - INFO - Selecting server with strategy: least_loaded ({'activity_id': '46', 'activity_type': 'select_best_server', 'attempt': 1, 'namespace': 'default', 'task_queue': 'comfyui-gpu-farm', 'workflow_id': 'chain-image-edit-to-video-pipeline-d9704bc4-93b5-4c84-a574-09c8a45e4ea7', 'workflow_run_id': '019bbfec-83ec-7b8b-82e8-c3a7f1979db9', 'workflow_type': 'ChainExecutorWorkflow'})
2026-01-15 10:04:27,507 - httpx - INFO - HTTP Request: GET http://procure-x.testmcp.org/system_stats "HTTP/1.1 200 OK"
2026-01-15 10:04:27,520 - httpx - INFO - HTTP Request: GET http://procure-x.testmcp.org/queue "HTTP/1.1 200 OK"
2026-01-15 10:04:27,521 - temporal_gateway.servers.load_balancer - INFO - Selected server procure-x (queue_depth=0, gpu_mem=0.0%)
2026-01-15 10:04:27,521 - temporalio.activity - INFO - Selected server: procure-x (http://procure-x.testmcp.org) ({'activity_id': '46', 'activity_type': 'select_best_server', 'attempt': 1, 'namespace': 'default', 'task_queue': 'comfyui-gpu-farm', 'workflow_id': 'chain-image-edit-to-video-pipeline-d9704bc4-93b5-4c84-a574-09c8a45e4ea7', 'workflow_run_id': '019bbfec-83ec-7b8b-82e8-c3a7f1979db9', 'workflow_type': 'ChainExecutorWorkflow'})
2026-01-15 10:04:27,532 - temporalio.workflow - INFO - Step create_video: Server http://procure-x.testmcp.org ({'attempt': 1, 'namespace': 'default', 'run_id': '019bbfec-83ec-7b8b-82e8-c3a7f1979db9', 'task_queue': 'comfyui-gpu-farm', 'workflow_id': 'chain-image-edit-to-video-pipeline-d9704bc4-93b5-4c84-a574-09c8a45e4ea7', 'workflow_type': 'ChainExecutorWorkflow'})
2026-01-15 10:04:27,539 - temporalio.activity - INFO - Getting artifacts for workflow: af68b4a0-9ec2-469e-aae2-8971b9f7f454 ({'activity_id': '47', 'activity_type': 'get_workflow_artifacts', 'attempt': 1, 'namespace': 'default', 'task_queue': 'comfyui-gpu-farm', 'workflow_id': 'chain-image-edit-to-video-pipeline-d9704bc4-93b5-4c84-a574-09c8a45e4ea7', 'workflow_run_id': '019bbfec-83ec-7b8b-82e8-c3a7f1979db9', 'workflow_type': 'ChainExecutorWorkflow'})
2026-01-15 10:04:27,549 - temporalio.workflow - INFO - Transferring 1 artifact(s) from edit_frame1 ({'attempt': 1, 'namespace': 'default', 'run_id': '019bbfec-83ec-7b8b-82e8-c3a7f1979db9', 'task_queue': 'comfyui-gpu-farm', 'workflow_id': 'chain-image-edit-to-video-pipeline-d9704bc4-93b5-4c84-a574-09c8a45e4ea7', 'workflow_type': 'ChainExecutorWorkflow'})
2026-01-15 10:04:27,557 - temporalio.activity - INFO - Transferring 1 artifact(s) from workflow af68b4a0-9ec2-469e-aae2-8971b9f7f454 to http://procure-x.testmcp.org ({'activity_id': '48', 'activity_type': 'transfer_artifacts_from_storage', 'attempt': 1, 'namespace': 'default', 'task_queue': 'comfyui-gpu-farm', 'workflow_id': 'chain-image-edit-to-video-pipeline-d9704bc4-93b5-4c84-a574-09c8a45e4ea7', 'workflow_run_id': '019bbfec-83ec-7b8b-82e8-c3a7f1979db9', 'workflow_type': 'ChainExecutorWorkflow'})
2026-01-15 10:04:27,605 - temporal_gateway.clients.comfy.client - INFO - ComfyUI client initialized for http://procure-x.testmcp.org
2026-01-15 10:04:27,610 - temporalio.activity - INFO - Uploading: ComfyUI_00299_.png from local storage to http://procure-x.testmcp.org/input/ ({'activity_id': '48', 'activity_type': 'transfer_artifacts_from_storage', 'attempt': 1, 'namespace': 'default', 'task_queue': 'comfyui-gpu-farm', 'workflow_id': 'chain-image-edit-to-video-pipeline-d9704bc4-93b5-4c84-a574-09c8a45e4ea7', 'workflow_run_id': '019bbfec-83ec-7b8b-82e8-c3a7f1979db9', 'workflow_type': 'ChainExecutorWorkflow'})
2026-01-15 10:04:27,751 - httpx - INFO - HTTP Request: POST http://procure-x.testmcp.org/upload/image "HTTP/1.1 200 OK"
2026-01-15 10:04:27,752 - temporalio.activity - INFO - ✓ Uploaded: ComfyUI_00299_.png (757519 bytes) ({'activity_id': '48', 'activity_type': 'transfer_artifacts_from_storage', 'attempt': 1, 'namespace': 'default', 'task_queue': 'comfyui-gpu-farm', 'workflow_id': 'chain-image-edit-to-video-pipeline-d9704bc4-93b5-4c84-a574-09c8a45e4ea7', 'workflow_run_id': '019bbfec-83ec-7b8b-82e8-c3a7f1979db9', 'workflow_type': 'ChainExecutorWorkflow'})
2026-01-15 10:04:27,756 - temporalio.activity - INFO - Successfully transferred 1 file(s) ({'activity_id': '48', 'activity_type': 'transfer_artifacts_from_storage', 'attempt': 1, 'namespace': 'default', 'task_queue': 'comfyui-gpu-farm', 'workflow_id': 'chain-image-edit-to-video-pipeline-d9704bc4-93b5-4c84-a574-09c8a45e4ea7', 'workflow_run_id': '019bbfec-83ec-7b8b-82e8-c3a7f1979db9', 'workflow_type': 'ChainExecutorWorkflow'})
2026-01-15 10:04:27,774 - temporalio.activity - INFO - Getting artifacts for workflow: f0960166-cd76-413d-9092-df5e18e0bf68 ({'activity_id': '49', 'activity_type': 'get_workflow_artifacts', 'attempt': 1, 'namespace': 'default', 'task_queue': 'comfyui-gpu-farm', 'workflow_id': 'chain-image-edit-to-video-pipeline-d9704bc4-93b5-4c84-a574-09c8a45e4ea7', 'workflow_run_id': '019bbfec-83ec-7b8b-82e8-c3a7f1979db9', 'workflow_type': 'ChainExecutorWorkflow'})
2026-01-15 10:04:27,785 - temporalio.workflow - INFO - Transferring 1 artifact(s) from edit_frame2 ({'attempt': 1, 'namespace': 'default', 'run_id': '019bbfec-83ec-7b8b-82e8-c3a7f1979db9', 'task_queue': 'comfyui-gpu-farm', 'workflow_id': 'chain-image-edit-to-video-pipeline-d9704bc4-93b5-4c84-a574-09c8a45e4ea7', 'workflow_type': 'ChainExecutorWorkflow'})
2026-01-15 10:04:27,793 - temporalio.activity - INFO - Transferring 1 artifact(s) from workflow f0960166-cd76-413d-9092-df5e18e0bf68 to http://procure-x.testmcp.org ({'activity_id': '50', 'activity_type': 'transfer_artifacts_from_storage', 'attempt': 1, 'namespace': 'default', 'task_queue': 'comfyui-gpu-farm', 'workflow_id': 'chain-image-edit-to-video-pipeline-d9704bc4-93b5-4c84-a574-09c8a45e4ea7', 'workflow_run_id': '019bbfec-83ec-7b8b-82e8-c3a7f1979db9', 'workflow_type': 'ChainExecutorWorkflow'})
2026-01-15 10:04:27,840 - temporal_gateway.clients.comfy.client - INFO - ComfyUI client initialized for http://procure-x.testmcp.org
2026-01-15 10:04:27,851 - temporalio.activity - INFO - Uploading: ComfyUI_00298_.png from local storage to http://procure-x.testmcp.org/input/ ({'activity_id': '50', 'activity_type': 'transfer_artifacts_from_storage', 'attempt': 1, 'namespace': 'default', 'task_queue': 'comfyui-gpu-farm', 'workflow_id': 'chain-image-edit-to-video-pipeline-d9704bc4-93b5-4c84-a574-09c8a45e4ea7', 'workflow_run_id': '019bbfec-83ec-7b8b-82e8-c3a7f1979db9', 'workflow_type': 'ChainExecutorWorkflow'})
2026-01-15 10:04:28,021 - httpx - INFO - HTTP Request: POST http://procure-x.testmcp.org/upload/image "HTTP/1.1 200 OK"
2026-01-15 10:04:28,022 - temporalio.activity - INFO - ✓ Uploaded: ComfyUI_00298_.png (800815 bytes) ({'activity_id': '50', 'activity_type': 'transfer_artifacts_from_storage', 'attempt': 1, 'namespace': 'default', 'task_queue': 'comfyui-gpu-farm', 'workflow_id': 'chain-image-edit-to-video-pipeline-d9704bc4-93b5-4c84-a574-09c8a45e4ea7', 'workflow_run_id': '019bbfec-83ec-7b8b-82e8-c3a7f1979db9', 'workflow_type': 'ChainExecutorWorkflow'})
2026-01-15 10:04:28,026 - temporalio.activity - INFO - Successfully transferred 1 file(s) ({'activity_id': '50', 'activity_type': 'transfer_artifacts_from_storage', 'attempt': 1, 'namespace': 'default', 'task_queue': 'comfyui-gpu-farm', 'workflow_id': 'chain-image-edit-to-video-pipeline-d9704bc4-93b5-4c84-a574-09c8a45e4ea7', 'workflow_run_id': '019bbfec-83ec-7b8b-82e8-c3a7f1979db9', 'workflow_type': 'ChainExecutorWorkflow'})
2026-01-15 10:04:28,043 - temporalio.activity - INFO - Creating workflow record: firstEndTovideo (prompt: pending) ({'activity_id': '51', 'activity_type': 'create_workflow_record', 'attempt': 1, 'namespace': 'default', 'task_queue': 'comfyui-gpu-farm', 'workflow_id': 'chain-image-edit-to-video-pipeline-d9704bc4-93b5-4c84-a574-09c8a45e4ea7', 'workflow_run_id': '019bbfec-83ec-7b8b-82e8-c3a7f1979db9', 'workflow_type': 'ChainExecutorWorkflow'})
2026-01-15 10:04:28,047 - temporalio.activity - INFO - ✓ Created workflow record: e5054502-8118-4286-8029-7a460e232d71 ({'activity_id': '51', 'activity_type': 'create_workflow_record', 'attempt': 1, 'namespace': 'default', 'task_queue': 'comfyui-gpu-farm', 'workflow_id': 'chain-image-edit-to-video-pipeline-d9704bc4-93b5-4c84-a574-09c8a45e4ea7', 'workflow_run_id': '019bbfec-83ec-7b8b-82e8-c3a7f1979db9', 'workflow_type': 'ChainExecutorWorkflow'})
2026-01-15 10:04:28,097 - temporalio.workflow - INFO - Starting ComfyUI workflow execution ({'attempt': 1, 'namespace': 'default', 'run_id': '019bbfee-f85e-7c38-99f2-ccf0973b89f7', 'task_queue': 'comfyui-gpu-farm', 'workflow_id': 'chain-image-edit-to-video-pipeline-d9704bc4-93b5-4c84-a574-09c8a45e4ea7-create_video', 'workflow_type': 'ComfyUIWorkflow'})
2026-01-15 10:04:28,097 - temporalio.workflow - INFO - Generated client_id: a979bc1d-c796-4dfe-ac91-fb9711bd5ef2 ({'attempt': 1, 'namespace': 'default', 'run_id': '019bbfee-f85e-7c38-99f2-ccf0973b89f7', 'task_queue': 'comfyui-gpu-farm', 'workflow_id': 'chain-image-edit-to-video-pipeline-d9704bc4-93b5-4c84-a574-09c8a45e4ea7-create_video', 'workflow_type': 'ComfyUIWorkflow'})
2026-01-15 10:04:28,097 - temporalio.workflow - INFO - Using pre-selected server: http://procure-x.testmcp.org ({'attempt': 1, 'namespace': 'default', 'run_id': '019bbfee-f85e-7c38-99f2-ccf0973b89f7', 'task_queue': 'comfyui-gpu-farm', 'workflow_id': 'chain-image-edit-to-video-pipeline-d9704bc4-93b5-4c84-a574-09c8a45e4ea7-create_video', 'workflow_type': 'ComfyUIWorkflow'})
2026-01-15 10:04:28,107 - temporalio.activity - INFO - [V3] Executing workflow on http://procure-x.testmcp.org ({'activity_id': '1', 'activity_type': 'execute_and_track_workflow', 'attempt': 1, 'namespace': 'default', 'task_queue': 'comfyui-gpu-farm', 'workflow_id': 'chain-image-edit-to-video-pipeline-d9704bc4-93b5-4c84-a574-09c8a45e4ea7-create_video', 'workflow_run_id': '019bbfee-f85e-7c38-99f2-ccf0973b89f7', 'workflow_type': 'ComfyUIWorkflow'})
2026-01-15 10:04:28,107 - temporalio.activity - INFO - [V3] Workflow name: firstEndTovideo ({'activity_id': '1', 'activity_type': 'execute_and_track_workflow', 'attempt': 1, 'namespace': 'default', 'task_queue': 'comfyui-gpu-farm', 'workflow_id': 'chain-image-edit-to-video-pipeline-d9704bc4-93b5-4c84-a574-09c8a45e4ea7-create_video', 'workflow_run_id': '019bbfee-f85e-7c38-99f2-ccf0973b89f7', 'workflow_type': 'ComfyUIWorkflow'})
2026-01-15 10:04:28,153 - temporal_gateway.clients.comfy.client - INFO - ComfyUI client initialized for http://procure-x.testmcp.org
2026-01-15 10:04:28,153 - temporal_gateway.clients.comfy.client - INFO - Submitting workflow to ComfyUI
2026-01-15 10:04:28,223 - httpx - INFO - HTTP Request: POST http://procure-x.testmcp.org/prompt "HTTP/1.1 200 OK"
2026-01-15 10:04:28,224 - temporal_gateway.clients.comfy.client - INFO - Workflow queued with prompt_id: 4968a829-e29f-401b-82d3-5828cc4a455e
2026-01-15 10:04:28,224 - temporal_gateway.clients.comfy.tracker - INFO - Starting execution tracking for prompt 4968a829-e29f-401b-82d3-5828cc4a455e
2026-01-15 10:04:28,224 - temporal_gateway.clients.comfy.tracker - INFO - Starting history polling
2026-01-15 10:04:28,224 - temporal_gateway.clients.comfy.tracker - INFO - Starting WebSocket listener
2026-01-15 10:04:28,225 - temporal_gateway.clients.comfy.websocket - INFO - Connecting to WebSocket: ws://procure-x.testmcp.org/ws?clientId=fa7104ac-8df7-4f9b-ac9a-5f38bf4c8120
2026-01-15 10:04:28,237 - httpx - INFO - HTTP Request: GET http://procure-x.testmcp.org/history/4968a829-e29f-401b-82d3-5828cc4a455e "HTTP/1.1 200 OK"
2026-01-15 10:04:28,255 - temporal_gateway.clients.comfy.websocket - INFO - WebSocket connected successfully
2026-01-15 10:04:29,254 - httpx - INFO - HTTP Request: GET http://procure-x.testmcp.org/history/4968a829-e29f-401b-82d3-5828cc4a455e "HTTP/1.1 200 OK"
2026-01-15 10:04:30,302 - httpx - INFO - HTTP Request: GET http://procure-x.testmcp.org/history/4968a829-e29f-401b-82d3-5828cc4a455e "HTTP/1.1 200 OK"
2026-01-15 10:04:31,319 - httpx - INFO - HTTP Request: GET http://procure-x.testmcp.org/history/4968a829-e29f-401b-82d3-5828cc4a455e "HTTP/1.1 200 OK"
2026-01-15 10:04:32,339 - httpx - INFO - HTTP Request: GET http://procure-x.testmcp.org/history/4968a829-e29f-401b-82d3-5828cc4a455e "HTTP/1.1 200 OK"
2026-01-15 10:04:33,367 - httpx - INFO - HTTP Request: GET http://procure-x.testmcp.org/history/4968a829-e29f-401b-82d3-5828cc4a455e "HTTP/1.1 200 OK"
2026-01-15 10:04:34,385 - httpx - INFO - HTTP Request: GET http://procure-x.testmcp.org/history/4968a829-e29f-401b-82d3-5828cc4a455e "HTTP/1.1 200 OK"
2026-01-15 10:04:35,406 - httpx - INFO - HTTP Request: GET http://procure-x.testmcp.org/history/4968a829-e29f-401b-82d3-5828cc4a455e "HTTP/1.1 200 OK"
2026-01-15 10:04:36,429 - httpx - INFO - HTTP Request: GET http://procure-x.testmcp.org/history/4968a829-e29f-401b-82d3-5828cc4a455e "HTTP/1.1 200 OK"
2026-01-15 10:04:37,454 - httpx - INFO - HTTP Request: GET http://procure-x.testmcp.org/history/4968a829-e29f-401b-82d3-5828cc4a455e "HTTP/1.1 200 OK"
2026-01-15 10:04:38,477 - httpx - INFO - HTTP Request: GET http://procure-x.testmcp.org/history/4968a829-e29f-401b-82d3-5828cc4a455e "HTTP/1.1 200 OK"
2026-01-15 10:04:39,500 - httpx - INFO - HTTP Request: GET http://procure-x.testmcp.org/history/4968a829-e29f-401b-82d3-5828cc4a455e "HTTP/1.1 200 OK"
2026-01-15 10:04:40,522 - httpx - INFO - HTTP Request: GET http://procure-x.testmcp.org/history/4968a829-e29f-401b-82d3-5828cc4a455e "HTTP/1.1 200 OK"
2026-01-15 10:04:41,544 - httpx - INFO - HTTP Request: GET http://procure-x.testmcp.org/history/4968a829-e29f-401b-82d3-5828cc4a455e "HTTP/1.1 200 OK"
2026-01-15 10:04:42,567 - httpx - INFO - HTTP Request: GET http://procure-x.testmcp.org/history/4968a829-e29f-401b-82d3-5828cc4a455e "HTTP/1.1 200 OK"
2026-01-15 10:04:43,593 - httpx - INFO - HTTP Request: GET http://procure-x.testmcp.org/history/4968a829-e29f-401b-82d3-5828cc4a455e "HTTP/1.1 200 OK"
2026-01-15 10:04:44,619 - httpx - INFO - HTTP Request: GET http://procure-x.testmcp.org/history/4968a829-e29f-401b-82d3-5828cc4a455e "HTTP/1.1 200 OK"
2026-01-15 10:04:45,639 - httpx - INFO - HTTP Request: GET http://procure-x.testmcp.org/history/4968a829-e29f-401b-82d3-5828cc4a455e "HTTP/1.1 200 OK"
2026-01-15 10:04:46,659 - httpx - INFO - HTTP Request: GET http://procure-x.testmcp.org/history/4968a829-e29f-401b-82d3-5828cc4a455e "HTTP/1.1 200 OK"
2026-01-15 10:04:47,683 - httpx - INFO - HTTP Request: GET http://procure-x.testmcp.org/history/4968a829-e29f-401b-82d3-5828cc4a455e "HTTP/1.1 200 OK"
2026-01-15 10:04:48,702 - httpx - INFO - HTTP Request: GET http://procure-x.testmcp.org/history/4968a829-e29f-401b-82d3-5828cc4a455e "HTTP/1.1 200 OK"
2026-01-15 10:04:49,724 - httpx - INFO - HTTP Request: GET http://procure-x.testmcp.org/history/4968a829-e29f-401b-82d3-5828cc4a455e "HTTP/1.1 200 OK"
2026-01-15 10:04:50,742 - httpx - INFO - HTTP Request: GET http://procure-x.testmcp.org/history/4968a829-e29f-401b-82d3-5828cc4a455e "HTTP/1.1 200 OK"
2026-01-15 10:04:51,766 - httpx - INFO - HTTP Request: GET http://procure-x.testmcp.org/history/4968a829-e29f-401b-82d3-5828cc4a455e "HTTP/1.1 200 OK"
2026-01-15 10:04:52,789 - httpx - INFO - HTTP Request: GET http://procure-x.testmcp.org/history/4968a829-e29f-401b-82d3-5828cc4a455e "HTTP/1.1 200 OK"
2026-01-15 10:04:53,812 - httpx - INFO - HTTP Request: GET http://procure-x.testmcp.org/history/4968a829-e29f-401b-82d3-5828cc4a455e "HTTP/1.1 200 OK"
2026-01-15 10:04:54,836 - httpx - INFO - HTTP Request: GET http://procure-x.testmcp.org/history/4968a829-e29f-401b-82d3-5828cc4a455e "HTTP/1.1 200 OK"
2026-01-15 10:04:55,858 - httpx - INFO - HTTP Request: GET http://procure-x.testmcp.org/history/4968a829-e29f-401b-82d3-5828cc4a455e "HTTP/1.1 200 OK"
2026-01-15 10:04:56,887 - httpx - INFO - HTTP Request: GET http://procure-x.testmcp.org/history/4968a829-e29f-401b-82d3-5828cc4a455e "HTTP/1.1 200 OK"
2026-01-15 10:04:57,913 - httpx - INFO - HTTP Request: GET http://procure-x.testmcp.org/history/4968a829-e29f-401b-82d3-5828cc4a455e "HTTP/1.1 200 OK"
2026-01-15 10:04:58,941 - httpx - INFO - HTTP Request: GET http://procure-x.testmcp.org/history/4968a829-e29f-401b-82d3-5828cc4a455e "HTTP/1.1 200 OK"
2026-01-15 10:04:59,978 - httpx - INFO - HTTP Request: GET http://procure-x.testmcp.org/history/4968a829-e29f-401b-82d3-5828cc4a455e "HTTP/1.1 200 OK"
2026-01-15 10:05:01,005 - httpx - INFO - HTTP Request: GET http://procure-x.testmcp.org/history/4968a829-e29f-401b-82d3-5828cc4a455e "HTTP/1.1 200 OK"
2026-01-15 10:05:02,029 - httpx - INFO - HTTP Request: GET http://procure-x.testmcp.org/history/4968a829-e29f-401b-82d3-5828cc4a455e "HTTP/1.1 200 OK"
2026-01-15 10:05:03,054 - httpx - INFO - HTTP Request: GET http://procure-x.testmcp.org/history/4968a829-e29f-401b-82d3-5828cc4a455e "HTTP/1.1 200 OK"
2026-01-15 10:05:04,081 - httpx - INFO - HTTP Request: GET http://procure-x.testmcp.org/history/4968a829-e29f-401b-82d3-5828cc4a455e "HTTP/1.1 200 OK"
2026-01-15 10:05:05,123 - httpx - INFO - HTTP Request: GET http://procure-x.testmcp.org/history/4968a829-e29f-401b-82d3-5828cc4a455e "HTTP/1.1 200 OK"
2026-01-15 10:05:06,146 - httpx - INFO - HTTP Request: GET http://procure-x.testmcp.org/history/4968a829-e29f-401b-82d3-5828cc4a455e "HTTP/1.1 200 OK"
2026-01-15 10:05:07,175 - httpx - INFO - HTTP Request: GET http://procure-x.testmcp.org/history/4968a829-e29f-401b-82d3-5828cc4a455e "HTTP/1.1 200 OK"
2026-01-15 10:05:08,197 - httpx - INFO - HTTP Request: GET http://procure-x.testmcp.org/history/4968a829-e29f-401b-82d3-5828cc4a455e "HTTP/1.1 200 OK"
2026-01-15 10:05:09,220 - httpx - INFO - HTTP Request: GET http://procure-x.testmcp.org/history/4968a829-e29f-401b-82d3-5828cc4a455e "HTTP/1.1 200 OK"
2026-01-15 10:05:10,246 - httpx - INFO - HTTP Request: GET http://procure-x.testmcp.org/history/4968a829-e29f-401b-82d3-5828cc4a455e "HTTP/1.1 200 OK"
2026-01-15 10:05:11,269 - httpx - INFO - HTTP Request: GET http://procure-x.testmcp.org/history/4968a829-e29f-401b-82d3-5828cc4a455e "HTTP/1.1 200 OK"
2026-01-15 10:05:12,292 - httpx - INFO - HTTP Request: GET http://procure-x.testmcp.org/history/4968a829-e29f-401b-82d3-5828cc4a455e "HTTP/1.1 200 OK"
2026-01-15 10:05:13,317 - httpx - INFO - HTTP Request: GET http://procure-x.testmcp.org/history/4968a829-e29f-401b-82d3-5828cc4a455e "HTTP/1.1 200 OK"
2026-01-15 10:05:14,350 - httpx - INFO - HTTP Request: GET http://procure-x.testmcp.org/history/4968a829-e29f-401b-82d3-5828cc4a455e "HTTP/1.1 200 OK"
2026-01-15 10:05:15,374 - httpx - INFO - HTTP Request: GET http://procure-x.testmcp.org/history/4968a829-e29f-401b-82d3-5828cc4a455e "HTTP/1.1 200 OK"
2026-01-15 10:05:16,400 - httpx - INFO - HTTP Request: GET http://procure-x.testmcp.org/history/4968a829-e29f-401b-82d3-5828cc4a455e "HTTP/1.1 200 OK"
2026-01-15 10:05:17,422 - httpx - INFO - HTTP Request: GET http://procure-x.testmcp.org/history/4968a829-e29f-401b-82d3-5828cc4a455e "HTTP/1.1 200 OK"
2026-01-15 10:05:18,444 - httpx - INFO - HTTP Request: GET http://procure-x.testmcp.org/history/4968a829-e29f-401b-82d3-5828cc4a455e "HTTP/1.1 200 OK"
2026-01-15 10:05:19,467 - httpx - INFO - HTTP Request: GET http://procure-x.testmcp.org/history/4968a829-e29f-401b-82d3-5828cc4a455e "HTTP/1.1 200 OK"
2026-01-15 10:05:20,489 - httpx - INFO - HTTP Request: GET http://procure-x.testmcp.org/history/4968a829-e29f-401b-82d3-5828cc4a455e "HTTP/1.1 200 OK"
2026-01-15 10:05:21,514 - httpx - INFO - HTTP Request: GET http://procure-x.testmcp.org/history/4968a829-e29f-401b-82d3-5828cc4a455e "HTTP/1.1 200 OK"
2026-01-15 10:05:22,539 - httpx - INFO - HTTP Request: GET http://procure-x.testmcp.org/history/4968a829-e29f-401b-82d3-5828cc4a455e "HTTP/1.1 200 OK"
2026-01-15 10:05:23,560 - httpx - INFO - HTTP Request: GET http://procure-x.testmcp.org/history/4968a829-e29f-401b-82d3-5828cc4a455e "HTTP/1.1 200 OK"
2026-01-15 10:05:24,581 - httpx - INFO - HTTP Request: GET http://procure-x.testmcp.org/history/4968a829-e29f-401b-82d3-5828cc4a455e "HTTP/1.1 200 OK"
2026-01-15 10:05:25,605 - httpx - INFO - HTTP Request: GET http://procure-x.testmcp.org/history/4968a829-e29f-401b-82d3-5828cc4a455e "HTTP/1.1 200 OK"
2026-01-15 10:05:26,625 - httpx - INFO - HTTP Request: GET http://procure-x.testmcp.org/history/4968a829-e29f-401b-82d3-5828cc4a455e "HTTP/1.1 200 OK"
2026-01-15 10:05:27,649 - httpx - INFO - HTTP Request: GET http://procure-x.testmcp.org/history/4968a829-e29f-401b-82d3-5828cc4a455e "HTTP/1.1 200 OK"
2026-01-15 10:05:28,670 - httpx - INFO - HTTP Request: GET http://procure-x.testmcp.org/history/4968a829-e29f-401b-82d3-5828cc4a455e "HTTP/1.1 200 OK"
2026-01-15 10:05:29,695 - httpx - INFO - HTTP Request: GET http://procure-x.testmcp.org/history/4968a829-e29f-401b-82d3-5828cc4a455e "HTTP/1.1 200 OK"
2026-01-15 10:05:30,719 - httpx - INFO - HTTP Request: GET http://procure-x.testmcp.org/history/4968a829-e29f-401b-82d3-5828cc4a455e "HTTP/1.1 200 OK"
2026-01-15 10:05:31,737 - httpx - INFO - HTTP Request: GET http://procure-x.testmcp.org/history/4968a829-e29f-401b-82d3-5828cc4a455e "HTTP/1.1 200 OK"
2026-01-15 10:05:32,758 - httpx - INFO - HTTP Request: GET http://procure-x.testmcp.org/history/4968a829-e29f-401b-82d3-5828cc4a455e "HTTP/1.1 200 OK"
2026-01-15 10:05:33,781 - httpx - INFO - HTTP Request: GET http://procure-x.testmcp.org/history/4968a829-e29f-401b-82d3-5828cc4a455e "HTTP/1.1 200 OK"
2026-01-15 10:05:34,829 - httpx - INFO - HTTP Request: GET http://procure-x.testmcp.org/history/4968a829-e29f-401b-82d3-5828cc4a455e "HTTP/1.1 200 OK"
2026-01-15 10:05:35,889 - httpx - INFO - HTTP Request: GET http://procure-x.testmcp.org/history/4968a829-e29f-401b-82d3-5828cc4a455e "HTTP/1.1 200 OK"
2026-01-15 10:05:37,005 - httpx - INFO - HTTP Request: GET http://procure-x.testmcp.org/history/4968a829-e29f-401b-82d3-5828cc4a455e "HTTP/1.1 200 OK"
2026-01-15 10:05:38,046 - httpx - INFO - HTTP Request: GET http://procure-x.testmcp.org/history/4968a829-e29f-401b-82d3-5828cc4a455e "HTTP/1.1 200 OK"
2026-01-15 10:05:39,092 - httpx - INFO - HTTP Request: GET http://procure-x.testmcp.org/history/4968a829-e29f-401b-82d3-5828cc4a455e "HTTP/1.1 200 OK"
2026-01-15 10:05:40,121 - httpx - INFO - HTTP Request: GET http://procure-x.testmcp.org/history/4968a829-e29f-401b-82d3-5828cc4a455e "HTTP/1.1 200 OK"
2026-01-15 10:05:41,171 - httpx - INFO - HTTP Request: GET http://procure-x.testmcp.org/history/4968a829-e29f-401b-82d3-5828cc4a455e "HTTP/1.1 200 OK"
2026-01-15 10:05:42,194 - httpx - INFO - HTTP Request: GET http://procure-x.testmcp.org/history/4968a829-e29f-401b-82d3-5828cc4a455e "HTTP/1.1 200 OK"
2026-01-15 10:05:43,219 - httpx - INFO - HTTP Request: GET http://procure-x.testmcp.org/history/4968a829-e29f-401b-82d3-5828cc4a455e "HTTP/1.1 200 OK"
2026-01-15 10:05:44,240 - httpx - INFO - HTTP Request: GET http://procure-x.testmcp.org/history/4968a829-e29f-401b-82d3-5828cc4a455e "HTTP/1.1 200 OK"
2026-01-15 10:05:45,260 - httpx - INFO - HTTP Request: GET http://procure-x.testmcp.org/history/4968a829-e29f-401b-82d3-5828cc4a455e "HTTP/1.1 200 OK"
2026-01-15 10:05:46,285 - httpx - INFO - HTTP Request: GET http://procure-x.testmcp.org/history/4968a829-e29f-401b-82d3-5828cc4a455e "HTTP/1.1 200 OK"
2026-01-15 10:05:47,311 - httpx - INFO - HTTP Request: GET http://procure-x.testmcp.org/history/4968a829-e29f-401b-82d3-5828cc4a455e "HTTP/1.1 200 OK"
2026-01-15 10:05:48,333 - httpx - INFO - HTTP Request: GET http://procure-x.testmcp.org/history/4968a829-e29f-401b-82d3-5828cc4a455e "HTTP/1.1 200 OK"
2026-01-15 10:05:49,364 - httpx - INFO - HTTP Request: GET http://procure-x.testmcp.org/history/4968a829-e29f-401b-82d3-5828cc4a455e "HTTP/1.1 200 OK"
2026-01-15 10:05:50,391 - httpx - INFO - HTTP Request: GET http://procure-x.testmcp.org/history/4968a829-e29f-401b-82d3-5828cc4a455e "HTTP/1.1 200 OK"
2026-01-15 10:05:51,414 - httpx - INFO - HTTP Request: GET http://procure-x.testmcp.org/history/4968a829-e29f-401b-82d3-5828cc4a455e "HTTP/1.1 200 OK"
2026-01-15 10:05:52,441 - httpx - INFO - HTTP Request: GET http://procure-x.testmcp.org/history/4968a829-e29f-401b-82d3-5828cc4a455e "HTTP/1.1 200 OK"
2026-01-15 10:05:53,467 - httpx - INFO - HTTP Request: GET http://procure-x.testmcp.org/history/4968a829-e29f-401b-82d3-5828cc4a455e "HTTP/1.1 200 OK"
2026-01-15 10:05:54,603 - httpx - INFO - HTTP Request: GET http://procure-x.testmcp.org/history/4968a829-e29f-401b-82d3-5828cc4a455e "HTTP/1.1 200 OK"
2026-01-15 10:05:55,627 - httpx - INFO - HTTP Request: GET http://procure-x.testmcp.org/history/4968a829-e29f-401b-82d3-5828cc4a455e "HTTP/1.1 200 OK"
2026-01-15 10:05:56,647 - httpx - INFO - HTTP Request: GET http://procure-x.testmcp.org/history/4968a829-e29f-401b-82d3-5828cc4a455e "HTTP/1.1 200 OK"
2026-01-15 10:05:57,668 - httpx - INFO - HTTP Request: GET http://procure-x.testmcp.org/history/4968a829-e29f-401b-82d3-5828cc4a455e "HTTP/1.1 200 OK"
2026-01-15 10:05:58,689 - httpx - INFO - HTTP Request: GET http://procure-x.testmcp.org/history/4968a829-e29f-401b-82d3-5828cc4a455e "HTTP/1.1 200 OK"
2026-01-15 10:05:59,710 - httpx - INFO - HTTP Request: GET http://procure-x.testmcp.org/history/4968a829-e29f-401b-82d3-5828cc4a455e "HTTP/1.1 200 OK"
2026-01-15 10:06:00,737 - httpx - INFO - HTTP Request: GET http://procure-x.testmcp.org/history/4968a829-e29f-401b-82d3-5828cc4a455e "HTTP/1.1 200 OK"
2026-01-15 10:06:01,759 - httpx - INFO - HTTP Request: GET http://procure-x.testmcp.org/history/4968a829-e29f-401b-82d3-5828cc4a455e "HTTP/1.1 200 OK"
2026-01-15 10:06:02,789 - httpx - INFO - HTTP Request: GET http://procure-x.testmcp.org/history/4968a829-e29f-401b-82d3-5828cc4a455e "HTTP/1.1 200 OK"
2026-01-15 10:06:03,812 - httpx - INFO - HTTP Request: GET http://procure-x.testmcp.org/history/4968a829-e29f-401b-82d3-5828cc4a455e "HTTP/1.1 200 OK"
2026-01-15 10:06:04,845 - httpx - INFO - HTTP Request: GET http://procure-x.testmcp.org/history/4968a829-e29f-401b-82d3-5828cc4a455e "HTTP/1.1 200 OK"
2026-01-15 10:06:05,872 - httpx - INFO - HTTP Request: GET http://procure-x.testmcp.org/history/4968a829-e29f-401b-82d3-5828cc4a455e "HTTP/1.1 200 OK"
2026-01-15 10:06:06,895 - httpx - INFO - HTTP Request: GET http://procure-x.testmcp.org/history/4968a829-e29f-401b-82d3-5828cc4a455e "HTTP/1.1 200 OK"
2026-01-15 10:06:07,922 - httpx - INFO - HTTP Request: GET http://procure-x.testmcp.org/history/4968a829-e29f-401b-82d3-5828cc4a455e "HTTP/1.1 200 OK"
2026-01-15 10:06:08,947 - httpx - INFO - HTTP Request: GET http://procure-x.testmcp.org/history/4968a829-e29f-401b-82d3-5828cc4a455e "HTTP/1.1 200 OK"
2026-01-15 10:06:09,977 - httpx - INFO - HTTP Request: GET http://procure-x.testmcp.org/history/4968a829-e29f-401b-82d3-5828cc4a455e "HTTP/1.1 200 OK"
2026-01-15 10:06:11,001 - httpx - INFO - HTTP Request: GET http://procure-x.testmcp.org/history/4968a829-e29f-401b-82d3-5828cc4a455e "HTTP/1.1 200 OK"
2026-01-15 10:06:12,021 - httpx - INFO - HTTP Request: GET http://procure-x.testmcp.org/history/4968a829-e29f-401b-82d3-5828cc4a455e "HTTP/1.1 200 OK"
2026-01-15 10:06:13,047 - httpx - INFO - HTTP Request: GET http://procure-x.testmcp.org/history/4968a829-e29f-401b-82d3-5828cc4a455e "HTTP/1.1 200 OK"
2026-01-15 10:06:14,076 - httpx - INFO - HTTP Request: GET http://procure-x.testmcp.org/history/4968a829-e29f-401b-82d3-5828cc4a455e "HTTP/1.1 200 OK"
2026-01-15 10:06:15,096 - httpx - INFO - HTTP Request: GET http://procure-x.testmcp.org/history/4968a829-e29f-401b-82d3-5828cc4a455e "HTTP/1.1 200 OK"
2026-01-15 10:06:16,120 - httpx - INFO - HTTP Request: GET http://procure-x.testmcp.org/history/4968a829-e29f-401b-82d3-5828cc4a455e "HTTP/1.1 200 OK"
2026-01-15 10:06:17,204 - httpx - INFO - HTTP Request: GET http://procure-x.testmcp.org/history/4968a829-e29f-401b-82d3-5828cc4a455e "HTTP/1.1 200 OK"
2026-01-15 10:06:18,251 - httpx - INFO - HTTP Request: GET http://procure-x.testmcp.org/history/4968a829-e29f-401b-82d3-5828cc4a455e "HTTP/1.1 200 OK"
2026-01-15 10:06:19,280 - httpx - INFO - HTTP Request: GET http://procure-x.testmcp.org/history/4968a829-e29f-401b-82d3-5828cc4a455e "HTTP/1.1 200 OK"
2026-01-15 10:06:20,312 - httpx - INFO - HTTP Request: GET http://procure-x.testmcp.org/history/4968a829-e29f-401b-82d3-5828cc4a455e "HTTP/1.1 200 OK"
2026-01-15 10:06:21,330 - httpx - INFO - HTTP Request: GET http://procure-x.testmcp.org/history/4968a829-e29f-401b-82d3-5828cc4a455e "HTTP/1.1 200 OK"
2026-01-15 10:06:22,356 - httpx - INFO - HTTP Request: GET http://procure-x.testmcp.org/history/4968a829-e29f-401b-82d3-5828cc4a455e "HTTP/1.1 200 OK"
2026-01-15 10:06:23,381 - httpx - INFO - HTTP Request: GET http://procure-x.testmcp.org/history/4968a829-e29f-401b-82d3-5828cc4a455e "HTTP/1.1 200 OK"
2026-01-15 10:06:24,406 - httpx - INFO - HTTP Request: GET http://procure-x.testmcp.org/history/4968a829-e29f-401b-82d3-5828cc4a455e "HTTP/1.1 200 OK"
2026-01-15 10:06:25,424 - httpx - INFO - HTTP Request: GET http://procure-x.testmcp.org/history/4968a829-e29f-401b-82d3-5828cc4a455e "HTTP/1.1 200 OK"
2026-01-15 10:06:26,447 - httpx - INFO - HTTP Request: GET http://procure-x.testmcp.org/history/4968a829-e29f-401b-82d3-5828cc4a455e "HTTP/1.1 200 OK"
2026-01-15 10:06:27,468 - httpx - INFO - HTTP Request: GET http://procure-x.testmcp.org/history/4968a829-e29f-401b-82d3-5828cc4a455e "HTTP/1.1 200 OK"
2026-01-15 10:06:28,493 - httpx - INFO - HTTP Request: GET http://procure-x.testmcp.org/history/4968a829-e29f-401b-82d3-5828cc4a455e "HTTP/1.1 200 OK"
2026-01-15 10:06:29,521 - httpx - INFO - HTTP Request: GET http://procure-x.testmcp.org/history/4968a829-e29f-401b-82d3-5828cc4a455e "HTTP/1.1 200 OK"
2026-01-15 10:06:30,543 - httpx - INFO - HTTP Request: GET http://procure-x.testmcp.org/history/4968a829-e29f-401b-82d3-5828cc4a455e "HTTP/1.1 200 OK"
2026-01-15 10:06:31,569 - httpx - INFO - HTTP Request: GET http://procure-x.testmcp.org/history/4968a829-e29f-401b-82d3-5828cc4a455e "HTTP/1.1 200 OK"
2026-01-15 10:06:32,595 - httpx - INFO - HTTP Request: GET http://procure-x.testmcp.org/history/4968a829-e29f-401b-82d3-5828cc4a455e "HTTP/1.1 200 OK"
2026-01-15 10:06:33,624 - httpx - INFO - HTTP Request: GET http://procure-x.testmcp.org/history/4968a829-e29f-401b-82d3-5828cc4a455e "HTTP/1.1 200 OK"
2026-01-15 10:06:34,644 - httpx - INFO - HTTP Request: GET http://procure-x.testmcp.org/history/4968a829-e29f-401b-82d3-5828cc4a455e "HTTP/1.1 200 OK"
2026-01-15 10:06:35,666 - httpx - INFO - HTTP Request: GET http://procure-x.testmcp.org/history/4968a829-e29f-401b-82d3-5828cc4a455e "HTTP/1.1 200 OK"
2026-01-15 10:06:36,692 - httpx - INFO - HTTP Request: GET http://procure-x.testmcp.org/history/4968a829-e29f-401b-82d3-5828cc4a455e "HTTP/1.1 200 OK"
2026-01-15 10:06:37,717 - httpx - INFO - HTTP Request: GET http://procure-x.testmcp.org/history/4968a829-e29f-401b-82d3-5828cc4a455e "HTTP/1.1 200 OK"
2026-01-15 10:06:38,751 - httpx - INFO - HTTP Request: GET http://procure-x.testmcp.org/history/4968a829-e29f-401b-82d3-5828cc4a455e "HTTP/1.1 200 OK"
2026-01-15 10:06:39,847 - httpx - INFO - HTTP Request: GET http://procure-x.testmcp.org/history/4968a829-e29f-401b-82d3-5828cc4a455e "HTTP/1.1 200 OK"
2026-01-15 10:06:40,879 - httpx - INFO - HTTP Request: GET http://procure-x.testmcp.org/history/4968a829-e29f-401b-82d3-5828cc4a455e "HTTP/1.1 200 OK"
2026-01-15 10:06:41,985 - httpx - INFO - HTTP Request: GET http://procure-x.testmcp.org/history/4968a829-e29f-401b-82d3-5828cc4a455e "HTTP/1.1 200 OK"
2026-01-15 10:06:43,014 - httpx - INFO - HTTP Request: GET http://procure-x.testmcp.org/history/4968a829-e29f-401b-82d3-5828cc4a455e "HTTP/1.1 200 OK"
2026-01-15 10:06:44,041 - httpx - INFO - HTTP Request: GET http://procure-x.testmcp.org/history/4968a829-e29f-401b-82d3-5828cc4a455e "HTTP/1.1 200 OK"
2026-01-15 10:06:45,066 - httpx - INFO - HTTP Request: GET http://procure-x.testmcp.org/history/4968a829-e29f-401b-82d3-5828cc4a455e "HTTP/1.1 200 OK"
2026-01-15 10:06:46,093 - httpx - INFO - HTTP Request: GET http://procure-x.testmcp.org/history/4968a829-e29f-401b-82d3-5828cc4a455e "HTTP/1.1 200 OK"
2026-01-15 10:06:47,120 - httpx - INFO - HTTP Request: GET http://procure-x.testmcp.org/history/4968a829-e29f-401b-82d3-5828cc4a455e "HTTP/1.1 200 OK"
2026-01-15 10:06:48,156 - httpx - INFO - HTTP Request: GET http://procure-x.testmcp.org/history/4968a829-e29f-401b-82d3-5828cc4a455e "HTTP/1.1 200 OK"
2026-01-15 10:06:49,181 - httpx - INFO - HTTP Request: GET http://procure-x.testmcp.org/history/4968a829-e29f-401b-82d3-5828cc4a455e "HTTP/1.1 200 OK"
2026-01-15 10:06:50,213 - httpx - INFO - HTTP Request: GET http://procure-x.testmcp.org/history/4968a829-e29f-401b-82d3-5828cc4a455e "HTTP/1.1 200 OK"
2026-01-15 10:06:51,250 - httpx - INFO - HTTP Request: GET http://procure-x.testmcp.org/history/4968a829-e29f-401b-82d3-5828cc4a455e "HTTP/1.1 200 OK"
2026-01-15 10:06:52,276 - httpx - INFO - HTTP Request: GET http://procure-x.testmcp.org/history/4968a829-e29f-401b-82d3-5828cc4a455e "HTTP/1.1 200 OK"
2026-01-15 10:06:53,318 - httpx - INFO - HTTP Request: GET http://procure-x.testmcp.org/history/4968a829-e29f-401b-82d3-5828cc4a455e "HTTP/1.1 200 OK"
2026-01-15 10:06:54,346 - httpx - INFO - HTTP Request: GET http://procure-x.testmcp.org/history/4968a829-e29f-401b-82d3-5828cc4a455e "HTTP/1.1 200 OK"
2026-01-15 10:06:55,379 - httpx - INFO - HTTP Request: GET http://procure-x.testmcp.org/history/4968a829-e29f-401b-82d3-5828cc4a455e "HTTP/1.1 200 OK"
2026-01-15 10:06:56,406 - httpx - INFO - HTTP Request: GET http://procure-x.testmcp.org/history/4968a829-e29f-401b-82d3-5828cc4a455e "HTTP/1.1 200 OK"
2026-01-15 10:06:57,455 - httpx - INFO - HTTP Request: GET http://procure-x.testmcp.org/history/4968a829-e29f-401b-82d3-5828cc4a455e "HTTP/1.1 200 OK"
2026-01-15 10:06:58,504 - httpx - INFO - HTTP Request: GET http://procure-x.testmcp.org/history/4968a829-e29f-401b-82d3-5828cc4a455e "HTTP/1.1 200 OK"
2026-01-15 10:06:59,584 - httpx - INFO - HTTP Request: GET http://procure-x.testmcp.org/history/4968a829-e29f-401b-82d3-5828cc4a455e "HTTP/1.1 200 OK"
2026-01-15 10:07:00,622 - httpx - INFO - HTTP Request: GET http://procure-x.testmcp.org/history/4968a829-e29f-401b-82d3-5828cc4a455e "HTTP/1.1 200 OK"
2026-01-15 10:07:01,696 - httpx - INFO - HTTP Request: GET http://procure-x.testmcp.org/history/4968a829-e29f-401b-82d3-5828cc4a455e "HTTP/1.1 200 OK"
2026-01-15 10:07:02,813 - httpx - INFO - HTTP Request: GET http://procure-x.testmcp.org/history/4968a829-e29f-401b-82d3-5828cc4a455e "HTTP/1.1 200 OK"
2026-01-15 10:07:03,835 - httpx - INFO - HTTP Request: GET http://procure-x.testmcp.org/history/4968a829-e29f-401b-82d3-5828cc4a455e "HTTP/1.1 200 OK"
2026-01-15 10:07:04,858 - httpx - INFO - HTTP Request: GET http://procure-x.testmcp.org/history/4968a829-e29f-401b-82d3-5828cc4a455e "HTTP/1.1 200 OK"
2026-01-15 10:07:05,896 - httpx - INFO - HTTP Request: GET http://procure-x.testmcp.org/history/4968a829-e29f-401b-82d3-5828cc4a455e "HTTP/1.1 200 OK"
2026-01-15 10:07:06,980 - httpx - INFO - HTTP Request: GET http://procure-x.testmcp.org/history/4968a829-e29f-401b-82d3-5828cc4a455e "HTTP/1.1 200 OK"
2026-01-15 10:07:08,000 - httpx - INFO - HTTP Request: GET http://procure-x.testmcp.org/history/4968a829-e29f-401b-82d3-5828cc4a455e "HTTP/1.1 200 OK"
2026-01-15 10:07:09,021 - httpx - INFO - HTTP Request: GET http://procure-x.testmcp.org/history/4968a829-e29f-401b-82d3-5828cc4a455e "HTTP/1.1 200 OK"
2026-01-15 10:07:10,045 - httpx - INFO - HTTP Request: GET http://procure-x.testmcp.org/history/4968a829-e29f-401b-82d3-5828cc4a455e "HTTP/1.1 200 OK"
2026-01-15 10:07:11,068 - httpx - INFO - HTTP Request: GET http://procure-x.testmcp.org/history/4968a829-e29f-401b-82d3-5828cc4a455e "HTTP/1.1 200 OK"
2026-01-15 10:07:12,103 - httpx - INFO - HTTP Request: GET http://procure-x.testmcp.org/history/4968a829-e29f-401b-82d3-5828cc4a455e "HTTP/1.1 200 OK"
2026-01-15 10:07:13,122 - httpx - INFO - HTTP Request: GET http://procure-x.testmcp.org/history/4968a829-e29f-401b-82d3-5828cc4a455e "HTTP/1.1 200 OK"
2026-01-15 10:07:14,143 - httpx - INFO - HTTP Request: GET http://procure-x.testmcp.org/history/4968a829-e29f-401b-82d3-5828cc4a455e "HTTP/1.1 200 OK"
2026-01-15 10:07:15,162 - httpx - INFO - HTTP Request: GET http://procure-x.testmcp.org/history/4968a829-e29f-401b-82d3-5828cc4a455e "HTTP/1.1 200 OK"
2026-01-15 10:07:16,182 - httpx - INFO - HTTP Request: GET http://procure-x.testmcp.org/history/4968a829-e29f-401b-82d3-5828cc4a455e "HTTP/1.1 200 OK"
2026-01-15 10:07:17,201 - httpx - INFO - HTTP Request: GET http://procure-x.testmcp.org/history/4968a829-e29f-401b-82d3-5828cc4a455e "HTTP/1.1 200 OK"
2026-01-15 10:07:18,220 - httpx - INFO - HTTP Request: GET http://procure-x.testmcp.org/history/4968a829-e29f-401b-82d3-5828cc4a455e "HTTP/1.1 200 OK"
2026-01-15 10:07:19,244 - httpx - INFO - HTTP Request: GET http://procure-x.testmcp.org/history/4968a829-e29f-401b-82d3-5828cc4a455e "HTTP/1.1 200 OK"
2026-01-15 10:07:20,266 - httpx - INFO - HTTP Request: GET http://procure-x.testmcp.org/history/4968a829-e29f-401b-82d3-5828cc4a455e "HTTP/1.1 200 OK"
2026-01-15 10:07:21,289 - httpx - INFO - HTTP Request: GET http://procure-x.testmcp.org/history/4968a829-e29f-401b-82d3-5828cc4a455e "HTTP/1.1 200 OK"
2026-01-15 10:07:22,311 - httpx - INFO - HTTP Request: GET http://procure-x.testmcp.org/history/4968a829-e29f-401b-82d3-5828cc4a455e "HTTP/1.1 200 OK"
2026-01-15 10:07:23,336 - httpx - INFO - HTTP Request: GET http://procure-x.testmcp.org/history/4968a829-e29f-401b-82d3-5828cc4a455e "HTTP/1.1 200 OK"
2026-01-15 10:07:24,357 - httpx - INFO - HTTP Request: GET http://procure-x.testmcp.org/history/4968a829-e29f-401b-82d3-5828cc4a455e "HTTP/1.1 200 OK"
2026-01-15 10:07:25,379 - httpx - INFO - HTTP Request: GET http://procure-x.testmcp.org/history/4968a829-e29f-401b-82d3-5828cc4a455e "HTTP/1.1 200 OK"
2026-01-15 10:07:26,399 - httpx - INFO - HTTP Request: GET http://procure-x.testmcp.org/history/4968a829-e29f-401b-82d3-5828cc4a455e "HTTP/1.1 200 OK"
2026-01-15 10:07:27,421 - httpx - INFO - HTTP Request: GET http://procure-x.testmcp.org/history/4968a829-e29f-401b-82d3-5828cc4a455e "HTTP/1.1 200 OK"
2026-01-15 10:07:28,441 - httpx - INFO - HTTP Request: GET http://procure-x.testmcp.org/history/4968a829-e29f-401b-82d3-5828cc4a455e "HTTP/1.1 200 OK"
2026-01-15 10:07:29,639 - httpx - INFO - HTTP Request: GET http://procure-x.testmcp.org/history/4968a829-e29f-401b-82d3-5828cc4a455e "HTTP/1.1 200 OK"
2026-01-15 10:07:30,665 - httpx - INFO - HTTP Request: GET http://procure-x.testmcp.org/history/4968a829-e29f-401b-82d3-5828cc4a455e "HTTP/1.1 200 OK"
2026-01-15 10:07:31,689 - httpx - INFO - HTTP Request: GET http://procure-x.testmcp.org/history/4968a829-e29f-401b-82d3-5828cc4a455e "HTTP/1.1 200 OK"
2026-01-15 10:07:32,713 - httpx - INFO - HTTP Request: GET http://procure-x.testmcp.org/history/4968a829-e29f-401b-82d3-5828cc4a455e "HTTP/1.1 200 OK"
2026-01-15 10:07:33,736 - httpx - INFO - HTTP Request: GET http://procure-x.testmcp.org/history/4968a829-e29f-401b-82d3-5828cc4a455e "HTTP/1.1 200 OK"
2026-01-15 10:07:34,791 - httpx - INFO - HTTP Request: GET http://procure-x.testmcp.org/history/4968a829-e29f-401b-82d3-5828cc4a455e "HTTP/1.1 200 OK"
2026-01-15 10:07:35,821 - httpx - INFO - HTTP Request: GET http://procure-x.testmcp.org/history/4968a829-e29f-401b-82d3-5828cc4a455e "HTTP/1.1 200 OK"
2026-01-15 10:07:36,840 - httpx - INFO - HTTP Request: GET http://procure-x.testmcp.org/history/4968a829-e29f-401b-82d3-5828cc4a455e "HTTP/1.1 200 OK"
2026-01-15 10:07:37,859 - httpx - INFO - HTTP Request: GET http://procure-x.testmcp.org/history/4968a829-e29f-401b-82d3-5828cc4a455e "HTTP/1.1 200 OK"
2026-01-15 10:07:38,878 - httpx - INFO - HTTP Request: GET http://procure-x.testmcp.org/history/4968a829-e29f-401b-82d3-5828cc4a455e "HTTP/1.1 200 OK"
2026-01-15 10:07:39,903 - httpx - INFO - HTTP Request: GET http://procure-x.testmcp.org/history/4968a829-e29f-401b-82d3-5828cc4a455e "HTTP/1.1 200 OK"
2026-01-15 10:07:40,920 - httpx - INFO - HTTP Request: GET http://procure-x.testmcp.org/history/4968a829-e29f-401b-82d3-5828cc4a455e "HTTP/1.1 200 OK"
2026-01-15 10:07:41,941 - httpx - INFO - HTTP Request: GET http://procure-x.testmcp.org/history/4968a829-e29f-401b-82d3-5828cc4a455e "HTTP/1.1 200 OK"
2026-01-15 10:07:42,965 - httpx - INFO - HTTP Request: GET http://procure-x.testmcp.org/history/4968a829-e29f-401b-82d3-5828cc4a455e "HTTP/1.1 200 OK"
2026-01-15 10:07:43,990 - httpx - INFO - HTTP Request: GET http://procure-x.testmcp.org/history/4968a829-e29f-401b-82d3-5828cc4a455e "HTTP/1.1 200 OK"
2026-01-15 10:07:45,013 - httpx - INFO - HTTP Request: GET http://procure-x.testmcp.org/history/4968a829-e29f-401b-82d3-5828cc4a455e "HTTP/1.1 200 OK"
2026-01-15 10:07:46,039 - httpx - INFO - HTTP Request: GET http://procure-x.testmcp.org/history/4968a829-e29f-401b-82d3-5828cc4a455e "HTTP/1.1 200 OK"
2026-01-15 10:07:47,058 - httpx - INFO - HTTP Request: GET http://procure-x.testmcp.org/history/4968a829-e29f-401b-82d3-5828cc4a455e "HTTP/1.1 200 OK"
2026-01-15 10:07:48,088 - httpx - INFO - HTTP Request: GET http://procure-x.testmcp.org/history/4968a829-e29f-401b-82d3-5828cc4a455e "HTTP/1.1 200 OK"
2026-01-15 10:07:49,114 - httpx - INFO - HTTP Request: GET http://procure-x.testmcp.org/history/4968a829-e29f-401b-82d3-5828cc4a455e "HTTP/1.1 200 OK"
2026-01-15 10:07:50,181 - httpx - INFO - HTTP Request: GET http://procure-x.testmcp.org/history/4968a829-e29f-401b-82d3-5828cc4a455e "HTTP/1.1 200 OK"
2026-01-15 10:07:51,210 - httpx - INFO - HTTP Request: GET http://procure-x.testmcp.org/history/4968a829-e29f-401b-82d3-5828cc4a455e "HTTP/1.1 200 OK"
2026-01-15 10:07:52,230 - httpx - INFO - HTTP Request: GET http://procure-x.testmcp.org/history/4968a829-e29f-401b-82d3-5828cc4a455e "HTTP/1.1 200 OK"
2026-01-15 10:07:53,298 - httpx - INFO - HTTP Request: GET http://procure-x.testmcp.org/history/4968a829-e29f-401b-82d3-5828cc4a455e "HTTP/1.1 200 OK"
2026-01-15 10:07:54,324 - httpx - INFO - HTTP Request: GET http://procure-x.testmcp.org/history/4968a829-e29f-401b-82d3-5828cc4a455e "HTTP/1.1 200 OK"
2026-01-15 10:07:55,392 - httpx - INFO - HTTP Request: GET http://procure-x.testmcp.org/history/4968a829-e29f-401b-82d3-5828cc4a455e "HTTP/1.1 200 OK"
2026-01-15 10:07:56,417 - httpx - INFO - HTTP Request: GET http://procure-x.testmcp.org/history/4968a829-e29f-401b-82d3-5828cc4a455e "HTTP/1.1 200 OK"
2026-01-15 10:07:57,443 - httpx - INFO - HTTP Request: GET http://procure-x.testmcp.org/history/4968a829-e29f-401b-82d3-5828cc4a455e "HTTP/1.1 200 OK"
2026-01-15 10:07:58,472 - httpx - INFO - HTTP Request: GET http://procure-x.testmcp.org/history/4968a829-e29f-401b-82d3-5828cc4a455e "HTTP/1.1 200 OK"
2026-01-15 10:07:59,497 - httpx - INFO - HTTP Request: GET http://procure-x.testmcp.org/history/4968a829-e29f-401b-82d3-5828cc4a455e "HTTP/1.1 200 OK"
2026-01-15 10:08:00,523 - httpx - INFO - HTTP Request: GET http://procure-x.testmcp.org/history/4968a829-e29f-401b-82d3-5828cc4a455e "HTTP/1.1 200 OK"
2026-01-15 10:08:01,547 - httpx - INFO - HTTP Request: GET http://procure-x.testmcp.org/history/4968a829-e29f-401b-82d3-5828cc4a455e "HTTP/1.1 200 OK"
2026-01-15 10:08:02,571 - httpx - INFO - HTTP Request: GET http://procure-x.testmcp.org/history/4968a829-e29f-401b-82d3-5828cc4a455e "HTTP/1.1 200 OK"
2026-01-15 10:08:03,594 - httpx - INFO - HTTP Request: GET http://procure-x.testmcp.org/history/4968a829-e29f-401b-82d3-5828cc4a455e "HTTP/1.1 200 OK"
2026-01-15 10:08:04,620 - httpx - INFO - HTTP Request: GET http://procure-x.testmcp.org/history/4968a829-e29f-401b-82d3-5828cc4a455e "HTTP/1.1 200 OK"
2026-01-15 10:08:05,646 - httpx - INFO - HTTP Request: GET http://procure-x.testmcp.org/history/4968a829-e29f-401b-82d3-5828cc4a455e "HTTP/1.1 200 OK"
2026-01-15 10:08:06,670 - httpx - INFO - HTTP Request: GET http://procure-x.testmcp.org/history/4968a829-e29f-401b-82d3-5828cc4a455e "HTTP/1.1 200 OK"
2026-01-15 10:08:07,692 - httpx - INFO - HTTP Request: GET http://procure-x.testmcp.org/history/4968a829-e29f-401b-82d3-5828cc4a455e "HTTP/1.1 200 OK"
2026-01-15 10:08:08,719 - httpx - INFO - HTTP Request: GET http://procure-x.testmcp.org/history/4968a829-e29f-401b-82d3-5828cc4a455e "HTTP/1.1 200 OK"
2026-01-15 10:08:09,739 - httpx - INFO - HTTP Request: GET http://procure-x.testmcp.org/history/4968a829-e29f-401b-82d3-5828cc4a455e "HTTP/1.1 200 OK"
2026-01-15 10:08:10,761 - httpx - INFO - HTTP Request: GET http://procure-x.testmcp.org/history/4968a829-e29f-401b-82d3-5828cc4a455e "HTTP/1.1 200 OK"
2026-01-15 10:08:11,783 - httpx - INFO - HTTP Request: GET http://procure-x.testmcp.org/history/4968a829-e29f-401b-82d3-5828cc4a455e "HTTP/1.1 200 OK"
2026-01-15 10:08:12,808 - httpx - INFO - HTTP Request: GET http://procure-x.testmcp.org/history/4968a829-e29f-401b-82d3-5828cc4a455e "HTTP/1.1 200 OK"
2026-01-15 10:08:13,832 - httpx - INFO - HTTP Request: GET http://procure-x.testmcp.org/history/4968a829-e29f-401b-82d3-5828cc4a455e "HTTP/1.1 200 OK"
2026-01-15 10:08:14,855 - httpx - INFO - HTTP Request: GET http://procure-x.testmcp.org/history/4968a829-e29f-401b-82d3-5828cc4a455e "HTTP/1.1 200 OK"
2026-01-15 10:08:15,873 - httpx - INFO - HTTP Request: GET http://procure-x.testmcp.org/history/4968a829-e29f-401b-82d3-5828cc4a455e "HTTP/1.1 200 OK"
2026-01-15 10:08:16,894 - httpx - INFO - HTTP Request: GET http://procure-x.testmcp.org/history/4968a829-e29f-401b-82d3-5828cc4a455e "HTTP/1.1 200 OK"
2026-01-15 10:08:17,913 - httpx - INFO - HTTP Request: GET http://procure-x.testmcp.org/history/4968a829-e29f-401b-82d3-5828cc4a455e "HTTP/1.1 200 OK"
2026-01-15 10:08:18,929 - httpx - INFO - HTTP Request: GET http://procure-x.testmcp.org/history/4968a829-e29f-401b-82d3-5828cc4a455e "HTTP/1.1 200 OK"
2026-01-15 10:08:19,952 - httpx - INFO - HTTP Request: GET http://procure-x.testmcp.org/history/4968a829-e29f-401b-82d3-5828cc4a455e "HTTP/1.1 200 OK"
2026-01-15 10:08:20,975 - httpx - INFO - HTTP Request: GET http://procure-x.testmcp.org/history/4968a829-e29f-401b-82d3-5828cc4a455e "HTTP/1.1 200 OK"
2026-01-15 10:08:21,999 - httpx - INFO - HTTP Request: GET http://procure-x.testmcp.org/history/4968a829-e29f-401b-82d3-5828cc4a455e "HTTP/1.1 200 OK"
2026-01-15 10:08:23,026 - httpx - INFO - HTTP Request: GET http://procure-x.testmcp.org/history/4968a829-e29f-401b-82d3-5828cc4a455e "HTTP/1.1 200 OK"
2026-01-15 10:08:24,050 - httpx - INFO - HTTP Request: GET http://procure-x.testmcp.org/history/4968a829-e29f-401b-82d3-5828cc4a455e "HTTP/1.1 200 OK"
2026-01-15 10:08:25,075 - httpx - INFO - HTTP Request: GET http://procure-x.testmcp.org/history/4968a829-e29f-401b-82d3-5828cc4a455e "HTTP/1.1 200 OK"
2026-01-15 10:08:26,104 - httpx - INFO - HTTP Request: GET http://procure-x.testmcp.org/history/4968a829-e29f-401b-82d3-5828cc4a455e "HTTP/1.1 200 OK"
2026-01-15 10:08:27,128 - httpx - INFO - HTTP Request: GET http://procure-x.testmcp.org/history/4968a829-e29f-401b-82d3-5828cc4a455e "HTTP/1.1 200 OK"
2026-01-15 10:08:28,152 - httpx - INFO - HTTP Request: GET http://procure-x.testmcp.org/history/4968a829-e29f-401b-82d3-5828cc4a455e "HTTP/1.1 200 OK"
2026-01-15 10:08:29,174 - httpx - INFO - HTTP Request: GET http://procure-x.testmcp.org/history/4968a829-e29f-401b-82d3-5828cc4a455e "HTTP/1.1 200 OK"
2026-01-15 10:08:30,200 - httpx - INFO - HTTP Request: GET http://procure-x.testmcp.org/history/4968a829-e29f-401b-82d3-5828cc4a455e "HTTP/1.1 200 OK"
2026-01-15 10:08:31,227 - httpx - INFO - HTTP Request: GET http://procure-x.testmcp.org/history/4968a829-e29f-401b-82d3-5828cc4a455e "HTTP/1.1 200 OK"
2026-01-15 10:08:32,252 - httpx - INFO - HTTP Request: GET http://procure-x.testmcp.org/history/4968a829-e29f-401b-82d3-5828cc4a455e "HTTP/1.1 200 OK"
2026-01-15 10:08:33,282 - httpx - INFO - HTTP Request: GET http://procure-x.testmcp.org/history/4968a829-e29f-401b-82d3-5828cc4a455e "HTTP/1.1 200 OK"
2026-01-15 10:08:34,305 - httpx - INFO - HTTP Request: GET http://procure-x.testmcp.org/history/4968a829-e29f-401b-82d3-5828cc4a455e "HTTP/1.1 200 OK"
2026-01-15 10:08:35,331 - httpx - INFO - HTTP Request: GET http://procure-x.testmcp.org/history/4968a829-e29f-401b-82d3-5828cc4a455e "HTTP/1.1 200 OK"
2026-01-15 10:08:36,354 - httpx - INFO - HTTP Request: GET http://procure-x.testmcp.org/history/4968a829-e29f-401b-82d3-5828cc4a455e "HTTP/1.1 200 OK"
2026-01-15 10:08:37,378 - httpx - INFO - HTTP Request: GET http://procure-x.testmcp.org/history/4968a829-e29f-401b-82d3-5828cc4a455e "HTTP/1.1 200 OK"
2026-01-15 10:08:38,401 - httpx - INFO - HTTP Request: GET http://procure-x.testmcp.org/history/4968a829-e29f-401b-82d3-5828cc4a455e "HTTP/1.1 200 OK"
2026-01-15 10:08:39,424 - httpx - INFO - HTTP Request: GET http://procure-x.testmcp.org/history/4968a829-e29f-401b-82d3-5828cc4a455e "HTTP/1.1 200 OK"
2026-01-15 10:08:40,446 - httpx - INFO - HTTP Request: GET http://procure-x.testmcp.org/history/4968a829-e29f-401b-82d3-5828cc4a455e "HTTP/1.1 200 OK"
2026-01-15 10:08:41,470 - httpx - INFO - HTTP Request: GET http://procure-x.testmcp.org/history/4968a829-e29f-401b-82d3-5828cc4a455e "HTTP/1.1 200 OK"
2026-01-15 10:08:42,495 - httpx - INFO - HTTP Request: GET http://procure-x.testmcp.org/history/4968a829-e29f-401b-82d3-5828cc4a455e "HTTP/1.1 200 OK"
2026-01-15 10:08:43,523 - httpx - INFO - HTTP Request: GET http://procure-x.testmcp.org/history/4968a829-e29f-401b-82d3-5828cc4a455e "HTTP/1.1 200 OK"
2026-01-15 10:08:44,566 - httpx - INFO - HTTP Request: GET http://procure-x.testmcp.org/history/4968a829-e29f-401b-82d3-5828cc4a455e "HTTP/1.1 200 OK"
2026-01-15 10:08:45,652 - httpx - INFO - HTTP Request: GET http://procure-x.testmcp.org/history/4968a829-e29f-401b-82d3-5828cc4a455e "HTTP/1.1 200 OK"
2026-01-15 10:08:46,675 - httpx - INFO - HTTP Request: GET http://procure-x.testmcp.org/history/4968a829-e29f-401b-82d3-5828cc4a455e "HTTP/1.1 200 OK"
2026-01-15 10:08:47,702 - httpx - INFO - HTTP Request: GET http://procure-x.testmcp.org/history/4968a829-e29f-401b-82d3-5828cc4a455e "HTTP/1.1 200 OK"
2026-01-15 10:08:48,735 - httpx - INFO - HTTP Request: GET http://procure-x.testmcp.org/history/4968a829-e29f-401b-82d3-5828cc4a455e "HTTP/1.1 200 OK"
2026-01-15 10:08:49,755 - httpx - INFO - HTTP Request: GET http://procure-x.testmcp.org/history/4968a829-e29f-401b-82d3-5828cc4a455e "HTTP/1.1 200 OK"
2026-01-15 10:08:50,782 - httpx - INFO - HTTP Request: GET http://procure-x.testmcp.org/history/4968a829-e29f-401b-82d3-5828cc4a455e "HTTP/1.1 200 OK"
2026-01-15 10:08:51,804 - httpx - INFO - HTTP Request: GET http://procure-x.testmcp.org/history/4968a829-e29f-401b-82d3-5828cc4a455e "HTTP/1.1 200 OK"
2026-01-15 10:08:52,826 - httpx - INFO - HTTP Request: GET http://procure-x.testmcp.org/history/4968a829-e29f-401b-82d3-5828cc4a455e "HTTP/1.1 200 OK"
2026-01-15 10:08:53,848 - httpx - INFO - HTTP Request: GET http://procure-x.testmcp.org/history/4968a829-e29f-401b-82d3-5828cc4a455e "HTTP/1.1 200 OK"
2026-01-15 10:08:54,903 - httpx - INFO - HTTP Request: GET http://procure-x.testmcp.org/history/4968a829-e29f-401b-82d3-5828cc4a455e "HTTP/1.1 200 OK"
2026-01-15 10:08:55,929 - httpx - INFO - HTTP Request: GET http://procure-x.testmcp.org/history/4968a829-e29f-401b-82d3-5828cc4a455e "HTTP/1.1 200 OK"
2026-01-15 10:08:56,958 - httpx - INFO - HTTP Request: GET http://procure-x.testmcp.org/history/4968a829-e29f-401b-82d3-5828cc4a455e "HTTP/1.1 200 OK"
2026-01-15 10:08:57,983 - httpx - INFO - HTTP Request: GET http://procure-x.testmcp.org/history/4968a829-e29f-401b-82d3-5828cc4a455e "HTTP/1.1 200 OK"
2026-01-15 10:08:59,007 - httpx - INFO - HTTP Request: GET http://procure-x.testmcp.org/history/4968a829-e29f-401b-82d3-5828cc4a455e "HTTP/1.1 200 OK"
2026-01-15 10:09:00,027 - httpx - INFO - HTTP Request: GET http://procure-x.testmcp.org/history/4968a829-e29f-401b-82d3-5828cc4a455e "HTTP/1.1 200 OK"
2026-01-15 10:09:01,049 - httpx - INFO - HTTP Request: GET http://procure-x.testmcp.org/history/4968a829-e29f-401b-82d3-5828cc4a455e "HTTP/1.1 200 OK"
2026-01-15 10:09:02,073 - httpx - INFO - HTTP Request: GET http://procure-x.testmcp.org/history/4968a829-e29f-401b-82d3-5828cc4a455e "HTTP/1.1 200 OK"
2026-01-15 10:09:03,097 - httpx - INFO - HTTP Request: GET http://procure-x.testmcp.org/history/4968a829-e29f-401b-82d3-5828cc4a455e "HTTP/1.1 200 OK"
2026-01-15 10:09:04,123 - httpx - INFO - HTTP Request: GET http://procure-x.testmcp.org/history/4968a829-e29f-401b-82d3-5828cc4a455e "HTTP/1.1 200 OK"
2026-01-15 10:09:05,149 - httpx - INFO - HTTP Request: GET http://procure-x.testmcp.org/history/4968a829-e29f-401b-82d3-5828cc4a455e "HTTP/1.1 200 OK"
2026-01-15 10:09:06,176 - httpx - INFO - HTTP Request: GET http://procure-x.testmcp.org/history/4968a829-e29f-401b-82d3-5828cc4a455e "HTTP/1.1 200 OK"
2026-01-15 10:09:07,199 - httpx - INFO - HTTP Request: GET http://procure-x.testmcp.org/history/4968a829-e29f-401b-82d3-5828cc4a455e "HTTP/1.1 200 OK"
2026-01-15 10:09:08,224 - httpx - INFO - HTTP Request: GET http://procure-x.testmcp.org/history/4968a829-e29f-401b-82d3-5828cc4a455e "HTTP/1.1 200 OK"
2026-01-15 10:09:09,250 - httpx - INFO - HTTP Request: GET http://procure-x.testmcp.org/history/4968a829-e29f-401b-82d3-5828cc4a455e "HTTP/1.1 200 OK"
2026-01-15 10:09:10,276 - httpx - INFO - HTTP Request: GET http://procure-x.testmcp.org/history/4968a829-e29f-401b-82d3-5828cc4a455e "HTTP/1.1 200 OK"
2026-01-15 10:09:11,298 - httpx - INFO - HTTP Request: GET http://procure-x.testmcp.org/history/4968a829-e29f-401b-82d3-5828cc4a455e "HTTP/1.1 200 OK"
2026-01-15 10:09:12,316 - httpx - INFO - HTTP Request: GET http://procure-x.testmcp.org/history/4968a829-e29f-401b-82d3-5828cc4a455e "HTTP/1.1 200 OK"
2026-01-15 10:09:13,340 - httpx - INFO - HTTP Request: GET http://procure-x.testmcp.org/history/4968a829-e29f-401b-82d3-5828cc4a455e "HTTP/1.1 200 OK"
2026-01-15 10:09:14,362 - httpx - INFO - HTTP Request: GET http://procure-x.testmcp.org/history/4968a829-e29f-401b-82d3-5828cc4a455e "HTTP/1.1 200 OK"
2026-01-15 10:09:15,388 - httpx - INFO - HTTP Request: GET http://procure-x.testmcp.org/history/4968a829-e29f-401b-82d3-5828cc4a455e "HTTP/1.1 200 OK"
2026-01-15 10:09:16,415 - httpx - INFO - HTTP Request: GET http://procure-x.testmcp.org/history/4968a829-e29f-401b-82d3-5828cc4a455e "HTTP/1.1 200 OK"
2026-01-15 10:09:17,440 - httpx - INFO - HTTP Request: GET http://procure-x.testmcp.org/history/4968a829-e29f-401b-82d3-5828cc4a455e "HTTP/1.1 200 OK"
2026-01-15 10:09:18,458 - httpx - INFO - HTTP Request: GET http://procure-x.testmcp.org/history/4968a829-e29f-401b-82d3-5828cc4a455e "HTTP/1.1 200 OK"
2026-01-15 10:09:19,480 - httpx - INFO - HTTP Request: GET http://procure-x.testmcp.org/history/4968a829-e29f-401b-82d3-5828cc4a455e "HTTP/1.1 200 OK"
2026-01-15 10:09:20,505 - httpx - INFO - HTTP Request: GET http://procure-x.testmcp.org/history/4968a829-e29f-401b-82d3-5828cc4a455e "HTTP/1.1 200 OK"
2026-01-15 10:09:21,529 - httpx - INFO - HTTP Request: GET http://procure-x.testmcp.org/history/4968a829-e29f-401b-82d3-5828cc4a455e "HTTP/1.1 200 OK"
2026-01-15 10:09:22,553 - httpx - INFO - HTTP Request: GET http://procure-x.testmcp.org/history/4968a829-e29f-401b-82d3-5828cc4a455e "HTTP/1.1 200 OK"
2026-01-15 10:09:23,578 - httpx - INFO - HTTP Request: GET http://procure-x.testmcp.org/history/4968a829-e29f-401b-82d3-5828cc4a455e "HTTP/1.1 200 OK"
2026-01-15 10:09:24,603 - httpx - INFO - HTTP Request: GET http://procure-x.testmcp.org/history/4968a829-e29f-401b-82d3-5828cc4a455e "HTTP/1.1 200 OK"
2026-01-15 10:09:25,631 - httpx - INFO - HTTP Request: GET http://procure-x.testmcp.org/history/4968a829-e29f-401b-82d3-5828cc4a455e "HTTP/1.1 200 OK"
2026-01-15 10:09:26,656 - httpx - INFO - HTTP Request: GET http://procure-x.testmcp.org/history/4968a829-e29f-401b-82d3-5828cc4a455e "HTTP/1.1 200 OK"
2026-01-15 10:09:27,684 - httpx - INFO - HTTP Request: GET http://procure-x.testmcp.org/history/4968a829-e29f-401b-82d3-5828cc4a455e "HTTP/1.1 200 OK"
2026-01-15 10:09:28,711 - httpx - INFO - HTTP Request: GET http://procure-x.testmcp.org/history/4968a829-e29f-401b-82d3-5828cc4a455e "HTTP/1.1 200 OK"
2026-01-15 10:09:29,735 - httpx - INFO - HTTP Request: GET http://procure-x.testmcp.org/history/4968a829-e29f-401b-82d3-5828cc4a455e "HTTP/1.1 200 OK"
2026-01-15 10:09:30,760 - httpx - INFO - HTTP Request: GET http://procure-x.testmcp.org/history/4968a829-e29f-401b-82d3-5828cc4a455e "HTTP/1.1 200 OK"
2026-01-15 10:09:31,788 - httpx - INFO - HTTP Request: GET http://procure-x.testmcp.org/history/4968a829-e29f-401b-82d3-5828cc4a455e "HTTP/1.1 200 OK"
2026-01-15 10:09:32,816 - httpx - INFO - HTTP Request: GET http://procure-x.testmcp.org/history/4968a829-e29f-401b-82d3-5828cc4a455e "HTTP/1.1 200 OK"
2026-01-15 10:09:33,843 - httpx - INFO - HTTP Request: GET http://procure-x.testmcp.org/history/4968a829-e29f-401b-82d3-5828cc4a455e "HTTP/1.1 200 OK"
2026-01-15 10:09:34,879 - httpx - INFO - HTTP Request: GET http://procure-x.testmcp.org/history/4968a829-e29f-401b-82d3-5828cc4a455e "HTTP/1.1 200 OK"
2026-01-15 10:09:35,910 - httpx - INFO - HTTP Request: GET http://procure-x.testmcp.org/history/4968a829-e29f-401b-82d3-5828cc4a455e "HTTP/1.1 200 OK"
2026-01-15 10:09:36,931 - httpx - INFO - HTTP Request: GET http://procure-x.testmcp.org/history/4968a829-e29f-401b-82d3-5828cc4a455e "HTTP/1.1 200 OK"
2026-01-15 10:09:37,958 - httpx - INFO - HTTP Request: GET http://procure-x.testmcp.org/history/4968a829-e29f-401b-82d3-5828cc4a455e "HTTP/1.1 200 OK"
2026-01-15 10:09:38,969 - temporal_gateway.clients.comfy.tracker - INFO - [WS] Execution completed successfully
2026-01-15 10:09:39,548 - httpx - INFO - HTTP Request: GET http://procure-x.testmcp.org/history/4968a829-e29f-401b-82d3-5828cc4a455e "HTTP/1.1 200 OK"
2026-01-15 10:09:39,552 - temporal_gateway.clients.comfy.tracker - INFO - [POLL] Found in history: success
2026-01-15 10:09:39,553 - temporal_gateway.clients.comfy.tracker - INFO - Tracking completed: success (took 311.33s)
2026-01-15 10:09:39,555 - httpx - INFO - HTTP Request: GET http://procure-x.testmcp.org/history/4968a829-e29f-401b-82d3-5828cc4a455e "HTTP/1.1 200 OK"
2026-01-15 10:09:39,562 - temporalio.activity - INFO - [V3] Workflow completed successfully ({'activity_id': '1', 'activity_type': 'execute_and_track_workflow', 'attempt': 1, 'namespace': 'default', 'task_queue': 'comfyui-gpu-farm', 'workflow_id': 'chain-image-edit-to-video-pipeline-d9704bc4-93b5-4c84-a574-09c8a45e4ea7-create_video', 'workflow_run_id': '019bbfee-f85e-7c38-99f2-ccf0973b89f7', 'workflow_type': 'ComfyUIWorkflow'})
2026-01-15 10:09:39,604 - temporalio.workflow - INFO - Execution completed successfully ({'attempt': 1, 'namespace': 'default', 'run_id': '019bbfee-f85e-7c38-99f2-ccf0973b89f7', 'task_queue': 'comfyui-gpu-farm', 'workflow_id': 'chain-image-edit-to-video-pipeline-d9704bc4-93b5-4c84-a574-09c8a45e4ea7-create_video', 'workflow_type': 'ComfyUIWorkflow'})
2026-01-15 10:09:39,615 - temporalio.activity - INFO - Extracting server output files ({'activity_id': '2', 'activity_type': 'get_server_output_files', 'attempt': 1, 'namespace': 'default', 'task_queue': 'comfyui-gpu-farm', 'workflow_id': 'chain-image-edit-to-video-pipeline-d9704bc4-93b5-4c84-a574-09c8a45e4ea7-create_video', 'workflow_run_id': '019bbfee-f85e-7c38-99f2-ccf0973b89f7', 'workflow_type': 'ComfyUIWorkflow'})
2026-01-15 10:09:39,615 - temporalio.activity - INFO - Found 1 output file(s) ({'activity_id': '2', 'activity_type': 'get_server_output_files', 'attempt': 1, 'namespace': 'default', 'task_queue': 'comfyui-gpu-farm', 'workflow_id': 'chain-image-edit-to-video-pipeline-d9704bc4-93b5-4c84-a574-09c8a45e4ea7-create_video', 'workflow_run_id': '019bbfee-f85e-7c38-99f2-ccf0973b89f7', 'workflow_type': 'ComfyUIWorkflow'})
2026-01-15 10:09:39,626 - temporalio.workflow - INFO - Found 1 server output file(s) ({'attempt': 1, 'namespace': 'default', 'run_id': '019bbfee-f85e-7c38-99f2-ccf0973b89f7', 'task_queue': 'comfyui-gpu-farm', 'workflow_id': 'chain-image-edit-to-video-pipeline-d9704bc4-93b5-4c84-a574-09c8a45e4ea7-create_video', 'workflow_type': 'ComfyUIWorkflow'})
2026-01-15 10:09:39,636 - temporalio.activity - INFO - Downloading and persisting 1 artifact(s) for workflow e5054502-8118-4286-8029-7a460e232d71 ({'activity_id': '3', 'activity_type': 'download_and_store_artifacts', 'attempt': 1, 'namespace': 'default', 'task_queue': 'comfyui-gpu-farm', 'workflow_id': 'chain-image-edit-to-video-pipeline-d9704bc4-93b5-4c84-a574-09c8a45e4ea7-create_video', 'workflow_run_id': '019bbfee-f85e-7c38-99f2-ccf0973b89f7', 'workflow_type': 'ComfyUIWorkflow'})
2026-01-15 10:09:39,681 - temporal_gateway.clients.comfy.client - INFO - ComfyUI client initialized for http://procure-x.testmcp.org
2026-01-15 10:09:39,725 - httpx - INFO - HTTP Request: GET http://procure-x.testmcp.org/view?filename=ComfyUI_00064_.mp4&type=output&subfolder=video "HTTP/1.1 200 OK"
2026-01-15 10:09:39,831 - temporalio.activity - INFO - ✓ Saved artifact to DB: 4fa74d61-1edc-49c1-b63f-913f7bb4a78c (ComfyUI_00064_.mp4) ({'activity_id': '3', 'activity_type': 'download_and_store_artifacts', 'attempt': 1, 'namespace': 'default', 'task_queue': 'comfyui-gpu-farm', 'workflow_id': 'chain-image-edit-to-video-pipeline-d9704bc4-93b5-4c84-a574-09c8a45e4ea7-create_video', 'workflow_run_id': '019bbfee-f85e-7c38-99f2-ccf0973b89f7', 'workflow_type': 'ComfyUIWorkflow'})
2026-01-15 10:09:39,832 - temporalio.activity - INFO - Downloaded and persisted 1 artifact(s) ({'activity_id': '3', 'activity_type': 'download_and_store_artifacts', 'attempt': 1, 'namespace': 'default', 'task_queue': 'comfyui-gpu-farm', 'workflow_id': 'chain-image-edit-to-video-pipeline-d9704bc4-93b5-4c84-a574-09c8a45e4ea7-create_video', 'workflow_run_id': '019bbfee-f85e-7c38-99f2-ccf0973b89f7', 'workflow_type': 'ComfyUIWorkflow'})
2026-01-15 10:09:39,845 - temporalio.workflow - INFO - Downloaded 1 file(s) locally ({'attempt': 1, 'namespace': 'default', 'run_id': '019bbfee-f85e-7c38-99f2-ccf0973b89f7', 'task_queue': 'comfyui-gpu-farm', 'workflow_id': 'chain-image-edit-to-video-pipeline-d9704bc4-93b5-4c84-a574-09c8a45e4ea7-create_video', 'workflow_type': 'ComfyUIWorkflow'})
2026-01-15 10:09:39,872 - temporalio.activity - INFO - Updating workflow e5054502-8118-4286-8029-7a460e232d71 status to: completed ({'activity_id': '52', 'activity_type': 'update_workflow_status_activity', 'attempt': 1, 'namespace': 'default', 'task_queue': 'comfyui-gpu-farm', 'workflow_id': 'chain-image-edit-to-video-pipeline-d9704bc4-93b5-4c84-a574-09c8a45e4ea7', 'workflow_run_id': '019bbfec-83ec-7b8b-82e8-c3a7f1979db9', 'workflow_type': 'ChainExecutorWorkflow'})
2026-01-15 10:09:39,876 - temporalio.activity - INFO - ✓ Updated workflow status ({'activity_id': '52', 'activity_type': 'update_workflow_status_activity', 'attempt': 1, 'namespace': 'default', 'task_queue': 'comfyui-gpu-farm', 'workflow_id': 'chain-image-edit-to-video-pipeline-d9704bc4-93b5-4c84-a574-09c8a45e4ea7', 'workflow_run_id': '019bbfec-83ec-7b8b-82e8-c3a7f1979db9', 'workflow_type': 'ChainExecutorWorkflow'})
2026-01-15 10:09:39,892 - temporalio.activity - INFO - Getting artifacts for workflow: e5054502-8118-4286-8029-7a460e232d71 ({'activity_id': '53', 'activity_type': 'get_workflow_artifacts', 'attempt': 1, 'namespace': 'default', 'task_queue': 'comfyui-gpu-farm', 'workflow_id': 'chain-image-edit-to-video-pipeline-d9704bc4-93b5-4c84-a574-09c8a45e4ea7', 'workflow_run_id': '019bbfec-83ec-7b8b-82e8-c3a7f1979db9', 'workflow_type': 'ChainExecutorWorkflow'})
2026-01-15 10:09:39,909 - temporalio.activity - INFO - Creating approval request for artifact: 4fa74d61-1edc-49c1-b63f-913f7bb4a78c ({'activity_id': '54', 'activity_type': 'create_approval_request_activity', 'attempt': 1, 'namespace': 'default', 'task_queue': 'comfyui-gpu-farm', 'workflow_id': 'chain-image-edit-to-video-pipeline-d9704bc4-93b5-4c84-a574-09c8a45e4ea7', 'workflow_run_id': '019bbfec-83ec-7b8b-82e8-c3a7f1979db9', 'workflow_type': 'ChainExecutorWorkflow'})
2026-01-15 10:09:39,913 - temporalio.activity - INFO - ✓ Created approval request: 96f36b35-f581-4d49-a3e1-45a292541827, token: 7WhhMKSGEUEq6byv... ({'activity_id': '54', 'activity_type': 'create_approval_request_activity', 'attempt': 1, 'namespace': 'default', 'task_queue': 'comfyui-gpu-farm', 'workflow_id': 'chain-image-edit-to-video-pipeline-d9704bc4-93b5-4c84-a574-09c8a45e4ea7', 'workflow_run_id': '019bbfec-83ec-7b8b-82e8-c3a7f1979db9', 'workflow_type': 'ChainExecutorWorkflow'})
2026-01-15 10:09:39,913 - temporal_gateway.services.broadcast - INFO - Published approval_requested to chain:c06a9e3d-3d5a-4b26-b0a0-d0d4497f4e1a
2026-01-15 10:09:39,913 - temporalio.activity - INFO - Published approval_requested event for chain c06a9e3d-3d5a-4b26-b0a0-d0d4497f4e1a ({'activity_id': '54', 'activity_type': 'create_approval_request_activity', 'attempt': 1, 'namespace': 'default', 'task_queue': 'comfyui-gpu-farm', 'workflow_id': 'chain-image-edit-to-video-pipeline-d9704bc4-93b5-4c84-a574-09c8a45e4ea7', 'workflow_run_id': '019bbfec-83ec-7b8b-82e8-c3a7f1979db9', 'workflow_type': 'ChainExecutorWorkflow'})
2026-01-15 10:09:39,923 - temporalio.workflow - INFO - Step create_video: Approval request created, token: 7WhhMKSGEUEq6byv... ({'attempt': 1, 'namespace': 'default', 'run_id': '019bbfec-83ec-7b8b-82e8-c3a7f1979db9', 'task_queue': 'comfyui-gpu-farm', 'workflow_id': 'chain-image-edit-to-video-pipeline-d9704bc4-93b5-4c84-a574-09c8a45e4ea7', 'workflow_type': 'ChainExecutorWorkflow'})
2026-01-15 10:09:44,124 - temporalio.workflow - INFO - Received approval decision for step create_video: approved by cli-user ({'attempt': 1, 'namespace': 'default', 'run_id': '019bbfec-83ec-7b8b-82e8-c3a7f1979db9', 'task_queue': 'comfyui-gpu-farm', 'workflow_id': 'chain-image-edit-to-video-pipeline-d9704bc4-93b5-4c84-a574-09c8a45e4ea7', 'workflow_type': 'ChainExecutorWorkflow'})
2026-01-15 10:09:44,124 - temporalio.workflow - INFO - Step create_video: Approved by cli-user ({'attempt': 1, 'namespace': 'default', 'run_id': '019bbfec-83ec-7b8b-82e8-c3a7f1979db9', 'task_queue': 'comfyui-gpu-farm', 'workflow_id': 'chain-image-edit-to-video-pipeline-d9704bc4-93b5-4c84-a574-09c8a45e4ea7', 'workflow_type': 'ChainExecutorWorkflow'})
2026-01-15 10:09:44,124 - temporalio.workflow - INFO - Step create_video: Approved ({'attempt': 1, 'namespace': 'default', 'run_id': '019bbfec-83ec-7b8b-82e8-c3a7f1979db9', 'task_queue': 'comfyui-gpu-farm', 'workflow_id': 'chain-image-edit-to-video-pipeline-d9704bc4-93b5-4c84-a574-09c8a45e4ea7', 'workflow_type': 'ChainExecutorWorkflow'})
2026-01-15 10:09:44,133 - temporalio.activity - INFO - Getting artifacts for workflow: e5054502-8118-4286-8029-7a460e232d71 ({'activity_id': '55', 'activity_type': 'get_workflow_artifacts', 'attempt': 1, 'namespace': 'default', 'task_queue': 'comfyui-gpu-farm', 'workflow_id': 'chain-image-edit-to-video-pipeline-d9704bc4-93b5-4c84-a574-09c8a45e4ea7', 'workflow_run_id': '019bbfec-83ec-7b8b-82e8-c3a7f1979db9', 'workflow_type': 'ChainExecutorWorkflow'})
2026-01-15 10:09:44,155 - temporal_gateway.services.broadcast - INFO - Published step_completed to chain:c06a9e3d-3d5a-4b26-b0a0-d0d4497f4e1a
2026-01-15 10:09:44,155 - temporalio.activity - INFO - Published step_completed event for create_video in chain c06a9e3d-3d5a-4b26-b0a0-d0d4497f4e1a ({'activity_id': '56', 'activity_type': 'publish_step_completed_activity', 'attempt': 1, 'namespace': 'default', 'task_queue': 'comfyui-gpu-farm', 'workflow_id': 'chain-image-edit-to-video-pipeline-d9704bc4-93b5-4c84-a574-09c8a45e4ea7', 'workflow_run_id': '019bbfec-83ec-7b8b-82e8-c3a7f1979db9', 'workflow_type': 'ChainExecutorWorkflow'})
2026-01-15 10:09:44,165 - temporalio.workflow - INFO - Step create_video: completed ({'attempt': 1, 'namespace': 'default', 'run_id': '019bbfec-83ec-7b8b-82e8-c3a7f1979db9', 'task_queue': 'comfyui-gpu-farm', 'workflow_id': 'chain-image-edit-to-video-pipeline-d9704bc4-93b5-4c84-a574-09c8a45e4ea7', 'workflow_type': 'ChainExecutorWorkflow'})
2026-01-15 10:09:44,175 - temporalio.activity - INFO - Updating chain c06a9e3d-3d5a-4b26-b0a0-d0d4497f4e1a status to: completed ({'activity_id': '57', 'activity_type': 'update_chain_status_activity', 'attempt': 1, 'namespace': 'default', 'task_queue': 'comfyui-gpu-farm', 'workflow_id': 'chain-image-edit-to-video-pipeline-d9704bc4-93b5-4c84-a574-09c8a45e4ea7', 'workflow_run_id': '019bbfec-83ec-7b8b-82e8-c3a7f1979db9', 'workflow_type': 'ChainExecutorWorkflow'})
2026-01-15 10:09:44,179 - temporalio.activity - INFO - ✓ Updated chain status ({'activity_id': '57', 'activity_type': 'update_chain_status_activity', 'attempt': 1, 'namespace': 'default', 'task_queue': 'comfyui-gpu-farm', 'workflow_id': 'chain-image-edit-to-video-pipeline-d9704bc4-93b5-4c84-a574-09c8a45e4ea7', 'workflow_run_id': '019bbfec-83ec-7b8b-82e8-c3a7f1979db9', 'workflow_type': 'ChainExecutorWorkflow'})
2026-01-15 10:09:44,180 - temporal_gateway.services.broadcast - INFO - Published chain_completed to chain:c06a9e3d-3d5a-4b26-b0a0-d0d4497f4e1a
2026-01-15 10:09:44,180 - temporalio.activity - INFO - Published chain_completed event for chain c06a9e3d-3d5a-4b26-b0a0-d0d4497f4e1a ({'activity_id': '57', 'activity_type': 'update_chain_status_activity', 'attempt': 1, 'namespace': 'default', 'task_queue': 'comfyui-gpu-farm', 'workflow_id': 'chain-image-edit-to-video-pipeline-d9704bc4-93b5-4c84-a574-09c8a45e4ea7', 'workflow_run_id': '019bbfec-83ec-7b8b-82e8-c3a7f1979db9', 'workflow_type': 'ChainExecutorWorkflow'})
2026-01-15 10:10:14,352 - temporalio.workflow - INFO - Starting chain execution: image-edit-to-video-pipeline ({'attempt': 1, 'namespace': 'default', 'run_id': '019bbff4-40f3-741d-aa23-53066c9612ff', 'task_queue': 'comfyui-gpu-farm', 'workflow_id': 'chain-image-edit-to-video-pipeline-876a0267-2698-4b37-bfe0-32aa3bdded64', 'workflow_type': 'ChainExecutorWorkflow'})
2026-01-15 10:10:14,352 - temporalio.workflow - INFO - Retry number: 0 ({'attempt': 1, 'namespace': 'default', 'run_id': '019bbff4-40f3-741d-aa23-53066c9612ff', 'task_queue': 'comfyui-gpu-farm', 'workflow_id': 'chain-image-edit-to-video-pipeline-876a0267-2698-4b37-bfe0-32aa3bdded64', 'workflow_type': 'ChainExecutorWorkflow'})
2026-01-15 10:10:14,352 - temporalio.workflow - INFO - Cached steps: [] ({'attempt': 1, 'namespace': 'default', 'run_id': '019bbff4-40f3-741d-aa23-53066c9612ff', 'task_queue': 'comfyui-gpu-farm', 'workflow_id': 'chain-image-edit-to-video-pipeline-876a0267-2698-4b37-bfe0-32aa3bdded64', 'workflow_type': 'ChainExecutorWorkflow'})
2026-01-15 10:10:14,352 - temporalio.workflow - INFO - Total levels: 3 ({'attempt': 1, 'namespace': 'default', 'run_id': '019bbff4-40f3-741d-aa23-53066c9612ff', 'task_queue': 'comfyui-gpu-farm', 'workflow_id': 'chain-image-edit-to-video-pipeline-876a0267-2698-4b37-bfe0-32aa3bdded64', 'workflow_type': 'ChainExecutorWorkflow'})
2026-01-15 10:10:14,352 - temporalio.workflow - INFO - Using chain ID: 7ab11257-06d5-4bf6-bb2a-89ccb9875a59 ({'attempt': 1, 'namespace': 'default', 'run_id': '019bbff4-40f3-741d-aa23-53066c9612ff', 'task_queue': 'comfyui-gpu-farm', 'workflow_id': 'chain-image-edit-to-video-pipeline-876a0267-2698-4b37-bfe0-32aa3bdded64', 'workflow_type': 'ChainExecutorWorkflow'})
2026-01-15 10:10:14,368 - temporalio.activity - INFO - Updating chain 7ab11257-06d5-4bf6-bb2a-89ccb9875a59 status to: executing_level_0 ({'activity_id': '1', 'activity_type': 'update_chain_status_activity', 'attempt': 1, 'namespace': 'default', 'task_queue': 'comfyui-gpu-farm', 'workflow_id': 'chain-image-edit-to-video-pipeline-876a0267-2698-4b37-bfe0-32aa3bdded64', 'workflow_run_id': '019bbff4-40f3-741d-aa23-53066c9612ff', 'workflow_type': 'ChainExecutorWorkflow'})
2026-01-15 10:10:14,373 - temporalio.activity - INFO - ✓ Updated chain status ({'activity_id': '1', 'activity_type': 'update_chain_status_activity', 'attempt': 1, 'namespace': 'default', 'task_queue': 'comfyui-gpu-farm', 'workflow_id': 'chain-image-edit-to-video-pipeline-876a0267-2698-4b37-bfe0-32aa3bdded64', 'workflow_run_id': '019bbff4-40f3-741d-aa23-53066c9612ff', 'workflow_type': 'ChainExecutorWorkflow'})
2026-01-15 10:10:14,392 - temporalio.workflow - INFO - Level 0: Executing 2 step(s) ({'attempt': 1, 'namespace': 'default', 'run_id': '019bbff4-40f3-741d-aa23-53066c9612ff', 'task_queue': 'comfyui-gpu-farm', 'workflow_id': 'chain-image-edit-to-video-pipeline-876a0267-2698-4b37-bfe0-32aa3bdded64', 'workflow_type': 'ChainExecutorWorkflow'})
2026-01-15 10:10:14,393 - temporalio.workflow - INFO - Executing step: extract_frame1 ({'attempt': 1, 'namespace': 'default', 'run_id': '019bbff4-40f3-741d-aa23-53066c9612ff', 'task_queue': 'comfyui-gpu-farm', 'workflow_id': 'chain-image-edit-to-video-pipeline-876a0267-2698-4b37-bfe0-32aa3bdded64', 'workflow_type': 'ChainExecutorWorkflow'})
2026-01-15 10:10:14,393 - temporalio.workflow - INFO - Executing step: extract_frame2 ({'attempt': 1, 'namespace': 'default', 'run_id': '019bbff4-40f3-741d-aa23-53066c9612ff', 'task_queue': 'comfyui-gpu-farm', 'workflow_id': 'chain-image-edit-to-video-pipeline-876a0267-2698-4b37-bfe0-32aa3bdded64', 'workflow_type': 'ChainExecutorWorkflow'})
2026-01-15 10:10:14,406 - temporalio.activity - INFO - Resolving templates in parameters ({'activity_id': '3', 'activity_type': 'resolve_chain_templates', 'attempt': 1, 'namespace': 'default', 'task_queue': 'comfyui-gpu-farm', 'workflow_id': 'chain-image-edit-to-video-pipeline-876a0267-2698-4b37-bfe0-32aa3bdded64', 'workflow_run_id': '019bbff4-40f3-741d-aa23-53066c9612ff', 'workflow_type': 'ChainExecutorWorkflow'})
2026-01-15 10:10:14,406 - temporalio.activity - INFO - Templates resolved successfully ({'activity_id': '3', 'activity_type': 'resolve_chain_templates', 'attempt': 1, 'namespace': 'default', 'task_queue': 'comfyui-gpu-farm', 'workflow_id': 'chain-image-edit-to-video-pipeline-876a0267-2698-4b37-bfe0-32aa3bdded64', 'workflow_run_id': '019bbff4-40f3-741d-aa23-53066c9612ff', 'workflow_type': 'ChainExecutorWorkflow'})
2026-01-15 10:10:14,408 - temporalio.activity - INFO - Resolving templates in parameters ({'activity_id': '2', 'activity_type': 'resolve_chain_templates', 'attempt': 1, 'namespace': 'default', 'task_queue': 'comfyui-gpu-farm', 'workflow_id': 'chain-image-edit-to-video-pipeline-876a0267-2698-4b37-bfe0-32aa3bdded64', 'workflow_run_id': '019bbff4-40f3-741d-aa23-53066c9612ff', 'workflow_type': 'ChainExecutorWorkflow'})
2026-01-15 10:10:14,408 - temporalio.activity - INFO - Templates resolved successfully ({'activity_id': '2', 'activity_type': 'resolve_chain_templates', 'attempt': 1, 'namespace': 'default', 'task_queue': 'comfyui-gpu-farm', 'workflow_id': 'chain-image-edit-to-video-pipeline-876a0267-2698-4b37-bfe0-32aa3bdded64', 'workflow_run_id': '019bbff4-40f3-741d-aa23-53066c9612ff', 'workflow_type': 'ChainExecutorWorkflow'})
2026-01-15 10:10:14,426 - temporalio.activity - INFO - Applying parameters to workflow: imageSave ({'activity_id': '4', 'activity_type': 'apply_workflow_parameters', 'attempt': 1, 'namespace': 'default', 'task_queue': 'comfyui-gpu-farm', 'workflow_id': 'chain-image-edit-to-video-pipeline-876a0267-2698-4b37-bfe0-32aa3bdded64', 'workflow_run_id': '019bbff4-40f3-741d-aa23-53066c9612ff', 'workflow_type': 'ChainExecutorWorkflow'})
2026-01-15 10:10:14,426 - temporal_gateway.registry - INFO - Applied override: 1.frame_load_cap = 1
2026-01-15 10:10:14,426 - temporal_gateway.registry - INFO - Applied override: 1.select_every_nth = 1
2026-01-15 10:10:14,426 - temporal_gateway.registry - INFO - Applied override: 1.skip_first_frames = 172
2026-01-15 10:10:14,427 - temporal_gateway.registry - INFO - Applied override: 1.video = ComfyUI_00012_.mp4
2026-01-15 10:10:14,427 - temporalio.activity - INFO - Parameters applied successfully ({'activity_id': '4', 'activity_type': 'apply_workflow_parameters', 'attempt': 1, 'namespace': 'default', 'task_queue': 'comfyui-gpu-farm', 'workflow_id': 'chain-image-edit-to-video-pipeline-876a0267-2698-4b37-bfe0-32aa3bdded64', 'workflow_run_id': '019bbff4-40f3-741d-aa23-53066c9612ff', 'workflow_type': 'ChainExecutorWorkflow'})
2026-01-15 10:10:14,428 - temporalio.activity - INFO - Applying parameters to workflow: imageSave ({'activity_id': '5', 'activity_type': 'apply_workflow_parameters', 'attempt': 1, 'namespace': 'default', 'task_queue': 'comfyui-gpu-farm', 'workflow_id': 'chain-image-edit-to-video-pipeline-876a0267-2698-4b37-bfe0-32aa3bdded64', 'workflow_run_id': '019bbff4-40f3-741d-aa23-53066c9612ff', 'workflow_type': 'ChainExecutorWorkflow'})
2026-01-15 10:10:14,429 - temporal_gateway.registry - INFO - Applied override: 1.frame_load_cap = 1
2026-01-15 10:10:14,429 - temporal_gateway.registry - INFO - Applied override: 1.select_every_nth = 1
2026-01-15 10:10:14,429 - temporal_gateway.registry - INFO - Applied override: 1.skip_first_frames = 0
2026-01-15 10:10:14,429 - temporal_gateway.registry - INFO - Applied override: 1.video = ComfyUI_00012_.mp4
2026-01-15 10:10:14,429 - temporalio.activity - INFO - Parameters applied successfully ({'activity_id': '5', 'activity_type': 'apply_workflow_parameters', 'attempt': 1, 'namespace': 'default', 'task_queue': 'comfyui-gpu-farm', 'workflow_id': 'chain-image-edit-to-video-pipeline-876a0267-2698-4b37-bfe0-32aa3bdded64', 'workflow_run_id': '019bbff4-40f3-741d-aa23-53066c9612ff', 'workflow_type': 'ChainExecutorWorkflow'})
2026-01-15 10:10:14,445 - temporalio.activity - INFO - Selecting server with strategy: least_loaded ({'activity_id': '6', 'activity_type': 'select_best_server', 'attempt': 1, 'namespace': 'default', 'task_queue': 'comfyui-gpu-farm', 'workflow_id': 'chain-image-edit-to-video-pipeline-876a0267-2698-4b37-bfe0-32aa3bdded64', 'workflow_run_id': '019bbff4-40f3-741d-aa23-53066c9612ff', 'workflow_type': 'ChainExecutorWorkflow'})
2026-01-15 10:10:14,492 - temporalio.activity - INFO - Selecting server with strategy: least_loaded ({'activity_id': '7', 'activity_type': 'select_best_server', 'attempt': 1, 'namespace': 'default', 'task_queue': 'comfyui-gpu-farm', 'workflow_id': 'chain-image-edit-to-video-pipeline-876a0267-2698-4b37-bfe0-32aa3bdded64', 'workflow_run_id': '019bbff4-40f3-741d-aa23-53066c9612ff', 'workflow_type': 'ChainExecutorWorkflow'})
2026-01-15 10:10:14,574 - httpx - INFO - HTTP Request: GET http://procure-x.testmcp.org/system_stats "HTTP/1.1 200 OK"
2026-01-15 10:10:14,589 - httpx - INFO - HTTP Request: GET http://procure-x.testmcp.org/queue "HTTP/1.1 200 OK"
2026-01-15 10:10:14,591 - httpx - INFO - HTTP Request: GET http://procure-x.testmcp.org/system_stats "HTTP/1.1 200 OK"
2026-01-15 10:10:14,593 - temporal_gateway.servers.load_balancer - INFO - Selected server procure-x (queue_depth=0, gpu_mem=0.0%)
2026-01-15 10:10:14,593 - temporalio.activity - INFO - Selected server: procure-x (http://procure-x.testmcp.org) ({'activity_id': '7', 'activity_type': 'select_best_server', 'attempt': 1, 'namespace': 'default', 'task_queue': 'comfyui-gpu-farm', 'workflow_id': 'chain-image-edit-to-video-pipeline-876a0267-2698-4b37-bfe0-32aa3bdded64', 'workflow_run_id': '019bbff4-40f3-741d-aa23-53066c9612ff', 'workflow_type': 'ChainExecutorWorkflow'})
2026-01-15 10:10:14,602 - temporalio.workflow - INFO - Step extract_frame1: Server http://procure-x.testmcp.org ({'attempt': 1, 'namespace': 'default', 'run_id': '019bbff4-40f3-741d-aa23-53066c9612ff', 'task_queue': 'comfyui-gpu-farm', 'workflow_id': 'chain-image-edit-to-video-pipeline-876a0267-2698-4b37-bfe0-32aa3bdded64', 'workflow_type': 'ChainExecutorWorkflow'})
2026-01-15 10:10:14,604 - httpx - INFO - HTTP Request: GET http://procure-x.testmcp.org/queue "HTTP/1.1 200 OK"
2026-01-15 10:10:14,606 - temporal_gateway.servers.load_balancer - INFO - Selected server procure-x (queue_depth=0, gpu_mem=0.0%)
2026-01-15 10:10:14,606 - temporalio.activity - INFO - Selected server: procure-x (http://procure-x.testmcp.org) ({'activity_id': '6', 'activity_type': 'select_best_server', 'attempt': 1, 'namespace': 'default', 'task_queue': 'comfyui-gpu-farm', 'workflow_id': 'chain-image-edit-to-video-pipeline-876a0267-2698-4b37-bfe0-32aa3bdded64', 'workflow_run_id': '019bbff4-40f3-741d-aa23-53066c9612ff', 'workflow_type': 'ChainExecutorWorkflow'})
2026-01-15 10:10:14,615 - temporalio.activity - INFO - Creating workflow record: imageSave (prompt: pending) ({'activity_id': '8', 'activity_type': 'create_workflow_record', 'attempt': 1, 'namespace': 'default', 'task_queue': 'comfyui-gpu-farm', 'workflow_id': 'chain-image-edit-to-video-pipeline-876a0267-2698-4b37-bfe0-32aa3bdded64', 'workflow_run_id': '019bbff4-40f3-741d-aa23-53066c9612ff', 'workflow_type': 'ChainExecutorWorkflow'})
2026-01-15 10:10:14,619 - temporalio.activity - INFO - ✓ Created workflow record: f15ead66-0f20-4630-b3a5-35e682a30fe4 ({'activity_id': '8', 'activity_type': 'create_workflow_record', 'attempt': 1, 'namespace': 'default', 'task_queue': 'comfyui-gpu-farm', 'workflow_id': 'chain-image-edit-to-video-pipeline-876a0267-2698-4b37-bfe0-32aa3bdded64', 'workflow_run_id': '019bbff4-40f3-741d-aa23-53066c9612ff', 'workflow_type': 'ChainExecutorWorkflow'})
2026-01-15 10:10:14,620 - temporalio.workflow - INFO - Step extract_frame2: Server http://procure-x.testmcp.org ({'attempt': 1, 'namespace': 'default', 'run_id': '019bbff4-40f3-741d-aa23-53066c9612ff', 'task_queue': 'comfyui-gpu-farm', 'workflow_id': 'chain-image-edit-to-video-pipeline-876a0267-2698-4b37-bfe0-32aa3bdded64', 'workflow_type': 'ChainExecutorWorkflow'})
2026-01-15 10:10:14,632 - temporalio.activity - INFO - Creating workflow record: imageSave (prompt: pending) ({'activity_id': '9', 'activity_type': 'create_workflow_record', 'attempt': 1, 'namespace': 'default', 'task_queue': 'comfyui-gpu-farm', 'workflow_id': 'chain-image-edit-to-video-pipeline-876a0267-2698-4b37-bfe0-32aa3bdded64', 'workflow_run_id': '019bbff4-40f3-741d-aa23-53066c9612ff', 'workflow_type': 'ChainExecutorWorkflow'})
2026-01-15 10:10:14,639 - temporalio.activity - INFO - ✓ Created workflow record: 231cc84e-6e7f-4d2f-8a11-1a15f934c26e ({'activity_id': '9', 'activity_type': 'create_workflow_record', 'attempt': 1, 'namespace': 'default', 'task_queue': 'comfyui-gpu-farm', 'workflow_id': 'chain-image-edit-to-video-pipeline-876a0267-2698-4b37-bfe0-32aa3bdded64', 'workflow_run_id': '019bbff4-40f3-741d-aa23-53066c9612ff', 'workflow_type': 'ChainExecutorWorkflow'})
2026-01-15 10:10:14,656 - temporalio.workflow - INFO - Starting ComfyUI workflow execution ({'attempt': 1, 'namespace': 'default', 'run_id': '019bbff4-422a-7bdc-b0e4-a6ef8f0bb61b', 'task_queue': 'comfyui-gpu-farm', 'workflow_id': 'chain-image-edit-to-video-pipeline-876a0267-2698-4b37-bfe0-32aa3bdded64-extract_frame1', 'workflow_type': 'ComfyUIWorkflow'})
2026-01-15 10:10:14,656 - temporalio.workflow - INFO - Generated client_id: 482f9c35-716c-4000-a240-fe344a9a7c4f ({'attempt': 1, 'namespace': 'default', 'run_id': '019bbff4-422a-7bdc-b0e4-a6ef8f0bb61b', 'task_queue': 'comfyui-gpu-farm', 'workflow_id': 'chain-image-edit-to-video-pipeline-876a0267-2698-4b37-bfe0-32aa3bdded64-extract_frame1', 'workflow_type': 'ComfyUIWorkflow'})
2026-01-15 10:10:14,656 - temporalio.workflow - INFO - Using pre-selected server: http://procure-x.testmcp.org ({'attempt': 1, 'namespace': 'default', 'run_id': '019bbff4-422a-7bdc-b0e4-a6ef8f0bb61b', 'task_queue': 'comfyui-gpu-farm', 'workflow_id': 'chain-image-edit-to-video-pipeline-876a0267-2698-4b37-bfe0-32aa3bdded64-extract_frame1', 'workflow_type': 'ComfyUIWorkflow'})
2026-01-15 10:10:14,673 - temporalio.activity - INFO - [V3] Executing workflow on http://procure-x.testmcp.org ({'activity_id': '1', 'activity_type': 'execute_and_track_workflow', 'attempt': 1, 'namespace': 'default', 'task_queue': 'comfyui-gpu-farm', 'workflow_id': 'chain-image-edit-to-video-pipeline-876a0267-2698-4b37-bfe0-32aa3bdded64-extract_frame1', 'workflow_run_id': '019bbff4-422a-7bdc-b0e4-a6ef8f0bb61b', 'workflow_type': 'ComfyUIWorkflow'})
2026-01-15 10:10:14,673 - temporalio.activity - INFO - [V3] Workflow name: imageSave ({'activity_id': '1', 'activity_type': 'execute_and_track_workflow', 'attempt': 1, 'namespace': 'default', 'task_queue': 'comfyui-gpu-farm', 'workflow_id': 'chain-image-edit-to-video-pipeline-876a0267-2698-4b37-bfe0-32aa3bdded64-extract_frame1', 'workflow_run_id': '019bbff4-422a-7bdc-b0e4-a6ef8f0bb61b', 'workflow_type': 'ComfyUIWorkflow'})
2026-01-15 10:10:14,720 - temporal_gateway.clients.comfy.client - INFO - ComfyUI client initialized for http://procure-x.testmcp.org
2026-01-15 10:10:14,720 - temporal_gateway.clients.comfy.client - INFO - Submitting workflow to ComfyUI
2026-01-15 10:10:14,729 - temporalio.workflow - INFO - Starting ComfyUI workflow execution ({'attempt': 1, 'namespace': 'default', 'run_id': '019bbff4-423d-7647-9e07-3256220420ef', 'task_queue': 'comfyui-gpu-farm', 'workflow_id': 'chain-image-edit-to-video-pipeline-876a0267-2698-4b37-bfe0-32aa3bdded64-extract_frame2', 'workflow_type': 'ComfyUIWorkflow'})
2026-01-15 10:10:14,729 - temporalio.workflow - INFO - Generated client_id: 07f1509c-5f39-4e7d-9292-32b09fa2e931 ({'attempt': 1, 'namespace': 'default', 'run_id': '019bbff4-423d-7647-9e07-3256220420ef', 'task_queue': 'comfyui-gpu-farm', 'workflow_id': 'chain-image-edit-to-video-pipeline-876a0267-2698-4b37-bfe0-32aa3bdded64-extract_frame2', 'workflow_type': 'ComfyUIWorkflow'})
2026-01-15 10:10:14,729 - temporalio.workflow - INFO - Using pre-selected server: http://procure-x.testmcp.org ({'attempt': 1, 'namespace': 'default', 'run_id': '019bbff4-423d-7647-9e07-3256220420ef', 'task_queue': 'comfyui-gpu-farm', 'workflow_id': 'chain-image-edit-to-video-pipeline-876a0267-2698-4b37-bfe0-32aa3bdded64-extract_frame2', 'workflow_type': 'ComfyUIWorkflow'})
2026-01-15 10:10:14,738 - temporalio.activity - INFO - [V3] Executing workflow on http://procure-x.testmcp.org ({'activity_id': '1', 'activity_type': 'execute_and_track_workflow', 'attempt': 1, 'namespace': 'default', 'task_queue': 'comfyui-gpu-farm', 'workflow_id': 'chain-image-edit-to-video-pipeline-876a0267-2698-4b37-bfe0-32aa3bdded64-extract_frame2', 'workflow_run_id': '019bbff4-423d-7647-9e07-3256220420ef', 'workflow_type': 'ComfyUIWorkflow'})
2026-01-15 10:10:14,739 - temporalio.activity - INFO - [V3] Workflow name: imageSave ({'activity_id': '1', 'activity_type': 'execute_and_track_workflow', 'attempt': 1, 'namespace': 'default', 'task_queue': 'comfyui-gpu-farm', 'workflow_id': 'chain-image-edit-to-video-pipeline-876a0267-2698-4b37-bfe0-32aa3bdded64-extract_frame2', 'workflow_run_id': '019bbff4-423d-7647-9e07-3256220420ef', 'workflow_type': 'ComfyUIWorkflow'})
2026-01-15 10:10:14,783 - temporal_gateway.clients.comfy.client - INFO - ComfyUI client initialized for http://procure-x.testmcp.org
2026-01-15 10:10:14,783 - temporal_gateway.clients.comfy.client - INFO - Submitting workflow to ComfyUI
2026-01-15 10:10:14,786 - httpx - INFO - HTTP Request: POST http://procure-x.testmcp.org/prompt "HTTP/1.1 200 OK"
2026-01-15 10:10:14,787 - temporal_gateway.clients.comfy.client - INFO - Workflow queued with prompt_id: 698150e7-c88c-4d57-8ddc-4aabfab42a2b
2026-01-15 10:10:14,787 - temporal_gateway.clients.comfy.tracker - INFO - Starting execution tracking for prompt 698150e7-c88c-4d57-8ddc-4aabfab42a2b
2026-01-15 10:10:14,787 - temporal_gateway.clients.comfy.tracker - INFO - Starting history polling
2026-01-15 10:10:14,788 - temporal_gateway.clients.comfy.tracker - INFO - Starting WebSocket listener
2026-01-15 10:10:14,788 - temporal_gateway.clients.comfy.websocket - INFO - Connecting to WebSocket: ws://procure-x.testmcp.org/ws?clientId=c8c1dc7e-b70c-4f14-b116-2ee65f556b80
2026-01-15 10:10:14,825 - httpx - INFO - HTTP Request: GET http://procure-x.testmcp.org/history/698150e7-c88c-4d57-8ddc-4aabfab42a2b "HTTP/1.1 200 OK"
2026-01-15 10:10:14,850 - temporal_gateway.clients.comfy.websocket - INFO - WebSocket connected successfully
2026-01-15 10:10:14,851 - httpx - INFO - HTTP Request: POST http://procure-x.testmcp.org/prompt "HTTP/1.1 200 OK"
2026-01-15 10:10:14,851 - temporal_gateway.clients.comfy.client - INFO - Workflow queued with prompt_id: cf9657ad-bbcd-4603-a5ca-05dbae350b55
2026-01-15 10:10:14,851 - temporal_gateway.clients.comfy.tracker - INFO - Starting execution tracking for prompt cf9657ad-bbcd-4603-a5ca-05dbae350b55
2026-01-15 10:10:14,852 - temporal_gateway.clients.comfy.tracker - INFO - Starting history polling
2026-01-15 10:10:14,852 - temporal_gateway.clients.comfy.tracker - INFO - Starting WebSocket listener
2026-01-15 10:10:14,852 - temporal_gateway.clients.comfy.websocket - INFO - Connecting to WebSocket: ws://procure-x.testmcp.org/ws?clientId=cdf02c28-5b32-45b2-880f-e4069083134f
2026-01-15 10:10:14,866 - httpx - INFO - HTTP Request: GET http://procure-x.testmcp.org/history/cf9657ad-bbcd-4603-a5ca-05dbae350b55 "HTTP/1.1 200 OK"
2026-01-15 10:10:14,885 - temporal_gateway.clients.comfy.websocket - INFO - WebSocket connected successfully
2026-01-15 10:10:15,844 - httpx - INFO - HTTP Request: GET http://procure-x.testmcp.org/history/698150e7-c88c-4d57-8ddc-4aabfab42a2b "HTTP/1.1 200 OK"
2026-01-15 10:10:15,887 - httpx - INFO - HTTP Request: GET http://procure-x.testmcp.org/history/cf9657ad-bbcd-4603-a5ca-05dbae350b55 "HTTP/1.1 200 OK"
2026-01-15 10:10:16,865 - httpx - INFO - HTTP Request: GET http://procure-x.testmcp.org/history/698150e7-c88c-4d57-8ddc-4aabfab42a2b "HTTP/1.1 200 OK"
2026-01-15 10:10:16,908 - httpx - INFO - HTTP Request: GET http://procure-x.testmcp.org/history/cf9657ad-bbcd-4603-a5ca-05dbae350b55 "HTTP/1.1 200 OK"
2026-01-15 10:10:17,281 - temporal_gateway.clients.comfy.tracker - INFO - [WS] Execution completed successfully
2026-01-15 10:10:17,643 - httpx - INFO - HTTP Request: GET http://procure-x.testmcp.org/history/698150e7-c88c-4d57-8ddc-4aabfab42a2b "HTTP/1.1 200 OK"
2026-01-15 10:10:17,651 - temporal_gateway.clients.comfy.tracker - INFO - Tracking completed: success (took 2.86s)
2026-01-15 10:10:17,654 - temporalio.activity - INFO - [V3] Workflow completed successfully ({'activity_id': '1', 'activity_type': 'execute_and_track_workflow', 'attempt': 1, 'namespace': 'default', 'task_queue': 'comfyui-gpu-farm', 'workflow_id': 'chain-image-edit-to-video-pipeline-876a0267-2698-4b37-bfe0-32aa3bdded64-extract_frame1', 'workflow_run_id': '019bbff4-422a-7bdc-b0e4-a6ef8f0bb61b', 'workflow_type': 'ComfyUIWorkflow'})
2026-01-15 10:10:17,677 - temporalio.workflow - INFO - Execution completed successfully ({'attempt': 1, 'namespace': 'default', 'run_id': '019bbff4-422a-7bdc-b0e4-a6ef8f0bb61b', 'task_queue': 'comfyui-gpu-farm', 'workflow_id': 'chain-image-edit-to-video-pipeline-876a0267-2698-4b37-bfe0-32aa3bdded64-extract_frame1', 'workflow_type': 'ComfyUIWorkflow'})
2026-01-15 10:10:17,687 - temporalio.activity - INFO - Extracting server output files ({'activity_id': '2', 'activity_type': 'get_server_output_files', 'attempt': 1, 'namespace': 'default', 'task_queue': 'comfyui-gpu-farm', 'workflow_id': 'chain-image-edit-to-video-pipeline-876a0267-2698-4b37-bfe0-32aa3bdded64-extract_frame1', 'workflow_run_id': '019bbff4-422a-7bdc-b0e4-a6ef8f0bb61b', 'workflow_type': 'ComfyUIWorkflow'})
2026-01-15 10:10:17,687 - temporalio.activity - INFO - Found 1 output file(s) ({'activity_id': '2', 'activity_type': 'get_server_output_files', 'attempt': 1, 'namespace': 'default', 'task_queue': 'comfyui-gpu-farm', 'workflow_id': 'chain-image-edit-to-video-pipeline-876a0267-2698-4b37-bfe0-32aa3bdded64-extract_frame1', 'workflow_run_id': '019bbff4-422a-7bdc-b0e4-a6ef8f0bb61b', 'workflow_type': 'ComfyUIWorkflow'})
2026-01-15 10:10:17,697 - temporalio.workflow - INFO - Found 1 server output file(s) ({'attempt': 1, 'namespace': 'default', 'run_id': '019bbff4-422a-7bdc-b0e4-a6ef8f0bb61b', 'task_queue': 'comfyui-gpu-farm', 'workflow_id': 'chain-image-edit-to-video-pipeline-876a0267-2698-4b37-bfe0-32aa3bdded64-extract_frame1', 'workflow_type': 'ComfyUIWorkflow'})
2026-01-15 10:10:17,705 - temporalio.activity - INFO - Downloading and persisting 1 artifact(s) for workflow f15ead66-0f20-4630-b3a5-35e682a30fe4 ({'activity_id': '3', 'activity_type': 'download_and_store_artifacts', 'attempt': 1, 'namespace': 'default', 'task_queue': 'comfyui-gpu-farm', 'workflow_id': 'chain-image-edit-to-video-pipeline-876a0267-2698-4b37-bfe0-32aa3bdded64-extract_frame1', 'workflow_run_id': '019bbff4-422a-7bdc-b0e4-a6ef8f0bb61b', 'workflow_type': 'ComfyUIWorkflow'})
2026-01-15 10:10:17,749 - temporal_gateway.clients.comfy.client - INFO - ComfyUI client initialized for http://procure-x.testmcp.org
2026-01-15 10:10:17,797 - httpx - INFO - HTTP Request: GET http://procure-x.testmcp.org/view?filename=ComfyUI_00300_.png&type=output "HTTP/1.1 200 OK"
2026-01-15 10:10:17,813 - temporalio.activity - INFO - ✓ Saved artifact to DB: e18153d7-5553-4e73-819b-98f47ffa9beb (ComfyUI_00300_.png) ({'activity_id': '3', 'activity_type': 'download_and_store_artifacts', 'attempt': 1, 'namespace': 'default', 'task_queue': 'comfyui-gpu-farm', 'workflow_id': 'chain-image-edit-to-video-pipeline-876a0267-2698-4b37-bfe0-32aa3bdded64-extract_frame1', 'workflow_run_id': '019bbff4-422a-7bdc-b0e4-a6ef8f0bb61b', 'workflow_type': 'ComfyUIWorkflow'})
2026-01-15 10:10:17,813 - temporalio.activity - INFO - Downloaded and persisted 1 artifact(s) ({'activity_id': '3', 'activity_type': 'download_and_store_artifacts', 'attempt': 1, 'namespace': 'default', 'task_queue': 'comfyui-gpu-farm', 'workflow_id': 'chain-image-edit-to-video-pipeline-876a0267-2698-4b37-bfe0-32aa3bdded64-extract_frame1', 'workflow_run_id': '019bbff4-422a-7bdc-b0e4-a6ef8f0bb61b', 'workflow_type': 'ComfyUIWorkflow'})
2026-01-15 10:10:17,822 - temporalio.workflow - INFO - Downloaded 1 file(s) locally ({'attempt': 1, 'namespace': 'default', 'run_id': '019bbff4-422a-7bdc-b0e4-a6ef8f0bb61b', 'task_queue': 'comfyui-gpu-farm', 'workflow_id': 'chain-image-edit-to-video-pipeline-876a0267-2698-4b37-bfe0-32aa3bdded64-extract_frame1', 'workflow_type': 'ComfyUIWorkflow'})
2026-01-15 10:10:17,833 - temporal_gateway.clients.comfy.tracker - INFO - [WS] Execution completed successfully
2026-01-15 10:10:17,843 - temporalio.activity - INFO - Updating workflow f15ead66-0f20-4630-b3a5-35e682a30fe4 status to: completed ({'activity_id': '10', 'activity_type': 'update_workflow_status_activity', 'attempt': 1, 'namespace': 'default', 'task_queue': 'comfyui-gpu-farm', 'workflow_id': 'chain-image-edit-to-video-pipeline-876a0267-2698-4b37-bfe0-32aa3bdded64', 'workflow_run_id': '019bbff4-40f3-741d-aa23-53066c9612ff', 'workflow_type': 'ChainExecutorWorkflow'})
2026-01-15 10:10:17,847 - temporalio.activity - INFO - ✓ Updated workflow status ({'activity_id': '10', 'activity_type': 'update_workflow_status_activity', 'attempt': 1, 'namespace': 'default', 'task_queue': 'comfyui-gpu-farm', 'workflow_id': 'chain-image-edit-to-video-pipeline-876a0267-2698-4b37-bfe0-32aa3bdded64', 'workflow_run_id': '019bbff4-40f3-741d-aa23-53066c9612ff', 'workflow_type': 'ChainExecutorWorkflow'})
2026-01-15 10:10:17,848 - httpx - INFO - HTTP Request: GET http://procure-x.testmcp.org/history/cf9657ad-bbcd-4603-a5ca-05dbae350b55 "HTTP/1.1 200 OK"
2026-01-15 10:10:17,849 - temporal_gateway.clients.comfy.tracker - INFO - Tracking completed: success (took 3.00s)
2026-01-15 10:10:17,849 - temporalio.activity - INFO - [V3] Workflow completed successfully ({'activity_id': '1', 'activity_type': 'execute_and_track_workflow', 'attempt': 1, 'namespace': 'default', 'task_queue': 'comfyui-gpu-farm', 'workflow_id': 'chain-image-edit-to-video-pipeline-876a0267-2698-4b37-bfe0-32aa3bdded64-extract_frame2', 'workflow_run_id': '019bbff4-423d-7647-9e07-3256220420ef', 'workflow_type': 'ComfyUIWorkflow'})
2026-01-15 10:10:17,859 - temporalio.workflow - INFO - Execution completed successfully ({'attempt': 1, 'namespace': 'default', 'run_id': '019bbff4-423d-7647-9e07-3256220420ef', 'task_queue': 'comfyui-gpu-farm', 'workflow_id': 'chain-image-edit-to-video-pipeline-876a0267-2698-4b37-bfe0-32aa3bdded64-extract_frame2', 'workflow_type': 'ComfyUIWorkflow'})
2026-01-15 10:10:17,865 - temporalio.activity - INFO - Getting artifacts for workflow: f15ead66-0f20-4630-b3a5-35e682a30fe4 ({'activity_id': '11', 'activity_type': 'get_workflow_artifacts', 'attempt': 1, 'namespace': 'default', 'task_queue': 'comfyui-gpu-farm', 'workflow_id': 'chain-image-edit-to-video-pipeline-876a0267-2698-4b37-bfe0-32aa3bdded64', 'workflow_run_id': '019bbff4-40f3-741d-aa23-53066c9612ff', 'workflow_type': 'ChainExecutorWorkflow'})
2026-01-15 10:10:17,868 - temporalio.activity - INFO - Extracting server output files ({'activity_id': '2', 'activity_type': 'get_server_output_files', 'attempt': 1, 'namespace': 'default', 'task_queue': 'comfyui-gpu-farm', 'workflow_id': 'chain-image-edit-to-video-pipeline-876a0267-2698-4b37-bfe0-32aa3bdded64-extract_frame2', 'workflow_run_id': '019bbff4-423d-7647-9e07-3256220420ef', 'workflow_type': 'ComfyUIWorkflow'})
2026-01-15 10:10:17,868 - temporalio.activity - INFO - Found 1 output file(s) ({'activity_id': '2', 'activity_type': 'get_server_output_files', 'attempt': 1, 'namespace': 'default', 'task_queue': 'comfyui-gpu-farm', 'workflow_id': 'chain-image-edit-to-video-pipeline-876a0267-2698-4b37-bfe0-32aa3bdded64-extract_frame2', 'workflow_run_id': '019bbff4-423d-7647-9e07-3256220420ef', 'workflow_type': 'ComfyUIWorkflow'})
2026-01-15 10:10:17,889 - temporalio.workflow - INFO - Found 1 server output file(s) ({'attempt': 1, 'namespace': 'default', 'run_id': '019bbff4-423d-7647-9e07-3256220420ef', 'task_queue': 'comfyui-gpu-farm', 'workflow_id': 'chain-image-edit-to-video-pipeline-876a0267-2698-4b37-bfe0-32aa3bdded64-extract_frame2', 'workflow_type': 'ComfyUIWorkflow'})
2026-01-15 10:10:17,900 - temporalio.activity - INFO - Creating approval request for artifact: e18153d7-5553-4e73-819b-98f47ffa9beb ({'activity_id': '12', 'activity_type': 'create_approval_request_activity', 'attempt': 1, 'namespace': 'default', 'task_queue': 'comfyui-gpu-farm', 'workflow_id': 'chain-image-edit-to-video-pipeline-876a0267-2698-4b37-bfe0-32aa3bdded64', 'workflow_run_id': '019bbff4-40f3-741d-aa23-53066c9612ff', 'workflow_type': 'ChainExecutorWorkflow'})
2026-01-15 10:10:17,904 - temporalio.activity - INFO - ✓ Created approval request: 35ed03f4-f869-4a53-81d5-61a841e6e642, token: TTTPOuuCtqltL8sx... ({'activity_id': '12', 'activity_type': 'create_approval_request_activity', 'attempt': 1, 'namespace': 'default', 'task_queue': 'comfyui-gpu-farm', 'workflow_id': 'chain-image-edit-to-video-pipeline-876a0267-2698-4b37-bfe0-32aa3bdded64', 'workflow_run_id': '019bbff4-40f3-741d-aa23-53066c9612ff', 'workflow_type': 'ChainExecutorWorkflow'})
2026-01-15 10:10:17,905 - temporal_gateway.services.broadcast - INFO - Published approval_requested to chain:7ab11257-06d5-4bf6-bb2a-89ccb9875a59
2026-01-15 10:10:17,905 - temporalio.activity - INFO - Published approval_requested event for chain 7ab11257-06d5-4bf6-bb2a-89ccb9875a59 ({'activity_id': '12', 'activity_type': 'create_approval_request_activity', 'attempt': 1, 'namespace': 'default', 'task_queue': 'comfyui-gpu-farm', 'workflow_id': 'chain-image-edit-to-video-pipeline-876a0267-2698-4b37-bfe0-32aa3bdded64', 'workflow_run_id': '019bbff4-40f3-741d-aa23-53066c9612ff', 'workflow_type': 'ChainExecutorWorkflow'})
2026-01-15 10:10:17,906 - temporalio.activity - INFO - Downloading and persisting 1 artifact(s) for workflow 231cc84e-6e7f-4d2f-8a11-1a15f934c26e ({'activity_id': '3', 'activity_type': 'download_and_store_artifacts', 'attempt': 1, 'namespace': 'default', 'task_queue': 'comfyui-gpu-farm', 'workflow_id': 'chain-image-edit-to-video-pipeline-876a0267-2698-4b37-bfe0-32aa3bdded64-extract_frame2', 'workflow_run_id': '019bbff4-423d-7647-9e07-3256220420ef', 'workflow_type': 'ComfyUIWorkflow'})
2026-01-15 10:10:17,956 - temporal_gateway.clients.comfy.client - INFO - ComfyUI client initialized for http://procure-x.testmcp.org
2026-01-15 10:10:17,959 - temporalio.workflow - INFO - Step extract_frame1: Approval request created, token: TTTPOuuCtqltL8sx... ({'attempt': 1, 'namespace': 'default', 'run_id': '019bbff4-40f3-741d-aa23-53066c9612ff', 'task_queue': 'comfyui-gpu-farm', 'workflow_id': 'chain-image-edit-to-video-pipeline-876a0267-2698-4b37-bfe0-32aa3bdded64', 'workflow_type': 'ChainExecutorWorkflow'})
2026-01-15 10:10:17,991 - httpx - INFO - HTTP Request: GET http://procure-x.testmcp.org/view?filename=ComfyUI_00301_.png&type=output "HTTP/1.1 200 OK"
2026-01-15 10:10:18,010 - temporalio.activity - INFO - ✓ Saved artifact to DB: 39ca73c4-604f-4ace-8e04-5f534ed99900 (ComfyUI_00301_.png) ({'activity_id': '3', 'activity_type': 'download_and_store_artifacts', 'attempt': 1, 'namespace': 'default', 'task_queue': 'comfyui-gpu-farm', 'workflow_id': 'chain-image-edit-to-video-pipeline-876a0267-2698-4b37-bfe0-32aa3bdded64-extract_frame2', 'workflow_run_id': '019bbff4-423d-7647-9e07-3256220420ef', 'workflow_type': 'ComfyUIWorkflow'})
2026-01-15 10:10:18,011 - temporalio.activity - INFO - Downloaded and persisted 1 artifact(s) ({'activity_id': '3', 'activity_type': 'download_and_store_artifacts', 'attempt': 1, 'namespace': 'default', 'task_queue': 'comfyui-gpu-farm', 'workflow_id': 'chain-image-edit-to-video-pipeline-876a0267-2698-4b37-bfe0-32aa3bdded64-extract_frame2', 'workflow_run_id': '019bbff4-423d-7647-9e07-3256220420ef', 'workflow_type': 'ComfyUIWorkflow'})
2026-01-15 10:10:18,020 - temporalio.workflow - INFO - Downloaded 1 file(s) locally ({'attempt': 1, 'namespace': 'default', 'run_id': '019bbff4-423d-7647-9e07-3256220420ef', 'task_queue': 'comfyui-gpu-farm', 'workflow_id': 'chain-image-edit-to-video-pipeline-876a0267-2698-4b37-bfe0-32aa3bdded64-extract_frame2', 'workflow_type': 'ComfyUIWorkflow'})
2026-01-15 10:10:18,039 - temporalio.activity - INFO - Updating workflow 231cc84e-6e7f-4d2f-8a11-1a15f934c26e status to: completed ({'activity_id': '13', 'activity_type': 'update_workflow_status_activity', 'attempt': 1, 'namespace': 'default', 'task_queue': 'comfyui-gpu-farm', 'workflow_id': 'chain-image-edit-to-video-pipeline-876a0267-2698-4b37-bfe0-32aa3bdded64', 'workflow_run_id': '019bbff4-40f3-741d-aa23-53066c9612ff', 'workflow_type': 'ChainExecutorWorkflow'})
2026-01-15 10:10:18,043 - temporalio.activity - INFO - ✓ Updated workflow status ({'activity_id': '13', 'activity_type': 'update_workflow_status_activity', 'attempt': 1, 'namespace': 'default', 'task_queue': 'comfyui-gpu-farm', 'workflow_id': 'chain-image-edit-to-video-pipeline-876a0267-2698-4b37-bfe0-32aa3bdded64', 'workflow_run_id': '019bbff4-40f3-741d-aa23-53066c9612ff', 'workflow_type': 'ChainExecutorWorkflow'})
2026-01-15 10:10:18,058 - temporalio.activity - INFO - Getting artifacts for workflow: 231cc84e-6e7f-4d2f-8a11-1a15f934c26e ({'activity_id': '14', 'activity_type': 'get_workflow_artifacts', 'attempt': 1, 'namespace': 'default', 'task_queue': 'comfyui-gpu-farm', 'workflow_id': 'chain-image-edit-to-video-pipeline-876a0267-2698-4b37-bfe0-32aa3bdded64', 'workflow_run_id': '019bbff4-40f3-741d-aa23-53066c9612ff', 'workflow_type': 'ChainExecutorWorkflow'})
2026-01-15 10:10:18,075 - temporalio.activity - INFO - Creating approval request for artifact: 39ca73c4-604f-4ace-8e04-5f534ed99900 ({'activity_id': '15', 'activity_type': 'create_approval_request_activity', 'attempt': 1, 'namespace': 'default', 'task_queue': 'comfyui-gpu-farm', 'workflow_id': 'chain-image-edit-to-video-pipeline-876a0267-2698-4b37-bfe0-32aa3bdded64', 'workflow_run_id': '019bbff4-40f3-741d-aa23-53066c9612ff', 'workflow_type': 'ChainExecutorWorkflow'})
2026-01-15 10:10:18,078 - temporalio.activity - INFO - ✓ Created approval request: 1e7aac8d-3d2a-4f3a-8c0b-e60ab8d796b7, token: Y_C5EafoNtsKf-x1... ({'activity_id': '15', 'activity_type': 'create_approval_request_activity', 'attempt': 1, 'namespace': 'default', 'task_queue': 'comfyui-gpu-farm', 'workflow_id': 'chain-image-edit-to-video-pipeline-876a0267-2698-4b37-bfe0-32aa3bdded64', 'workflow_run_id': '019bbff4-40f3-741d-aa23-53066c9612ff', 'workflow_type': 'ChainExecutorWorkflow'})
2026-01-15 10:10:18,079 - temporal_gateway.services.broadcast - INFO - Published approval_requested to chain:7ab11257-06d5-4bf6-bb2a-89ccb9875a59
2026-01-15 10:10:18,079 - temporalio.activity - INFO - Published approval_requested event for chain 7ab11257-06d5-4bf6-bb2a-89ccb9875a59 ({'activity_id': '15', 'activity_type': 'create_approval_request_activity', 'attempt': 1, 'namespace': 'default', 'task_queue': 'comfyui-gpu-farm', 'workflow_id': 'chain-image-edit-to-video-pipeline-876a0267-2698-4b37-bfe0-32aa3bdded64', 'workflow_run_id': '019bbff4-40f3-741d-aa23-53066c9612ff', 'workflow_type': 'ChainExecutorWorkflow'})
2026-01-15 10:10:18,088 - temporalio.workflow - INFO - Step extract_frame2: Approval request created, token: Y_C5EafoNtsKf-x1... ({'attempt': 1, 'namespace': 'default', 'run_id': '019bbff4-40f3-741d-aa23-53066c9612ff', 'task_queue': 'comfyui-gpu-farm', 'workflow_id': 'chain-image-edit-to-video-pipeline-876a0267-2698-4b37-bfe0-32aa3bdded64', 'workflow_type': 'ChainExecutorWorkflow'})
2026-01-15 10:19:38,635 - temporalio.workflow - INFO - Starting chain execution: image-edit-to-video-pipeline ({'attempt': 1, 'namespace': 'default', 'run_id': '019bbffc-dd30-7541-80ea-f5e4ae800371', 'task_queue': 'comfyui-gpu-farm', 'workflow_id': 'chain-image-edit-to-video-pipeline-65faaf16-3d67-416d-b647-d357995dfa91', 'workflow_type': 'ChainExecutorWorkflow'})
2026-01-15 10:19:38,635 - temporalio.workflow - INFO - Retry number: 0 ({'attempt': 1, 'namespace': 'default', 'run_id': '019bbffc-dd30-7541-80ea-f5e4ae800371', 'task_queue': 'comfyui-gpu-farm', 'workflow_id': 'chain-image-edit-to-video-pipeline-65faaf16-3d67-416d-b647-d357995dfa91', 'workflow_type': 'ChainExecutorWorkflow'})
2026-01-15 10:19:38,635 - temporalio.workflow - INFO - Cached steps: [] ({'attempt': 1, 'namespace': 'default', 'run_id': '019bbffc-dd30-7541-80ea-f5e4ae800371', 'task_queue': 'comfyui-gpu-farm', 'workflow_id': 'chain-image-edit-to-video-pipeline-65faaf16-3d67-416d-b647-d357995dfa91', 'workflow_type': 'ChainExecutorWorkflow'})
2026-01-15 10:19:38,636 - temporalio.workflow - INFO - Total levels: 3 ({'attempt': 1, 'namespace': 'default', 'run_id': '019bbffc-dd30-7541-80ea-f5e4ae800371', 'task_queue': 'comfyui-gpu-farm', 'workflow_id': 'chain-image-edit-to-video-pipeline-65faaf16-3d67-416d-b647-d357995dfa91', 'workflow_type': 'ChainExecutorWorkflow'})
2026-01-15 10:19:38,636 - temporalio.workflow - INFO - Using chain ID: c34e8861-c7bc-45d8-8ca2-292206248049 ({'attempt': 1, 'namespace': 'default', 'run_id': '019bbffc-dd30-7541-80ea-f5e4ae800371', 'task_queue': 'comfyui-gpu-farm', 'workflow_id': 'chain-image-edit-to-video-pipeline-65faaf16-3d67-416d-b647-d357995dfa91', 'workflow_type': 'ChainExecutorWorkflow'})
2026-01-15 10:19:38,649 - temporalio.activity - INFO - Updating chain c34e8861-c7bc-45d8-8ca2-292206248049 status to: executing_level_0 ({'activity_id': '1', 'activity_type': 'update_chain_status_activity', 'attempt': 1, 'namespace': 'default', 'task_queue': 'comfyui-gpu-farm', 'workflow_id': 'chain-image-edit-to-video-pipeline-65faaf16-3d67-416d-b647-d357995dfa91', 'workflow_run_id': '019bbffc-dd30-7541-80ea-f5e4ae800371', 'workflow_type': 'ChainExecutorWorkflow'})
2026-01-15 10:19:38,652 - temporalio.activity - INFO - ✓ Updated chain status ({'activity_id': '1', 'activity_type': 'update_chain_status_activity', 'attempt': 1, 'namespace': 'default', 'task_queue': 'comfyui-gpu-farm', 'workflow_id': 'chain-image-edit-to-video-pipeline-65faaf16-3d67-416d-b647-d357995dfa91', 'workflow_run_id': '019bbffc-dd30-7541-80ea-f5e4ae800371', 'workflow_type': 'ChainExecutorWorkflow'})
2026-01-15 10:19:38,664 - temporalio.workflow - INFO - Level 0: Executing 2 step(s) ({'attempt': 1, 'namespace': 'default', 'run_id': '019bbffc-dd30-7541-80ea-f5e4ae800371', 'task_queue': 'comfyui-gpu-farm', 'workflow_id': 'chain-image-edit-to-video-pipeline-65faaf16-3d67-416d-b647-d357995dfa91', 'workflow_type': 'ChainExecutorWorkflow'})
2026-01-15 10:19:38,665 - temporalio.workflow - INFO - Executing step: extract_frame1 ({'attempt': 1, 'namespace': 'default', 'run_id': '019bbffc-dd30-7541-80ea-f5e4ae800371', 'task_queue': 'comfyui-gpu-farm', 'workflow_id': 'chain-image-edit-to-video-pipeline-65faaf16-3d67-416d-b647-d357995dfa91', 'workflow_type': 'ChainExecutorWorkflow'})
2026-01-15 10:19:38,665 - temporalio.workflow - INFO - Executing step: extract_frame2 ({'attempt': 1, 'namespace': 'default', 'run_id': '019bbffc-dd30-7541-80ea-f5e4ae800371', 'task_queue': 'comfyui-gpu-farm', 'workflow_id': 'chain-image-edit-to-video-pipeline-65faaf16-3d67-416d-b647-d357995dfa91', 'workflow_type': 'ChainExecutorWorkflow'})
2026-01-15 10:19:38,675 - temporalio.activity - INFO - Resolving templates in parameters ({'activity_id': '3', 'activity_type': 'resolve_chain_templates', 'attempt': 1, 'namespace': 'default', 'task_queue': 'comfyui-gpu-farm', 'workflow_id': 'chain-image-edit-to-video-pipeline-65faaf16-3d67-416d-b647-d357995dfa91', 'workflow_run_id': '019bbffc-dd30-7541-80ea-f5e4ae800371', 'workflow_type': 'ChainExecutorWorkflow'})
2026-01-15 10:19:38,675 - temporalio.activity - INFO - Templates resolved successfully ({'activity_id': '3', 'activity_type': 'resolve_chain_templates', 'attempt': 1, 'namespace': 'default', 'task_queue': 'comfyui-gpu-farm', 'workflow_id': 'chain-image-edit-to-video-pipeline-65faaf16-3d67-416d-b647-d357995dfa91', 'workflow_run_id': '019bbffc-dd30-7541-80ea-f5e4ae800371', 'workflow_type': 'ChainExecutorWorkflow'})
2026-01-15 10:19:38,678 - temporalio.activity - INFO - Resolving templates in parameters ({'activity_id': '2', 'activity_type': 'resolve_chain_templates', 'attempt': 1, 'namespace': 'default', 'task_queue': 'comfyui-gpu-farm', 'workflow_id': 'chain-image-edit-to-video-pipeline-65faaf16-3d67-416d-b647-d357995dfa91', 'workflow_run_id': '019bbffc-dd30-7541-80ea-f5e4ae800371', 'workflow_type': 'ChainExecutorWorkflow'})
2026-01-15 10:19:38,678 - temporalio.activity - INFO - Templates resolved successfully ({'activity_id': '2', 'activity_type': 'resolve_chain_templates', 'attempt': 1, 'namespace': 'default', 'task_queue': 'comfyui-gpu-farm', 'workflow_id': 'chain-image-edit-to-video-pipeline-65faaf16-3d67-416d-b647-d357995dfa91', 'workflow_run_id': '019bbffc-dd30-7541-80ea-f5e4ae800371', 'workflow_type': 'ChainExecutorWorkflow'})
2026-01-15 10:19:38,697 - temporalio.activity - INFO - Applying parameters to workflow: imageSave ({'activity_id': '4', 'activity_type': 'apply_workflow_parameters', 'attempt': 1, 'namespace': 'default', 'task_queue': 'comfyui-gpu-farm', 'workflow_id': 'chain-image-edit-to-video-pipeline-65faaf16-3d67-416d-b647-d357995dfa91', 'workflow_run_id': '019bbffc-dd30-7541-80ea-f5e4ae800371', 'workflow_type': 'ChainExecutorWorkflow'})
2026-01-15 10:19:38,697 - temporal_gateway.registry - INFO - Applied override: 1.frame_load_cap = 1
2026-01-15 10:19:38,697 - temporal_gateway.registry - INFO - Applied override: 1.select_every_nth = 1
2026-01-15 10:19:38,697 - temporal_gateway.registry - INFO - Applied override: 1.skip_first_frames = 172
2026-01-15 10:19:38,697 - temporal_gateway.registry - INFO - Applied override: 1.video = ComfyUI_00012_.mp4
2026-01-15 10:19:38,697 - temporalio.activity - INFO - Parameters applied successfully ({'activity_id': '4', 'activity_type': 'apply_workflow_parameters', 'attempt': 1, 'namespace': 'default', 'task_queue': 'comfyui-gpu-farm', 'workflow_id': 'chain-image-edit-to-video-pipeline-65faaf16-3d67-416d-b647-d357995dfa91', 'workflow_run_id': '019bbffc-dd30-7541-80ea-f5e4ae800371', 'workflow_type': 'ChainExecutorWorkflow'})
2026-01-15 10:19:38,699 - temporalio.activity - INFO - Applying parameters to workflow: imageSave ({'activity_id': '5', 'activity_type': 'apply_workflow_parameters', 'attempt': 1, 'namespace': 'default', 'task_queue': 'comfyui-gpu-farm', 'workflow_id': 'chain-image-edit-to-video-pipeline-65faaf16-3d67-416d-b647-d357995dfa91', 'workflow_run_id': '019bbffc-dd30-7541-80ea-f5e4ae800371', 'workflow_type': 'ChainExecutorWorkflow'})
2026-01-15 10:19:38,700 - temporal_gateway.registry - INFO - Applied override: 1.frame_load_cap = 1
2026-01-15 10:19:38,700 - temporal_gateway.registry - INFO - Applied override: 1.select_every_nth = 1
2026-01-15 10:19:38,700 - temporal_gateway.registry - INFO - Applied override: 1.skip_first_frames = 0
2026-01-15 10:19:38,700 - temporal_gateway.registry - INFO - Applied override: 1.video = ComfyUI_00012_.mp4
2026-01-15 10:19:38,700 - temporalio.activity - INFO - Parameters applied successfully ({'activity_id': '5', 'activity_type': 'apply_workflow_parameters', 'attempt': 1, 'namespace': 'default', 'task_queue': 'comfyui-gpu-farm', 'workflow_id': 'chain-image-edit-to-video-pipeline-65faaf16-3d67-416d-b647-d357995dfa91', 'workflow_run_id': '019bbffc-dd30-7541-80ea-f5e4ae800371', 'workflow_type': 'ChainExecutorWorkflow'})
2026-01-15 10:19:38,724 - temporalio.activity - INFO - Selecting server with strategy: least_loaded ({'activity_id': '7', 'activity_type': 'select_best_server', 'attempt': 1, 'namespace': 'default', 'task_queue': 'comfyui-gpu-farm', 'workflow_id': 'chain-image-edit-to-video-pipeline-65faaf16-3d67-416d-b647-d357995dfa91', 'workflow_run_id': '019bbffc-dd30-7541-80ea-f5e4ae800371', 'workflow_type': 'ChainExecutorWorkflow'})
2026-01-15 10:19:38,775 - temporalio.activity - INFO - Selecting server with strategy: least_loaded ({'activity_id': '6', 'activity_type': 'select_best_server', 'attempt': 1, 'namespace': 'default', 'task_queue': 'comfyui-gpu-farm', 'workflow_id': 'chain-image-edit-to-video-pipeline-65faaf16-3d67-416d-b647-d357995dfa91', 'workflow_run_id': '019bbffc-dd30-7541-80ea-f5e4ae800371', 'workflow_type': 'ChainExecutorWorkflow'})
2026-01-15 10:19:38,878 - httpx - INFO - HTTP Request: GET http://procure-x.testmcp.org/system_stats "HTTP/1.1 200 OK"
2026-01-15 10:19:38,890 - httpx - INFO - HTTP Request: GET http://procure-x.testmcp.org/system_stats "HTTP/1.1 200 OK"
2026-01-15 10:19:38,897 - httpx - INFO - HTTP Request: GET http://procure-x.testmcp.org/queue "HTTP/1.1 200 OK"
2026-01-15 10:19:38,900 - temporal_gateway.servers.load_balancer - INFO - Selected server procure-x (queue_depth=0, gpu_mem=0.0%)
2026-01-15 10:19:38,900 - temporalio.activity - INFO - Selected server: procure-x (http://procure-x.testmcp.org) ({'activity_id': '6', 'activity_type': 'select_best_server', 'attempt': 1, 'namespace': 'default', 'task_queue': 'comfyui-gpu-farm', 'workflow_id': 'chain-image-edit-to-video-pipeline-65faaf16-3d67-416d-b647-d357995dfa91', 'workflow_run_id': '019bbffc-dd30-7541-80ea-f5e4ae800371', 'workflow_type': 'ChainExecutorWorkflow'})
2026-01-15 10:19:38,908 - httpx - INFO - HTTP Request: GET http://procure-x.testmcp.org/queue "HTTP/1.1 200 OK"
2026-01-15 10:19:38,910 - temporal_gateway.servers.load_balancer - INFO - Selected server procure-x (queue_depth=0, gpu_mem=0.0%)
2026-01-15 10:19:38,910 - temporalio.activity - INFO - Selected server: procure-x (http://procure-x.testmcp.org) ({'activity_id': '7', 'activity_type': 'select_best_server', 'attempt': 1, 'namespace': 'default', 'task_queue': 'comfyui-gpu-farm', 'workflow_id': 'chain-image-edit-to-video-pipeline-65faaf16-3d67-416d-b647-d357995dfa91', 'workflow_run_id': '019bbffc-dd30-7541-80ea-f5e4ae800371', 'workflow_type': 'ChainExecutorWorkflow'})
2026-01-15 10:19:38,912 - temporalio.workflow - INFO - Step extract_frame2: Server http://procure-x.testmcp.org ({'attempt': 1, 'namespace': 'default', 'run_id': '019bbffc-dd30-7541-80ea-f5e4ae800371', 'task_queue': 'comfyui-gpu-farm', 'workflow_id': 'chain-image-edit-to-video-pipeline-65faaf16-3d67-416d-b647-d357995dfa91', 'workflow_type': 'ChainExecutorWorkflow'})
2026-01-15 10:19:38,919 - temporalio.workflow - INFO - Step extract_frame1: Server http://procure-x.testmcp.org ({'attempt': 1, 'namespace': 'default', 'run_id': '019bbffc-dd30-7541-80ea-f5e4ae800371', 'task_queue': 'comfyui-gpu-farm', 'workflow_id': 'chain-image-edit-to-video-pipeline-65faaf16-3d67-416d-b647-d357995dfa91', 'workflow_type': 'ChainExecutorWorkflow'})
2026-01-15 10:19:38,922 - temporalio.activity - INFO - Creating workflow record: imageSave (prompt: pending) ({'activity_id': '8', 'activity_type': 'create_workflow_record', 'attempt': 1, 'namespace': 'default', 'task_queue': 'comfyui-gpu-farm', 'workflow_id': 'chain-image-edit-to-video-pipeline-65faaf16-3d67-416d-b647-d357995dfa91', 'workflow_run_id': '019bbffc-dd30-7541-80ea-f5e4ae800371', 'workflow_type': 'ChainExecutorWorkflow'})
2026-01-15 10:19:38,927 - temporalio.activity - INFO - ✓ Created workflow record: 835a9f5b-426d-4c3a-aa78-6adfdae445c8 ({'activity_id': '8', 'activity_type': 'create_workflow_record', 'attempt': 1, 'namespace': 'default', 'task_queue': 'comfyui-gpu-farm', 'workflow_id': 'chain-image-edit-to-video-pipeline-65faaf16-3d67-416d-b647-d357995dfa91', 'workflow_run_id': '019bbffc-dd30-7541-80ea-f5e4ae800371', 'workflow_type': 'ChainExecutorWorkflow'})
2026-01-15 10:19:38,929 - temporalio.activity - INFO - Creating workflow record: imageSave (prompt: pending) ({'activity_id': '9', 'activity_type': 'create_workflow_record', 'attempt': 1, 'namespace': 'default', 'task_queue': 'comfyui-gpu-farm', 'workflow_id': 'chain-image-edit-to-video-pipeline-65faaf16-3d67-416d-b647-d357995dfa91', 'workflow_run_id': '019bbffc-dd30-7541-80ea-f5e4ae800371', 'workflow_type': 'ChainExecutorWorkflow'})
2026-01-15 10:19:38,933 - temporalio.activity - INFO - ✓ Created workflow record: 51631408-60c3-45f4-a9cf-c500c9467cfe ({'activity_id': '9', 'activity_type': 'create_workflow_record', 'attempt': 1, 'namespace': 'default', 'task_queue': 'comfyui-gpu-farm', 'workflow_id': 'chain-image-edit-to-video-pipeline-65faaf16-3d67-416d-b647-d357995dfa91', 'workflow_run_id': '019bbffc-dd30-7541-80ea-f5e4ae800371', 'workflow_type': 'ChainExecutorWorkflow'})
2026-01-15 10:19:38,967 - temporalio.workflow - INFO - Starting ComfyUI workflow execution ({'attempt': 1, 'namespace': 'default', 'run_id': '019bbffc-de80-75f1-90bd-62f173c1a00d', 'task_queue': 'comfyui-gpu-farm', 'workflow_id': 'chain-image-edit-to-video-pipeline-65faaf16-3d67-416d-b647-d357995dfa91-extract_frame2', 'workflow_type': 'ComfyUIWorkflow'})
2026-01-15 10:19:38,968 - temporalio.workflow - INFO - Generated client_id: 665c5cbb-9dcd-4dcb-94a1-ee061d0e4960 ({'attempt': 1, 'namespace': 'default', 'run_id': '019bbffc-de80-75f1-90bd-62f173c1a00d', 'task_queue': 'comfyui-gpu-farm', 'workflow_id': 'chain-image-edit-to-video-pipeline-65faaf16-3d67-416d-b647-d357995dfa91-extract_frame2', 'workflow_type': 'ComfyUIWorkflow'})
2026-01-15 10:19:38,968 - temporalio.workflow - INFO - Using pre-selected server: http://procure-x.testmcp.org ({'attempt': 1, 'namespace': 'default', 'run_id': '019bbffc-de80-75f1-90bd-62f173c1a00d', 'task_queue': 'comfyui-gpu-farm', 'workflow_id': 'chain-image-edit-to-video-pipeline-65faaf16-3d67-416d-b647-d357995dfa91-extract_frame2', 'workflow_type': 'ComfyUIWorkflow'})
2026-01-15 10:19:38,980 - temporalio.workflow - INFO - Starting ComfyUI workflow execution ({'attempt': 1, 'namespace': 'default', 'run_id': '019bbffc-de89-7e74-9bd5-492e2b4df91f', 'task_queue': 'comfyui-gpu-farm', 'workflow_id': 'chain-image-edit-to-video-pipeline-65faaf16-3d67-416d-b647-d357995dfa91-extract_frame1', 'workflow_type': 'ComfyUIWorkflow'})
2026-01-15 10:19:38,980 - temporalio.workflow - INFO - Generated client_id: 7d740da6-d356-4320-abc0-2a96f1a592b9 ({'attempt': 1, 'namespace': 'default', 'run_id': '019bbffc-de89-7e74-9bd5-492e2b4df91f', 'task_queue': 'comfyui-gpu-farm', 'workflow_id': 'chain-image-edit-to-video-pipeline-65faaf16-3d67-416d-b647-d357995dfa91-extract_frame1', 'workflow_type': 'ComfyUIWorkflow'})
2026-01-15 10:19:38,981 - temporalio.activity - INFO - [V3] Executing workflow on http://procure-x.testmcp.org ({'activity_id': '1', 'activity_type': 'execute_and_track_workflow', 'attempt': 1, 'namespace': 'default', 'task_queue': 'comfyui-gpu-farm', 'workflow_id': 'chain-image-edit-to-video-pipeline-65faaf16-3d67-416d-b647-d357995dfa91-extract_frame2', 'workflow_run_id': '019bbffc-de80-75f1-90bd-62f173c1a00d', 'workflow_type': 'ComfyUIWorkflow'})
2026-01-15 10:19:38,981 - temporalio.workflow - INFO - Using pre-selected server: http://procure-x.testmcp.org ({'attempt': 1, 'namespace': 'default', 'run_id': '019bbffc-de89-7e74-9bd5-492e2b4df91f', 'task_queue': 'comfyui-gpu-farm', 'workflow_id': 'chain-image-edit-to-video-pipeline-65faaf16-3d67-416d-b647-d357995dfa91-extract_frame1', 'workflow_type': 'ComfyUIWorkflow'})
2026-01-15 10:19:38,981 - temporalio.activity - INFO - [V3] Workflow name: imageSave ({'activity_id': '1', 'activity_type': 'execute_and_track_workflow', 'attempt': 1, 'namespace': 'default', 'task_queue': 'comfyui-gpu-farm', 'workflow_id': 'chain-image-edit-to-video-pipeline-65faaf16-3d67-416d-b647-d357995dfa91-extract_frame2', 'workflow_run_id': '019bbffc-de80-75f1-90bd-62f173c1a00d', 'workflow_type': 'ComfyUIWorkflow'})
2026-01-15 10:19:39,028 - temporal_gateway.clients.comfy.client - INFO - ComfyUI client initialized for http://procure-x.testmcp.org
2026-01-15 10:19:39,028 - temporal_gateway.clients.comfy.client - INFO - Submitting workflow to ComfyUI
2026-01-15 10:19:39,038 - temporalio.activity - INFO - [V3] Executing workflow on http://procure-x.testmcp.org ({'activity_id': '1', 'activity_type': 'execute_and_track_workflow', 'attempt': 1, 'namespace': 'default', 'task_queue': 'comfyui-gpu-farm', 'workflow_id': 'chain-image-edit-to-video-pipeline-65faaf16-3d67-416d-b647-d357995dfa91-extract_frame1', 'workflow_run_id': '019bbffc-de89-7e74-9bd5-492e2b4df91f', 'workflow_type': 'ComfyUIWorkflow'})
2026-01-15 10:19:39,038 - temporalio.activity - INFO - [V3] Workflow name: imageSave ({'activity_id': '1', 'activity_type': 'execute_and_track_workflow', 'attempt': 1, 'namespace': 'default', 'task_queue': 'comfyui-gpu-farm', 'workflow_id': 'chain-image-edit-to-video-pipeline-65faaf16-3d67-416d-b647-d357995dfa91-extract_frame1', 'workflow_run_id': '019bbffc-de89-7e74-9bd5-492e2b4df91f', 'workflow_type': 'ComfyUIWorkflow'})
2026-01-15 10:19:39,083 - temporal_gateway.clients.comfy.client - INFO - ComfyUI client initialized for http://procure-x.testmcp.org
2026-01-15 10:19:39,083 - temporal_gateway.clients.comfy.client - INFO - Submitting workflow to ComfyUI
2026-01-15 10:19:39,085 - httpx - INFO - HTTP Request: POST http://procure-x.testmcp.org/prompt "HTTP/1.1 200 OK"
2026-01-15 10:19:39,086 - temporal_gateway.clients.comfy.client - INFO - Workflow queued with prompt_id: 3a3b5c93-2656-410b-971c-2c3694b5234b
2026-01-15 10:19:39,086 - temporal_gateway.clients.comfy.tracker - INFO - Starting execution tracking for prompt 3a3b5c93-2656-410b-971c-2c3694b5234b
2026-01-15 10:19:39,086 - temporal_gateway.clients.comfy.tracker - INFO - Starting history polling
2026-01-15 10:19:39,087 - temporal_gateway.clients.comfy.tracker - INFO - Starting WebSocket listener
2026-01-15 10:19:39,087 - temporal_gateway.clients.comfy.websocket - INFO - Connecting to WebSocket: ws://procure-x.testmcp.org/ws?clientId=7fb3ec46-bfd1-4e0c-a374-6479306ca096
2026-01-15 10:19:39,438 - httpx - INFO - HTTP Request: GET http://procure-x.testmcp.org/history/3a3b5c93-2656-410b-971c-2c3694b5234b "HTTP/1.1 200 OK"
2026-01-15 10:19:39,439 - temporal_gateway.clients.comfy.tracker - INFO - [POLL] Found in history: success
2026-01-15 10:19:39,439 - temporal_gateway.clients.comfy.tracker - INFO - Tracking completed: success (took 0.35s)
2026-01-15 10:19:39,439 - temporalio.activity - INFO - [V3] Workflow completed successfully ({'activity_id': '1', 'activity_type': 'execute_and_track_workflow', 'attempt': 1, 'namespace': 'default', 'task_queue': 'comfyui-gpu-farm', 'workflow_id': 'chain-image-edit-to-video-pipeline-65faaf16-3d67-416d-b647-d357995dfa91-extract_frame2', 'workflow_run_id': '019bbffc-de80-75f1-90bd-62f173c1a00d', 'workflow_type': 'ComfyUIWorkflow'})
2026-01-15 10:19:39,448 - httpx - INFO - HTTP Request: POST http://procure-x.testmcp.org/prompt "HTTP/1.1 200 OK"
2026-01-15 10:19:39,449 - temporal_gateway.clients.comfy.client - INFO - Workflow queued with prompt_id: 9892e10a-be5b-4321-a40e-3092416690b5
2026-01-15 10:19:39,449 - temporal_gateway.clients.comfy.tracker - INFO - Starting execution tracking for prompt 9892e10a-be5b-4321-a40e-3092416690b5
2026-01-15 10:19:39,449 - temporal_gateway.clients.comfy.tracker - INFO - Starting history polling
2026-01-15 10:19:39,450 - temporal_gateway.clients.comfy.tracker - INFO - Starting WebSocket listener
2026-01-15 10:19:39,450 - temporal_gateway.clients.comfy.websocket - INFO - Connecting to WebSocket: ws://procure-x.testmcp.org/ws?clientId=8b86e5c7-5ef2-4557-aa97-be90bb7268ca
2026-01-15 10:19:39,451 - temporalio.workflow - INFO - Execution completed successfully ({'attempt': 1, 'namespace': 'default', 'run_id': '019bbffc-de80-75f1-90bd-62f173c1a00d', 'task_queue': 'comfyui-gpu-farm', 'workflow_id': 'chain-image-edit-to-video-pipeline-65faaf16-3d67-416d-b647-d357995dfa91-extract_frame2', 'workflow_type': 'ComfyUIWorkflow'})
2026-01-15 10:19:39,460 - temporalio.activity - INFO - Extracting server output files ({'activity_id': '2', 'activity_type': 'get_server_output_files', 'attempt': 1, 'namespace': 'default', 'task_queue': 'comfyui-gpu-farm', 'workflow_id': 'chain-image-edit-to-video-pipeline-65faaf16-3d67-416d-b647-d357995dfa91-extract_frame2', 'workflow_run_id': '019bbffc-de80-75f1-90bd-62f173c1a00d', 'workflow_type': 'ComfyUIWorkflow'})
2026-01-15 10:19:39,460 - temporalio.activity - INFO - Found 1 output file(s) ({'activity_id': '2', 'activity_type': 'get_server_output_files', 'attempt': 1, 'namespace': 'default', 'task_queue': 'comfyui-gpu-farm', 'workflow_id': 'chain-image-edit-to-video-pipeline-65faaf16-3d67-416d-b647-d357995dfa91-extract_frame2', 'workflow_run_id': '019bbffc-de80-75f1-90bd-62f173c1a00d', 'workflow_type': 'ComfyUIWorkflow'})
2026-01-15 10:19:39,463 - httpx - INFO - HTTP Request: GET http://procure-x.testmcp.org/history/9892e10a-be5b-4321-a40e-3092416690b5 "HTTP/1.1 200 OK"
2026-01-15 10:19:39,470 - temporalio.workflow - INFO - Found 1 server output file(s) ({'attempt': 1, 'namespace': 'default', 'run_id': '019bbffc-de80-75f1-90bd-62f173c1a00d', 'task_queue': 'comfyui-gpu-farm', 'workflow_id': 'chain-image-edit-to-video-pipeline-65faaf16-3d67-416d-b647-d357995dfa91-extract_frame2', 'workflow_type': 'ComfyUIWorkflow'})
2026-01-15 10:19:39,479 - temporalio.activity - INFO - Downloading and persisting 1 artifact(s) for workflow 835a9f5b-426d-4c3a-aa78-6adfdae445c8 ({'activity_id': '3', 'activity_type': 'download_and_store_artifacts', 'attempt': 1, 'namespace': 'default', 'task_queue': 'comfyui-gpu-farm', 'workflow_id': 'chain-image-edit-to-video-pipeline-65faaf16-3d67-416d-b647-d357995dfa91-extract_frame2', 'workflow_run_id': '019bbffc-de80-75f1-90bd-62f173c1a00d', 'workflow_type': 'ComfyUIWorkflow'})
2026-01-15 10:19:39,525 - temporal_gateway.clients.comfy.client - INFO - ComfyUI client initialized for http://procure-x.testmcp.org
2026-01-15 10:19:39,527 - temporal_gateway.clients.comfy.websocket - INFO - WebSocket connected successfully
2026-01-15 10:19:39,546 - temporal_gateway.clients.comfy.tracker - INFO - [WS] Execution completed successfully
2026-01-15 10:19:39,557 - httpx - INFO - HTTP Request: GET http://procure-x.testmcp.org/view?filename=ComfyUI_00301_.png&type=output "HTTP/1.1 200 OK"
2026-01-15 10:19:39,562 - httpx - INFO - HTTP Request: GET http://procure-x.testmcp.org/history/9892e10a-be5b-4321-a40e-3092416690b5 "HTTP/1.1 200 OK"
2026-01-15 10:19:39,568 - temporal_gateway.clients.comfy.tracker - INFO - Tracking completed: success (took 0.12s)
2026-01-15 10:19:39,570 - temporalio.activity - INFO - [V3] Workflow completed successfully ({'activity_id': '1', 'activity_type': 'execute_and_track_workflow', 'attempt': 1, 'namespace': 'default', 'task_queue': 'comfyui-gpu-farm', 'workflow_id': 'chain-image-edit-to-video-pipeline-65faaf16-3d67-416d-b647-d357995dfa91-extract_frame1', 'workflow_run_id': '019bbffc-de89-7e74-9bd5-492e2b4df91f', 'workflow_type': 'ComfyUIWorkflow'})
2026-01-15 10:19:39,585 - temporalio.activity - INFO - ✓ Saved artifact to DB: 5bdd4c01-bb85-481d-845b-825e11a50685 (ComfyUI_00301_.png) ({'activity_id': '3', 'activity_type': 'download_and_store_artifacts', 'attempt': 1, 'namespace': 'default', 'task_queue': 'comfyui-gpu-farm', 'workflow_id': 'chain-image-edit-to-video-pipeline-65faaf16-3d67-416d-b647-d357995dfa91-extract_frame2', 'workflow_run_id': '019bbffc-de80-75f1-90bd-62f173c1a00d', 'workflow_type': 'ComfyUIWorkflow'})
2026-01-15 10:19:39,586 - temporalio.activity - INFO - Downloaded and persisted 1 artifact(s) ({'activity_id': '3', 'activity_type': 'download_and_store_artifacts', 'attempt': 1, 'namespace': 'default', 'task_queue': 'comfyui-gpu-farm', 'workflow_id': 'chain-image-edit-to-video-pipeline-65faaf16-3d67-416d-b647-d357995dfa91-extract_frame2', 'workflow_run_id': '019bbffc-de80-75f1-90bd-62f173c1a00d', 'workflow_type': 'ComfyUIWorkflow'})
2026-01-15 10:19:39,588 - temporalio.workflow - INFO - Execution completed successfully ({'attempt': 1, 'namespace': 'default', 'run_id': '019bbffc-de89-7e74-9bd5-492e2b4df91f', 'task_queue': 'comfyui-gpu-farm', 'workflow_id': 'chain-image-edit-to-video-pipeline-65faaf16-3d67-416d-b647-d357995dfa91-extract_frame1', 'workflow_type': 'ComfyUIWorkflow'})
2026-01-15 10:19:39,598 - temporalio.workflow - INFO - Downloaded 1 file(s) locally ({'attempt': 1, 'namespace': 'default', 'run_id': '019bbffc-de80-75f1-90bd-62f173c1a00d', 'task_queue': 'comfyui-gpu-farm', 'workflow_id': 'chain-image-edit-to-video-pipeline-65faaf16-3d67-416d-b647-d357995dfa91-extract_frame2', 'workflow_type': 'ComfyUIWorkflow'})
2026-01-15 10:19:39,599 - temporalio.activity - INFO - Extracting server output files ({'activity_id': '2', 'activity_type': 'get_server_output_files', 'attempt': 1, 'namespace': 'default', 'task_queue': 'comfyui-gpu-farm', 'workflow_id': 'chain-image-edit-to-video-pipeline-65faaf16-3d67-416d-b647-d357995dfa91-extract_frame1', 'workflow_run_id': '019bbffc-de89-7e74-9bd5-492e2b4df91f', 'workflow_type': 'ComfyUIWorkflow'})
2026-01-15 10:19:39,600 - temporalio.activity - INFO - Found 1 output file(s) ({'activity_id': '2', 'activity_type': 'get_server_output_files', 'attempt': 1, 'namespace': 'default', 'task_queue': 'comfyui-gpu-farm', 'workflow_id': 'chain-image-edit-to-video-pipeline-65faaf16-3d67-416d-b647-d357995dfa91-extract_frame1', 'workflow_run_id': '019bbffc-de89-7e74-9bd5-492e2b4df91f', 'workflow_type': 'ComfyUIWorkflow'})
2026-01-15 10:19:39,610 - temporalio.workflow - INFO - Found 1 server output file(s) ({'attempt': 1, 'namespace': 'default', 'run_id': '019bbffc-de89-7e74-9bd5-492e2b4df91f', 'task_queue': 'comfyui-gpu-farm', 'workflow_id': 'chain-image-edit-to-video-pipeline-65faaf16-3d67-416d-b647-d357995dfa91-extract_frame1', 'workflow_type': 'ComfyUIWorkflow'})
2026-01-15 10:19:39,621 - temporalio.activity - INFO - Downloading and persisting 1 artifact(s) for workflow 51631408-60c3-45f4-a9cf-c500c9467cfe ({'activity_id': '3', 'activity_type': 'download_and_store_artifacts', 'attempt': 1, 'namespace': 'default', 'task_queue': 'comfyui-gpu-farm', 'workflow_id': 'chain-image-edit-to-video-pipeline-65faaf16-3d67-416d-b647-d357995dfa91-extract_frame1', 'workflow_run_id': '019bbffc-de89-7e74-9bd5-492e2b4df91f', 'workflow_type': 'ComfyUIWorkflow'})
2026-01-15 10:19:39,688 - temporal_gateway.clients.comfy.client - INFO - ComfyUI client initialized for http://procure-x.testmcp.org
2026-01-15 10:19:39,691 - temporalio.activity - INFO - Updating workflow 835a9f5b-426d-4c3a-aa78-6adfdae445c8 status to: completed ({'activity_id': '10', 'activity_type': 'update_workflow_status_activity', 'attempt': 1, 'namespace': 'default', 'task_queue': 'comfyui-gpu-farm', 'workflow_id': 'chain-image-edit-to-video-pipeline-65faaf16-3d67-416d-b647-d357995dfa91', 'workflow_run_id': '019bbffc-dd30-7541-80ea-f5e4ae800371', 'workflow_type': 'ChainExecutorWorkflow'})
2026-01-15 10:19:39,699 - temporalio.activity - INFO - ✓ Updated workflow status ({'activity_id': '10', 'activity_type': 'update_workflow_status_activity', 'attempt': 1, 'namespace': 'default', 'task_queue': 'comfyui-gpu-farm', 'workflow_id': 'chain-image-edit-to-video-pipeline-65faaf16-3d67-416d-b647-d357995dfa91', 'workflow_run_id': '019bbffc-dd30-7541-80ea-f5e4ae800371', 'workflow_type': 'ChainExecutorWorkflow'})
2026-01-15 10:19:39,716 - temporalio.activity - INFO - Getting artifacts for workflow: 835a9f5b-426d-4c3a-aa78-6adfdae445c8 ({'activity_id': '11', 'activity_type': 'get_workflow_artifacts', 'attempt': 1, 'namespace': 'default', 'task_queue': 'comfyui-gpu-farm', 'workflow_id': 'chain-image-edit-to-video-pipeline-65faaf16-3d67-416d-b647-d357995dfa91', 'workflow_run_id': '019bbffc-dd30-7541-80ea-f5e4ae800371', 'workflow_type': 'ChainExecutorWorkflow'})
2026-01-15 10:19:39,734 - temporalio.activity - INFO - Creating approval request for artifact: 5bdd4c01-bb85-481d-845b-825e11a50685 ({'activity_id': '12', 'activity_type': 'create_approval_request_activity', 'attempt': 1, 'namespace': 'default', 'task_queue': 'comfyui-gpu-farm', 'workflow_id': 'chain-image-edit-to-video-pipeline-65faaf16-3d67-416d-b647-d357995dfa91', 'workflow_run_id': '019bbffc-dd30-7541-80ea-f5e4ae800371', 'workflow_type': 'ChainExecutorWorkflow'})
2026-01-15 10:19:39,738 - temporalio.activity - INFO - ✓ Created approval request: 63512538-4ee9-4484-8723-48ca878444af, token: vR9sy-51Pc0Evnz6... ({'activity_id': '12', 'activity_type': 'create_approval_request_activity', 'attempt': 1, 'namespace': 'default', 'task_queue': 'comfyui-gpu-farm', 'workflow_id': 'chain-image-edit-to-video-pipeline-65faaf16-3d67-416d-b647-d357995dfa91', 'workflow_run_id': '019bbffc-dd30-7541-80ea-f5e4ae800371', 'workflow_type': 'ChainExecutorWorkflow'})
2026-01-15 10:19:39,739 - httpx - INFO - HTTP Request: GET http://procure-x.testmcp.org/view?filename=ComfyUI_00302_.png&type=output "HTTP/1.1 200 OK"
2026-01-15 10:19:39,739 - temporal_gateway.services.broadcast - INFO - Published approval_requested to chain:c34e8861-c7bc-45d8-8ca2-292206248049
2026-01-15 10:19:39,739 - temporalio.activity - INFO - Published approval_requested event for chain c34e8861-c7bc-45d8-8ca2-292206248049 ({'activity_id': '12', 'activity_type': 'create_approval_request_activity', 'attempt': 1, 'namespace': 'default', 'task_queue': 'comfyui-gpu-farm', 'workflow_id': 'chain-image-edit-to-video-pipeline-65faaf16-3d67-416d-b647-d357995dfa91', 'workflow_run_id': '019bbffc-dd30-7541-80ea-f5e4ae800371', 'workflow_type': 'ChainExecutorWorkflow'})
2026-01-15 10:19:39,750 - temporalio.workflow - INFO - Step extract_frame2: Approval request created, token: vR9sy-51Pc0Evnz6... ({'attempt': 1, 'namespace': 'default', 'run_id': '019bbffc-dd30-7541-80ea-f5e4ae800371', 'task_queue': 'comfyui-gpu-farm', 'workflow_id': 'chain-image-edit-to-video-pipeline-65faaf16-3d67-416d-b647-d357995dfa91', 'workflow_type': 'ChainExecutorWorkflow'})
2026-01-15 10:19:39,785 - temporalio.activity - INFO - ✓ Saved artifact to DB: 661cc642-1046-443c-bfaa-2030be45fefb (ComfyUI_00302_.png) ({'activity_id': '3', 'activity_type': 'download_and_store_artifacts', 'attempt': 1, 'namespace': 'default', 'task_queue': 'comfyui-gpu-farm', 'workflow_id': 'chain-image-edit-to-video-pipeline-65faaf16-3d67-416d-b647-d357995dfa91-extract_frame1', 'workflow_run_id': '019bbffc-de89-7e74-9bd5-492e2b4df91f', 'workflow_type': 'ComfyUIWorkflow'})
2026-01-15 10:19:39,786 - temporalio.activity - INFO - Downloaded and persisted 1 artifact(s) ({'activity_id': '3', 'activity_type': 'download_and_store_artifacts', 'attempt': 1, 'namespace': 'default', 'task_queue': 'comfyui-gpu-farm', 'workflow_id': 'chain-image-edit-to-video-pipeline-65faaf16-3d67-416d-b647-d357995dfa91-extract_frame1', 'workflow_run_id': '019bbffc-de89-7e74-9bd5-492e2b4df91f', 'workflow_type': 'ComfyUIWorkflow'})
2026-01-15 10:19:39,797 - temporalio.workflow - INFO - Downloaded 1 file(s) locally ({'attempt': 1, 'namespace': 'default', 'run_id': '019bbffc-de89-7e74-9bd5-492e2b4df91f', 'task_queue': 'comfyui-gpu-farm', 'workflow_id': 'chain-image-edit-to-video-pipeline-65faaf16-3d67-416d-b647-d357995dfa91-extract_frame1', 'workflow_type': 'ComfyUIWorkflow'})
2026-01-15 10:19:39,817 - temporalio.activity - INFO - Updating workflow 51631408-60c3-45f4-a9cf-c500c9467cfe status to: completed ({'activity_id': '13', 'activity_type': 'update_workflow_status_activity', 'attempt': 1, 'namespace': 'default', 'task_queue': 'comfyui-gpu-farm', 'workflow_id': 'chain-image-edit-to-video-pipeline-65faaf16-3d67-416d-b647-d357995dfa91', 'workflow_run_id': '019bbffc-dd30-7541-80ea-f5e4ae800371', 'workflow_type': 'ChainExecutorWorkflow'})
2026-01-15 10:19:39,820 - temporalio.activity - INFO - ✓ Updated workflow status ({'activity_id': '13', 'activity_type': 'update_workflow_status_activity', 'attempt': 1, 'namespace': 'default', 'task_queue': 'comfyui-gpu-farm', 'workflow_id': 'chain-image-edit-to-video-pipeline-65faaf16-3d67-416d-b647-d357995dfa91', 'workflow_run_id': '019bbffc-dd30-7541-80ea-f5e4ae800371', 'workflow_type': 'ChainExecutorWorkflow'})
2026-01-15 10:19:39,837 - temporalio.activity - INFO - Getting artifacts for workflow: 51631408-60c3-45f4-a9cf-c500c9467cfe ({'activity_id': '14', 'activity_type': 'get_workflow_artifacts', 'attempt': 1, 'namespace': 'default', 'task_queue': 'comfyui-gpu-farm', 'workflow_id': 'chain-image-edit-to-video-pipeline-65faaf16-3d67-416d-b647-d357995dfa91', 'workflow_run_id': '019bbffc-dd30-7541-80ea-f5e4ae800371', 'workflow_type': 'ChainExecutorWorkflow'})
2026-01-15 10:19:39,855 - temporalio.activity - INFO - Creating approval request for artifact: 661cc642-1046-443c-bfaa-2030be45fefb ({'activity_id': '15', 'activity_type': 'create_approval_request_activity', 'attempt': 1, 'namespace': 'default', 'task_queue': 'comfyui-gpu-farm', 'workflow_id': 'chain-image-edit-to-video-pipeline-65faaf16-3d67-416d-b647-d357995dfa91', 'workflow_run_id': '019bbffc-dd30-7541-80ea-f5e4ae800371', 'workflow_type': 'ChainExecutorWorkflow'})
2026-01-15 10:19:39,859 - temporalio.activity - INFO - ✓ Created approval request: 20dc4a02-5faa-432d-9726-9eb38fcbe69e, token: QzNC4zHf_5R--jT7... ({'activity_id': '15', 'activity_type': 'create_approval_request_activity', 'attempt': 1, 'namespace': 'default', 'task_queue': 'comfyui-gpu-farm', 'workflow_id': 'chain-image-edit-to-video-pipeline-65faaf16-3d67-416d-b647-d357995dfa91', 'workflow_run_id': '019bbffc-dd30-7541-80ea-f5e4ae800371', 'workflow_type': 'ChainExecutorWorkflow'})
2026-01-15 10:19:39,860 - temporal_gateway.services.broadcast - INFO - Published approval_requested to chain:c34e8861-c7bc-45d8-8ca2-292206248049
2026-01-15 10:19:39,860 - temporalio.activity - INFO - Published approval_requested event for chain c34e8861-c7bc-45d8-8ca2-292206248049 ({'activity_id': '15', 'activity_type': 'create_approval_request_activity', 'attempt': 1, 'namespace': 'default', 'task_queue': 'comfyui-gpu-farm', 'workflow_id': 'chain-image-edit-to-video-pipeline-65faaf16-3d67-416d-b647-d357995dfa91', 'workflow_run_id': '019bbffc-dd30-7541-80ea-f5e4ae800371', 'workflow_type': 'ChainExecutorWorkflow'})
2026-01-15 10:19:39,869 - temporalio.workflow - INFO - Step extract_frame1: Approval request created, token: QzNC4zHf_5R--jT7... ({'attempt': 1, 'namespace': 'default', 'run_id': '019bbffc-dd30-7541-80ea-f5e4ae800371', 'task_queue': 'comfyui-gpu-farm', 'workflow_id': 'chain-image-edit-to-video-pipeline-65faaf16-3d67-416d-b647-d357995dfa91', 'workflow_type': 'ChainExecutorWorkflow'})
2026-01-15 10:20:19,962 - temporalio.workflow - INFO - Starting chain execution: image-edit-to-video-pipeline ({'attempt': 1, 'namespace': 'default', 'run_id': '019bbffd-7ea3-78c4-a73d-90daa7be28ad', 'task_queue': 'comfyui-gpu-farm', 'workflow_id': 'chain-image-edit-to-video-pipeline-91a670d0-1b7f-471a-9023-61ba31e5fbfb', 'workflow_type': 'ChainExecutorWorkflow'})
2026-01-15 10:20:19,962 - temporalio.workflow - INFO - Retry number: 0 ({'attempt': 1, 'namespace': 'default', 'run_id': '019bbffd-7ea3-78c4-a73d-90daa7be28ad', 'task_queue': 'comfyui-gpu-farm', 'workflow_id': 'chain-image-edit-to-video-pipeline-91a670d0-1b7f-471a-9023-61ba31e5fbfb', 'workflow_type': 'ChainExecutorWorkflow'})
2026-01-15 10:20:19,962 - temporalio.workflow - INFO - Cached steps: [] ({'attempt': 1, 'namespace': 'default', 'run_id': '019bbffd-7ea3-78c4-a73d-90daa7be28ad', 'task_queue': 'comfyui-gpu-farm', 'workflow_id': 'chain-image-edit-to-video-pipeline-91a670d0-1b7f-471a-9023-61ba31e5fbfb', 'workflow_type': 'ChainExecutorWorkflow'})
2026-01-15 10:20:19,962 - temporalio.workflow - INFO - Total levels: 3 ({'attempt': 1, 'namespace': 'default', 'run_id': '019bbffd-7ea3-78c4-a73d-90daa7be28ad', 'task_queue': 'comfyui-gpu-farm', 'workflow_id': 'chain-image-edit-to-video-pipeline-91a670d0-1b7f-471a-9023-61ba31e5fbfb', 'workflow_type': 'ChainExecutorWorkflow'})
2026-01-15 10:20:19,962 - temporalio.workflow - INFO - Using chain ID: c941d85e-834f-40c0-9fbb-bc46f14ffe14 ({'attempt': 1, 'namespace': 'default', 'run_id': '019bbffd-7ea3-78c4-a73d-90daa7be28ad', 'task_queue': 'comfyui-gpu-farm', 'workflow_id': 'chain-image-edit-to-video-pipeline-91a670d0-1b7f-471a-9023-61ba31e5fbfb', 'workflow_type': 'ChainExecutorWorkflow'})
2026-01-15 10:20:19,976 - temporalio.activity - INFO - Updating chain c941d85e-834f-40c0-9fbb-bc46f14ffe14 status to: executing_level_0 ({'activity_id': '1', 'activity_type': 'update_chain_status_activity', 'attempt': 1, 'namespace': 'default', 'task_queue': 'comfyui-gpu-farm', 'workflow_id': 'chain-image-edit-to-video-pipeline-91a670d0-1b7f-471a-9023-61ba31e5fbfb', 'workflow_run_id': '019bbffd-7ea3-78c4-a73d-90daa7be28ad', 'workflow_type': 'ChainExecutorWorkflow'})
2026-01-15 10:20:19,980 - temporalio.activity - INFO - ✓ Updated chain status ({'activity_id': '1', 'activity_type': 'update_chain_status_activity', 'attempt': 1, 'namespace': 'default', 'task_queue': 'comfyui-gpu-farm', 'workflow_id': 'chain-image-edit-to-video-pipeline-91a670d0-1b7f-471a-9023-61ba31e5fbfb', 'workflow_run_id': '019bbffd-7ea3-78c4-a73d-90daa7be28ad', 'workflow_type': 'ChainExecutorWorkflow'})
2026-01-15 10:20:19,990 - temporalio.workflow - INFO - Level 0: Executing 2 step(s) ({'attempt': 1, 'namespace': 'default', 'run_id': '019bbffd-7ea3-78c4-a73d-90daa7be28ad', 'task_queue': 'comfyui-gpu-farm', 'workflow_id': 'chain-image-edit-to-video-pipeline-91a670d0-1b7f-471a-9023-61ba31e5fbfb', 'workflow_type': 'ChainExecutorWorkflow'})
2026-01-15 10:20:19,990 - temporalio.workflow - INFO - Executing step: extract_frame1 ({'attempt': 1, 'namespace': 'default', 'run_id': '019bbffd-7ea3-78c4-a73d-90daa7be28ad', 'task_queue': 'comfyui-gpu-farm', 'workflow_id': 'chain-image-edit-to-video-pipeline-91a670d0-1b7f-471a-9023-61ba31e5fbfb', 'workflow_type': 'ChainExecutorWorkflow'})
2026-01-15 10:20:19,990 - temporalio.workflow - INFO - Executing step: extract_frame2 ({'attempt': 1, 'namespace': 'default', 'run_id': '019bbffd-7ea3-78c4-a73d-90daa7be28ad', 'task_queue': 'comfyui-gpu-farm', 'workflow_id': 'chain-image-edit-to-video-pipeline-91a670d0-1b7f-471a-9023-61ba31e5fbfb', 'workflow_type': 'ChainExecutorWorkflow'})
2026-01-15 10:20:20,000 - temporalio.activity - INFO - Resolving templates in parameters ({'activity_id': '3', 'activity_type': 'resolve_chain_templates', 'attempt': 1, 'namespace': 'default', 'task_queue': 'comfyui-gpu-farm', 'workflow_id': 'chain-image-edit-to-video-pipeline-91a670d0-1b7f-471a-9023-61ba31e5fbfb', 'workflow_run_id': '019bbffd-7ea3-78c4-a73d-90daa7be28ad', 'workflow_type': 'ChainExecutorWorkflow'})
2026-01-15 10:20:20,000 - temporalio.activity - INFO - Templates resolved successfully ({'activity_id': '3', 'activity_type': 'resolve_chain_templates', 'attempt': 1, 'namespace': 'default', 'task_queue': 'comfyui-gpu-farm', 'workflow_id': 'chain-image-edit-to-video-pipeline-91a670d0-1b7f-471a-9023-61ba31e5fbfb', 'workflow_run_id': '019bbffd-7ea3-78c4-a73d-90daa7be28ad', 'workflow_type': 'ChainExecutorWorkflow'})
2026-01-15 10:20:20,002 - temporalio.activity - INFO - Resolving templates in parameters ({'activity_id': '2', 'activity_type': 'resolve_chain_templates', 'attempt': 1, 'namespace': 'default', 'task_queue': 'comfyui-gpu-farm', 'workflow_id': 'chain-image-edit-to-video-pipeline-91a670d0-1b7f-471a-9023-61ba31e5fbfb', 'workflow_run_id': '019bbffd-7ea3-78c4-a73d-90daa7be28ad', 'workflow_type': 'ChainExecutorWorkflow'})
2026-01-15 10:20:20,002 - temporalio.activity - INFO - Templates resolved successfully ({'activity_id': '2', 'activity_type': 'resolve_chain_templates', 'attempt': 1, 'namespace': 'default', 'task_queue': 'comfyui-gpu-farm', 'workflow_id': 'chain-image-edit-to-video-pipeline-91a670d0-1b7f-471a-9023-61ba31e5fbfb', 'workflow_run_id': '019bbffd-7ea3-78c4-a73d-90daa7be28ad', 'workflow_type': 'ChainExecutorWorkflow'})
2026-01-15 10:20:20,021 - temporalio.activity - INFO - Applying parameters to workflow: imageSave ({'activity_id': '4', 'activity_type': 'apply_workflow_parameters', 'attempt': 1, 'namespace': 'default', 'task_queue': 'comfyui-gpu-farm', 'workflow_id': 'chain-image-edit-to-video-pipeline-91a670d0-1b7f-471a-9023-61ba31e5fbfb', 'workflow_run_id': '019bbffd-7ea3-78c4-a73d-90daa7be28ad', 'workflow_type': 'ChainExecutorWorkflow'})
2026-01-15 10:20:20,021 - temporal_gateway.registry - INFO - Applied override: 1.frame_load_cap = 1
2026-01-15 10:20:20,021 - temporal_gateway.registry - INFO - Applied override: 1.select_every_nth = 1
2026-01-15 10:20:20,022 - temporal_gateway.registry - INFO - Applied override: 1.skip_first_frames = 172
2026-01-15 10:20:20,022 - temporal_gateway.registry - INFO - Applied override: 1.video = ComfyUI_00012_.mp4
2026-01-15 10:20:20,022 - temporalio.activity - INFO - Parameters applied successfully ({'activity_id': '4', 'activity_type': 'apply_workflow_parameters', 'attempt': 1, 'namespace': 'default', 'task_queue': 'comfyui-gpu-farm', 'workflow_id': 'chain-image-edit-to-video-pipeline-91a670d0-1b7f-471a-9023-61ba31e5fbfb', 'workflow_run_id': '019bbffd-7ea3-78c4-a73d-90daa7be28ad', 'workflow_type': 'ChainExecutorWorkflow'})
2026-01-15 10:20:20,023 - temporalio.activity - INFO - Applying parameters to workflow: imageSave ({'activity_id': '5', 'activity_type': 'apply_workflow_parameters', 'attempt': 1, 'namespace': 'default', 'task_queue': 'comfyui-gpu-farm', 'workflow_id': 'chain-image-edit-to-video-pipeline-91a670d0-1b7f-471a-9023-61ba31e5fbfb', 'workflow_run_id': '019bbffd-7ea3-78c4-a73d-90daa7be28ad', 'workflow_type': 'ChainExecutorWorkflow'})
2026-01-15 10:20:20,023 - temporal_gateway.registry - INFO - Applied override: 1.frame_load_cap = 1
2026-01-15 10:20:20,024 - temporal_gateway.registry - INFO - Applied override: 1.select_every_nth = 1
2026-01-15 10:20:20,024 - temporal_gateway.registry - INFO - Applied override: 1.skip_first_frames = 0
2026-01-15 10:20:20,024 - temporal_gateway.registry - INFO - Applied override: 1.video = ComfyUI_00012_.mp4
2026-01-15 10:20:20,024 - temporalio.activity - INFO - Parameters applied successfully ({'activity_id': '5', 'activity_type': 'apply_workflow_parameters', 'attempt': 1, 'namespace': 'default', 'task_queue': 'comfyui-gpu-farm', 'workflow_id': 'chain-image-edit-to-video-pipeline-91a670d0-1b7f-471a-9023-61ba31e5fbfb', 'workflow_run_id': '019bbffd-7ea3-78c4-a73d-90daa7be28ad', 'workflow_type': 'ChainExecutorWorkflow'})
2026-01-15 10:20:20,040 - temporalio.activity - INFO - Selecting server with strategy: least_loaded ({'activity_id': '6', 'activity_type': 'select_best_server', 'attempt': 1, 'namespace': 'default', 'task_queue': 'comfyui-gpu-farm', 'workflow_id': 'chain-image-edit-to-video-pipeline-91a670d0-1b7f-471a-9023-61ba31e5fbfb', 'workflow_run_id': '019bbffd-7ea3-78c4-a73d-90daa7be28ad', 'workflow_type': 'ChainExecutorWorkflow'})
2026-01-15 10:20:20,088 - temporalio.activity - INFO - Selecting server with strategy: least_loaded ({'activity_id': '7', 'activity_type': 'select_best_server', 'attempt': 1, 'namespace': 'default', 'task_queue': 'comfyui-gpu-farm', 'workflow_id': 'chain-image-edit-to-video-pipeline-91a670d0-1b7f-471a-9023-61ba31e5fbfb', 'workflow_run_id': '019bbffd-7ea3-78c4-a73d-90daa7be28ad', 'workflow_type': 'ChainExecutorWorkflow'})
2026-01-15 10:20:20,170 - httpx - INFO - HTTP Request: GET http://procure-x.testmcp.org/system_stats "HTTP/1.1 200 OK"
2026-01-15 10:20:20,180 - httpx - INFO - HTTP Request: GET http://procure-x.testmcp.org/system_stats "HTTP/1.1 200 OK"
2026-01-15 10:20:20,182 - httpx - INFO - HTTP Request: GET http://procure-x.testmcp.org/queue "HTTP/1.1 200 OK"
2026-01-15 10:20:20,184 - temporal_gateway.servers.load_balancer - INFO - Selected server procure-x (queue_depth=0, gpu_mem=0.0%)
2026-01-15 10:20:20,184 - temporalio.activity - INFO - Selected server: procure-x (http://procure-x.testmcp.org) ({'activity_id': '7', 'activity_type': 'select_best_server', 'attempt': 1, 'namespace': 'default', 'task_queue': 'comfyui-gpu-farm', 'workflow_id': 'chain-image-edit-to-video-pipeline-91a670d0-1b7f-471a-9023-61ba31e5fbfb', 'workflow_run_id': '019bbffd-7ea3-78c4-a73d-90daa7be28ad', 'workflow_type': 'ChainExecutorWorkflow'})
2026-01-15 10:20:20,193 - temporalio.workflow - INFO - Step extract_frame1: Server http://procure-x.testmcp.org ({'attempt': 1, 'namespace': 'default', 'run_id': '019bbffd-7ea3-78c4-a73d-90daa7be28ad', 'task_queue': 'comfyui-gpu-farm', 'workflow_id': 'chain-image-edit-to-video-pipeline-91a670d0-1b7f-471a-9023-61ba31e5fbfb', 'workflow_type': 'ChainExecutorWorkflow'})
2026-01-15 10:20:20,196 - httpx - INFO - HTTP Request: GET http://procure-x.testmcp.org/queue "HTTP/1.1 200 OK"
2026-01-15 10:20:20,197 - temporal_gateway.servers.load_balancer - INFO - Selected server procure-x (queue_depth=0, gpu_mem=0.0%)
2026-01-15 10:20:20,197 - temporalio.activity - INFO - Selected server: procure-x (http://procure-x.testmcp.org) ({'activity_id': '6', 'activity_type': 'select_best_server', 'attempt': 1, 'namespace': 'default', 'task_queue': 'comfyui-gpu-farm', 'workflow_id': 'chain-image-edit-to-video-pipeline-91a670d0-1b7f-471a-9023-61ba31e5fbfb', 'workflow_run_id': '019bbffd-7ea3-78c4-a73d-90daa7be28ad', 'workflow_type': 'ChainExecutorWorkflow'})
2026-01-15 10:20:20,201 - temporalio.activity - INFO - Creating workflow record: imageSave (prompt: pending) ({'activity_id': '8', 'activity_type': 'create_workflow_record', 'attempt': 1, 'namespace': 'default', 'task_queue': 'comfyui-gpu-farm', 'workflow_id': 'chain-image-edit-to-video-pipeline-91a670d0-1b7f-471a-9023-61ba31e5fbfb', 'workflow_run_id': '019bbffd-7ea3-78c4-a73d-90daa7be28ad', 'workflow_type': 'ChainExecutorWorkflow'})
2026-01-15 10:20:20,206 - temporalio.activity - INFO - ✓ Created workflow record: b9101711-3ca0-4012-b848-75596e062d5f ({'activity_id': '8', 'activity_type': 'create_workflow_record', 'attempt': 1, 'namespace': 'default', 'task_queue': 'comfyui-gpu-farm', 'workflow_id': 'chain-image-edit-to-video-pipeline-91a670d0-1b7f-471a-9023-61ba31e5fbfb', 'workflow_run_id': '019bbffd-7ea3-78c4-a73d-90daa7be28ad', 'workflow_type': 'ChainExecutorWorkflow'})
2026-01-15 10:20:20,209 - temporalio.workflow - INFO - Step extract_frame2: Server http://procure-x.testmcp.org ({'attempt': 1, 'namespace': 'default', 'run_id': '019bbffd-7ea3-78c4-a73d-90daa7be28ad', 'task_queue': 'comfyui-gpu-farm', 'workflow_id': 'chain-image-edit-to-video-pipeline-91a670d0-1b7f-471a-9023-61ba31e5fbfb', 'workflow_type': 'ChainExecutorWorkflow'})
2026-01-15 10:20:20,219 - temporalio.activity - INFO - Creating workflow record: imageSave (prompt: pending) ({'activity_id': '9', 'activity_type': 'create_workflow_record', 'attempt': 1, 'namespace': 'default', 'task_queue': 'comfyui-gpu-farm', 'workflow_id': 'chain-image-edit-to-video-pipeline-91a670d0-1b7f-471a-9023-61ba31e5fbfb', 'workflow_run_id': '019bbffd-7ea3-78c4-a73d-90daa7be28ad', 'workflow_type': 'ChainExecutorWorkflow'})
2026-01-15 10:20:20,223 - temporalio.activity - INFO - ✓ Created workflow record: ee808de8-8674-407b-a030-5be11316a1e5 ({'activity_id': '9', 'activity_type': 'create_workflow_record', 'attempt': 1, 'namespace': 'default', 'task_queue': 'comfyui-gpu-farm', 'workflow_id': 'chain-image-edit-to-video-pipeline-91a670d0-1b7f-471a-9023-61ba31e5fbfb', 'workflow_run_id': '019bbffd-7ea3-78c4-a73d-90daa7be28ad', 'workflow_type': 'ChainExecutorWorkflow'})
2026-01-15 10:20:20,247 - temporalio.workflow - INFO - Starting ComfyUI workflow execution ({'attempt': 1, 'namespace': 'default', 'run_id': '019bbffd-7fbe-723c-810f-79c85f8dc9d9', 'task_queue': 'comfyui-gpu-farm', 'workflow_id': 'chain-image-edit-to-video-pipeline-91a670d0-1b7f-471a-9023-61ba31e5fbfb-extract_frame1', 'workflow_type': 'ComfyUIWorkflow'})
2026-01-15 10:20:20,248 - temporalio.workflow - INFO - Generated client_id: a3b4db1b-277d-4cb3-aa78-79f07ae72d74 ({'attempt': 1, 'namespace': 'default', 'run_id': '019bbffd-7fbe-723c-810f-79c85f8dc9d9', 'task_queue': 'comfyui-gpu-farm', 'workflow_id': 'chain-image-edit-to-video-pipeline-91a670d0-1b7f-471a-9023-61ba31e5fbfb-extract_frame1', 'workflow_type': 'ComfyUIWorkflow'})
2026-01-15 10:20:20,249 - temporalio.workflow - INFO - Using pre-selected server: http://procure-x.testmcp.org ({'attempt': 1, 'namespace': 'default', 'run_id': '019bbffd-7fbe-723c-810f-79c85f8dc9d9', 'task_queue': 'comfyui-gpu-farm', 'workflow_id': 'chain-image-edit-to-video-pipeline-91a670d0-1b7f-471a-9023-61ba31e5fbfb-extract_frame1', 'workflow_type': 'ComfyUIWorkflow'})
2026-01-15 10:20:20,264 - temporalio.workflow - INFO - Starting ComfyUI workflow execution ({'attempt': 1, 'namespace': 'default', 'run_id': '019bbffd-7fd3-74df-9cc0-512b70dc8791', 'task_queue': 'comfyui-gpu-farm', 'workflow_id': 'chain-image-edit-to-video-pipeline-91a670d0-1b7f-471a-9023-61ba31e5fbfb-extract_frame2', 'workflow_type': 'ComfyUIWorkflow'})
2026-01-15 10:20:20,265 - temporalio.activity - INFO - [V3] Executing workflow on http://procure-x.testmcp.org ({'activity_id': '1', 'activity_type': 'execute_and_track_workflow', 'attempt': 1, 'namespace': 'default', 'task_queue': 'comfyui-gpu-farm', 'workflow_id': 'chain-image-edit-to-video-pipeline-91a670d0-1b7f-471a-9023-61ba31e5fbfb-extract_frame1', 'workflow_run_id': '019bbffd-7fbe-723c-810f-79c85f8dc9d9', 'workflow_type': 'ComfyUIWorkflow'})
2026-01-15 10:20:20,265 - temporalio.workflow - INFO - Generated client_id: 246ae743-9ca9-4fd6-8d68-ee8d88afc2e9 ({'attempt': 1, 'namespace': 'default', 'run_id': '019bbffd-7fd3-74df-9cc0-512b70dc8791', 'task_queue': 'comfyui-gpu-farm', 'workflow_id': 'chain-image-edit-to-video-pipeline-91a670d0-1b7f-471a-9023-61ba31e5fbfb-extract_frame2', 'workflow_type': 'ComfyUIWorkflow'})
2026-01-15 10:20:20,265 - temporalio.activity - INFO - [V3] Workflow name: imageSave ({'activity_id': '1', 'activity_type': 'execute_and_track_workflow', 'attempt': 1, 'namespace': 'default', 'task_queue': 'comfyui-gpu-farm', 'workflow_id': 'chain-image-edit-to-video-pipeline-91a670d0-1b7f-471a-9023-61ba31e5fbfb-extract_frame1', 'workflow_run_id': '019bbffd-7fbe-723c-810f-79c85f8dc9d9', 'workflow_type': 'ComfyUIWorkflow'})
2026-01-15 10:20:20,265 - temporalio.workflow - INFO - Using pre-selected server: http://procure-x.testmcp.org ({'attempt': 1, 'namespace': 'default', 'run_id': '019bbffd-7fd3-74df-9cc0-512b70dc8791', 'task_queue': 'comfyui-gpu-farm', 'workflow_id': 'chain-image-edit-to-video-pipeline-91a670d0-1b7f-471a-9023-61ba31e5fbfb-extract_frame2', 'workflow_type': 'ComfyUIWorkflow'})
2026-01-15 10:20:20,309 - temporal_gateway.clients.comfy.client - INFO - ComfyUI client initialized for http://procure-x.testmcp.org
2026-01-15 10:20:20,309 - temporal_gateway.clients.comfy.client - INFO - Submitting workflow to ComfyUI
2026-01-15 10:20:20,319 - temporalio.activity - INFO - [V3] Executing workflow on http://procure-x.testmcp.org ({'activity_id': '1', 'activity_type': 'execute_and_track_workflow', 'attempt': 1, 'namespace': 'default', 'task_queue': 'comfyui-gpu-farm', 'workflow_id': 'chain-image-edit-to-video-pipeline-91a670d0-1b7f-471a-9023-61ba31e5fbfb-extract_frame2', 'workflow_run_id': '019bbffd-7fd3-74df-9cc0-512b70dc8791', 'workflow_type': 'ComfyUIWorkflow'})
2026-01-15 10:20:20,319 - temporalio.activity - INFO - [V3] Workflow name: imageSave ({'activity_id': '1', 'activity_type': 'execute_and_track_workflow', 'attempt': 1, 'namespace': 'default', 'task_queue': 'comfyui-gpu-farm', 'workflow_id': 'chain-image-edit-to-video-pipeline-91a670d0-1b7f-471a-9023-61ba31e5fbfb-extract_frame2', 'workflow_run_id': '019bbffd-7fd3-74df-9cc0-512b70dc8791', 'workflow_type': 'ComfyUIWorkflow'})
2026-01-15 10:20:20,362 - temporal_gateway.clients.comfy.client - INFO - ComfyUI client initialized for http://procure-x.testmcp.org
2026-01-15 10:20:20,362 - temporal_gateway.clients.comfy.client - INFO - Submitting workflow to ComfyUI
2026-01-15 10:20:20,369 - httpx - INFO - HTTP Request: POST http://procure-x.testmcp.org/prompt "HTTP/1.1 200 OK"
2026-01-15 10:20:20,372 - temporal_gateway.clients.comfy.client - INFO - Workflow queued with prompt_id: 6b640261-755b-41e1-834d-cf50ea23d71c
2026-01-15 10:20:20,372 - temporal_gateway.clients.comfy.tracker - INFO - Starting execution tracking for prompt 6b640261-755b-41e1-834d-cf50ea23d71c
2026-01-15 10:20:20,372 - temporal_gateway.clients.comfy.tracker - INFO - Starting history polling
2026-01-15 10:20:20,374 - temporal_gateway.clients.comfy.tracker - INFO - Starting WebSocket listener
2026-01-15 10:20:20,375 - temporal_gateway.clients.comfy.websocket - INFO - Connecting to WebSocket: ws://procure-x.testmcp.org/ws?clientId=7b7716ca-cd0b-4079-90ba-d86a9b734d0a
2026-01-15 10:20:20,777 - httpx - INFO - HTTP Request: GET http://procure-x.testmcp.org/history/6b640261-755b-41e1-834d-cf50ea23d71c "HTTP/1.1 200 OK"
2026-01-15 10:20:20,781 - temporal_gateway.clients.comfy.tracker - INFO - [POLL] Found in history: success
2026-01-15 10:20:20,781 - temporal_gateway.clients.comfy.tracker - INFO - Tracking completed: success (took 0.41s)
2026-01-15 10:20:20,781 - temporal_gateway.clients.comfy.websocket - INFO - WebSocket connected successfully
2026-01-15 10:20:20,783 - httpx - INFO - HTTP Request: POST http://procure-x.testmcp.org/prompt "HTTP/1.1 200 OK"
2026-01-15 10:20:20,787 - temporal_gateway.clients.comfy.client - INFO - Workflow queued with prompt_id: a753254d-c9eb-47a2-9166-1bda9c0e1445
2026-01-15 10:20:20,788 - temporal_gateway.clients.comfy.tracker - INFO - Starting execution tracking for prompt a753254d-c9eb-47a2-9166-1bda9c0e1445
2026-01-15 10:20:20,788 - temporal_gateway.clients.comfy.tracker - INFO - Starting history polling
2026-01-15 10:20:20,791 - temporal_gateway.clients.comfy.tracker - INFO - Starting WebSocket listener
2026-01-15 10:20:20,792 - temporal_gateway.clients.comfy.websocket - INFO - Connecting to WebSocket: ws://procure-x.testmcp.org/ws?clientId=d09e518b-bf8c-48b5-9236-b9fe29b83cbe
2026-01-15 10:20:20,793 - temporalio.activity - INFO - [V3] Workflow completed successfully ({'activity_id': '1', 'activity_type': 'execute_and_track_workflow', 'attempt': 1, 'namespace': 'default', 'task_queue': 'comfyui-gpu-farm', 'workflow_id': 'chain-image-edit-to-video-pipeline-91a670d0-1b7f-471a-9023-61ba31e5fbfb-extract_frame1', 'workflow_run_id': '019bbffd-7fbe-723c-810f-79c85f8dc9d9', 'workflow_type': 'ComfyUIWorkflow'})
2026-01-15 10:20:20,814 - httpx - INFO - HTTP Request: GET http://procure-x.testmcp.org/history/a753254d-c9eb-47a2-9166-1bda9c0e1445 "HTTP/1.1 200 OK"
2026-01-15 10:20:20,819 - temporalio.workflow - INFO - Execution completed successfully ({'attempt': 1, 'namespace': 'default', 'run_id': '019bbffd-7fbe-723c-810f-79c85f8dc9d9', 'task_queue': 'comfyui-gpu-farm', 'workflow_id': 'chain-image-edit-to-video-pipeline-91a670d0-1b7f-471a-9023-61ba31e5fbfb-extract_frame1', 'workflow_type': 'ComfyUIWorkflow'})
2026-01-15 10:20:20,829 - temporalio.activity - INFO - Extracting server output files ({'activity_id': '2', 'activity_type': 'get_server_output_files', 'attempt': 1, 'namespace': 'default', 'task_queue': 'comfyui-gpu-farm', 'workflow_id': 'chain-image-edit-to-video-pipeline-91a670d0-1b7f-471a-9023-61ba31e5fbfb-extract_frame1', 'workflow_run_id': '019bbffd-7fbe-723c-810f-79c85f8dc9d9', 'workflow_type': 'ComfyUIWorkflow'})
2026-01-15 10:20:20,830 - temporalio.activity - INFO - Found 1 output file(s) ({'activity_id': '2', 'activity_type': 'get_server_output_files', 'attempt': 1, 'namespace': 'default', 'task_queue': 'comfyui-gpu-farm', 'workflow_id': 'chain-image-edit-to-video-pipeline-91a670d0-1b7f-471a-9023-61ba31e5fbfb-extract_frame1', 'workflow_run_id': '019bbffd-7fbe-723c-810f-79c85f8dc9d9', 'workflow_type': 'ComfyUIWorkflow'})
2026-01-15 10:20:20,835 - temporal_gateway.clients.comfy.websocket - INFO - WebSocket connected successfully
2026-01-15 10:20:20,839 - temporalio.workflow - INFO - Found 1 server output file(s) ({'attempt': 1, 'namespace': 'default', 'run_id': '019bbffd-7fbe-723c-810f-79c85f8dc9d9', 'task_queue': 'comfyui-gpu-farm', 'workflow_id': 'chain-image-edit-to-video-pipeline-91a670d0-1b7f-471a-9023-61ba31e5fbfb-extract_frame1', 'workflow_type': 'ComfyUIWorkflow'})
2026-01-15 10:20:20,847 - temporalio.activity - INFO - Downloading and persisting 1 artifact(s) for workflow b9101711-3ca0-4012-b848-75596e062d5f ({'activity_id': '3', 'activity_type': 'download_and_store_artifacts', 'attempt': 1, 'namespace': 'default', 'task_queue': 'comfyui-gpu-farm', 'workflow_id': 'chain-image-edit-to-video-pipeline-91a670d0-1b7f-471a-9023-61ba31e5fbfb-extract_frame1', 'workflow_run_id': '019bbffd-7fbe-723c-810f-79c85f8dc9d9', 'workflow_type': 'ComfyUIWorkflow'})
2026-01-15 10:20:20,891 - temporal_gateway.clients.comfy.client - INFO - ComfyUI client initialized for http://procure-x.testmcp.org
2026-01-15 10:20:20,925 - httpx - INFO - HTTP Request: GET http://procure-x.testmcp.org/view?filename=ComfyUI_00302_.png&type=output "HTTP/1.1 200 OK"
2026-01-15 10:20:20,942 - temporalio.activity - INFO - ✓ Saved artifact to DB: a07d86e2-55d5-4f2b-a119-cf8bb62979cd (ComfyUI_00302_.png) ({'activity_id': '3', 'activity_type': 'download_and_store_artifacts', 'attempt': 1, 'namespace': 'default', 'task_queue': 'comfyui-gpu-farm', 'workflow_id': 'chain-image-edit-to-video-pipeline-91a670d0-1b7f-471a-9023-61ba31e5fbfb-extract_frame1', 'workflow_run_id': '019bbffd-7fbe-723c-810f-79c85f8dc9d9', 'workflow_type': 'ComfyUIWorkflow'})
2026-01-15 10:20:20,943 - temporalio.activity - INFO - Downloaded and persisted 1 artifact(s) ({'activity_id': '3', 'activity_type': 'download_and_store_artifacts', 'attempt': 1, 'namespace': 'default', 'task_queue': 'comfyui-gpu-farm', 'workflow_id': 'chain-image-edit-to-video-pipeline-91a670d0-1b7f-471a-9023-61ba31e5fbfb-extract_frame1', 'workflow_run_id': '019bbffd-7fbe-723c-810f-79c85f8dc9d9', 'workflow_type': 'ComfyUIWorkflow'})
2026-01-15 10:20:20,953 - temporalio.workflow - INFO - Downloaded 1 file(s) locally ({'attempt': 1, 'namespace': 'default', 'run_id': '019bbffd-7fbe-723c-810f-79c85f8dc9d9', 'task_queue': 'comfyui-gpu-farm', 'workflow_id': 'chain-image-edit-to-video-pipeline-91a670d0-1b7f-471a-9023-61ba31e5fbfb-extract_frame1', 'workflow_type': 'ComfyUIWorkflow'})
2026-01-15 10:20:20,984 - temporalio.activity - INFO - Updating workflow b9101711-3ca0-4012-b848-75596e062d5f status to: completed ({'activity_id': '10', 'activity_type': 'update_workflow_status_activity', 'attempt': 1, 'namespace': 'default', 'task_queue': 'comfyui-gpu-farm', 'workflow_id': 'chain-image-edit-to-video-pipeline-91a670d0-1b7f-471a-9023-61ba31e5fbfb', 'workflow_run_id': '019bbffd-7ea3-78c4-a73d-90daa7be28ad', 'workflow_type': 'ChainExecutorWorkflow'})
2026-01-15 10:20:20,988 - temporalio.activity - INFO - ✓ Updated workflow status ({'activity_id': '10', 'activity_type': 'update_workflow_status_activity', 'attempt': 1, 'namespace': 'default', 'task_queue': 'comfyui-gpu-farm', 'workflow_id': 'chain-image-edit-to-video-pipeline-91a670d0-1b7f-471a-9023-61ba31e5fbfb', 'workflow_run_id': '019bbffd-7ea3-78c4-a73d-90daa7be28ad', 'workflow_type': 'ChainExecutorWorkflow'})
2026-01-15 10:20:21,007 - temporalio.activity - INFO - Getting artifacts for workflow: b9101711-3ca0-4012-b848-75596e062d5f ({'activity_id': '11', 'activity_type': 'get_workflow_artifacts', 'attempt': 1, 'namespace': 'default', 'task_queue': 'comfyui-gpu-farm', 'workflow_id': 'chain-image-edit-to-video-pipeline-91a670d0-1b7f-471a-9023-61ba31e5fbfb', 'workflow_run_id': '019bbffd-7ea3-78c4-a73d-90daa7be28ad', 'workflow_type': 'ChainExecutorWorkflow'})
2026-01-15 10:20:21,027 - temporalio.activity - INFO - Creating approval request for artifact: a07d86e2-55d5-4f2b-a119-cf8bb62979cd ({'activity_id': '12', 'activity_type': 'create_approval_request_activity', 'attempt': 1, 'namespace': 'default', 'task_queue': 'comfyui-gpu-farm', 'workflow_id': 'chain-image-edit-to-video-pipeline-91a670d0-1b7f-471a-9023-61ba31e5fbfb', 'workflow_run_id': '019bbffd-7ea3-78c4-a73d-90daa7be28ad', 'workflow_type': 'ChainExecutorWorkflow'})
2026-01-15 10:20:21,031 - temporalio.activity - INFO - ✓ Created approval request: 6dc26b1a-38b2-47a8-a1f2-f66a73da74a2, token: pmAXVZD6hQEQxiav... ({'activity_id': '12', 'activity_type': 'create_approval_request_activity', 'attempt': 1, 'namespace': 'default', 'task_queue': 'comfyui-gpu-farm', 'workflow_id': 'chain-image-edit-to-video-pipeline-91a670d0-1b7f-471a-9023-61ba31e5fbfb', 'workflow_run_id': '019bbffd-7ea3-78c4-a73d-90daa7be28ad', 'workflow_type': 'ChainExecutorWorkflow'})
2026-01-15 10:20:21,031 - temporal_gateway.services.broadcast - INFO - Published approval_requested to chain:c941d85e-834f-40c0-9fbb-bc46f14ffe14
2026-01-15 10:20:21,031 - temporalio.activity - INFO - Published approval_requested event for chain c941d85e-834f-40c0-9fbb-bc46f14ffe14 ({'activity_id': '12', 'activity_type': 'create_approval_request_activity', 'attempt': 1, 'namespace': 'default', 'task_queue': 'comfyui-gpu-farm', 'workflow_id': 'chain-image-edit-to-video-pipeline-91a670d0-1b7f-471a-9023-61ba31e5fbfb', 'workflow_run_id': '019bbffd-7ea3-78c4-a73d-90daa7be28ad', 'workflow_type': 'ChainExecutorWorkflow'})
2026-01-15 10:20:21,041 - temporalio.workflow - INFO - Step extract_frame1: Approval request created, token: pmAXVZD6hQEQxiav... ({'attempt': 1, 'namespace': 'default', 'run_id': '019bbffd-7ea3-78c4-a73d-90daa7be28ad', 'task_queue': 'comfyui-gpu-farm', 'workflow_id': 'chain-image-edit-to-video-pipeline-91a670d0-1b7f-471a-9023-61ba31e5fbfb', 'workflow_type': 'ChainExecutorWorkflow'})
2026-01-15 10:20:21,833 - httpx - INFO - HTTP Request: GET http://procure-x.testmcp.org/history/a753254d-c9eb-47a2-9166-1bda9c0e1445 "HTTP/1.1 200 OK"
2026-01-15 10:20:21,837 - temporal_gateway.clients.comfy.tracker - INFO - [POLL] Found in history: success
2026-01-15 10:20:21,837 - temporal_gateway.clients.comfy.tracker - INFO - Tracking completed: success (took 1.05s)
2026-01-15 10:20:21,838 - temporalio.activity - INFO - [V3] Workflow completed successfully ({'activity_id': '1', 'activity_type': 'execute_and_track_workflow', 'attempt': 1, 'namespace': 'default', 'task_queue': 'comfyui-gpu-farm', 'workflow_id': 'chain-image-edit-to-video-pipeline-91a670d0-1b7f-471a-9023-61ba31e5fbfb-extract_frame2', 'workflow_run_id': '019bbffd-7fd3-74df-9cc0-512b70dc8791', 'workflow_type': 'ComfyUIWorkflow'})
2026-01-15 10:20:21,861 - temporalio.workflow - INFO - Execution completed successfully ({'attempt': 1, 'namespace': 'default', 'run_id': '019bbffd-7fd3-74df-9cc0-512b70dc8791', 'task_queue': 'comfyui-gpu-farm', 'workflow_id': 'chain-image-edit-to-video-pipeline-91a670d0-1b7f-471a-9023-61ba31e5fbfb-extract_frame2', 'workflow_type': 'ComfyUIWorkflow'})
2026-01-15 10:20:21,870 - temporalio.activity - INFO - Extracting server output files ({'activity_id': '2', 'activity_type': 'get_server_output_files', 'attempt': 1, 'namespace': 'default', 'task_queue': 'comfyui-gpu-farm', 'workflow_id': 'chain-image-edit-to-video-pipeline-91a670d0-1b7f-471a-9023-61ba31e5fbfb-extract_frame2', 'workflow_run_id': '019bbffd-7fd3-74df-9cc0-512b70dc8791', 'workflow_type': 'ComfyUIWorkflow'})
2026-01-15 10:20:21,870 - temporalio.activity - INFO - Found 1 output file(s) ({'activity_id': '2', 'activity_type': 'get_server_output_files', 'attempt': 1, 'namespace': 'default', 'task_queue': 'comfyui-gpu-farm', 'workflow_id': 'chain-image-edit-to-video-pipeline-91a670d0-1b7f-471a-9023-61ba31e5fbfb-extract_frame2', 'workflow_run_id': '019bbffd-7fd3-74df-9cc0-512b70dc8791', 'workflow_type': 'ComfyUIWorkflow'})
2026-01-15 10:20:21,879 - temporalio.workflow - INFO - Found 1 server output file(s) ({'attempt': 1, 'namespace': 'default', 'run_id': '019bbffd-7fd3-74df-9cc0-512b70dc8791', 'task_queue': 'comfyui-gpu-farm', 'workflow_id': 'chain-image-edit-to-video-pipeline-91a670d0-1b7f-471a-9023-61ba31e5fbfb-extract_frame2', 'workflow_type': 'ComfyUIWorkflow'})
2026-01-15 10:20:21,887 - temporalio.activity - INFO - Downloading and persisting 1 artifact(s) for workflow ee808de8-8674-407b-a030-5be11316a1e5 ({'activity_id': '3', 'activity_type': 'download_and_store_artifacts', 'attempt': 1, 'namespace': 'default', 'task_queue': 'comfyui-gpu-farm', 'workflow_id': 'chain-image-edit-to-video-pipeline-91a670d0-1b7f-471a-9023-61ba31e5fbfb-extract_frame2', 'workflow_run_id': '019bbffd-7fd3-74df-9cc0-512b70dc8791', 'workflow_type': 'ComfyUIWorkflow'})
2026-01-15 10:20:21,931 - temporal_gateway.clients.comfy.client - INFO - ComfyUI client initialized for http://procure-x.testmcp.org
2026-01-15 10:20:21,970 - httpx - INFO - HTTP Request: GET http://procure-x.testmcp.org/view?filename=ComfyUI_00303_.png&type=output "HTTP/1.1 200 OK"
2026-01-15 10:20:22,011 - temporalio.activity - INFO - ✓ Saved artifact to DB: de716ac3-8584-40dd-9d33-034ee685bf8f (ComfyUI_00303_.png) ({'activity_id': '3', 'activity_type': 'download_and_store_artifacts', 'attempt': 1, 'namespace': 'default', 'task_queue': 'comfyui-gpu-farm', 'workflow_id': 'chain-image-edit-to-video-pipeline-91a670d0-1b7f-471a-9023-61ba31e5fbfb-extract_frame2', 'workflow_run_id': '019bbffd-7fd3-74df-9cc0-512b70dc8791', 'workflow_type': 'ComfyUIWorkflow'})
2026-01-15 10:20:22,012 - temporalio.activity - INFO - Downloaded and persisted 1 artifact(s) ({'activity_id': '3', 'activity_type': 'download_and_store_artifacts', 'attempt': 1, 'namespace': 'default', 'task_queue': 'comfyui-gpu-farm', 'workflow_id': 'chain-image-edit-to-video-pipeline-91a670d0-1b7f-471a-9023-61ba31e5fbfb-extract_frame2', 'workflow_run_id': '019bbffd-7fd3-74df-9cc0-512b70dc8791', 'workflow_type': 'ComfyUIWorkflow'})
2026-01-15 10:20:22,020 - temporalio.workflow - INFO - Downloaded 1 file(s) locally ({'attempt': 1, 'namespace': 'default', 'run_id': '019bbffd-7fd3-74df-9cc0-512b70dc8791', 'task_queue': 'comfyui-gpu-farm', 'workflow_id': 'chain-image-edit-to-video-pipeline-91a670d0-1b7f-471a-9023-61ba31e5fbfb-extract_frame2', 'workflow_type': 'ComfyUIWorkflow'})
2026-01-15 10:20:22,039 - temporalio.activity - INFO - Updating workflow ee808de8-8674-407b-a030-5be11316a1e5 status to: completed ({'activity_id': '13', 'activity_type': 'update_workflow_status_activity', 'attempt': 1, 'namespace': 'default', 'task_queue': 'comfyui-gpu-farm', 'workflow_id': 'chain-image-edit-to-video-pipeline-91a670d0-1b7f-471a-9023-61ba31e5fbfb', 'workflow_run_id': '019bbffd-7ea3-78c4-a73d-90daa7be28ad', 'workflow_type': 'ChainExecutorWorkflow'})
2026-01-15 10:20:22,043 - temporalio.activity - INFO - ✓ Updated workflow status ({'activity_id': '13', 'activity_type': 'update_workflow_status_activity', 'attempt': 1, 'namespace': 'default', 'task_queue': 'comfyui-gpu-farm', 'workflow_id': 'chain-image-edit-to-video-pipeline-91a670d0-1b7f-471a-9023-61ba31e5fbfb', 'workflow_run_id': '019bbffd-7ea3-78c4-a73d-90daa7be28ad', 'workflow_type': 'ChainExecutorWorkflow'})
2026-01-15 10:20:22,058 - temporalio.activity - INFO - Getting artifacts for workflow: ee808de8-8674-407b-a030-5be11316a1e5 ({'activity_id': '14', 'activity_type': 'get_workflow_artifacts', 'attempt': 1, 'namespace': 'default', 'task_queue': 'comfyui-gpu-farm', 'workflow_id': 'chain-image-edit-to-video-pipeline-91a670d0-1b7f-471a-9023-61ba31e5fbfb', 'workflow_run_id': '019bbffd-7ea3-78c4-a73d-90daa7be28ad', 'workflow_type': 'ChainExecutorWorkflow'})
2026-01-15 10:20:22,075 - temporalio.activity - INFO - Creating approval request for artifact: de716ac3-8584-40dd-9d33-034ee685bf8f ({'activity_id': '15', 'activity_type': 'create_approval_request_activity', 'attempt': 1, 'namespace': 'default', 'task_queue': 'comfyui-gpu-farm', 'workflow_id': 'chain-image-edit-to-video-pipeline-91a670d0-1b7f-471a-9023-61ba31e5fbfb', 'workflow_run_id': '019bbffd-7ea3-78c4-a73d-90daa7be28ad', 'workflow_type': 'ChainExecutorWorkflow'})
2026-01-15 10:20:22,079 - temporalio.activity - INFO - ✓ Created approval request: a0d36a00-e4c3-499e-be08-b5d4fa4b8d8a, token: Sx6fbMtRDCj2WL4E... ({'activity_id': '15', 'activity_type': 'create_approval_request_activity', 'attempt': 1, 'namespace': 'default', 'task_queue': 'comfyui-gpu-farm', 'workflow_id': 'chain-image-edit-to-video-pipeline-91a670d0-1b7f-471a-9023-61ba31e5fbfb', 'workflow_run_id': '019bbffd-7ea3-78c4-a73d-90daa7be28ad', 'workflow_type': 'ChainExecutorWorkflow'})
2026-01-15 10:20:22,079 - temporal_gateway.services.broadcast - INFO - Published approval_requested to chain:c941d85e-834f-40c0-9fbb-bc46f14ffe14
2026-01-15 10:20:22,080 - temporalio.activity - INFO - Published approval_requested event for chain c941d85e-834f-40c0-9fbb-bc46f14ffe14 ({'activity_id': '15', 'activity_type': 'create_approval_request_activity', 'attempt': 1, 'namespace': 'default', 'task_queue': 'comfyui-gpu-farm', 'workflow_id': 'chain-image-edit-to-video-pipeline-91a670d0-1b7f-471a-9023-61ba31e5fbfb', 'workflow_run_id': '019bbffd-7ea3-78c4-a73d-90daa7be28ad', 'workflow_type': 'ChainExecutorWorkflow'})
2026-01-15 10:20:22,088 - temporalio.workflow - INFO - Step extract_frame2: Approval request created, token: Sx6fbMtRDCj2WL4E... ({'attempt': 1, 'namespace': 'default', 'run_id': '019bbffd-7ea3-78c4-a73d-90daa7be28ad', 'task_queue': 'comfyui-gpu-farm', 'workflow_id': 'chain-image-edit-to-video-pipeline-91a670d0-1b7f-471a-9023-61ba31e5fbfb', 'workflow_type': 'ChainExecutorWorkflow'})
2026-01-15 10:24:47,262 - temporalio.workflow - INFO - Starting chain execution: image-edit-to-video-pipeline ({'attempt': 1, 'namespace': 'default', 'run_id': '019bc001-92b8-7a7b-9608-019b5d7628bd', 'task_queue': 'comfyui-gpu-farm', 'workflow_id': 'chain-image-edit-to-video-pipeline-9e355cc5-2e17-4ead-9013-e0caa3349809', 'workflow_type': 'ChainExecutorWorkflow'})
2026-01-15 10:24:47,262 - temporalio.workflow - INFO - Retry number: 0 ({'attempt': 1, 'namespace': 'default', 'run_id': '019bc001-92b8-7a7b-9608-019b5d7628bd', 'task_queue': 'comfyui-gpu-farm', 'workflow_id': 'chain-image-edit-to-video-pipeline-9e355cc5-2e17-4ead-9013-e0caa3349809', 'workflow_type': 'ChainExecutorWorkflow'})
2026-01-15 10:24:47,262 - temporalio.workflow - INFO - Cached steps: [] ({'attempt': 1, 'namespace': 'default', 'run_id': '019bc001-92b8-7a7b-9608-019b5d7628bd', 'task_queue': 'comfyui-gpu-farm', 'workflow_id': 'chain-image-edit-to-video-pipeline-9e355cc5-2e17-4ead-9013-e0caa3349809', 'workflow_type': 'ChainExecutorWorkflow'})
2026-01-15 10:24:47,263 - temporalio.workflow - INFO - Total levels: 3 ({'attempt': 1, 'namespace': 'default', 'run_id': '019bc001-92b8-7a7b-9608-019b5d7628bd', 'task_queue': 'comfyui-gpu-farm', 'workflow_id': 'chain-image-edit-to-video-pipeline-9e355cc5-2e17-4ead-9013-e0caa3349809', 'workflow_type': 'ChainExecutorWorkflow'})
2026-01-15 10:24:47,263 - temporalio.workflow - INFO - Using chain ID: 65f3c073-7718-4d2c-9a7f-a96cff2dae0f ({'attempt': 1, 'namespace': 'default', 'run_id': '019bc001-92b8-7a7b-9608-019b5d7628bd', 'task_queue': 'comfyui-gpu-farm', 'workflow_id': 'chain-image-edit-to-video-pipeline-9e355cc5-2e17-4ead-9013-e0caa3349809', 'workflow_type': 'ChainExecutorWorkflow'})
2026-01-15 10:24:47,278 - temporalio.activity - INFO - Updating chain 65f3c073-7718-4d2c-9a7f-a96cff2dae0f status to: executing_level_0 ({'activity_id': '1', 'activity_type': 'update_chain_status_activity', 'attempt': 1, 'namespace': 'default', 'task_queue': 'comfyui-gpu-farm', 'workflow_id': 'chain-image-edit-to-video-pipeline-9e355cc5-2e17-4ead-9013-e0caa3349809', 'workflow_run_id': '019bc001-92b8-7a7b-9608-019b5d7628bd', 'workflow_type': 'ChainExecutorWorkflow'})
2026-01-15 10:24:47,286 - temporalio.activity - INFO - ✓ Updated chain status ({'activity_id': '1', 'activity_type': 'update_chain_status_activity', 'attempt': 1, 'namespace': 'default', 'task_queue': 'comfyui-gpu-farm', 'workflow_id': 'chain-image-edit-to-video-pipeline-9e355cc5-2e17-4ead-9013-e0caa3349809', 'workflow_run_id': '019bc001-92b8-7a7b-9608-019b5d7628bd', 'workflow_type': 'ChainExecutorWorkflow'})
2026-01-15 10:24:47,300 - temporalio.workflow - INFO - Level 0: Executing 2 step(s) ({'attempt': 1, 'namespace': 'default', 'run_id': '019bc001-92b8-7a7b-9608-019b5d7628bd', 'task_queue': 'comfyui-gpu-farm', 'workflow_id': 'chain-image-edit-to-video-pipeline-9e355cc5-2e17-4ead-9013-e0caa3349809', 'workflow_type': 'ChainExecutorWorkflow'})
2026-01-15 10:24:47,300 - temporalio.workflow - INFO - Executing step: extract_frame1 ({'attempt': 1, 'namespace': 'default', 'run_id': '019bc001-92b8-7a7b-9608-019b5d7628bd', 'task_queue': 'comfyui-gpu-farm', 'workflow_id': 'chain-image-edit-to-video-pipeline-9e355cc5-2e17-4ead-9013-e0caa3349809', 'workflow_type': 'ChainExecutorWorkflow'})
2026-01-15 10:24:47,301 - temporalio.workflow - INFO - Executing step: extract_frame2 ({'attempt': 1, 'namespace': 'default', 'run_id': '019bc001-92b8-7a7b-9608-019b5d7628bd', 'task_queue': 'comfyui-gpu-farm', 'workflow_id': 'chain-image-edit-to-video-pipeline-9e355cc5-2e17-4ead-9013-e0caa3349809', 'workflow_type': 'ChainExecutorWorkflow'})
2026-01-15 10:24:47,312 - temporalio.activity - INFO - Resolving templates in parameters ({'activity_id': '3', 'activity_type': 'resolve_chain_templates', 'attempt': 1, 'namespace': 'default', 'task_queue': 'comfyui-gpu-farm', 'workflow_id': 'chain-image-edit-to-video-pipeline-9e355cc5-2e17-4ead-9013-e0caa3349809', 'workflow_run_id': '019bc001-92b8-7a7b-9608-019b5d7628bd', 'workflow_type': 'ChainExecutorWorkflow'})
2026-01-15 10:24:47,312 - temporalio.activity - INFO - Templates resolved successfully ({'activity_id': '3', 'activity_type': 'resolve_chain_templates', 'attempt': 1, 'namespace': 'default', 'task_queue': 'comfyui-gpu-farm', 'workflow_id': 'chain-image-edit-to-video-pipeline-9e355cc5-2e17-4ead-9013-e0caa3349809', 'workflow_run_id': '019bc001-92b8-7a7b-9608-019b5d7628bd', 'workflow_type': 'ChainExecutorWorkflow'})
2026-01-15 10:24:47,314 - temporalio.activity - INFO - Resolving templates in parameters ({'activity_id': '2', 'activity_type': 'resolve_chain_templates', 'attempt': 1, 'namespace': 'default', 'task_queue': 'comfyui-gpu-farm', 'workflow_id': 'chain-image-edit-to-video-pipeline-9e355cc5-2e17-4ead-9013-e0caa3349809', 'workflow_run_id': '019bc001-92b8-7a7b-9608-019b5d7628bd', 'workflow_type': 'ChainExecutorWorkflow'})
2026-01-15 10:24:47,314 - temporalio.activity - INFO - Templates resolved successfully ({'activity_id': '2', 'activity_type': 'resolve_chain_templates', 'attempt': 1, 'namespace': 'default', 'task_queue': 'comfyui-gpu-farm', 'workflow_id': 'chain-image-edit-to-video-pipeline-9e355cc5-2e17-4ead-9013-e0caa3349809', 'workflow_run_id': '019bc001-92b8-7a7b-9608-019b5d7628bd', 'workflow_type': 'ChainExecutorWorkflow'})
2026-01-15 10:24:47,338 - temporalio.activity - INFO - Applying parameters to workflow: imageSave ({'activity_id': '5', 'activity_type': 'apply_workflow_parameters', 'attempt': 1, 'namespace': 'default', 'task_queue': 'comfyui-gpu-farm', 'workflow_id': 'chain-image-edit-to-video-pipeline-9e355cc5-2e17-4ead-9013-e0caa3349809', 'workflow_run_id': '019bc001-92b8-7a7b-9608-019b5d7628bd', 'workflow_type': 'ChainExecutorWorkflow'})
2026-01-15 10:24:47,338 - temporal_gateway.registry - INFO - Applied override: 1.frame_load_cap = 1
2026-01-15 10:24:47,338 - temporal_gateway.registry - INFO - Applied override: 1.select_every_nth = 1
2026-01-15 10:24:47,338 - temporal_gateway.registry - INFO - Applied override: 1.skip_first_frames = 0
2026-01-15 10:24:47,338 - temporal_gateway.registry - INFO - Applied override: 1.video = ComfyUI_00012_.mp4
2026-01-15 10:24:47,338 - temporalio.activity - INFO - Parameters applied successfully ({'activity_id': '5', 'activity_type': 'apply_workflow_parameters', 'attempt': 1, 'namespace': 'default', 'task_queue': 'comfyui-gpu-farm', 'workflow_id': 'chain-image-edit-to-video-pipeline-9e355cc5-2e17-4ead-9013-e0caa3349809', 'workflow_run_id': '019bc001-92b8-7a7b-9608-019b5d7628bd', 'workflow_type': 'ChainExecutorWorkflow'})
2026-01-15 10:24:47,340 - temporalio.activity - INFO - Applying parameters to workflow: imageSave ({'activity_id': '4', 'activity_type': 'apply_workflow_parameters', 'attempt': 1, 'namespace': 'default', 'task_queue': 'comfyui-gpu-farm', 'workflow_id': 'chain-image-edit-to-video-pipeline-9e355cc5-2e17-4ead-9013-e0caa3349809', 'workflow_run_id': '019bc001-92b8-7a7b-9608-019b5d7628bd', 'workflow_type': 'ChainExecutorWorkflow'})
2026-01-15 10:24:47,340 - temporal_gateway.registry - INFO - Applied override: 1.frame_load_cap = 1
2026-01-15 10:24:47,340 - temporal_gateway.registry - INFO - Applied override: 1.select_every_nth = 1
2026-01-15 10:24:47,341 - temporal_gateway.registry - INFO - Applied override: 1.skip_first_frames = 172
2026-01-15 10:24:47,341 - temporal_gateway.registry - INFO - Applied override: 1.video = ComfyUI_00012_.mp4
2026-01-15 10:24:47,341 - temporalio.activity - INFO - Parameters applied successfully ({'activity_id': '4', 'activity_type': 'apply_workflow_parameters', 'attempt': 1, 'namespace': 'default', 'task_queue': 'comfyui-gpu-farm', 'workflow_id': 'chain-image-edit-to-video-pipeline-9e355cc5-2e17-4ead-9013-e0caa3349809', 'workflow_run_id': '019bc001-92b8-7a7b-9608-019b5d7628bd', 'workflow_type': 'ChainExecutorWorkflow'})
2026-01-15 10:24:47,359 - temporalio.activity - INFO - Selecting server with strategy: least_loaded ({'activity_id': '7', 'activity_type': 'select_best_server', 'attempt': 1, 'namespace': 'default', 'task_queue': 'comfyui-gpu-farm', 'workflow_id': 'chain-image-edit-to-video-pipeline-9e355cc5-2e17-4ead-9013-e0caa3349809', 'workflow_run_id': '019bc001-92b8-7a7b-9608-019b5d7628bd', 'workflow_type': 'ChainExecutorWorkflow'})
2026-01-15 10:24:47,417 - temporalio.activity - INFO - Selecting server with strategy: least_loaded ({'activity_id': '6', 'activity_type': 'select_best_server', 'attempt': 1, 'namespace': 'default', 'task_queue': 'comfyui-gpu-farm', 'workflow_id': 'chain-image-edit-to-video-pipeline-9e355cc5-2e17-4ead-9013-e0caa3349809', 'workflow_run_id': '019bc001-92b8-7a7b-9608-019b5d7628bd', 'workflow_type': 'ChainExecutorWorkflow'})
2026-01-15 10:24:47,514 - httpx - INFO - HTTP Request: GET http://procure-x.testmcp.org/system_stats "HTTP/1.1 200 OK"
2026-01-15 10:24:47,530 - httpx - INFO - HTTP Request: GET http://procure-x.testmcp.org/queue "HTTP/1.1 200 OK"
2026-01-15 10:24:47,533 - httpx - INFO - HTTP Request: GET http://procure-x.testmcp.org/system_stats "HTTP/1.1 200 OK"
2026-01-15 10:24:47,534 - temporal_gateway.servers.load_balancer - INFO - Selected server procure-x (queue_depth=0, gpu_mem=0.0%)
2026-01-15 10:24:47,534 - temporalio.activity - INFO - Selected server: procure-x (http://procure-x.testmcp.org) ({'activity_id': '7', 'activity_type': 'select_best_server', 'attempt': 1, 'namespace': 'default', 'task_queue': 'comfyui-gpu-farm', 'workflow_id': 'chain-image-edit-to-video-pipeline-9e355cc5-2e17-4ead-9013-e0caa3349809', 'workflow_run_id': '019bc001-92b8-7a7b-9608-019b5d7628bd', 'workflow_type': 'ChainExecutorWorkflow'})
2026-01-15 10:24:47,544 - temporalio.workflow - INFO - Step extract_frame2: Server http://procure-x.testmcp.org ({'attempt': 1, 'namespace': 'default', 'run_id': '019bc001-92b8-7a7b-9608-019b5d7628bd', 'task_queue': 'comfyui-gpu-farm', 'workflow_id': 'chain-image-edit-to-video-pipeline-9e355cc5-2e17-4ead-9013-e0caa3349809', 'workflow_type': 'ChainExecutorWorkflow'})
2026-01-15 10:24:47,549 - httpx - INFO - HTTP Request: GET http://procure-x.testmcp.org/queue "HTTP/1.1 200 OK"
2026-01-15 10:24:47,552 - temporal_gateway.servers.load_balancer - INFO - Selected server procure-x (queue_depth=0, gpu_mem=0.0%)
2026-01-15 10:24:47,552 - temporalio.activity - INFO - Selected server: procure-x (http://procure-x.testmcp.org) ({'activity_id': '6', 'activity_type': 'select_best_server', 'attempt': 1, 'namespace': 'default', 'task_queue': 'comfyui-gpu-farm', 'workflow_id': 'chain-image-edit-to-video-pipeline-9e355cc5-2e17-4ead-9013-e0caa3349809', 'workflow_run_id': '019bc001-92b8-7a7b-9608-019b5d7628bd', 'workflow_type': 'ChainExecutorWorkflow'})
2026-01-15 10:24:47,554 - temporalio.activity - INFO - Creating workflow record: imageSave (prompt: pending) ({'activity_id': '8', 'activity_type': 'create_workflow_record', 'attempt': 1, 'namespace': 'default', 'task_queue': 'comfyui-gpu-farm', 'workflow_id': 'chain-image-edit-to-video-pipeline-9e355cc5-2e17-4ead-9013-e0caa3349809', 'workflow_run_id': '019bc001-92b8-7a7b-9608-019b5d7628bd', 'workflow_type': 'ChainExecutorWorkflow'})
2026-01-15 10:24:47,558 - temporalio.activity - INFO - ✓ Created workflow record: a8ccde8e-930f-4901-ae66-52753802f912 ({'activity_id': '8', 'activity_type': 'create_workflow_record', 'attempt': 1, 'namespace': 'default', 'task_queue': 'comfyui-gpu-farm', 'workflow_id': 'chain-image-edit-to-video-pipeline-9e355cc5-2e17-4ead-9013-e0caa3349809', 'workflow_run_id': '019bc001-92b8-7a7b-9608-019b5d7628bd', 'workflow_type': 'ChainExecutorWorkflow'})
2026-01-15 10:24:47,562 - temporalio.workflow - INFO - Step extract_frame1: Server http://procure-x.testmcp.org ({'attempt': 1, 'namespace': 'default', 'run_id': '019bc001-92b8-7a7b-9608-019b5d7628bd', 'task_queue': 'comfyui-gpu-farm', 'workflow_id': 'chain-image-edit-to-video-pipeline-9e355cc5-2e17-4ead-9013-e0caa3349809', 'workflow_type': 'ChainExecutorWorkflow'})
2026-01-15 10:24:47,573 - temporalio.activity - INFO - Creating workflow record: imageSave (prompt: pending) ({'activity_id': '9', 'activity_type': 'create_workflow_record', 'attempt': 1, 'namespace': 'default', 'task_queue': 'comfyui-gpu-farm', 'workflow_id': 'chain-image-edit-to-video-pipeline-9e355cc5-2e17-4ead-9013-e0caa3349809', 'workflow_run_id': '019bc001-92b8-7a7b-9608-019b5d7628bd', 'workflow_type': 'ChainExecutorWorkflow'})
2026-01-15 10:24:47,576 - temporalio.activity - INFO - ✓ Created workflow record: dc7f9cf0-ec9d-4345-8ce8-6f719d59f1e1 ({'activity_id': '9', 'activity_type': 'create_workflow_record', 'attempt': 1, 'namespace': 'default', 'task_queue': 'comfyui-gpu-farm', 'workflow_id': 'chain-image-edit-to-video-pipeline-9e355cc5-2e17-4ead-9013-e0caa3349809', 'workflow_run_id': '019bc001-92b8-7a7b-9608-019b5d7628bd', 'workflow_type': 'ChainExecutorWorkflow'})
2026-01-15 10:24:47,597 - temporalio.workflow - INFO - Starting ComfyUI workflow execution ({'attempt': 1, 'namespace': 'default', 'run_id': '019bc001-9417-757e-8466-2245ed51dd8f', 'task_queue': 'comfyui-gpu-farm', 'workflow_id': 'chain-image-edit-to-video-pipeline-9e355cc5-2e17-4ead-9013-e0caa3349809-extract_frame2', 'workflow_type': 'ComfyUIWorkflow'})
2026-01-15 10:24:47,597 - temporalio.workflow - INFO - Generated client_id: 6c455ecf-d04d-43c3-b1f0-69dd5c3f4cb3 ({'attempt': 1, 'namespace': 'default', 'run_id': '019bc001-9417-757e-8466-2245ed51dd8f', 'task_queue': 'comfyui-gpu-farm', 'workflow_id': 'chain-image-edit-to-video-pipeline-9e355cc5-2e17-4ead-9013-e0caa3349809-extract_frame2', 'workflow_type': 'ComfyUIWorkflow'})
2026-01-15 10:24:47,597 - temporalio.workflow - INFO - Using pre-selected server: http://procure-x.testmcp.org ({'attempt': 1, 'namespace': 'default', 'run_id': '019bc001-9417-757e-8466-2245ed51dd8f', 'task_queue': 'comfyui-gpu-farm', 'workflow_id': 'chain-image-edit-to-video-pipeline-9e355cc5-2e17-4ead-9013-e0caa3349809-extract_frame2', 'workflow_type': 'ComfyUIWorkflow'})
2026-01-15 10:24:47,609 - temporalio.activity - INFO - [V3] Executing workflow on http://procure-x.testmcp.org ({'activity_id': '1', 'activity_type': 'execute_and_track_workflow', 'attempt': 1, 'namespace': 'default', 'task_queue': 'comfyui-gpu-farm', 'workflow_id': 'chain-image-edit-to-video-pipeline-9e355cc5-2e17-4ead-9013-e0caa3349809-extract_frame2', 'workflow_run_id': '019bc001-9417-757e-8466-2245ed51dd8f', 'workflow_type': 'ComfyUIWorkflow'})
2026-01-15 10:24:47,610 - temporalio.activity - INFO - [V3] Workflow name: imageSave ({'activity_id': '1', 'activity_type': 'execute_and_track_workflow', 'attempt': 1, 'namespace': 'default', 'task_queue': 'comfyui-gpu-farm', 'workflow_id': 'chain-image-edit-to-video-pipeline-9e355cc5-2e17-4ead-9013-e0caa3349809-extract_frame2', 'workflow_run_id': '019bc001-9417-757e-8466-2245ed51dd8f', 'workflow_type': 'ComfyUIWorkflow'})
2026-01-15 10:24:47,658 - temporal_gateway.clients.comfy.client - INFO - ComfyUI client initialized for http://procure-x.testmcp.org
2026-01-15 10:24:47,658 - temporal_gateway.clients.comfy.client - INFO - Submitting workflow to ComfyUI
2026-01-15 10:24:47,667 - temporalio.workflow - INFO - Starting ComfyUI workflow execution ({'attempt': 1, 'namespace': 'default', 'run_id': '019bc001-9429-77f9-b790-3ad082392313', 'task_queue': 'comfyui-gpu-farm', 'workflow_id': 'chain-image-edit-to-video-pipeline-9e355cc5-2e17-4ead-9013-e0caa3349809-extract_frame1', 'workflow_type': 'ComfyUIWorkflow'})
2026-01-15 10:24:47,668 - temporalio.workflow - INFO - Generated client_id: 86ab34b6-22ac-4ae0-bbba-817a60452c01 ({'attempt': 1, 'namespace': 'default', 'run_id': '019bc001-9429-77f9-b790-3ad082392313', 'task_queue': 'comfyui-gpu-farm', 'workflow_id': 'chain-image-edit-to-video-pipeline-9e355cc5-2e17-4ead-9013-e0caa3349809-extract_frame1', 'workflow_type': 'ComfyUIWorkflow'})
2026-01-15 10:24:47,669 - temporalio.workflow - INFO - Using pre-selected server: http://procure-x.testmcp.org ({'attempt': 1, 'namespace': 'default', 'run_id': '019bc001-9429-77f9-b790-3ad082392313', 'task_queue': 'comfyui-gpu-farm', 'workflow_id': 'chain-image-edit-to-video-pipeline-9e355cc5-2e17-4ead-9013-e0caa3349809-extract_frame1', 'workflow_type': 'ComfyUIWorkflow'})
2026-01-15 10:24:47,677 - temporalio.activity - INFO - [V3] Executing workflow on http://procure-x.testmcp.org ({'activity_id': '1', 'activity_type': 'execute_and_track_workflow', 'attempt': 1, 'namespace': 'default', 'task_queue': 'comfyui-gpu-farm', 'workflow_id': 'chain-image-edit-to-video-pipeline-9e355cc5-2e17-4ead-9013-e0caa3349809-extract_frame1', 'workflow_run_id': '019bc001-9429-77f9-b790-3ad082392313', 'workflow_type': 'ComfyUIWorkflow'})
2026-01-15 10:24:47,677 - temporalio.activity - INFO - [V3] Workflow name: imageSave ({'activity_id': '1', 'activity_type': 'execute_and_track_workflow', 'attempt': 1, 'namespace': 'default', 'task_queue': 'comfyui-gpu-farm', 'workflow_id': 'chain-image-edit-to-video-pipeline-9e355cc5-2e17-4ead-9013-e0caa3349809-extract_frame1', 'workflow_run_id': '019bc001-9429-77f9-b790-3ad082392313', 'workflow_type': 'ComfyUIWorkflow'})
2026-01-15 10:24:47,725 - temporal_gateway.clients.comfy.client - INFO - ComfyUI client initialized for http://procure-x.testmcp.org
2026-01-15 10:24:47,726 - temporal_gateway.clients.comfy.client - INFO - Submitting workflow to ComfyUI
2026-01-15 10:24:47,727 - httpx - INFO - HTTP Request: POST http://procure-x.testmcp.org/prompt "HTTP/1.1 200 OK"
2026-01-15 10:24:47,728 - temporal_gateway.clients.comfy.client - INFO - Workflow queued with prompt_id: 0306e44d-a2ac-4632-af49-6fffadf89f6f
2026-01-15 10:24:47,728 - temporal_gateway.clients.comfy.tracker - INFO - Starting execution tracking for prompt 0306e44d-a2ac-4632-af49-6fffadf89f6f
2026-01-15 10:24:47,729 - temporal_gateway.clients.comfy.tracker - INFO - Starting history polling
2026-01-15 10:24:47,729 - temporal_gateway.clients.comfy.tracker - INFO - Starting WebSocket listener
2026-01-15 10:24:47,729 - temporal_gateway.clients.comfy.websocket - INFO - Connecting to WebSocket: ws://procure-x.testmcp.org/ws?clientId=a8694c20-4214-44d4-b1ed-a5b13565accd
2026-01-15 10:24:48,038 - httpx - INFO - HTTP Request: GET http://procure-x.testmcp.org/history/0306e44d-a2ac-4632-af49-6fffadf89f6f "HTTP/1.1 200 OK"
2026-01-15 10:24:48,040 - temporal_gateway.clients.comfy.tracker - INFO - [POLL] Found in history: success
2026-01-15 10:24:48,040 - temporal_gateway.clients.comfy.tracker - INFO - Tracking completed: success (took 0.31s)
2026-01-15 10:24:48,040 - temporalio.activity - INFO - [V3] Workflow completed successfully ({'activity_id': '1', 'activity_type': 'execute_and_track_workflow', 'attempt': 1, 'namespace': 'default', 'task_queue': 'comfyui-gpu-farm', 'workflow_id': 'chain-image-edit-to-video-pipeline-9e355cc5-2e17-4ead-9013-e0caa3349809-extract_frame2', 'workflow_run_id': '019bc001-9417-757e-8466-2245ed51dd8f', 'workflow_type': 'ComfyUIWorkflow'})
2026-01-15 10:24:48,052 - temporalio.workflow - INFO - Execution completed successfully ({'attempt': 1, 'namespace': 'default', 'run_id': '019bc001-9417-757e-8466-2245ed51dd8f', 'task_queue': 'comfyui-gpu-farm', 'workflow_id': 'chain-image-edit-to-video-pipeline-9e355cc5-2e17-4ead-9013-e0caa3349809-extract_frame2', 'workflow_type': 'ComfyUIWorkflow'})
2026-01-15 10:24:48,053 - httpx - INFO - HTTP Request: POST http://procure-x.testmcp.org/prompt "HTTP/1.1 200 OK"
2026-01-15 10:24:48,055 - temporal_gateway.clients.comfy.client - INFO - Workflow queued with prompt_id: e256d3c3-71db-47b6-9f1f-c8c4332c4fde
2026-01-15 10:24:48,055 - temporal_gateway.clients.comfy.tracker - INFO - Starting execution tracking for prompt e256d3c3-71db-47b6-9f1f-c8c4332c4fde
2026-01-15 10:24:48,055 - temporal_gateway.clients.comfy.tracker - INFO - Starting history polling
2026-01-15 10:24:48,056 - temporal_gateway.clients.comfy.tracker - INFO - Starting WebSocket listener
2026-01-15 10:24:48,056 - temporal_gateway.clients.comfy.websocket - INFO - Connecting to WebSocket: ws://procure-x.testmcp.org/ws?clientId=a7681e49-b9ad-47be-bcc8-b63811347cd2
2026-01-15 10:24:48,070 - httpx - INFO - HTTP Request: GET http://procure-x.testmcp.org/history/e256d3c3-71db-47b6-9f1f-c8c4332c4fde "HTTP/1.1 200 OK"
2026-01-15 10:24:48,073 - temporalio.activity - INFO - Extracting server output files ({'activity_id': '2', 'activity_type': 'get_server_output_files', 'attempt': 1, 'namespace': 'default', 'task_queue': 'comfyui-gpu-farm', 'workflow_id': 'chain-image-edit-to-video-pipeline-9e355cc5-2e17-4ead-9013-e0caa3349809-extract_frame2', 'workflow_run_id': '019bc001-9417-757e-8466-2245ed51dd8f', 'workflow_type': 'ComfyUIWorkflow'})
2026-01-15 10:24:48,073 - temporalio.activity - INFO - Found 1 output file(s) ({'activity_id': '2', 'activity_type': 'get_server_output_files', 'attempt': 1, 'namespace': 'default', 'task_queue': 'comfyui-gpu-farm', 'workflow_id': 'chain-image-edit-to-video-pipeline-9e355cc5-2e17-4ead-9013-e0caa3349809-extract_frame2', 'workflow_run_id': '019bc001-9417-757e-8466-2245ed51dd8f', 'workflow_type': 'ComfyUIWorkflow'})
2026-01-15 10:24:48,084 - temporalio.workflow - INFO - Found 1 server output file(s) ({'attempt': 1, 'namespace': 'default', 'run_id': '019bc001-9417-757e-8466-2245ed51dd8f', 'task_queue': 'comfyui-gpu-farm', 'workflow_id': 'chain-image-edit-to-video-pipeline-9e355cc5-2e17-4ead-9013-e0caa3349809-extract_frame2', 'workflow_type': 'ComfyUIWorkflow'})
2026-01-15 10:24:48,087 - temporal_gateway.clients.comfy.websocket - INFO - WebSocket connected successfully
2026-01-15 10:24:48,096 - temporalio.activity - INFO - Downloading and persisting 1 artifact(s) for workflow a8ccde8e-930f-4901-ae66-52753802f912 ({'activity_id': '3', 'activity_type': 'download_and_store_artifacts', 'attempt': 1, 'namespace': 'default', 'task_queue': 'comfyui-gpu-farm', 'workflow_id': 'chain-image-edit-to-video-pipeline-9e355cc5-2e17-4ead-9013-e0caa3349809-extract_frame2', 'workflow_run_id': '019bc001-9417-757e-8466-2245ed51dd8f', 'workflow_type': 'ComfyUIWorkflow'})
2026-01-15 10:24:48,145 - temporal_gateway.clients.comfy.client - INFO - ComfyUI client initialized for http://procure-x.testmcp.org
2026-01-15 10:24:48,155 - temporal_gateway.clients.comfy.tracker - INFO - [WS] Execution completed successfully
2026-01-15 10:24:48,167 - httpx - INFO - HTTP Request: GET http://procure-x.testmcp.org/history/e256d3c3-71db-47b6-9f1f-c8c4332c4fde "HTTP/1.1 200 OK"
2026-01-15 10:24:48,168 - temporal_gateway.clients.comfy.tracker - INFO - Tracking completed: success (took 0.11s)
2026-01-15 10:24:48,169 - temporalio.activity - INFO - [V3] Workflow completed successfully ({'activity_id': '1', 'activity_type': 'execute_and_track_workflow', 'attempt': 1, 'namespace': 'default', 'task_queue': 'comfyui-gpu-farm', 'workflow_id': 'chain-image-edit-to-video-pipeline-9e355cc5-2e17-4ead-9013-e0caa3349809-extract_frame1', 'workflow_run_id': '019bc001-9429-77f9-b790-3ad082392313', 'workflow_type': 'ComfyUIWorkflow'})
2026-01-15 10:24:48,178 - temporalio.workflow - INFO - Execution completed successfully ({'attempt': 1, 'namespace': 'default', 'run_id': '019bc001-9429-77f9-b790-3ad082392313', 'task_queue': 'comfyui-gpu-farm', 'workflow_id': 'chain-image-edit-to-video-pipeline-9e355cc5-2e17-4ead-9013-e0caa3349809-extract_frame1', 'workflow_type': 'ComfyUIWorkflow'})
2026-01-15 10:24:48,181 - httpx - INFO - HTTP Request: GET http://procure-x.testmcp.org/view?filename=ComfyUI_00303_.png&type=output "HTTP/1.1 200 OK"
2026-01-15 10:24:48,188 - temporalio.activity - INFO - Extracting server output files ({'activity_id': '2', 'activity_type': 'get_server_output_files', 'attempt': 1, 'namespace': 'default', 'task_queue': 'comfyui-gpu-farm', 'workflow_id': 'chain-image-edit-to-video-pipeline-9e355cc5-2e17-4ead-9013-e0caa3349809-extract_frame1', 'workflow_run_id': '019bc001-9429-77f9-b790-3ad082392313', 'workflow_type': 'ComfyUIWorkflow'})
2026-01-15 10:24:48,188 - temporalio.activity - INFO - Found 1 output file(s) ({'activity_id': '2', 'activity_type': 'get_server_output_files', 'attempt': 1, 'namespace': 'default', 'task_queue': 'comfyui-gpu-farm', 'workflow_id': 'chain-image-edit-to-video-pipeline-9e355cc5-2e17-4ead-9013-e0caa3349809-extract_frame1', 'workflow_run_id': '019bc001-9429-77f9-b790-3ad082392313', 'workflow_type': 'ComfyUIWorkflow'})
2026-01-15 10:24:48,197 - temporalio.workflow - INFO - Found 1 server output file(s) ({'attempt': 1, 'namespace': 'default', 'run_id': '019bc001-9429-77f9-b790-3ad082392313', 'task_queue': 'comfyui-gpu-farm', 'workflow_id': 'chain-image-edit-to-video-pipeline-9e355cc5-2e17-4ead-9013-e0caa3349809-extract_frame1', 'workflow_type': 'ComfyUIWorkflow'})
2026-01-15 10:24:48,211 - temporalio.activity - INFO - ✓ Saved artifact to DB: 8045b900-cd11-4898-a318-ca226f3b9827 (ComfyUI_00303_.png) ({'activity_id': '3', 'activity_type': 'download_and_store_artifacts', 'attempt': 1, 'namespace': 'default', 'task_queue': 'comfyui-gpu-farm', 'workflow_id': 'chain-image-edit-to-video-pipeline-9e355cc5-2e17-4ead-9013-e0caa3349809-extract_frame2', 'workflow_run_id': '019bc001-9417-757e-8466-2245ed51dd8f', 'workflow_type': 'ComfyUIWorkflow'})
2026-01-15 10:24:48,212 - temporalio.activity - INFO - Downloaded and persisted 1 artifact(s) ({'activity_id': '3', 'activity_type': 'download_and_store_artifacts', 'attempt': 1, 'namespace': 'default', 'task_queue': 'comfyui-gpu-farm', 'workflow_id': 'chain-image-edit-to-video-pipeline-9e355cc5-2e17-4ead-9013-e0caa3349809-extract_frame2', 'workflow_run_id': '019bc001-9417-757e-8466-2245ed51dd8f', 'workflow_type': 'ComfyUIWorkflow'})
2026-01-15 10:24:48,212 - temporalio.activity - INFO - Downloading and persisting 1 artifact(s) for workflow dc7f9cf0-ec9d-4345-8ce8-6f719d59f1e1 ({'activity_id': '3', 'activity_type': 'download_and_store_artifacts', 'attempt': 1, 'namespace': 'default', 'task_queue': 'comfyui-gpu-farm', 'workflow_id': 'chain-image-edit-to-video-pipeline-9e355cc5-2e17-4ead-9013-e0caa3349809-extract_frame1', 'workflow_run_id': '019bc001-9429-77f9-b790-3ad082392313', 'workflow_type': 'ComfyUIWorkflow'})
2026-01-15 10:24:48,262 - temporal_gateway.clients.comfy.client - INFO - ComfyUI client initialized for http://procure-x.testmcp.org
2026-01-15 10:24:48,264 - temporalio.workflow - INFO - Downloaded 1 file(s) locally ({'attempt': 1, 'namespace': 'default', 'run_id': '019bc001-9417-757e-8466-2245ed51dd8f', 'task_queue': 'comfyui-gpu-farm', 'workflow_id': 'chain-image-edit-to-video-pipeline-9e355cc5-2e17-4ead-9013-e0caa3349809-extract_frame2', 'workflow_type': 'ComfyUIWorkflow'})
2026-01-15 10:24:48,292 - temporalio.activity - INFO - Updating workflow a8ccde8e-930f-4901-ae66-52753802f912 status to: completed ({'activity_id': '10', 'activity_type': 'update_workflow_status_activity', 'attempt': 1, 'namespace': 'default', 'task_queue': 'comfyui-gpu-farm', 'workflow_id': 'chain-image-edit-to-video-pipeline-9e355cc5-2e17-4ead-9013-e0caa3349809', 'workflow_run_id': '019bc001-92b8-7a7b-9608-019b5d7628bd', 'workflow_type': 'ChainExecutorWorkflow'})
2026-01-15 10:24:48,299 - temporalio.activity - INFO - ✓ Updated workflow status ({'activity_id': '10', 'activity_type': 'update_workflow_status_activity', 'attempt': 1, 'namespace': 'default', 'task_queue': 'comfyui-gpu-farm', 'workflow_id': 'chain-image-edit-to-video-pipeline-9e355cc5-2e17-4ead-9013-e0caa3349809', 'workflow_run_id': '019bc001-92b8-7a7b-9608-019b5d7628bd', 'workflow_type': 'ChainExecutorWorkflow'})
2026-01-15 10:24:48,300 - httpx - INFO - HTTP Request: GET http://procure-x.testmcp.org/view?filename=ComfyUI_00304_.png&type=output "HTTP/1.1 200 OK"
2026-01-15 10:24:48,323 - temporalio.activity - INFO - ✓ Saved artifact to DB: 9a0fbd80-1811-4bbb-a5de-467187e42ab2 (ComfyUI_00304_.png) ({'activity_id': '3', 'activity_type': 'download_and_store_artifacts', 'attempt': 1, 'namespace': 'default', 'task_queue': 'comfyui-gpu-farm', 'workflow_id': 'chain-image-edit-to-video-pipeline-9e355cc5-2e17-4ead-9013-e0caa3349809-extract_frame1', 'workflow_run_id': '019bc001-9429-77f9-b790-3ad082392313', 'workflow_type': 'ComfyUIWorkflow'})
2026-01-15 10:24:48,324 - temporalio.activity - INFO - Downloaded and persisted 1 artifact(s) ({'activity_id': '3', 'activity_type': 'download_and_store_artifacts', 'attempt': 1, 'namespace': 'default', 'task_queue': 'comfyui-gpu-farm', 'workflow_id': 'chain-image-edit-to-video-pipeline-9e355cc5-2e17-4ead-9013-e0caa3349809-extract_frame1', 'workflow_run_id': '019bc001-9429-77f9-b790-3ad082392313', 'workflow_type': 'ComfyUIWorkflow'})
2026-01-15 10:24:48,324 - temporalio.activity - INFO - Getting artifacts for workflow: a8ccde8e-930f-4901-ae66-52753802f912 ({'activity_id': '11', 'activity_type': 'get_workflow_artifacts', 'attempt': 1, 'namespace': 'default', 'task_queue': 'comfyui-gpu-farm', 'workflow_id': 'chain-image-edit-to-video-pipeline-9e355cc5-2e17-4ead-9013-e0caa3349809', 'workflow_run_id': '019bc001-92b8-7a7b-9608-019b5d7628bd', 'workflow_type': 'ChainExecutorWorkflow'})
2026-01-15 10:24:48,336 - temporalio.workflow - INFO - Downloaded 1 file(s) locally ({'attempt': 1, 'namespace': 'default', 'run_id': '019bc001-9429-77f9-b790-3ad082392313', 'task_queue': 'comfyui-gpu-farm', 'workflow_id': 'chain-image-edit-to-video-pipeline-9e355cc5-2e17-4ead-9013-e0caa3349809-extract_frame1', 'workflow_type': 'ComfyUIWorkflow'})
2026-01-15 10:24:48,350 - temporalio.activity - INFO - Creating approval request for artifact: 8045b900-cd11-4898-a318-ca226f3b9827 ({'activity_id': '12', 'activity_type': 'create_approval_request_activity', 'attempt': 1, 'namespace': 'default', 'task_queue': 'comfyui-gpu-farm', 'workflow_id': 'chain-image-edit-to-video-pipeline-9e355cc5-2e17-4ead-9013-e0caa3349809', 'workflow_run_id': '019bc001-92b8-7a7b-9608-019b5d7628bd', 'workflow_type': 'ChainExecutorWorkflow'})
2026-01-15 10:24:48,357 - temporalio.activity - INFO - ✓ Created approval request: edef32e1-9c41-4dd4-8213-36b0fd0277e1, token: AhhD0W7dDXqq0dUl... ({'activity_id': '12', 'activity_type': 'create_approval_request_activity', 'attempt': 1, 'namespace': 'default', 'task_queue': 'comfyui-gpu-farm', 'workflow_id': 'chain-image-edit-to-video-pipeline-9e355cc5-2e17-4ead-9013-e0caa3349809', 'workflow_run_id': '019bc001-92b8-7a7b-9608-019b5d7628bd', 'workflow_type': 'ChainExecutorWorkflow'})
2026-01-15 10:24:48,358 - temporal_gateway.services.broadcast - INFO - Published approval_requested to chain:65f3c073-7718-4d2c-9a7f-a96cff2dae0f
2026-01-15 10:24:48,358 - temporalio.activity - INFO - Published approval_requested event for chain 65f3c073-7718-4d2c-9a7f-a96cff2dae0f ({'activity_id': '12', 'activity_type': 'create_approval_request_activity', 'attempt': 1, 'namespace': 'default', 'task_queue': 'comfyui-gpu-farm', 'workflow_id': 'chain-image-edit-to-video-pipeline-9e355cc5-2e17-4ead-9013-e0caa3349809', 'workflow_run_id': '019bc001-92b8-7a7b-9608-019b5d7628bd', 'workflow_type': 'ChainExecutorWorkflow'})
2026-01-15 10:24:48,371 - temporalio.workflow - INFO - Step extract_frame2: Approval request created, token: AhhD0W7dDXqq0dUl... ({'attempt': 1, 'namespace': 'default', 'run_id': '019bc001-92b8-7a7b-9608-019b5d7628bd', 'task_queue': 'comfyui-gpu-farm', 'workflow_id': 'chain-image-edit-to-video-pipeline-9e355cc5-2e17-4ead-9013-e0caa3349809', 'workflow_type': 'ChainExecutorWorkflow'})
2026-01-15 10:24:48,374 - temporalio.activity - INFO - Updating workflow dc7f9cf0-ec9d-4345-8ce8-6f719d59f1e1 status to: completed ({'activity_id': '13', 'activity_type': 'update_workflow_status_activity', 'attempt': 1, 'namespace': 'default', 'task_queue': 'comfyui-gpu-farm', 'workflow_id': 'chain-image-edit-to-video-pipeline-9e355cc5-2e17-4ead-9013-e0caa3349809', 'workflow_run_id': '019bc001-92b8-7a7b-9608-019b5d7628bd', 'workflow_type': 'ChainExecutorWorkflow'})
2026-01-15 10:24:48,379 - temporalio.activity - INFO - ✓ Updated workflow status ({'activity_id': '13', 'activity_type': 'update_workflow_status_activity', 'attempt': 1, 'namespace': 'default', 'task_queue': 'comfyui-gpu-farm', 'workflow_id': 'chain-image-edit-to-video-pipeline-9e355cc5-2e17-4ead-9013-e0caa3349809', 'workflow_run_id': '019bc001-92b8-7a7b-9608-019b5d7628bd', 'workflow_type': 'ChainExecutorWorkflow'})
2026-01-15 10:24:48,400 - temporalio.activity - INFO - Getting artifacts for workflow: dc7f9cf0-ec9d-4345-8ce8-6f719d59f1e1 ({'activity_id': '14', 'activity_type': 'get_workflow_artifacts', 'attempt': 1, 'namespace': 'default', 'task_queue': 'comfyui-gpu-farm', 'workflow_id': 'chain-image-edit-to-video-pipeline-9e355cc5-2e17-4ead-9013-e0caa3349809', 'workflow_run_id': '019bc001-92b8-7a7b-9608-019b5d7628bd', 'workflow_type': 'ChainExecutorWorkflow'})
2026-01-15 10:24:48,421 - temporalio.activity - INFO - Creating approval request for artifact: 9a0fbd80-1811-4bbb-a5de-467187e42ab2 ({'activity_id': '15', 'activity_type': 'create_approval_request_activity', 'attempt': 1, 'namespace': 'default', 'task_queue': 'comfyui-gpu-farm', 'workflow_id': 'chain-image-edit-to-video-pipeline-9e355cc5-2e17-4ead-9013-e0caa3349809', 'workflow_run_id': '019bc001-92b8-7a7b-9608-019b5d7628bd', 'workflow_type': 'ChainExecutorWorkflow'})
2026-01-15 10:24:48,425 - temporalio.activity - INFO - ✓ Created approval request: ebf6c478-6954-4845-b8f0-34c7eda09b90, token: UNTSZjHoiMJlPOMh... ({'activity_id': '15', 'activity_type': 'create_approval_request_activity', 'attempt': 1, 'namespace': 'default', 'task_queue': 'comfyui-gpu-farm', 'workflow_id': 'chain-image-edit-to-video-pipeline-9e355cc5-2e17-4ead-9013-e0caa3349809', 'workflow_run_id': '019bc001-92b8-7a7b-9608-019b5d7628bd', 'workflow_type': 'ChainExecutorWorkflow'})
2026-01-15 10:24:48,425 - temporal_gateway.services.broadcast - INFO - Published approval_requested to chain:65f3c073-7718-4d2c-9a7f-a96cff2dae0f
2026-01-15 10:24:48,425 - temporalio.activity - INFO - Published approval_requested event for chain 65f3c073-7718-4d2c-9a7f-a96cff2dae0f ({'activity_id': '15', 'activity_type': 'create_approval_request_activity', 'attempt': 1, 'namespace': 'default', 'task_queue': 'comfyui-gpu-farm', 'workflow_id': 'chain-image-edit-to-video-pipeline-9e355cc5-2e17-4ead-9013-e0caa3349809', 'workflow_run_id': '019bc001-92b8-7a7b-9608-019b5d7628bd', 'workflow_type': 'ChainExecutorWorkflow'})
2026-01-15 10:24:48,436 - temporalio.workflow - INFO - Step extract_frame1: Approval request created, token: UNTSZjHoiMJlPOMh... ({'attempt': 1, 'namespace': 'default', 'run_id': '019bc001-92b8-7a7b-9608-019b5d7628bd', 'task_queue': 'comfyui-gpu-farm', 'workflow_id': 'chain-image-edit-to-video-pipeline-9e355cc5-2e17-4ead-9013-e0caa3349809', 'workflow_type': 'ChainExecutorWorkflow'})
2026-01-15 10:24:53,247 - temporalio.workflow - INFO - Received approval decision for step extract_frame2: approved by cli-user ({'attempt': 1, 'namespace': 'default', 'run_id': '019bc001-92b8-7a7b-9608-019b5d7628bd', 'task_queue': 'comfyui-gpu-farm', 'workflow_id': 'chain-image-edit-to-video-pipeline-9e355cc5-2e17-4ead-9013-e0caa3349809', 'workflow_type': 'ChainExecutorWorkflow'})
2026-01-15 10:24:53,248 - temporalio.workflow - INFO - Step extract_frame2: Approved by cli-user ({'attempt': 1, 'namespace': 'default', 'run_id': '019bc001-92b8-7a7b-9608-019b5d7628bd', 'task_queue': 'comfyui-gpu-farm', 'workflow_id': 'chain-image-edit-to-video-pipeline-9e355cc5-2e17-4ead-9013-e0caa3349809', 'workflow_type': 'ChainExecutorWorkflow'})
2026-01-15 10:24:53,248 - temporalio.workflow - INFO - Step extract_frame2: Approved ({'attempt': 1, 'namespace': 'default', 'run_id': '019bc001-92b8-7a7b-9608-019b5d7628bd', 'task_queue': 'comfyui-gpu-farm', 'workflow_id': 'chain-image-edit-to-video-pipeline-9e355cc5-2e17-4ead-9013-e0caa3349809', 'workflow_type': 'ChainExecutorWorkflow'})
2026-01-15 10:24:53,263 - temporalio.activity - INFO - Getting artifacts for workflow: a8ccde8e-930f-4901-ae66-52753802f912 ({'activity_id': '16', 'activity_type': 'get_workflow_artifacts', 'attempt': 1, 'namespace': 'default', 'task_queue': 'comfyui-gpu-farm', 'workflow_id': 'chain-image-edit-to-video-pipeline-9e355cc5-2e17-4ead-9013-e0caa3349809', 'workflow_run_id': '019bc001-92b8-7a7b-9608-019b5d7628bd', 'workflow_type': 'ChainExecutorWorkflow'})
2026-01-15 10:24:53,292 - temporal_gateway.services.broadcast - INFO - Published step_completed to chain:65f3c073-7718-4d2c-9a7f-a96cff2dae0f
2026-01-15 10:24:53,292 - temporalio.activity - INFO - Published step_completed event for extract_frame2 in chain 65f3c073-7718-4d2c-9a7f-a96cff2dae0f ({'activity_id': '17', 'activity_type': 'publish_step_completed_activity', 'attempt': 1, 'namespace': 'default', 'task_queue': 'comfyui-gpu-farm', 'workflow_id': 'chain-image-edit-to-video-pipeline-9e355cc5-2e17-4ead-9013-e0caa3349809', 'workflow_run_id': '019bc001-92b8-7a7b-9608-019b5d7628bd', 'workflow_type': 'ChainExecutorWorkflow'})
2026-01-15 10:24:53,889 - temporalio.workflow - INFO - Received approval decision for step extract_frame1: approved by cli-user ({'attempt': 1, 'namespace': 'default', 'run_id': '019bc001-92b8-7a7b-9608-019b5d7628bd', 'task_queue': 'comfyui-gpu-farm', 'workflow_id': 'chain-image-edit-to-video-pipeline-9e355cc5-2e17-4ead-9013-e0caa3349809', 'workflow_type': 'ChainExecutorWorkflow'})
2026-01-15 10:24:53,890 - temporalio.workflow - INFO - Step extract_frame1: Approved by cli-user ({'attempt': 1, 'namespace': 'default', 'run_id': '019bc001-92b8-7a7b-9608-019b5d7628bd', 'task_queue': 'comfyui-gpu-farm', 'workflow_id': 'chain-image-edit-to-video-pipeline-9e355cc5-2e17-4ead-9013-e0caa3349809', 'workflow_type': 'ChainExecutorWorkflow'})
2026-01-15 10:24:53,890 - temporalio.workflow - INFO - Step extract_frame1: Approved ({'attempt': 1, 'namespace': 'default', 'run_id': '019bc001-92b8-7a7b-9608-019b5d7628bd', 'task_queue': 'comfyui-gpu-farm', 'workflow_id': 'chain-image-edit-to-video-pipeline-9e355cc5-2e17-4ead-9013-e0caa3349809', 'workflow_type': 'ChainExecutorWorkflow'})
2026-01-15 10:24:53,902 - temporalio.activity - INFO - Getting artifacts for workflow: dc7f9cf0-ec9d-4345-8ce8-6f719d59f1e1 ({'activity_id': '18', 'activity_type': 'get_workflow_artifacts', 'attempt': 1, 'namespace': 'default', 'task_queue': 'comfyui-gpu-farm', 'workflow_id': 'chain-image-edit-to-video-pipeline-9e355cc5-2e17-4ead-9013-e0caa3349809', 'workflow_run_id': '019bc001-92b8-7a7b-9608-019b5d7628bd', 'workflow_type': 'ChainExecutorWorkflow'})
2026-01-15 10:24:53,929 - temporal_gateway.services.broadcast - INFO - Published step_completed to chain:65f3c073-7718-4d2c-9a7f-a96cff2dae0f
2026-01-15 10:24:53,929 - temporalio.activity - INFO - Published step_completed event for extract_frame1 in chain 65f3c073-7718-4d2c-9a7f-a96cff2dae0f ({'activity_id': '19', 'activity_type': 'publish_step_completed_activity', 'attempt': 1, 'namespace': 'default', 'task_queue': 'comfyui-gpu-farm', 'workflow_id': 'chain-image-edit-to-video-pipeline-9e355cc5-2e17-4ead-9013-e0caa3349809', 'workflow_run_id': '019bc001-92b8-7a7b-9608-019b5d7628bd', 'workflow_type': 'ChainExecutorWorkflow'})
2026-01-15 10:24:53,941 - temporalio.workflow - INFO - Step extract_frame1: completed ({'attempt': 1, 'namespace': 'default', 'run_id': '019bc001-92b8-7a7b-9608-019b5d7628bd', 'task_queue': 'comfyui-gpu-farm', 'workflow_id': 'chain-image-edit-to-video-pipeline-9e355cc5-2e17-4ead-9013-e0caa3349809', 'workflow_type': 'ChainExecutorWorkflow'})
2026-01-15 10:24:53,941 - temporalio.workflow - INFO - Step extract_frame2: completed ({'attempt': 1, 'namespace': 'default', 'run_id': '019bc001-92b8-7a7b-9608-019b5d7628bd', 'task_queue': 'comfyui-gpu-farm', 'workflow_id': 'chain-image-edit-to-video-pipeline-9e355cc5-2e17-4ead-9013-e0caa3349809', 'workflow_type': 'ChainExecutorWorkflow'})
2026-01-15 10:24:53,952 - temporalio.activity - INFO - Updating chain 65f3c073-7718-4d2c-9a7f-a96cff2dae0f status to: executing_level_1 ({'activity_id': '20', 'activity_type': 'update_chain_status_activity', 'attempt': 1, 'namespace': 'default', 'task_queue': 'comfyui-gpu-farm', 'workflow_id': 'chain-image-edit-to-video-pipeline-9e355cc5-2e17-4ead-9013-e0caa3349809', 'workflow_run_id': '019bc001-92b8-7a7b-9608-019b5d7628bd', 'workflow_type': 'ChainExecutorWorkflow'})
2026-01-15 10:24:53,957 - temporalio.activity - INFO - ✓ Updated chain status ({'activity_id': '20', 'activity_type': 'update_chain_status_activity', 'attempt': 1, 'namespace': 'default', 'task_queue': 'comfyui-gpu-farm', 'workflow_id': 'chain-image-edit-to-video-pipeline-9e355cc5-2e17-4ead-9013-e0caa3349809', 'workflow_run_id': '019bc001-92b8-7a7b-9608-019b5d7628bd', 'workflow_type': 'ChainExecutorWorkflow'})
2026-01-15 10:24:53,970 - temporalio.workflow - INFO - Level 1: Executing 2 step(s) ({'attempt': 1, 'namespace': 'default', 'run_id': '019bc001-92b8-7a7b-9608-019b5d7628bd', 'task_queue': 'comfyui-gpu-farm', 'workflow_id': 'chain-image-edit-to-video-pipeline-9e355cc5-2e17-4ead-9013-e0caa3349809', 'workflow_type': 'ChainExecutorWorkflow'})
2026-01-15 10:24:53,970 - temporalio.workflow - INFO - Executing step: edit_frame1 ({'attempt': 1, 'namespace': 'default', 'run_id': '019bc001-92b8-7a7b-9608-019b5d7628bd', 'task_queue': 'comfyui-gpu-farm', 'workflow_id': 'chain-image-edit-to-video-pipeline-9e355cc5-2e17-4ead-9013-e0caa3349809', 'workflow_type': 'ChainExecutorWorkflow'})
2026-01-15 10:24:53,971 - temporalio.workflow - INFO - Executing step: edit_frame2 ({'attempt': 1, 'namespace': 'default', 'run_id': '019bc001-92b8-7a7b-9608-019b5d7628bd', 'task_queue': 'comfyui-gpu-farm', 'workflow_id': 'chain-image-edit-to-video-pipeline-9e355cc5-2e17-4ead-9013-e0caa3349809', 'workflow_type': 'ChainExecutorWorkflow'})
2026-01-15 10:24:53,982 - temporalio.activity - INFO - Resolving templates in parameters ({'activity_id': '21', 'activity_type': 'resolve_chain_templates', 'attempt': 1, 'namespace': 'default', 'task_queue': 'comfyui-gpu-farm', 'workflow_id': 'chain-image-edit-to-video-pipeline-9e355cc5-2e17-4ead-9013-e0caa3349809', 'workflow_run_id': '019bc001-92b8-7a7b-9608-019b5d7628bd', 'workflow_type': 'ChainExecutorWorkflow'})
2026-01-15 10:24:53,983 - temporalio.activity - INFO - Templates resolved successfully ({'activity_id': '21', 'activity_type': 'resolve_chain_templates', 'attempt': 1, 'namespace': 'default', 'task_queue': 'comfyui-gpu-farm', 'workflow_id': 'chain-image-edit-to-video-pipeline-9e355cc5-2e17-4ead-9013-e0caa3349809', 'workflow_run_id': '019bc001-92b8-7a7b-9608-019b5d7628bd', 'workflow_type': 'ChainExecutorWorkflow'})
2026-01-15 10:24:53,986 - temporalio.activity - INFO - Resolving templates in parameters ({'activity_id': '22', 'activity_type': 'resolve_chain_templates', 'attempt': 1, 'namespace': 'default', 'task_queue': 'comfyui-gpu-farm', 'workflow_id': 'chain-image-edit-to-video-pipeline-9e355cc5-2e17-4ead-9013-e0caa3349809', 'workflow_run_id': '019bc001-92b8-7a7b-9608-019b5d7628bd', 'workflow_type': 'ChainExecutorWorkflow'})
2026-01-15 10:24:53,988 - temporalio.activity - INFO - Templates resolved successfully ({'activity_id': '22', 'activity_type': 'resolve_chain_templates', 'attempt': 1, 'namespace': 'default', 'task_queue': 'comfyui-gpu-farm', 'workflow_id': 'chain-image-edit-to-video-pipeline-9e355cc5-2e17-4ead-9013-e0caa3349809', 'workflow_run_id': '019bc001-92b8-7a7b-9608-019b5d7628bd', 'workflow_type': 'ChainExecutorWorkflow'})
2026-01-15 10:24:54,007 - temporalio.activity - INFO - Applying parameters to workflow: qwen_image_edit ({'activity_id': '23', 'activity_type': 'apply_workflow_parameters', 'attempt': 1, 'namespace': 'default', 'task_queue': 'comfyui-gpu-farm', 'workflow_id': 'chain-image-edit-to-video-pipeline-9e355cc5-2e17-4ead-9013-e0caa3349809', 'workflow_run_id': '019bc001-92b8-7a7b-9608-019b5d7628bd', 'workflow_type': 'ChainExecutorWorkflow'})
2026-01-15 10:24:54,008 - temporal_gateway.registry - INFO - Applied override: 111.prompt = Make the scene more vibrant and colorful with enhanced details
2026-01-15 10:24:54,008 - temporal_gateway.registry - INFO - Applied override: 78.image = ComfyUI_00304_.png
2026-01-15 10:24:54,008 - temporalio.activity - INFO - Parameters applied successfully ({'activity_id': '23', 'activity_type': 'apply_workflow_parameters', 'attempt': 1, 'namespace': 'default', 'task_queue': 'comfyui-gpu-farm', 'workflow_id': 'chain-image-edit-to-video-pipeline-9e355cc5-2e17-4ead-9013-e0caa3349809', 'workflow_run_id': '019bc001-92b8-7a7b-9608-019b5d7628bd', 'workflow_type': 'ChainExecutorWorkflow'})
2026-01-15 10:24:54,009 - temporalio.activity - INFO - Applying parameters to workflow: qwen_image_edit ({'activity_id': '24', 'activity_type': 'apply_workflow_parameters', 'attempt': 1, 'namespace': 'default', 'task_queue': 'comfyui-gpu-farm', 'workflow_id': 'chain-image-edit-to-video-pipeline-9e355cc5-2e17-4ead-9013-e0caa3349809', 'workflow_run_id': '019bc001-92b8-7a7b-9608-019b5d7628bd', 'workflow_type': 'ChainExecutorWorkflow'})
2026-01-15 10:24:54,010 - temporal_gateway.registry - INFO - Applied override: 111.prompt = Make the scene more vibrant and colorful with enhanced details
2026-01-15 10:24:54,010 - temporal_gateway.registry - INFO - Applied override: 78.image = ComfyUI_00303_.png
2026-01-15 10:24:54,010 - temporalio.activity - INFO - Parameters applied successfully ({'activity_id': '24', 'activity_type': 'apply_workflow_parameters', 'attempt': 1, 'namespace': 'default', 'task_queue': 'comfyui-gpu-farm', 'workflow_id': 'chain-image-edit-to-video-pipeline-9e355cc5-2e17-4ead-9013-e0caa3349809', 'workflow_run_id': '019bc001-92b8-7a7b-9608-019b5d7628bd', 'workflow_type': 'ChainExecutorWorkflow'})
2026-01-15 10:24:54,029 - temporalio.activity - INFO - Selecting server with strategy: least_loaded ({'activity_id': '26', 'activity_type': 'select_best_server', 'attempt': 1, 'namespace': 'default', 'task_queue': 'comfyui-gpu-farm', 'workflow_id': 'chain-image-edit-to-video-pipeline-9e355cc5-2e17-4ead-9013-e0caa3349809', 'workflow_run_id': '019bc001-92b8-7a7b-9608-019b5d7628bd', 'workflow_type': 'ChainExecutorWorkflow'})
2026-01-15 10:24:54,079 - temporalio.activity - INFO - Selecting server with strategy: least_loaded ({'activity_id': '25', 'activity_type': 'select_best_server', 'attempt': 1, 'namespace': 'default', 'task_queue': 'comfyui-gpu-farm', 'workflow_id': 'chain-image-edit-to-video-pipeline-9e355cc5-2e17-4ead-9013-e0caa3349809', 'workflow_run_id': '019bc001-92b8-7a7b-9608-019b5d7628bd', 'workflow_type': 'ChainExecutorWorkflow'})
2026-01-15 10:24:54,164 - httpx - INFO - HTTP Request: GET http://procure-x.testmcp.org/system_stats "HTTP/1.1 200 OK"
2026-01-15 10:24:54,177 - httpx - INFO - HTTP Request: GET http://procure-x.testmcp.org/queue "HTTP/1.1 200 OK"
2026-01-15 10:24:54,179 - httpx - INFO - HTTP Request: GET http://procure-x.testmcp.org/system_stats "HTTP/1.1 200 OK"
2026-01-15 10:24:54,181 - temporal_gateway.servers.load_balancer - INFO - Selected server procure-x (queue_depth=0, gpu_mem=0.0%)
2026-01-15 10:24:54,181 - temporalio.activity - INFO - Selected server: procure-x (http://procure-x.testmcp.org) ({'activity_id': '26', 'activity_type': 'select_best_server', 'attempt': 1, 'namespace': 'default', 'task_queue': 'comfyui-gpu-farm', 'workflow_id': 'chain-image-edit-to-video-pipeline-9e355cc5-2e17-4ead-9013-e0caa3349809', 'workflow_run_id': '019bc001-92b8-7a7b-9608-019b5d7628bd', 'workflow_type': 'ChainExecutorWorkflow'})
2026-01-15 10:24:54,191 - temporalio.workflow - INFO - Step edit_frame2: Server http://procure-x.testmcp.org ({'attempt': 1, 'namespace': 'default', 'run_id': '019bc001-92b8-7a7b-9608-019b5d7628bd', 'task_queue': 'comfyui-gpu-farm', 'workflow_id': 'chain-image-edit-to-video-pipeline-9e355cc5-2e17-4ead-9013-e0caa3349809', 'workflow_type': 'ChainExecutorWorkflow'})
2026-01-15 10:24:54,194 - httpx - INFO - HTTP Request: GET http://procure-x.testmcp.org/queue "HTTP/1.1 200 OK"
2026-01-15 10:24:54,196 - temporal_gateway.servers.load_balancer - INFO - Selected server procure-x (queue_depth=0, gpu_mem=0.0%)
2026-01-15 10:24:54,196 - temporalio.activity - INFO - Selected server: procure-x (http://procure-x.testmcp.org) ({'activity_id': '25', 'activity_type': 'select_best_server', 'attempt': 1, 'namespace': 'default', 'task_queue': 'comfyui-gpu-farm', 'workflow_id': 'chain-image-edit-to-video-pipeline-9e355cc5-2e17-4ead-9013-e0caa3349809', 'workflow_run_id': '019bc001-92b8-7a7b-9608-019b5d7628bd', 'workflow_type': 'ChainExecutorWorkflow'})
2026-01-15 10:24:54,201 - temporalio.activity - INFO - Getting artifacts for workflow: a8ccde8e-930f-4901-ae66-52753802f912 ({'activity_id': '27', 'activity_type': 'get_workflow_artifacts', 'attempt': 1, 'namespace': 'default', 'task_queue': 'comfyui-gpu-farm', 'workflow_id': 'chain-image-edit-to-video-pipeline-9e355cc5-2e17-4ead-9013-e0caa3349809', 'workflow_run_id': '019bc001-92b8-7a7b-9608-019b5d7628bd', 'workflow_type': 'ChainExecutorWorkflow'})
2026-01-15 10:24:54,210 - temporalio.workflow - INFO - Step edit_frame1: Server http://procure-x.testmcp.org ({'attempt': 1, 'namespace': 'default', 'run_id': '019bc001-92b8-7a7b-9608-019b5d7628bd', 'task_queue': 'comfyui-gpu-farm', 'workflow_id': 'chain-image-edit-to-video-pipeline-9e355cc5-2e17-4ead-9013-e0caa3349809', 'workflow_type': 'ChainExecutorWorkflow'})
2026-01-15 10:24:54,210 - temporalio.workflow - INFO - Transferring 1 artifact(s) from extract_frame2 ({'attempt': 1, 'namespace': 'default', 'run_id': '019bc001-92b8-7a7b-9608-019b5d7628bd', 'task_queue': 'comfyui-gpu-farm', 'workflow_id': 'chain-image-edit-to-video-pipeline-9e355cc5-2e17-4ead-9013-e0caa3349809', 'workflow_type': 'ChainExecutorWorkflow'})
2026-01-15 10:24:54,220 - temporalio.activity - INFO - Transferring 1 artifact(s) from workflow a8ccde8e-930f-4901-ae66-52753802f912 to http://procure-x.testmcp.org ({'activity_id': '29', 'activity_type': 'transfer_artifacts_from_storage', 'attempt': 1, 'namespace': 'default', 'task_queue': 'comfyui-gpu-farm', 'workflow_id': 'chain-image-edit-to-video-pipeline-9e355cc5-2e17-4ead-9013-e0caa3349809', 'workflow_run_id': '019bc001-92b8-7a7b-9608-019b5d7628bd', 'workflow_type': 'ChainExecutorWorkflow'})
2026-01-15 10:24:54,269 - temporal_gateway.clients.comfy.client - INFO - ComfyUI client initialized for http://procure-x.testmcp.org
2026-01-15 10:24:54,273 - temporalio.activity - INFO - Uploading: ComfyUI_00303_.png from local storage to http://procure-x.testmcp.org/input/ ({'activity_id': '29', 'activity_type': 'transfer_artifacts_from_storage', 'attempt': 1, 'namespace': 'default', 'task_queue': 'comfyui-gpu-farm', 'workflow_id': 'chain-image-edit-to-video-pipeline-9e355cc5-2e17-4ead-9013-e0caa3349809', 'workflow_run_id': '019bc001-92b8-7a7b-9608-019b5d7628bd', 'workflow_type': 'ChainExecutorWorkflow'})
2026-01-15 10:24:54,275 - temporalio.activity - INFO - Getting artifacts for workflow: dc7f9cf0-ec9d-4345-8ce8-6f719d59f1e1 ({'activity_id': '28', 'activity_type': 'get_workflow_artifacts', 'attempt': 1, 'namespace': 'default', 'task_queue': 'comfyui-gpu-farm', 'workflow_id': 'chain-image-edit-to-video-pipeline-9e355cc5-2e17-4ead-9013-e0caa3349809', 'workflow_run_id': '019bc001-92b8-7a7b-9608-019b5d7628bd', 'workflow_type': 'ChainExecutorWorkflow'})
2026-01-15 10:24:54,287 - temporalio.workflow - INFO - Transferring 1 artifact(s) from extract_frame1 ({'attempt': 1, 'namespace': 'default', 'run_id': '019bc001-92b8-7a7b-9608-019b5d7628bd', 'task_queue': 'comfyui-gpu-farm', 'workflow_id': 'chain-image-edit-to-video-pipeline-9e355cc5-2e17-4ead-9013-e0caa3349809', 'workflow_type': 'ChainExecutorWorkflow'})
2026-01-15 10:24:54,295 - temporalio.activity - INFO - Transferring 1 artifact(s) from workflow dc7f9cf0-ec9d-4345-8ce8-6f719d59f1e1 to http://procure-x.testmcp.org ({'activity_id': '30', 'activity_type': 'transfer_artifacts_from_storage', 'attempt': 1, 'namespace': 'default', 'task_queue': 'comfyui-gpu-farm', 'workflow_id': 'chain-image-edit-to-video-pipeline-9e355cc5-2e17-4ead-9013-e0caa3349809', 'workflow_run_id': '019bc001-92b8-7a7b-9608-019b5d7628bd', 'workflow_type': 'ChainExecutorWorkflow'})
2026-01-15 10:24:54,344 - temporal_gateway.clients.comfy.client - INFO - ComfyUI client initialized for http://procure-x.testmcp.org
2026-01-15 10:24:54,349 - temporalio.activity - INFO - Uploading: ComfyUI_00304_.png from local storage to http://procure-x.testmcp.org/input/ ({'activity_id': '30', 'activity_type': 'transfer_artifacts_from_storage', 'attempt': 1, 'namespace': 'default', 'task_queue': 'comfyui-gpu-farm', 'workflow_id': 'chain-image-edit-to-video-pipeline-9e355cc5-2e17-4ead-9013-e0caa3349809', 'workflow_run_id': '019bc001-92b8-7a7b-9608-019b5d7628bd', 'workflow_type': 'ChainExecutorWorkflow'})
2026-01-15 10:24:54,373 - httpx - INFO - HTTP Request: POST http://procure-x.testmcp.org/upload/image "HTTP/1.1 200 OK"
2026-01-15 10:24:54,374 - temporalio.activity - INFO - ✓ Uploaded: ComfyUI_00303_.png (119859 bytes) ({'activity_id': '29', 'activity_type': 'transfer_artifacts_from_storage', 'attempt': 1, 'namespace': 'default', 'task_queue': 'comfyui-gpu-farm', 'workflow_id': 'chain-image-edit-to-video-pipeline-9e355cc5-2e17-4ead-9013-e0caa3349809', 'workflow_run_id': '019bc001-92b8-7a7b-9608-019b5d7628bd', 'workflow_type': 'ChainExecutorWorkflow'})
2026-01-15 10:24:54,381 - temporalio.activity - INFO - Successfully transferred 1 file(s) ({'activity_id': '29', 'activity_type': 'transfer_artifacts_from_storage', 'attempt': 1, 'namespace': 'default', 'task_queue': 'comfyui-gpu-farm', 'workflow_id': 'chain-image-edit-to-video-pipeline-9e355cc5-2e17-4ead-9013-e0caa3349809', 'workflow_run_id': '019bc001-92b8-7a7b-9608-019b5d7628bd', 'workflow_type': 'ChainExecutorWorkflow'})
2026-01-15 10:24:54,401 - temporalio.activity - INFO - Creating workflow record: qwen_image_edit (prompt: pending) ({'activity_id': '31', 'activity_type': 'create_workflow_record', 'attempt': 1, 'namespace': 'default', 'task_queue': 'comfyui-gpu-farm', 'workflow_id': 'chain-image-edit-to-video-pipeline-9e355cc5-2e17-4ead-9013-e0caa3349809', 'workflow_run_id': '019bc001-92b8-7a7b-9608-019b5d7628bd', 'workflow_type': 'ChainExecutorWorkflow'})
2026-01-15 10:24:54,405 - temporalio.activity - INFO - ✓ Created workflow record: 7d8f7a58-28e2-4027-a5b9-f71b91c36ac5 ({'activity_id': '31', 'activity_type': 'create_workflow_record', 'attempt': 1, 'namespace': 'default', 'task_queue': 'comfyui-gpu-farm', 'workflow_id': 'chain-image-edit-to-video-pipeline-9e355cc5-2e17-4ead-9013-e0caa3349809', 'workflow_run_id': '019bc001-92b8-7a7b-9608-019b5d7628bd', 'workflow_type': 'ChainExecutorWorkflow'})
2026-01-15 10:24:54,406 - httpx - INFO - HTTP Request: POST http://procure-x.testmcp.org/upload/image "HTTP/1.1 200 OK"
2026-01-15 10:24:54,407 - temporalio.activity - INFO - ✓ Uploaded: ComfyUI_00304_.png (105368 bytes) ({'activity_id': '30', 'activity_type': 'transfer_artifacts_from_storage', 'attempt': 1, 'namespace': 'default', 'task_queue': 'comfyui-gpu-farm', 'workflow_id': 'chain-image-edit-to-video-pipeline-9e355cc5-2e17-4ead-9013-e0caa3349809', 'workflow_run_id': '019bc001-92b8-7a7b-9608-019b5d7628bd', 'workflow_type': 'ChainExecutorWorkflow'})
2026-01-15 10:24:54,412 - temporalio.activity - INFO - Successfully transferred 1 file(s) ({'activity_id': '30', 'activity_type': 'transfer_artifacts_from_storage', 'attempt': 1, 'namespace': 'default', 'task_queue': 'comfyui-gpu-farm', 'workflow_id': 'chain-image-edit-to-video-pipeline-9e355cc5-2e17-4ead-9013-e0caa3349809', 'workflow_run_id': '019bc001-92b8-7a7b-9608-019b5d7628bd', 'workflow_type': 'ChainExecutorWorkflow'})
2026-01-15 10:24:54,458 - temporalio.workflow - INFO - Starting ComfyUI workflow execution ({'attempt': 1, 'namespace': 'default', 'run_id': '019bc001-aedd-766f-98b5-35d610466265', 'task_queue': 'comfyui-gpu-farm', 'workflow_id': 'chain-image-edit-to-video-pipeline-9e355cc5-2e17-4ead-9013-e0caa3349809-edit_frame2', 'workflow_type': 'ComfyUIWorkflow'})
2026-01-15 10:24:54,458 - temporalio.activity - INFO - Creating workflow record: qwen_image_edit (prompt: pending) ({'activity_id': '32', 'activity_type': 'create_workflow_record', 'attempt': 1, 'namespace': 'default', 'task_queue': 'comfyui-gpu-farm', 'workflow_id': 'chain-image-edit-to-video-pipeline-9e355cc5-2e17-4ead-9013-e0caa3349809', 'workflow_run_id': '019bc001-92b8-7a7b-9608-019b5d7628bd', 'workflow_type': 'ChainExecutorWorkflow'})
2026-01-15 10:24:54,459 - temporalio.workflow - INFO - Generated client_id: b615c210-237d-40e3-a5e5-953ed05067d6 ({'attempt': 1, 'namespace': 'default', 'run_id': '019bc001-aedd-766f-98b5-35d610466265', 'task_queue': 'comfyui-gpu-farm', 'workflow_id': 'chain-image-edit-to-video-pipeline-9e355cc5-2e17-4ead-9013-e0caa3349809-edit_frame2', 'workflow_type': 'ComfyUIWorkflow'})
2026-01-15 10:24:54,460 - temporalio.workflow - INFO - Using pre-selected server: http://procure-x.testmcp.org ({'attempt': 1, 'namespace': 'default', 'run_id': '019bc001-aedd-766f-98b5-35d610466265', 'task_queue': 'comfyui-gpu-farm', 'workflow_id': 'chain-image-edit-to-video-pipeline-9e355cc5-2e17-4ead-9013-e0caa3349809-edit_frame2', 'workflow_type': 'ComfyUIWorkflow'})
2026-01-15 10:24:54,465 - temporalio.activity - INFO - ✓ Created workflow record: c43ea173-16d3-4e63-9d8f-417a011fa1d8 ({'activity_id': '32', 'activity_type': 'create_workflow_record', 'attempt': 1, 'namespace': 'default', 'task_queue': 'comfyui-gpu-farm', 'workflow_id': 'chain-image-edit-to-video-pipeline-9e355cc5-2e17-4ead-9013-e0caa3349809', 'workflow_run_id': '019bc001-92b8-7a7b-9608-019b5d7628bd', 'workflow_type': 'ChainExecutorWorkflow'})
2026-01-15 10:24:54,474 - temporalio.activity - INFO - [V3] Executing workflow on http://procure-x.testmcp.org ({'activity_id': '1', 'activity_type': 'execute_and_track_workflow', 'attempt': 1, 'namespace': 'default', 'task_queue': 'comfyui-gpu-farm', 'workflow_id': 'chain-image-edit-to-video-pipeline-9e355cc5-2e17-4ead-9013-e0caa3349809-edit_frame2', 'workflow_run_id': '019bc001-aedd-766f-98b5-35d610466265', 'workflow_type': 'ComfyUIWorkflow'})
2026-01-15 10:24:54,474 - temporalio.activity - INFO - [V3] Workflow name: qwen_image_edit ({'activity_id': '1', 'activity_type': 'execute_and_track_workflow', 'attempt': 1, 'namespace': 'default', 'task_queue': 'comfyui-gpu-farm', 'workflow_id': 'chain-image-edit-to-video-pipeline-9e355cc5-2e17-4ead-9013-e0caa3349809-edit_frame2', 'workflow_run_id': '019bc001-aedd-766f-98b5-35d610466265', 'workflow_type': 'ComfyUIWorkflow'})
2026-01-15 10:24:54,522 - temporal_gateway.clients.comfy.client - INFO - ComfyUI client initialized for http://procure-x.testmcp.org
2026-01-15 10:24:54,522 - temporal_gateway.clients.comfy.client - INFO - Submitting workflow to ComfyUI
2026-01-15 10:24:54,551 - temporalio.workflow - INFO - Starting ComfyUI workflow execution ({'attempt': 1, 'namespace': 'default', 'run_id': '019bc001-af43-7aeb-b0c1-7d6a755ab6c7', 'task_queue': 'comfyui-gpu-farm', 'workflow_id': 'chain-image-edit-to-video-pipeline-9e355cc5-2e17-4ead-9013-e0caa3349809-edit_frame1', 'workflow_type': 'ComfyUIWorkflow'})
2026-01-15 10:24:54,552 - temporalio.workflow - INFO - Generated client_id: 0dcaef6a-2300-42f7-9021-a310bae93511 ({'attempt': 1, 'namespace': 'default', 'run_id': '019bc001-af43-7aeb-b0c1-7d6a755ab6c7', 'task_queue': 'comfyui-gpu-farm', 'workflow_id': 'chain-image-edit-to-video-pipeline-9e355cc5-2e17-4ead-9013-e0caa3349809-edit_frame1', 'workflow_type': 'ComfyUIWorkflow'})
2026-01-15 10:24:54,552 - temporalio.workflow - INFO - Using pre-selected server: http://procure-x.testmcp.org ({'attempt': 1, 'namespace': 'default', 'run_id': '019bc001-af43-7aeb-b0c1-7d6a755ab6c7', 'task_queue': 'comfyui-gpu-farm', 'workflow_id': 'chain-image-edit-to-video-pipeline-9e355cc5-2e17-4ead-9013-e0caa3349809-edit_frame1', 'workflow_type': 'ComfyUIWorkflow'})
2026-01-15 10:24:54,560 - temporalio.activity - INFO - [V3] Executing workflow on http://procure-x.testmcp.org ({'activity_id': '1', 'activity_type': 'execute_and_track_workflow', 'attempt': 1, 'namespace': 'default', 'task_queue': 'comfyui-gpu-farm', 'workflow_id': 'chain-image-edit-to-video-pipeline-9e355cc5-2e17-4ead-9013-e0caa3349809-edit_frame1', 'workflow_run_id': '019bc001-af43-7aeb-b0c1-7d6a755ab6c7', 'workflow_type': 'ComfyUIWorkflow'})
2026-01-15 10:24:54,560 - temporalio.activity - INFO - [V3] Workflow name: qwen_image_edit ({'activity_id': '1', 'activity_type': 'execute_and_track_workflow', 'attempt': 1, 'namespace': 'default', 'task_queue': 'comfyui-gpu-farm', 'workflow_id': 'chain-image-edit-to-video-pipeline-9e355cc5-2e17-4ead-9013-e0caa3349809-edit_frame1', 'workflow_run_id': '019bc001-af43-7aeb-b0c1-7d6a755ab6c7', 'workflow_type': 'ComfyUIWorkflow'})
2026-01-15 10:24:54,609 - temporal_gateway.clients.comfy.client - INFO - ComfyUI client initialized for http://procure-x.testmcp.org
2026-01-15 10:24:54,609 - temporal_gateway.clients.comfy.client - INFO - Submitting workflow to ComfyUI
2026-01-15 10:24:54,611 - httpx - INFO - HTTP Request: POST http://procure-x.testmcp.org/prompt "HTTP/1.1 200 OK"
2026-01-15 10:24:54,612 - temporal_gateway.clients.comfy.client - INFO - Workflow queued with prompt_id: dd7ab58a-826b-426a-b520-d3bde9ad01b0
2026-01-15 10:24:54,612 - temporal_gateway.clients.comfy.tracker - INFO - Starting execution tracking for prompt dd7ab58a-826b-426a-b520-d3bde9ad01b0
2026-01-15 10:24:54,613 - temporal_gateway.clients.comfy.tracker - INFO - Starting history polling
2026-01-15 10:24:54,613 - temporal_gateway.clients.comfy.tracker - INFO - Starting WebSocket listener
2026-01-15 10:24:54,614 - temporal_gateway.clients.comfy.websocket - INFO - Connecting to WebSocket: ws://procure-x.testmcp.org/ws?clientId=aa79e2ff-baba-4381-8c44-a3336b778ddf
2026-01-15 10:24:54,628 - httpx - INFO - HTTP Request: GET http://procure-x.testmcp.org/history/dd7ab58a-826b-426a-b520-d3bde9ad01b0 "HTTP/1.1 200 OK"
2026-01-15 10:24:54,660 - temporal_gateway.clients.comfy.websocket - INFO - WebSocket connected successfully
2026-01-15 10:24:54,661 - httpx - INFO - HTTP Request: POST http://procure-x.testmcp.org/prompt "HTTP/1.1 200 OK"
2026-01-15 10:24:54,662 - temporal_gateway.clients.comfy.client - INFO - Workflow queued with prompt_id: 861e68b4-9cc7-48a9-a54c-8e989af8738d
2026-01-15 10:24:54,662 - temporal_gateway.clients.comfy.tracker - INFO - Starting execution tracking for prompt 861e68b4-9cc7-48a9-a54c-8e989af8738d
2026-01-15 10:24:54,662 - temporal_gateway.clients.comfy.tracker - INFO - Starting history polling
2026-01-15 10:24:54,663 - temporal_gateway.clients.comfy.tracker - INFO - Starting WebSocket listener
2026-01-15 10:24:54,663 - temporal_gateway.clients.comfy.websocket - INFO - Connecting to WebSocket: ws://procure-x.testmcp.org/ws?clientId=f5d63029-e748-481f-a24b-808f35606ab3
2026-01-15 10:24:54,676 - httpx - INFO - HTTP Request: GET http://procure-x.testmcp.org/history/861e68b4-9cc7-48a9-a54c-8e989af8738d "HTTP/1.1 200 OK"
2026-01-15 10:24:54,704 - temporal_gateway.clients.comfy.websocket - INFO - WebSocket connected successfully
2026-01-15 10:24:55,648 - httpx - INFO - HTTP Request: GET http://procure-x.testmcp.org/history/dd7ab58a-826b-426a-b520-d3bde9ad01b0 "HTTP/1.1 200 OK"
2026-01-15 10:24:55,701 - httpx - INFO - HTTP Request: GET http://procure-x.testmcp.org/history/861e68b4-9cc7-48a9-a54c-8e989af8738d "HTTP/1.1 200 OK"
2026-01-15 10:24:56,667 - httpx - INFO - HTTP Request: GET http://procure-x.testmcp.org/history/dd7ab58a-826b-426a-b520-d3bde9ad01b0 "HTTP/1.1 200 OK"
2026-01-15 10:24:56,718 - httpx - INFO - HTTP Request: GET http://procure-x.testmcp.org/history/861e68b4-9cc7-48a9-a54c-8e989af8738d "HTTP/1.1 200 OK"
2026-01-15 10:24:57,686 - httpx - INFO - HTTP Request: GET http://procure-x.testmcp.org/history/dd7ab58a-826b-426a-b520-d3bde9ad01b0 "HTTP/1.1 200 OK"
2026-01-15 10:24:57,735 - httpx - INFO - HTTP Request: GET http://procure-x.testmcp.org/history/861e68b4-9cc7-48a9-a54c-8e989af8738d "HTTP/1.1 200 OK"
2026-01-15 10:24:58,705 - httpx - INFO - HTTP Request: GET http://procure-x.testmcp.org/history/dd7ab58a-826b-426a-b520-d3bde9ad01b0 "HTTP/1.1 200 OK"
2026-01-15 10:24:58,751 - httpx - INFO - HTTP Request: GET http://procure-x.testmcp.org/history/861e68b4-9cc7-48a9-a54c-8e989af8738d "HTTP/1.1 200 OK"
2026-01-15 10:24:59,726 - httpx - INFO - HTTP Request: GET http://procure-x.testmcp.org/history/dd7ab58a-826b-426a-b520-d3bde9ad01b0 "HTTP/1.1 200 OK"
2026-01-15 10:24:59,768 - httpx - INFO - HTTP Request: GET http://procure-x.testmcp.org/history/861e68b4-9cc7-48a9-a54c-8e989af8738d "HTTP/1.1 200 OK"
2026-01-15 10:25:00,752 - httpx - INFO - HTTP Request: GET http://procure-x.testmcp.org/history/dd7ab58a-826b-426a-b520-d3bde9ad01b0 "HTTP/1.1 200 OK"
2026-01-15 10:25:00,785 - httpx - INFO - HTTP Request: GET http://procure-x.testmcp.org/history/861e68b4-9cc7-48a9-a54c-8e989af8738d "HTTP/1.1 200 OK"
2026-01-15 10:25:01,770 - httpx - INFO - HTTP Request: GET http://procure-x.testmcp.org/history/dd7ab58a-826b-426a-b520-d3bde9ad01b0 "HTTP/1.1 200 OK"
2026-01-15 10:25:01,799 - httpx - INFO - HTTP Request: GET http://procure-x.testmcp.org/history/861e68b4-9cc7-48a9-a54c-8e989af8738d "HTTP/1.1 200 OK"
2026-01-15 10:25:02,790 - httpx - INFO - HTTP Request: GET http://procure-x.testmcp.org/history/dd7ab58a-826b-426a-b520-d3bde9ad01b0 "HTTP/1.1 200 OK"
2026-01-15 10:25:02,817 - httpx - INFO - HTTP Request: GET http://procure-x.testmcp.org/history/861e68b4-9cc7-48a9-a54c-8e989af8738d "HTTP/1.1 200 OK"
2026-01-15 10:25:03,807 - httpx - INFO - HTTP Request: GET http://procure-x.testmcp.org/history/dd7ab58a-826b-426a-b520-d3bde9ad01b0 "HTTP/1.1 200 OK"
2026-01-15 10:25:03,835 - httpx - INFO - HTTP Request: GET http://procure-x.testmcp.org/history/861e68b4-9cc7-48a9-a54c-8e989af8738d "HTTP/1.1 200 OK"
2026-01-15 10:25:04,825 - httpx - INFO - HTTP Request: GET http://procure-x.testmcp.org/history/dd7ab58a-826b-426a-b520-d3bde9ad01b0 "HTTP/1.1 200 OK"
2026-01-15 10:25:04,853 - httpx - INFO - HTTP Request: GET http://procure-x.testmcp.org/history/861e68b4-9cc7-48a9-a54c-8e989af8738d "HTTP/1.1 200 OK"
2026-01-15 10:25:05,842 - httpx - INFO - HTTP Request: GET http://procure-x.testmcp.org/history/dd7ab58a-826b-426a-b520-d3bde9ad01b0 "HTTP/1.1 200 OK"
2026-01-15 10:25:05,870 - httpx - INFO - HTTP Request: GET http://procure-x.testmcp.org/history/861e68b4-9cc7-48a9-a54c-8e989af8738d "HTTP/1.1 200 OK"
2026-01-15 10:25:06,866 - httpx - INFO - HTTP Request: GET http://procure-x.testmcp.org/history/dd7ab58a-826b-426a-b520-d3bde9ad01b0 "HTTP/1.1 200 OK"
2026-01-15 10:25:06,888 - httpx - INFO - HTTP Request: GET http://procure-x.testmcp.org/history/861e68b4-9cc7-48a9-a54c-8e989af8738d "HTTP/1.1 200 OK"
2026-01-15 10:25:07,887 - httpx - INFO - HTTP Request: GET http://procure-x.testmcp.org/history/dd7ab58a-826b-426a-b520-d3bde9ad01b0 "HTTP/1.1 200 OK"
2026-01-15 10:25:07,904 - httpx - INFO - HTTP Request: GET http://procure-x.testmcp.org/history/861e68b4-9cc7-48a9-a54c-8e989af8738d "HTTP/1.1 200 OK"
2026-01-15 10:25:08,914 - httpx - INFO - HTTP Request: GET http://procure-x.testmcp.org/history/dd7ab58a-826b-426a-b520-d3bde9ad01b0 "HTTP/1.1 200 OK"
2026-01-15 10:25:08,933 - httpx - INFO - HTTP Request: GET http://procure-x.testmcp.org/history/861e68b4-9cc7-48a9-a54c-8e989af8738d "HTTP/1.1 200 OK"
2026-01-15 10:25:09,943 - httpx - INFO - HTTP Request: GET http://procure-x.testmcp.org/history/dd7ab58a-826b-426a-b520-d3bde9ad01b0 "HTTP/1.1 200 OK"
2026-01-15 10:25:09,955 - httpx - INFO - HTTP Request: GET http://procure-x.testmcp.org/history/861e68b4-9cc7-48a9-a54c-8e989af8738d "HTTP/1.1 200 OK"
2026-01-15 10:25:10,967 - httpx - INFO - HTTP Request: GET http://procure-x.testmcp.org/history/dd7ab58a-826b-426a-b520-d3bde9ad01b0 "HTTP/1.1 200 OK"
2026-01-15 10:25:10,977 - httpx - INFO - HTTP Request: GET http://procure-x.testmcp.org/history/861e68b4-9cc7-48a9-a54c-8e989af8738d "HTTP/1.1 200 OK"
2026-01-15 10:25:11,991 - httpx - INFO - HTTP Request: GET http://procure-x.testmcp.org/history/dd7ab58a-826b-426a-b520-d3bde9ad01b0 "HTTP/1.1 200 OK"
2026-01-15 10:25:12,004 - httpx - INFO - HTTP Request: GET http://procure-x.testmcp.org/history/861e68b4-9cc7-48a9-a54c-8e989af8738d "HTTP/1.1 200 OK"
2026-01-15 10:25:13,012 - httpx - INFO - HTTP Request: GET http://procure-x.testmcp.org/history/dd7ab58a-826b-426a-b520-d3bde9ad01b0 "HTTP/1.1 200 OK"
2026-01-15 10:25:13,021 - httpx - INFO - HTTP Request: GET http://procure-x.testmcp.org/history/861e68b4-9cc7-48a9-a54c-8e989af8738d "HTTP/1.1 200 OK"
2026-01-15 10:25:14,030 - httpx - INFO - HTTP Request: GET http://procure-x.testmcp.org/history/dd7ab58a-826b-426a-b520-d3bde9ad01b0 "HTTP/1.1 200 OK"
2026-01-15 10:25:14,038 - httpx - INFO - HTTP Request: GET http://procure-x.testmcp.org/history/861e68b4-9cc7-48a9-a54c-8e989af8738d "HTTP/1.1 200 OK"
2026-01-15 10:25:15,047 - httpx - INFO - HTTP Request: GET http://procure-x.testmcp.org/history/dd7ab58a-826b-426a-b520-d3bde9ad01b0 "HTTP/1.1 200 OK"
2026-01-15 10:25:15,055 - httpx - INFO - HTTP Request: GET http://procure-x.testmcp.org/history/861e68b4-9cc7-48a9-a54c-8e989af8738d "HTTP/1.1 200 OK"
2026-01-15 10:25:16,065 - httpx - INFO - HTTP Request: GET http://procure-x.testmcp.org/history/dd7ab58a-826b-426a-b520-d3bde9ad01b0 "HTTP/1.1 200 OK"
2026-01-15 10:25:16,073 - httpx - INFO - HTTP Request: GET http://procure-x.testmcp.org/history/861e68b4-9cc7-48a9-a54c-8e989af8738d "HTTP/1.1 200 OK"
2026-01-15 10:25:17,084 - httpx - INFO - HTTP Request: GET http://procure-x.testmcp.org/history/dd7ab58a-826b-426a-b520-d3bde9ad01b0 "HTTP/1.1 200 OK"
2026-01-15 10:25:17,089 - httpx - INFO - HTTP Request: GET http://procure-x.testmcp.org/history/861e68b4-9cc7-48a9-a54c-8e989af8738d "HTTP/1.1 200 OK"
2026-01-15 10:25:18,103 - httpx - INFO - HTTP Request: GET http://procure-x.testmcp.org/history/dd7ab58a-826b-426a-b520-d3bde9ad01b0 "HTTP/1.1 200 OK"
2026-01-15 10:25:18,105 - httpx - INFO - HTTP Request: GET http://procure-x.testmcp.org/history/861e68b4-9cc7-48a9-a54c-8e989af8738d "HTTP/1.1 200 OK"
2026-01-15 10:25:19,123 - httpx - INFO - HTTP Request: GET http://procure-x.testmcp.org/history/dd7ab58a-826b-426a-b520-d3bde9ad01b0 "HTTP/1.1 200 OK"
2026-01-15 10:25:19,125 - httpx - INFO - HTTP Request: GET http://procure-x.testmcp.org/history/861e68b4-9cc7-48a9-a54c-8e989af8738d "HTTP/1.1 200 OK"
2026-01-15 10:25:20,150 - httpx - INFO - HTTP Request: GET http://procure-x.testmcp.org/history/dd7ab58a-826b-426a-b520-d3bde9ad01b0 "HTTP/1.1 200 OK"
2026-01-15 10:25:20,152 - httpx - INFO - HTTP Request: GET http://procure-x.testmcp.org/history/861e68b4-9cc7-48a9-a54c-8e989af8738d "HTTP/1.1 200 OK"
2026-01-15 10:25:21,168 - httpx - INFO - HTTP Request: GET http://procure-x.testmcp.org/history/dd7ab58a-826b-426a-b520-d3bde9ad01b0 "HTTP/1.1 200 OK"
2026-01-15 10:25:21,169 - httpx - INFO - HTTP Request: GET http://procure-x.testmcp.org/history/861e68b4-9cc7-48a9-a54c-8e989af8738d "HTTP/1.1 200 OK"
2026-01-15 10:25:22,189 - httpx - INFO - HTTP Request: GET http://procure-x.testmcp.org/history/861e68b4-9cc7-48a9-a54c-8e989af8738d "HTTP/1.1 200 OK"
2026-01-15 10:25:22,191 - httpx - INFO - HTTP Request: GET http://procure-x.testmcp.org/history/dd7ab58a-826b-426a-b520-d3bde9ad01b0 "HTTP/1.1 200 OK"
2026-01-15 10:25:23,209 - httpx - INFO - HTTP Request: GET http://procure-x.testmcp.org/history/dd7ab58a-826b-426a-b520-d3bde9ad01b0 "HTTP/1.1 200 OK"
2026-01-15 10:25:23,212 - httpx - INFO - HTTP Request: GET http://procure-x.testmcp.org/history/861e68b4-9cc7-48a9-a54c-8e989af8738d "HTTP/1.1 200 OK"
2026-01-15 10:25:24,226 - httpx - INFO - HTTP Request: GET http://procure-x.testmcp.org/history/dd7ab58a-826b-426a-b520-d3bde9ad01b0 "HTTP/1.1 200 OK"
2026-01-15 10:25:24,227 - httpx - INFO - HTTP Request: GET http://procure-x.testmcp.org/history/861e68b4-9cc7-48a9-a54c-8e989af8738d "HTTP/1.1 200 OK"
2026-01-15 10:25:25,245 - httpx - INFO - HTTP Request: GET http://procure-x.testmcp.org/history/861e68b4-9cc7-48a9-a54c-8e989af8738d "HTTP/1.1 200 OK"
2026-01-15 10:25:25,247 - httpx - INFO - HTTP Request: GET http://procure-x.testmcp.org/history/dd7ab58a-826b-426a-b520-d3bde9ad01b0 "HTTP/1.1 200 OK"
2026-01-15 10:25:26,268 - httpx - INFO - HTTP Request: GET http://procure-x.testmcp.org/history/dd7ab58a-826b-426a-b520-d3bde9ad01b0 "HTTP/1.1 200 OK"
2026-01-15 10:25:26,270 - httpx - INFO - HTTP Request: GET http://procure-x.testmcp.org/history/861e68b4-9cc7-48a9-a54c-8e989af8738d "HTTP/1.1 200 OK"
2026-01-15 10:25:27,291 - httpx - INFO - HTTP Request: GET http://procure-x.testmcp.org/history/dd7ab58a-826b-426a-b520-d3bde9ad01b0 "HTTP/1.1 200 OK"
2026-01-15 10:25:27,293 - httpx - INFO - HTTP Request: GET http://procure-x.testmcp.org/history/861e68b4-9cc7-48a9-a54c-8e989af8738d "HTTP/1.1 200 OK"
2026-01-15 10:25:28,310 - httpx - INFO - HTTP Request: GET http://procure-x.testmcp.org/history/861e68b4-9cc7-48a9-a54c-8e989af8738d "HTTP/1.1 200 OK"
2026-01-15 10:25:28,312 - httpx - INFO - HTTP Request: GET http://procure-x.testmcp.org/history/dd7ab58a-826b-426a-b520-d3bde9ad01b0 "HTTP/1.1 200 OK"
2026-01-15 10:25:29,334 - httpx - INFO - HTTP Request: GET http://procure-x.testmcp.org/history/dd7ab58a-826b-426a-b520-d3bde9ad01b0 "HTTP/1.1 200 OK"
2026-01-15 10:25:29,336 - httpx - INFO - HTTP Request: GET http://procure-x.testmcp.org/history/861e68b4-9cc7-48a9-a54c-8e989af8738d "HTTP/1.1 200 OK"
2026-01-15 10:25:30,359 - httpx - INFO - HTTP Request: GET http://procure-x.testmcp.org/history/861e68b4-9cc7-48a9-a54c-8e989af8738d "HTTP/1.1 200 OK"
2026-01-15 10:25:30,363 - httpx - INFO - HTTP Request: GET http://procure-x.testmcp.org/history/dd7ab58a-826b-426a-b520-d3bde9ad01b0 "HTTP/1.1 200 OK"
2026-01-15 10:25:31,381 - httpx - INFO - HTTP Request: GET http://procure-x.testmcp.org/history/861e68b4-9cc7-48a9-a54c-8e989af8738d "HTTP/1.1 200 OK"
2026-01-15 10:25:31,382 - httpx - INFO - HTTP Request: GET http://procure-x.testmcp.org/history/dd7ab58a-826b-426a-b520-d3bde9ad01b0 "HTTP/1.1 200 OK"
2026-01-15 10:25:32,401 - httpx - INFO - HTTP Request: GET http://procure-x.testmcp.org/history/861e68b4-9cc7-48a9-a54c-8e989af8738d "HTTP/1.1 200 OK"
2026-01-15 10:25:32,403 - httpx - INFO - HTTP Request: GET http://procure-x.testmcp.org/history/dd7ab58a-826b-426a-b520-d3bde9ad01b0 "HTTP/1.1 200 OK"
2026-01-15 10:25:33,421 - httpx - INFO - HTTP Request: GET http://procure-x.testmcp.org/history/dd7ab58a-826b-426a-b520-d3bde9ad01b0 "HTTP/1.1 200 OK"
2026-01-15 10:25:33,423 - httpx - INFO - HTTP Request: GET http://procure-x.testmcp.org/history/861e68b4-9cc7-48a9-a54c-8e989af8738d "HTTP/1.1 200 OK"
2026-01-15 10:25:34,441 - httpx - INFO - HTTP Request: GET http://procure-x.testmcp.org/history/dd7ab58a-826b-426a-b520-d3bde9ad01b0 "HTTP/1.1 200 OK"
2026-01-15 10:25:34,444 - httpx - INFO - HTTP Request: GET http://procure-x.testmcp.org/history/861e68b4-9cc7-48a9-a54c-8e989af8738d "HTTP/1.1 200 OK"
2026-01-15 10:25:35,459 - httpx - INFO - HTTP Request: GET http://procure-x.testmcp.org/history/dd7ab58a-826b-426a-b520-d3bde9ad01b0 "HTTP/1.1 200 OK"
2026-01-15 10:25:35,461 - httpx - INFO - HTTP Request: GET http://procure-x.testmcp.org/history/861e68b4-9cc7-48a9-a54c-8e989af8738d "HTTP/1.1 200 OK"
2026-01-15 10:25:36,482 - httpx - INFO - HTTP Request: GET http://procure-x.testmcp.org/history/dd7ab58a-826b-426a-b520-d3bde9ad01b0 "HTTP/1.1 200 OK"
2026-01-15 10:25:36,484 - httpx - INFO - HTTP Request: GET http://procure-x.testmcp.org/history/861e68b4-9cc7-48a9-a54c-8e989af8738d "HTTP/1.1 200 OK"
2026-01-15 10:25:37,501 - httpx - INFO - HTTP Request: GET http://procure-x.testmcp.org/history/dd7ab58a-826b-426a-b520-d3bde9ad01b0 "HTTP/1.1 200 OK"
2026-01-15 10:25:37,504 - httpx - INFO - HTTP Request: GET http://procure-x.testmcp.org/history/861e68b4-9cc7-48a9-a54c-8e989af8738d "HTTP/1.1 200 OK"
2026-01-15 10:25:38,519 - httpx - INFO - HTTP Request: GET http://procure-x.testmcp.org/history/dd7ab58a-826b-426a-b520-d3bde9ad01b0 "HTTP/1.1 200 OK"
2026-01-15 10:25:38,521 - httpx - INFO - HTTP Request: GET http://procure-x.testmcp.org/history/861e68b4-9cc7-48a9-a54c-8e989af8738d "HTTP/1.1 200 OK"
2026-01-15 10:25:39,539 - httpx - INFO - HTTP Request: GET http://procure-x.testmcp.org/history/dd7ab58a-826b-426a-b520-d3bde9ad01b0 "HTTP/1.1 200 OK"
2026-01-15 10:25:39,541 - httpx - INFO - HTTP Request: GET http://procure-x.testmcp.org/history/861e68b4-9cc7-48a9-a54c-8e989af8738d "HTTP/1.1 200 OK"
2026-01-15 10:25:40,561 - httpx - INFO - HTTP Request: GET http://procure-x.testmcp.org/history/dd7ab58a-826b-426a-b520-d3bde9ad01b0 "HTTP/1.1 200 OK"
2026-01-15 10:25:40,563 - httpx - INFO - HTTP Request: GET http://procure-x.testmcp.org/history/861e68b4-9cc7-48a9-a54c-8e989af8738d "HTTP/1.1 200 OK"
2026-01-15 10:25:41,584 - httpx - INFO - HTTP Request: GET http://procure-x.testmcp.org/history/861e68b4-9cc7-48a9-a54c-8e989af8738d "HTTP/1.1 200 OK"
2026-01-15 10:25:41,588 - httpx - INFO - HTTP Request: GET http://procure-x.testmcp.org/history/dd7ab58a-826b-426a-b520-d3bde9ad01b0 "HTTP/1.1 200 OK"
2026-01-15 10:25:42,601 - httpx - INFO - HTTP Request: GET http://procure-x.testmcp.org/history/861e68b4-9cc7-48a9-a54c-8e989af8738d "HTTP/1.1 200 OK"
2026-01-15 10:25:42,604 - httpx - INFO - HTTP Request: GET http://procure-x.testmcp.org/history/dd7ab58a-826b-426a-b520-d3bde9ad01b0 "HTTP/1.1 200 OK"
2026-01-15 10:25:43,622 - httpx - INFO - HTTP Request: GET http://procure-x.testmcp.org/history/dd7ab58a-826b-426a-b520-d3bde9ad01b0 "HTTP/1.1 200 OK"
2026-01-15 10:25:43,624 - httpx - INFO - HTTP Request: GET http://procure-x.testmcp.org/history/861e68b4-9cc7-48a9-a54c-8e989af8738d "HTTP/1.1 200 OK"
2026-01-15 10:25:44,640 - httpx - INFO - HTTP Request: GET http://procure-x.testmcp.org/history/861e68b4-9cc7-48a9-a54c-8e989af8738d "HTTP/1.1 200 OK"
2026-01-15 10:25:44,642 - httpx - INFO - HTTP Request: GET http://procure-x.testmcp.org/history/dd7ab58a-826b-426a-b520-d3bde9ad01b0 "HTTP/1.1 200 OK"
2026-01-15 10:25:45,494 - temporal_gateway.clients.comfy.tracker - INFO - [WS] Execution completed successfully
2026-01-15 10:25:46,103 - httpx - INFO - HTTP Request: GET http://procure-x.testmcp.org/history/dd7ab58a-826b-426a-b520-d3bde9ad01b0 "HTTP/1.1 200 OK"
2026-01-15 10:25:46,105 - httpx - INFO - HTTP Request: GET http://procure-x.testmcp.org/history/861e68b4-9cc7-48a9-a54c-8e989af8738d "HTTP/1.1 200 OK"
2026-01-15 10:25:46,106 - httpx - INFO - HTTP Request: GET http://procure-x.testmcp.org/history/dd7ab58a-826b-426a-b520-d3bde9ad01b0 "HTTP/1.1 200 OK"
2026-01-15 10:25:46,108 - temporal_gateway.clients.comfy.tracker - INFO - Tracking completed: success (took 51.50s)
2026-01-15 10:25:46,110 - temporal_gateway.clients.comfy.tracker - INFO - [POLL] Found in history: success
2026-01-15 10:25:46,111 - temporalio.activity - INFO - [V3] Workflow completed successfully ({'activity_id': '1', 'activity_type': 'execute_and_track_workflow', 'attempt': 1, 'namespace': 'default', 'task_queue': 'comfyui-gpu-farm', 'workflow_id': 'chain-image-edit-to-video-pipeline-9e355cc5-2e17-4ead-9013-e0caa3349809-edit_frame2', 'workflow_run_id': '019bc001-aedd-766f-98b5-35d610466265', 'workflow_type': 'ComfyUIWorkflow'})
2026-01-15 10:25:46,128 - temporalio.workflow - INFO - Execution completed successfully ({'attempt': 1, 'namespace': 'default', 'run_id': '019bc001-aedd-766f-98b5-35d610466265', 'task_queue': 'comfyui-gpu-farm', 'workflow_id': 'chain-image-edit-to-video-pipeline-9e355cc5-2e17-4ead-9013-e0caa3349809-edit_frame2', 'workflow_type': 'ComfyUIWorkflow'})
2026-01-15 10:25:46,138 - temporalio.activity - INFO - Extracting server output files ({'activity_id': '2', 'activity_type': 'get_server_output_files', 'attempt': 1, 'namespace': 'default', 'task_queue': 'comfyui-gpu-farm', 'workflow_id': 'chain-image-edit-to-video-pipeline-9e355cc5-2e17-4ead-9013-e0caa3349809-edit_frame2', 'workflow_run_id': '019bc001-aedd-766f-98b5-35d610466265', 'workflow_type': 'ComfyUIWorkflow'})
2026-01-15 10:25:46,138 - temporalio.activity - INFO - Found 1 output file(s) ({'activity_id': '2', 'activity_type': 'get_server_output_files', 'attempt': 1, 'namespace': 'default', 'task_queue': 'comfyui-gpu-farm', 'workflow_id': 'chain-image-edit-to-video-pipeline-9e355cc5-2e17-4ead-9013-e0caa3349809-edit_frame2', 'workflow_run_id': '019bc001-aedd-766f-98b5-35d610466265', 'workflow_type': 'ComfyUIWorkflow'})
2026-01-15 10:25:46,148 - temporalio.workflow - INFO - Found 1 server output file(s) ({'attempt': 1, 'namespace': 'default', 'run_id': '019bc001-aedd-766f-98b5-35d610466265', 'task_queue': 'comfyui-gpu-farm', 'workflow_id': 'chain-image-edit-to-video-pipeline-9e355cc5-2e17-4ead-9013-e0caa3349809-edit_frame2', 'workflow_type': 'ComfyUIWorkflow'})
2026-01-15 10:25:46,157 - temporalio.activity - INFO - Downloading and persisting 1 artifact(s) for workflow 7d8f7a58-28e2-4027-a5b9-f71b91c36ac5 ({'activity_id': '3', 'activity_type': 'download_and_store_artifacts', 'attempt': 1, 'namespace': 'default', 'task_queue': 'comfyui-gpu-farm', 'workflow_id': 'chain-image-edit-to-video-pipeline-9e355cc5-2e17-4ead-9013-e0caa3349809-edit_frame2', 'workflow_run_id': '019bc001-aedd-766f-98b5-35d610466265', 'workflow_type': 'ComfyUIWorkflow'})
2026-01-15 10:25:46,209 - temporal_gateway.clients.comfy.client - INFO - ComfyUI client initialized for http://procure-x.testmcp.org
2026-01-15 10:25:46,250 - httpx - INFO - HTTP Request: GET http://procure-x.testmcp.org/view?filename=ComfyUI_00305_.png&type=output "HTTP/1.1 200 OK"
2026-01-15 10:25:46,442 - temporalio.activity - INFO - ✓ Saved artifact to DB: 98e2eb02-0c4d-4bfe-9421-e2ddb2a87ec2 (ComfyUI_00305_.png) ({'activity_id': '3', 'activity_type': 'download_and_store_artifacts', 'attempt': 1, 'namespace': 'default', 'task_queue': 'comfyui-gpu-farm', 'workflow_id': 'chain-image-edit-to-video-pipeline-9e355cc5-2e17-4ead-9013-e0caa3349809-edit_frame2', 'workflow_run_id': '019bc001-aedd-766f-98b5-35d610466265', 'workflow_type': 'ComfyUIWorkflow'})
2026-01-15 10:25:46,442 - temporalio.activity - INFO - Downloaded and persisted 1 artifact(s) ({'activity_id': '3', 'activity_type': 'download_and_store_artifacts', 'attempt': 1, 'namespace': 'default', 'task_queue': 'comfyui-gpu-farm', 'workflow_id': 'chain-image-edit-to-video-pipeline-9e355cc5-2e17-4ead-9013-e0caa3349809-edit_frame2', 'workflow_run_id': '019bc001-aedd-766f-98b5-35d610466265', 'workflow_type': 'ComfyUIWorkflow'})
2026-01-15 10:25:46,453 - temporalio.workflow - INFO - Downloaded 1 file(s) locally ({'attempt': 1, 'namespace': 'default', 'run_id': '019bc001-aedd-766f-98b5-35d610466265', 'task_queue': 'comfyui-gpu-farm', 'workflow_id': 'chain-image-edit-to-video-pipeline-9e355cc5-2e17-4ead-9013-e0caa3349809-edit_frame2', 'workflow_type': 'ComfyUIWorkflow'})
2026-01-15 10:25:46,483 - temporalio.activity - INFO - Updating workflow 7d8f7a58-28e2-4027-a5b9-f71b91c36ac5 status to: completed ({'activity_id': '33', 'activity_type': 'update_workflow_status_activity', 'attempt': 1, 'namespace': 'default', 'task_queue': 'comfyui-gpu-farm', 'workflow_id': 'chain-image-edit-to-video-pipeline-9e355cc5-2e17-4ead-9013-e0caa3349809', 'workflow_run_id': '019bc001-92b8-7a7b-9608-019b5d7628bd', 'workflow_type': 'ChainExecutorWorkflow'})
2026-01-15 10:25:46,487 - temporalio.activity - INFO - ✓ Updated workflow status ({'activity_id': '33', 'activity_type': 'update_workflow_status_activity', 'attempt': 1, 'namespace': 'default', 'task_queue': 'comfyui-gpu-farm', 'workflow_id': 'chain-image-edit-to-video-pipeline-9e355cc5-2e17-4ead-9013-e0caa3349809', 'workflow_run_id': '019bc001-92b8-7a7b-9608-019b5d7628bd', 'workflow_type': 'ChainExecutorWorkflow'})
2026-01-15 10:25:46,505 - temporalio.activity - INFO - Getting artifacts for workflow: 7d8f7a58-28e2-4027-a5b9-f71b91c36ac5 ({'activity_id': '34', 'activity_type': 'get_workflow_artifacts', 'attempt': 1, 'namespace': 'default', 'task_queue': 'comfyui-gpu-farm', 'workflow_id': 'chain-image-edit-to-video-pipeline-9e355cc5-2e17-4ead-9013-e0caa3349809', 'workflow_run_id': '019bc001-92b8-7a7b-9608-019b5d7628bd', 'workflow_type': 'ChainExecutorWorkflow'})
2026-01-15 10:25:46,524 - temporalio.activity - INFO - Creating approval request for artifact: 98e2eb02-0c4d-4bfe-9421-e2ddb2a87ec2 ({'activity_id': '35', 'activity_type': 'create_approval_request_activity', 'attempt': 1, 'namespace': 'default', 'task_queue': 'comfyui-gpu-farm', 'workflow_id': 'chain-image-edit-to-video-pipeline-9e355cc5-2e17-4ead-9013-e0caa3349809', 'workflow_run_id': '019bc001-92b8-7a7b-9608-019b5d7628bd', 'workflow_type': 'ChainExecutorWorkflow'})
2026-01-15 10:25:46,531 - temporalio.activity - INFO - ✓ Created approval request: 0005182c-586c-4c32-8171-a816135ac8a6, token: oqJm4OdK_3JRbLPl... ({'activity_id': '35', 'activity_type': 'create_approval_request_activity', 'attempt': 1, 'namespace': 'default', 'task_queue': 'comfyui-gpu-farm', 'workflow_id': 'chain-image-edit-to-video-pipeline-9e355cc5-2e17-4ead-9013-e0caa3349809', 'workflow_run_id': '019bc001-92b8-7a7b-9608-019b5d7628bd', 'workflow_type': 'ChainExecutorWorkflow'})
2026-01-15 10:25:46,532 - temporal_gateway.services.broadcast - INFO - Published approval_requested to chain:65f3c073-7718-4d2c-9a7f-a96cff2dae0f
2026-01-15 10:25:46,532 - temporalio.activity - INFO - Published approval_requested event for chain 65f3c073-7718-4d2c-9a7f-a96cff2dae0f ({'activity_id': '35', 'activity_type': 'create_approval_request_activity', 'attempt': 1, 'namespace': 'default', 'task_queue': 'comfyui-gpu-farm', 'workflow_id': 'chain-image-edit-to-video-pipeline-9e355cc5-2e17-4ead-9013-e0caa3349809', 'workflow_run_id': '019bc001-92b8-7a7b-9608-019b5d7628bd', 'workflow_type': 'ChainExecutorWorkflow'})
2026-01-15 10:25:46,548 - temporalio.workflow - INFO - Step edit_frame2: Approval request created, token: oqJm4OdK_3JRbLPl... ({'attempt': 1, 'namespace': 'default', 'run_id': '019bc001-92b8-7a7b-9608-019b5d7628bd', 'task_queue': 'comfyui-gpu-farm', 'workflow_id': 'chain-image-edit-to-video-pipeline-9e355cc5-2e17-4ead-9013-e0caa3349809', 'workflow_type': 'ChainExecutorWorkflow'})
2026-01-15 10:25:47,128 - httpx - INFO - HTTP Request: GET http://procure-x.testmcp.org/history/861e68b4-9cc7-48a9-a54c-8e989af8738d "HTTP/1.1 200 OK"
2026-01-15 10:25:48,156 - httpx - INFO - HTTP Request: GET http://procure-x.testmcp.org/history/861e68b4-9cc7-48a9-a54c-8e989af8738d "HTTP/1.1 200 OK"
2026-01-15 10:25:49,176 - httpx - INFO - HTTP Request: GET http://procure-x.testmcp.org/history/861e68b4-9cc7-48a9-a54c-8e989af8738d "HTTP/1.1 200 OK"
2026-01-15 10:25:50,196 - httpx - INFO - HTTP Request: GET http://procure-x.testmcp.org/history/861e68b4-9cc7-48a9-a54c-8e989af8738d "HTTP/1.1 200 OK"
2026-01-15 10:25:51,214 - httpx - INFO - HTTP Request: GET http://procure-x.testmcp.org/history/861e68b4-9cc7-48a9-a54c-8e989af8738d "HTTP/1.1 200 OK"
2026-01-15 10:25:52,233 - httpx - INFO - HTTP Request: GET http://procure-x.testmcp.org/history/861e68b4-9cc7-48a9-a54c-8e989af8738d "HTTP/1.1 200 OK"
2026-01-15 10:25:53,250 - httpx - INFO - HTTP Request: GET http://procure-x.testmcp.org/history/861e68b4-9cc7-48a9-a54c-8e989af8738d "HTTP/1.1 200 OK"
2026-01-15 10:25:54,269 - httpx - INFO - HTTP Request: GET http://procure-x.testmcp.org/history/861e68b4-9cc7-48a9-a54c-8e989af8738d "HTTP/1.1 200 OK"
2026-01-15 10:25:55,294 - httpx - INFO - HTTP Request: GET http://procure-x.testmcp.org/history/861e68b4-9cc7-48a9-a54c-8e989af8738d "HTTP/1.1 200 OK"
2026-01-15 10:25:56,313 - httpx - INFO - HTTP Request: GET http://procure-x.testmcp.org/history/861e68b4-9cc7-48a9-a54c-8e989af8738d "HTTP/1.1 200 OK"
2026-01-15 10:25:57,335 - httpx - INFO - HTTP Request: GET http://procure-x.testmcp.org/history/861e68b4-9cc7-48a9-a54c-8e989af8738d "HTTP/1.1 200 OK"
2026-01-15 10:25:58,361 - httpx - INFO - HTTP Request: GET http://procure-x.testmcp.org/history/861e68b4-9cc7-48a9-a54c-8e989af8738d "HTTP/1.1 200 OK"
2026-01-15 10:25:59,384 - httpx - INFO - HTTP Request: GET http://procure-x.testmcp.org/history/861e68b4-9cc7-48a9-a54c-8e989af8738d "HTTP/1.1 200 OK"
2026-01-15 10:26:00,403 - httpx - INFO - HTTP Request: GET http://procure-x.testmcp.org/history/861e68b4-9cc7-48a9-a54c-8e989af8738d "HTTP/1.1 200 OK"
2026-01-15 10:26:01,425 - httpx - INFO - HTTP Request: GET http://procure-x.testmcp.org/history/861e68b4-9cc7-48a9-a54c-8e989af8738d "HTTP/1.1 200 OK"
2026-01-15 10:26:02,448 - httpx - INFO - HTTP Request: GET http://procure-x.testmcp.org/history/861e68b4-9cc7-48a9-a54c-8e989af8738d "HTTP/1.1 200 OK"
2026-01-15 10:26:03,467 - httpx - INFO - HTTP Request: GET http://procure-x.testmcp.org/history/861e68b4-9cc7-48a9-a54c-8e989af8738d "HTTP/1.1 200 OK"
2026-01-15 10:26:04,489 - httpx - INFO - HTTP Request: GET http://procure-x.testmcp.org/history/861e68b4-9cc7-48a9-a54c-8e989af8738d "HTTP/1.1 200 OK"
2026-01-15 10:26:05,505 - httpx - INFO - HTTP Request: GET http://procure-x.testmcp.org/history/861e68b4-9cc7-48a9-a54c-8e989af8738d "HTTP/1.1 200 OK"
2026-01-15 10:26:06,525 - httpx - INFO - HTTP Request: GET http://procure-x.testmcp.org/history/861e68b4-9cc7-48a9-a54c-8e989af8738d "HTTP/1.1 200 OK"
2026-01-15 10:26:07,544 - httpx - INFO - HTTP Request: GET http://procure-x.testmcp.org/history/861e68b4-9cc7-48a9-a54c-8e989af8738d "HTTP/1.1 200 OK"
2026-01-15 10:26:08,566 - httpx - INFO - HTTP Request: GET http://procure-x.testmcp.org/history/861e68b4-9cc7-48a9-a54c-8e989af8738d "HTTP/1.1 200 OK"
2026-01-15 10:26:09,584 - httpx - INFO - HTTP Request: GET http://procure-x.testmcp.org/history/861e68b4-9cc7-48a9-a54c-8e989af8738d "HTTP/1.1 200 OK"
2026-01-15 10:26:10,601 - httpx - INFO - HTTP Request: GET http://procure-x.testmcp.org/history/861e68b4-9cc7-48a9-a54c-8e989af8738d "HTTP/1.1 200 OK"
2026-01-15 10:26:11,618 - httpx - INFO - HTTP Request: GET http://procure-x.testmcp.org/history/861e68b4-9cc7-48a9-a54c-8e989af8738d "HTTP/1.1 200 OK"
2026-01-15 10:26:11,666 - temporal_gateway.clients.comfy.tracker - INFO - [WS] Execution completed successfully
2026-01-15 10:26:12,008 - httpx - INFO - HTTP Request: GET http://procure-x.testmcp.org/history/861e68b4-9cc7-48a9-a54c-8e989af8738d "HTTP/1.1 200 OK"
2026-01-15 10:26:12,009 - temporal_gateway.clients.comfy.tracker - INFO - Tracking completed: success (took 77.35s)
2026-01-15 10:26:12,009 - temporalio.activity - INFO - [V3] Workflow completed successfully ({'activity_id': '1', 'activity_type': 'execute_and_track_workflow', 'attempt': 1, 'namespace': 'default', 'task_queue': 'comfyui-gpu-farm', 'workflow_id': 'chain-image-edit-to-video-pipeline-9e355cc5-2e17-4ead-9013-e0caa3349809-edit_frame1', 'workflow_run_id': '019bc001-af43-7aeb-b0c1-7d6a755ab6c7', 'workflow_type': 'ComfyUIWorkflow'})
2026-01-15 10:26:12,021 - temporalio.workflow - INFO - Execution completed successfully ({'attempt': 1, 'namespace': 'default', 'run_id': '019bc001-af43-7aeb-b0c1-7d6a755ab6c7', 'task_queue': 'comfyui-gpu-farm', 'workflow_id': 'chain-image-edit-to-video-pipeline-9e355cc5-2e17-4ead-9013-e0caa3349809-edit_frame1', 'workflow_type': 'ComfyUIWorkflow'})
2026-01-15 10:26:12,031 - temporalio.activity - INFO - Extracting server output files ({'activity_id': '2', 'activity_type': 'get_server_output_files', 'attempt': 1, 'namespace': 'default', 'task_queue': 'comfyui-gpu-farm', 'workflow_id': 'chain-image-edit-to-video-pipeline-9e355cc5-2e17-4ead-9013-e0caa3349809-edit_frame1', 'workflow_run_id': '019bc001-af43-7aeb-b0c1-7d6a755ab6c7', 'workflow_type': 'ComfyUIWorkflow'})
2026-01-15 10:26:12,031 - temporalio.activity - INFO - Found 1 output file(s) ({'activity_id': '2', 'activity_type': 'get_server_output_files', 'attempt': 1, 'namespace': 'default', 'task_queue': 'comfyui-gpu-farm', 'workflow_id': 'chain-image-edit-to-video-pipeline-9e355cc5-2e17-4ead-9013-e0caa3349809-edit_frame1', 'workflow_run_id': '019bc001-af43-7aeb-b0c1-7d6a755ab6c7', 'workflow_type': 'ComfyUIWorkflow'})
2026-01-15 10:26:12,043 - temporalio.workflow - INFO - Found 1 server output file(s) ({'attempt': 1, 'namespace': 'default', 'run_id': '019bc001-af43-7aeb-b0c1-7d6a755ab6c7', 'task_queue': 'comfyui-gpu-farm', 'workflow_id': 'chain-image-edit-to-video-pipeline-9e355cc5-2e17-4ead-9013-e0caa3349809-edit_frame1', 'workflow_type': 'ComfyUIWorkflow'})
2026-01-15 10:26:12,056 - temporalio.activity - INFO - Downloading and persisting 1 artifact(s) for workflow c43ea173-16d3-4e63-9d8f-417a011fa1d8 ({'activity_id': '3', 'activity_type': 'download_and_store_artifacts', 'attempt': 1, 'namespace': 'default', 'task_queue': 'comfyui-gpu-farm', 'workflow_id': 'chain-image-edit-to-video-pipeline-9e355cc5-2e17-4ead-9013-e0caa3349809-edit_frame1', 'workflow_run_id': '019bc001-af43-7aeb-b0c1-7d6a755ab6c7', 'workflow_type': 'ComfyUIWorkflow'})
2026-01-15 10:26:12,110 - temporal_gateway.clients.comfy.client - INFO - ComfyUI client initialized for http://procure-x.testmcp.org
2026-01-15 10:26:12,155 - httpx - INFO - HTTP Request: GET http://procure-x.testmcp.org/view?filename=ComfyUI_00306_.png&type=output "HTTP/1.1 200 OK"
2026-01-15 10:26:12,310 - temporalio.activity - INFO - ✓ Saved artifact to DB: 6ca33c32-350b-42f2-9eb9-917014b8aeaa (ComfyUI_00306_.png) ({'activity_id': '3', 'activity_type': 'download_and_store_artifacts', 'attempt': 1, 'namespace': 'default', 'task_queue': 'comfyui-gpu-farm', 'workflow_id': 'chain-image-edit-to-video-pipeline-9e355cc5-2e17-4ead-9013-e0caa3349809-edit_frame1', 'workflow_run_id': '019bc001-af43-7aeb-b0c1-7d6a755ab6c7', 'workflow_type': 'ComfyUIWorkflow'})
2026-01-15 10:26:12,311 - temporalio.activity - INFO - Downloaded and persisted 1 artifact(s) ({'activity_id': '3', 'activity_type': 'download_and_store_artifacts', 'attempt': 1, 'namespace': 'default', 'task_queue': 'comfyui-gpu-farm', 'workflow_id': 'chain-image-edit-to-video-pipeline-9e355cc5-2e17-4ead-9013-e0caa3349809-edit_frame1', 'workflow_run_id': '019bc001-af43-7aeb-b0c1-7d6a755ab6c7', 'workflow_type': 'ComfyUIWorkflow'})
2026-01-15 10:26:12,327 - temporalio.workflow - INFO - Downloaded 1 file(s) locally ({'attempt': 1, 'namespace': 'default', 'run_id': '019bc001-af43-7aeb-b0c1-7d6a755ab6c7', 'task_queue': 'comfyui-gpu-farm', 'workflow_id': 'chain-image-edit-to-video-pipeline-9e355cc5-2e17-4ead-9013-e0caa3349809-edit_frame1', 'workflow_type': 'ComfyUIWorkflow'})
2026-01-15 10:26:12,358 - temporalio.activity - INFO - Updating workflow c43ea173-16d3-4e63-9d8f-417a011fa1d8 status to: completed ({'activity_id': '36', 'activity_type': 'update_workflow_status_activity', 'attempt': 1, 'namespace': 'default', 'task_queue': 'comfyui-gpu-farm', 'workflow_id': 'chain-image-edit-to-video-pipeline-9e355cc5-2e17-4ead-9013-e0caa3349809', 'workflow_run_id': '019bc001-92b8-7a7b-9608-019b5d7628bd', 'workflow_type': 'ChainExecutorWorkflow'})
2026-01-15 10:26:12,363 - temporalio.activity - INFO - ✓ Updated workflow status ({'activity_id': '36', 'activity_type': 'update_workflow_status_activity', 'attempt': 1, 'namespace': 'default', 'task_queue': 'comfyui-gpu-farm', 'workflow_id': 'chain-image-edit-to-video-pipeline-9e355cc5-2e17-4ead-9013-e0caa3349809', 'workflow_run_id': '019bc001-92b8-7a7b-9608-019b5d7628bd', 'workflow_type': 'ChainExecutorWorkflow'})
2026-01-15 10:26:12,388 - temporalio.activity - INFO - Getting artifacts for workflow: c43ea173-16d3-4e63-9d8f-417a011fa1d8 ({'activity_id': '37', 'activity_type': 'get_workflow_artifacts', 'attempt': 1, 'namespace': 'default', 'task_queue': 'comfyui-gpu-farm', 'workflow_id': 'chain-image-edit-to-video-pipeline-9e355cc5-2e17-4ead-9013-e0caa3349809', 'workflow_run_id': '019bc001-92b8-7a7b-9608-019b5d7628bd', 'workflow_type': 'ChainExecutorWorkflow'})
2026-01-15 10:26:12,418 - temporalio.activity - INFO - Creating approval request for artifact: 6ca33c32-350b-42f2-9eb9-917014b8aeaa ({'activity_id': '38', 'activity_type': 'create_approval_request_activity', 'attempt': 1, 'namespace': 'default', 'task_queue': 'comfyui-gpu-farm', 'workflow_id': 'chain-image-edit-to-video-pipeline-9e355cc5-2e17-4ead-9013-e0caa3349809', 'workflow_run_id': '019bc001-92b8-7a7b-9608-019b5d7628bd', 'workflow_type': 'ChainExecutorWorkflow'})
2026-01-15 10:26:12,425 - temporalio.activity - INFO - ✓ Created approval request: 53578a26-dfa8-424d-aea2-be6c5ef88c0c, token: fulOESH6O3uXgt2q... ({'activity_id': '38', 'activity_type': 'create_approval_request_activity', 'attempt': 1, 'namespace': 'default', 'task_queue': 'comfyui-gpu-farm', 'workflow_id': 'chain-image-edit-to-video-pipeline-9e355cc5-2e17-4ead-9013-e0caa3349809', 'workflow_run_id': '019bc001-92b8-7a7b-9608-019b5d7628bd', 'workflow_type': 'ChainExecutorWorkflow'})
2026-01-15 10:26:12,426 - temporal_gateway.services.broadcast - INFO - Published approval_requested to chain:65f3c073-7718-4d2c-9a7f-a96cff2dae0f
2026-01-15 10:26:12,426 - temporalio.activity - INFO - Published approval_requested event for chain 65f3c073-7718-4d2c-9a7f-a96cff2dae0f ({'activity_id': '38', 'activity_type': 'create_approval_request_activity', 'attempt': 1, 'namespace': 'default', 'task_queue': 'comfyui-gpu-farm', 'workflow_id': 'chain-image-edit-to-video-pipeline-9e355cc5-2e17-4ead-9013-e0caa3349809', 'workflow_run_id': '019bc001-92b8-7a7b-9608-019b5d7628bd', 'workflow_type': 'ChainExecutorWorkflow'})
2026-01-15 10:26:12,439 - temporalio.workflow - INFO - Step edit_frame1: Approval request created, token: fulOESH6O3uXgt2q... ({'attempt': 1, 'namespace': 'default', 'run_id': '019bc001-92b8-7a7b-9608-019b5d7628bd', 'task_queue': 'comfyui-gpu-farm', 'workflow_id': 'chain-image-edit-to-video-pipeline-9e355cc5-2e17-4ead-9013-e0caa3349809', 'workflow_type': 'ChainExecutorWorkflow'})
2026-01-15 10:27:33,810 - temporalio.worker._worker - INFO - Worker cancelled, shutting down
2026-01-15 10:27:33,810 - temporalio.worker._worker - INFO - Beginning worker shutdown, will wait 0:00:00 before cancelling activities
