2026-01-20 15:28:38,717 - worker - INFO - Initializing artifact database...
2026-01-20 15:28:38,719 - worker - INFO - Database initialized
2026-01-20 15:28:38,719 - worker - INFO - Connecting to Redis for event broadcasting...
2026-01-20 15:28:38,756 - temporal_gateway.services.broadcast - INFO - Created broadcast instance for redis://localhost:6379
2026-01-20 15:28:38,759 - temporal_gateway.services.broadcast - INFO - Broadcast connected to Redis
2026-01-20 15:28:38,759 - worker - INFO - Redis broadcast connected
2026-01-20 15:28:38,759 - worker - INFO - Loading server registry...
2026-01-20 15:28:38,759 - temporal_gateway.servers.registry - INFO - Registered server: procure-x (comfyui)
2026-01-20 15:28:38,759 - temporal_gateway.servers.registry - INFO - Loaded 1 servers from config
2026-01-20 15:28:38,759 - worker - INFO - Registered 1 servers
2026-01-20 15:28:38,759 - worker - INFO -   Server: procure-x (comfyui)
2026-01-20 15:28:38,884 - worker - INFO - ============================================================
2026-01-20 15:28:38,884 - worker - INFO - 🔧 Temporal Worker Started
2026-01-20 15:28:38,884 - worker - INFO - ============================================================
2026-01-20 15:28:38,884 - worker - INFO - Connected to Temporal: localhost:7233
2026-01-20 15:28:38,884 - worker - INFO - Task Queue: comfyui-gpu-farm
2026-01-20 15:28:38,885 - worker - INFO - Workflows: ['ComfyUIWorkflow', 'ChainExecutorWorkflow']
2026-01-20 15:28:38,885 - worker - INFO - Log file: /home/jaskirat/Documents/comfyautomate/temporal_gateway/logs/worker_20260120_095838.log
2026-01-20 15:28:38,885 - worker - INFO - ============================================================
2026-01-20 15:28:38,885 - worker - INFO - Worker is running. Press Ctrl+C to stop.
2026-01-20 15:28:48,217 - temporalio.workflow - INFO - Starting chain execution: image-edit-to-video-pipeline ({'attempt': 1, 'namespace': 'default', 'run_id': '019bdad7-b481-79fb-8a07-10e85a5717c1', 'task_queue': 'comfyui-gpu-farm', 'workflow_id': 'chain-image-edit-to-video-pipeline-regen-850d6d02-b357-4cb9-b832-6ce0b32fed37', 'workflow_type': 'ChainExecutorWorkflow'})
2026-01-20 15:28:48,217 - temporalio.workflow - INFO - Retry number: 0 ({'attempt': 1, 'namespace': 'default', 'run_id': '019bdad7-b481-79fb-8a07-10e85a5717c1', 'task_queue': 'comfyui-gpu-farm', 'workflow_id': 'chain-image-edit-to-video-pipeline-regen-850d6d02-b357-4cb9-b832-6ce0b32fed37', 'workflow_type': 'ChainExecutorWorkflow'})
2026-01-20 15:28:48,217 - temporalio.workflow - INFO - Cached steps: ['edit_frame1', 'extract_frame1'] ({'attempt': 1, 'namespace': 'default', 'run_id': '019bdad7-b481-79fb-8a07-10e85a5717c1', 'task_queue': 'comfyui-gpu-farm', 'workflow_id': 'chain-image-edit-to-video-pipeline-regen-850d6d02-b357-4cb9-b832-6ce0b32fed37', 'workflow_type': 'ChainExecutorWorkflow'})
2026-01-20 15:28:48,217 - temporalio.workflow - INFO - Total levels: 3 ({'attempt': 1, 'namespace': 'default', 'run_id': '019bdad7-b481-79fb-8a07-10e85a5717c1', 'task_queue': 'comfyui-gpu-farm', 'workflow_id': 'chain-image-edit-to-video-pipeline-regen-850d6d02-b357-4cb9-b832-6ce0b32fed37', 'workflow_type': 'ChainExecutorWorkflow'})
2026-01-20 15:28:48,217 - temporalio.workflow - INFO - Applied cache for step: edit_frame1 ({'attempt': 1, 'namespace': 'default', 'run_id': '019bdad7-b481-79fb-8a07-10e85a5717c1', 'task_queue': 'comfyui-gpu-farm', 'workflow_id': 'chain-image-edit-to-video-pipeline-regen-850d6d02-b357-4cb9-b832-6ce0b32fed37', 'workflow_type': 'ChainExecutorWorkflow'})
2026-01-20 15:28:48,217 - temporalio.workflow - INFO - Applied cache for step: extract_frame1 ({'attempt': 1, 'namespace': 'default', 'run_id': '019bdad7-b481-79fb-8a07-10e85a5717c1', 'task_queue': 'comfyui-gpu-farm', 'workflow_id': 'chain-image-edit-to-video-pipeline-regen-850d6d02-b357-4cb9-b832-6ce0b32fed37', 'workflow_type': 'ChainExecutorWorkflow'})
2026-01-20 15:28:48,218 - temporalio.workflow - INFO - Using chain ID: 4940ec2d-6ca6-42cb-8c87-15230eabfb2c ({'attempt': 1, 'namespace': 'default', 'run_id': '019bdad7-b481-79fb-8a07-10e85a5717c1', 'task_queue': 'comfyui-gpu-farm', 'workflow_id': 'chain-image-edit-to-video-pipeline-regen-850d6d02-b357-4cb9-b832-6ce0b32fed37', 'workflow_type': 'ChainExecutorWorkflow'})
2026-01-20 15:28:48,227 - temporalio.activity - INFO - Updating chain 4940ec2d-6ca6-42cb-8c87-15230eabfb2c status to: executing_level_0 ({'activity_id': '1', 'activity_type': 'update_chain_status_activity', 'attempt': 1, 'namespace': 'default', 'task_queue': 'comfyui-gpu-farm', 'workflow_id': 'chain-image-edit-to-video-pipeline-regen-850d6d02-b357-4cb9-b832-6ce0b32fed37', 'workflow_run_id': '019bdad7-b481-79fb-8a07-10e85a5717c1', 'workflow_type': 'ChainExecutorWorkflow'})
2026-01-20 15:28:48,259 - temporalio.activity - INFO - ✓ Updated chain status ({'activity_id': '1', 'activity_type': 'update_chain_status_activity', 'attempt': 1, 'namespace': 'default', 'task_queue': 'comfyui-gpu-farm', 'workflow_id': 'chain-image-edit-to-video-pipeline-regen-850d6d02-b357-4cb9-b832-6ce0b32fed37', 'workflow_run_id': '019bdad7-b481-79fb-8a07-10e85a5717c1', 'workflow_type': 'ChainExecutorWorkflow'})
2026-01-20 15:28:48,269 - temporalio.workflow - INFO - Level 0: Executing 2 step(s) ({'attempt': 1, 'namespace': 'default', 'run_id': '019bdad7-b481-79fb-8a07-10e85a5717c1', 'task_queue': 'comfyui-gpu-farm', 'workflow_id': 'chain-image-edit-to-video-pipeline-regen-850d6d02-b357-4cb9-b832-6ce0b32fed37', 'workflow_type': 'ChainExecutorWorkflow'})
2026-01-20 15:28:48,270 - temporalio.workflow - INFO - Step extract_frame1: Using cached result ({'attempt': 1, 'namespace': 'default', 'run_id': '019bdad7-b481-79fb-8a07-10e85a5717c1', 'task_queue': 'comfyui-gpu-farm', 'workflow_id': 'chain-image-edit-to-video-pipeline-regen-850d6d02-b357-4cb9-b832-6ce0b32fed37', 'workflow_type': 'ChainExecutorWorkflow'})
2026-01-20 15:28:48,270 - temporalio.workflow - INFO - Executing step: extract_frame2 ({'attempt': 1, 'namespace': 'default', 'run_id': '019bdad7-b481-79fb-8a07-10e85a5717c1', 'task_queue': 'comfyui-gpu-farm', 'workflow_id': 'chain-image-edit-to-video-pipeline-regen-850d6d02-b357-4cb9-b832-6ce0b32fed37', 'workflow_type': 'ChainExecutorWorkflow'})
2026-01-20 15:28:48,279 - temporalio.activity - INFO - Resolving templates in parameters ({'activity_id': '2', 'activity_type': 'resolve_chain_templates', 'attempt': 1, 'namespace': 'default', 'task_queue': 'comfyui-gpu-farm', 'workflow_id': 'chain-image-edit-to-video-pipeline-regen-850d6d02-b357-4cb9-b832-6ce0b32fed37', 'workflow_run_id': '019bdad7-b481-79fb-8a07-10e85a5717c1', 'workflow_type': 'ChainExecutorWorkflow'})
2026-01-20 15:28:48,279 - temporalio.activity - INFO - Templates resolved successfully ({'activity_id': '2', 'activity_type': 'resolve_chain_templates', 'attempt': 1, 'namespace': 'default', 'task_queue': 'comfyui-gpu-farm', 'workflow_id': 'chain-image-edit-to-video-pipeline-regen-850d6d02-b357-4cb9-b832-6ce0b32fed37', 'workflow_run_id': '019bdad7-b481-79fb-8a07-10e85a5717c1', 'workflow_type': 'ChainExecutorWorkflow'})
2026-01-20 15:28:48,296 - temporalio.activity - INFO - Applying parameters to workflow: imageSave ({'activity_id': '3', 'activity_type': 'apply_workflow_parameters', 'attempt': 1, 'namespace': 'default', 'task_queue': 'comfyui-gpu-farm', 'workflow_id': 'chain-image-edit-to-video-pipeline-regen-850d6d02-b357-4cb9-b832-6ce0b32fed37', 'workflow_run_id': '019bdad7-b481-79fb-8a07-10e85a5717c1', 'workflow_type': 'ChainExecutorWorkflow'})
2026-01-20 15:28:48,296 - temporal_gateway.registry - INFO - WorkflowRegistry initialized: /home/jaskirat/Documents/comfyautomate/templates
2026-01-20 15:28:48,297 - temporal_gateway.registry - INFO - ✓ fluxdev: Loading from override file
2026-01-20 15:28:48,297 - temporal_gateway.registry - INFO -   Loaded 13 parameters from override file
2026-01-20 15:28:48,297 - temporal_gateway.registry - INFO - ✓ firstEndTovideo: Loading from override file
2026-01-20 15:28:48,298 - temporal_gateway.registry - INFO -   Loaded 44 parameters from override file
2026-01-20 15:28:48,298 - temporal_gateway.registry - INFO - ✓ image_qwen_edit: Loading from override file
2026-01-20 15:28:48,298 - temporal_gateway.registry - INFO -   Loaded 27 parameters from override file
2026-01-20 15:28:48,299 - temporal_gateway.registry - INFO - ✓ video_wan2_2_14B_fun_camera_test: Loading from override file
2026-01-20 15:28:48,299 - temporal_gateway.registry - INFO -   Loaded 49 parameters from override file
2026-01-20 15:28:48,299 - temporal_gateway.registry - INFO - ✓ qwen_image_edit: Loading from override file
2026-01-20 15:28:48,299 - temporal_gateway.registry - INFO -   Loaded 25 parameters from override file
2026-01-20 15:28:48,300 - temporal_gateway.registry - INFO - ✓ video_wan2_2_14B_i2v: Loading from override file
2026-01-20 15:28:48,300 - temporal_gateway.registry - INFO -   Loaded 43 parameters from override file
2026-01-20 15:28:48,301 - temporal_gateway.registry - INFO - ✓ imageSave: Loading from override file
2026-01-20 15:28:48,301 - temporal_gateway.registry - INFO -   Loaded 9 parameters from override file
2026-01-20 15:28:48,301 - temporal_gateway.registry - INFO - Discovery complete: 7 workflows, 0 generated, 7 loaded, 0 regenerated
2026-01-20 15:28:48,301 - temporal_gateway.registry - INFO - Applied override: 1.frame_load_cap = 1
2026-01-20 15:28:48,301 - temporal_gateway.registry - INFO - Applied override: 1.select_every_nth = 1
2026-01-20 15:28:48,301 - temporal_gateway.registry - INFO - Applied override: 1.skip_first_frames = 172
2026-01-20 15:28:48,301 - temporal_gateway.registry - INFO - Applied override: 1.video = ComfyUI_00012_.mp4
2026-01-20 15:28:48,301 - temporalio.activity - INFO - Parameters applied successfully ({'activity_id': '3', 'activity_type': 'apply_workflow_parameters', 'attempt': 1, 'namespace': 'default', 'task_queue': 'comfyui-gpu-farm', 'workflow_id': 'chain-image-edit-to-video-pipeline-regen-850d6d02-b357-4cb9-b832-6ce0b32fed37', 'workflow_run_id': '019bdad7-b481-79fb-8a07-10e85a5717c1', 'workflow_type': 'ChainExecutorWorkflow'})
2026-01-20 15:28:48,316 - temporalio.activity - INFO - Selecting server with strategy: least_loaded ({'activity_id': '4', 'activity_type': 'select_best_server', 'attempt': 1, 'namespace': 'default', 'task_queue': 'comfyui-gpu-farm', 'workflow_id': 'chain-image-edit-to-video-pipeline-regen-850d6d02-b357-4cb9-b832-6ce0b32fed37', 'workflow_run_id': '019bdad7-b481-79fb-8a07-10e85a5717c1', 'workflow_type': 'ChainExecutorWorkflow'})
2026-01-20 15:28:48,475 - httpx - INFO - HTTP Request: GET http://procure-x.testmcp.org/system_stats "HTTP/1.1 200 OK"
2026-01-20 15:28:48,491 - httpx - INFO - HTTP Request: GET http://procure-x.testmcp.org/queue "HTTP/1.1 200 OK"
2026-01-20 15:28:48,492 - temporal_gateway.servers.load_balancer - INFO - Selected server procure-x (queue_depth=0, gpu_mem=0.0%)
2026-01-20 15:28:48,493 - temporalio.activity - INFO - Selected server: procure-x (http://procure-x.testmcp.org) ({'activity_id': '4', 'activity_type': 'select_best_server', 'attempt': 1, 'namespace': 'default', 'task_queue': 'comfyui-gpu-farm', 'workflow_id': 'chain-image-edit-to-video-pipeline-regen-850d6d02-b357-4cb9-b832-6ce0b32fed37', 'workflow_run_id': '019bdad7-b481-79fb-8a07-10e85a5717c1', 'workflow_type': 'ChainExecutorWorkflow'})
2026-01-20 15:28:48,501 - temporalio.workflow - INFO - Step extract_frame2: Server http://procure-x.testmcp.org ({'attempt': 1, 'namespace': 'default', 'run_id': '019bdad7-b481-79fb-8a07-10e85a5717c1', 'task_queue': 'comfyui-gpu-farm', 'workflow_id': 'chain-image-edit-to-video-pipeline-regen-850d6d02-b357-4cb9-b832-6ce0b32fed37', 'workflow_type': 'ChainExecutorWorkflow'})
2026-01-20 15:28:48,509 - temporalio.activity - INFO - Creating workflow record: imageSave (prompt: pending) ({'activity_id': '5', 'activity_type': 'create_workflow_record', 'attempt': 1, 'namespace': 'default', 'task_queue': 'comfyui-gpu-farm', 'workflow_id': 'chain-image-edit-to-video-pipeline-regen-850d6d02-b357-4cb9-b832-6ce0b32fed37', 'workflow_run_id': '019bdad7-b481-79fb-8a07-10e85a5717c1', 'workflow_type': 'ChainExecutorWorkflow'})
2026-01-20 15:28:48,518 - temporalio.activity - INFO - ✓ Created workflow record: 4b1618fc-0259-42d2-94d5-838f0f0515db ({'activity_id': '5', 'activity_type': 'create_workflow_record', 'attempt': 1, 'namespace': 'default', 'task_queue': 'comfyui-gpu-farm', 'workflow_id': 'chain-image-edit-to-video-pipeline-regen-850d6d02-b357-4cb9-b832-6ce0b32fed37', 'workflow_run_id': '019bdad7-b481-79fb-8a07-10e85a5717c1', 'workflow_type': 'ChainExecutorWorkflow'})
2026-01-20 15:28:48,548 - temporalio.workflow - INFO - Starting ComfyUI workflow execution ({'attempt': 1, 'namespace': 'default', 'run_id': '019bdad7-b5d2-7851-85f8-2b849c12c33c', 'task_queue': 'comfyui-gpu-farm', 'workflow_id': 'chain-image-edit-to-video-pipeline-regen-850d6d02-b357-4cb9-b832-6ce0b32fed37-extract_frame2', 'workflow_type': 'ComfyUIWorkflow'})
2026-01-20 15:28:48,548 - temporalio.workflow - INFO - Generated client_id: 36c7d3af-9909-4de0-a5b9-d6a8801bce1d ({'attempt': 1, 'namespace': 'default', 'run_id': '019bdad7-b5d2-7851-85f8-2b849c12c33c', 'task_queue': 'comfyui-gpu-farm', 'workflow_id': 'chain-image-edit-to-video-pipeline-regen-850d6d02-b357-4cb9-b832-6ce0b32fed37-extract_frame2', 'workflow_type': 'ComfyUIWorkflow'})
2026-01-20 15:28:48,548 - temporalio.workflow - INFO - Using pre-selected server: http://procure-x.testmcp.org ({'attempt': 1, 'namespace': 'default', 'run_id': '019bdad7-b5d2-7851-85f8-2b849c12c33c', 'task_queue': 'comfyui-gpu-farm', 'workflow_id': 'chain-image-edit-to-video-pipeline-regen-850d6d02-b357-4cb9-b832-6ce0b32fed37-extract_frame2', 'workflow_type': 'ComfyUIWorkflow'})
2026-01-20 15:28:48,556 - temporalio.activity - INFO - [V3] Executing workflow on http://procure-x.testmcp.org ({'activity_id': '1', 'activity_type': 'execute_and_track_workflow', 'attempt': 1, 'namespace': 'default', 'task_queue': 'comfyui-gpu-farm', 'workflow_id': 'chain-image-edit-to-video-pipeline-regen-850d6d02-b357-4cb9-b832-6ce0b32fed37-extract_frame2', 'workflow_run_id': '019bdad7-b5d2-7851-85f8-2b849c12c33c', 'workflow_type': 'ComfyUIWorkflow'})
2026-01-20 15:28:48,556 - temporalio.activity - INFO - [V3] Workflow name: imageSave ({'activity_id': '1', 'activity_type': 'execute_and_track_workflow', 'attempt': 1, 'namespace': 'default', 'task_queue': 'comfyui-gpu-farm', 'workflow_id': 'chain-image-edit-to-video-pipeline-regen-850d6d02-b357-4cb9-b832-6ce0b32fed37-extract_frame2', 'workflow_run_id': '019bdad7-b5d2-7851-85f8-2b849c12c33c', 'workflow_type': 'ComfyUIWorkflow'})
2026-01-20 15:28:48,597 - temporal_gateway.clients.comfy.client - INFO - ComfyUI client initialized for http://procure-x.testmcp.org
2026-01-20 15:28:48,597 - temporal_gateway.clients.comfy.client - INFO - Submitting workflow to ComfyUI
2026-01-20 15:28:48,666 - httpx - INFO - HTTP Request: POST http://procure-x.testmcp.org/prompt "HTTP/1.1 200 OK"
2026-01-20 15:28:48,668 - temporal_gateway.clients.comfy.client - INFO - Workflow queued with prompt_id: 2e00d84c-4edb-4637-b02a-7161e9f40ba0
2026-01-20 15:28:48,668 - temporal_gateway.clients.comfy.tracker - INFO - Starting execution tracking for prompt 2e00d84c-4edb-4637-b02a-7161e9f40ba0
2026-01-20 15:28:48,668 - temporal_gateway.clients.comfy.tracker - INFO - Starting history polling
2026-01-20 15:28:48,670 - temporal_gateway.clients.comfy.tracker - INFO - Starting WebSocket listener
2026-01-20 15:28:48,670 - temporal_gateway.clients.comfy.websocket - INFO - Connecting to WebSocket: ws://procure-x.testmcp.org/ws?clientId=7f49139f-21ea-4ebe-a4ba-6a98734f4bed
2026-01-20 15:28:49,062 - httpx - INFO - HTTP Request: GET http://procure-x.testmcp.org/history/2e00d84c-4edb-4637-b02a-7161e9f40ba0 "HTTP/1.1 200 OK"
2026-01-20 15:28:49,067 - temporal_gateway.clients.comfy.tracker - INFO - [POLL] Found in history: success
2026-01-20 15:28:49,068 - temporal_gateway.clients.comfy.tracker - INFO - Tracking completed: success (took 0.40s)
2026-01-20 15:28:49,069 - temporal_gateway.clients.comfy.websocket - INFO - WebSocket connected successfully
2026-01-20 15:28:49,070 - temporalio.activity - INFO - [V3] Workflow completed successfully ({'activity_id': '1', 'activity_type': 'execute_and_track_workflow', 'attempt': 1, 'namespace': 'default', 'task_queue': 'comfyui-gpu-farm', 'workflow_id': 'chain-image-edit-to-video-pipeline-regen-850d6d02-b357-4cb9-b832-6ce0b32fed37-extract_frame2', 'workflow_run_id': '019bdad7-b5d2-7851-85f8-2b849c12c33c', 'workflow_type': 'ComfyUIWorkflow'})
2026-01-20 15:28:49,099 - temporalio.workflow - INFO - Execution completed successfully ({'attempt': 1, 'namespace': 'default', 'run_id': '019bdad7-b5d2-7851-85f8-2b849c12c33c', 'task_queue': 'comfyui-gpu-farm', 'workflow_id': 'chain-image-edit-to-video-pipeline-regen-850d6d02-b357-4cb9-b832-6ce0b32fed37-extract_frame2', 'workflow_type': 'ComfyUIWorkflow'})
2026-01-20 15:28:49,107 - temporalio.activity - INFO - Extracting server output files ({'activity_id': '2', 'activity_type': 'get_server_output_files', 'attempt': 1, 'namespace': 'default', 'task_queue': 'comfyui-gpu-farm', 'workflow_id': 'chain-image-edit-to-video-pipeline-regen-850d6d02-b357-4cb9-b832-6ce0b32fed37-extract_frame2', 'workflow_run_id': '019bdad7-b5d2-7851-85f8-2b849c12c33c', 'workflow_type': 'ComfyUIWorkflow'})
2026-01-20 15:28:49,107 - temporalio.activity - INFO - Found 1 output file(s) ({'activity_id': '2', 'activity_type': 'get_server_output_files', 'attempt': 1, 'namespace': 'default', 'task_queue': 'comfyui-gpu-farm', 'workflow_id': 'chain-image-edit-to-video-pipeline-regen-850d6d02-b357-4cb9-b832-6ce0b32fed37-extract_frame2', 'workflow_run_id': '019bdad7-b5d2-7851-85f8-2b849c12c33c', 'workflow_type': 'ComfyUIWorkflow'})
2026-01-20 15:28:49,115 - temporalio.workflow - INFO - Found 1 server output file(s) ({'attempt': 1, 'namespace': 'default', 'run_id': '019bdad7-b5d2-7851-85f8-2b849c12c33c', 'task_queue': 'comfyui-gpu-farm', 'workflow_id': 'chain-image-edit-to-video-pipeline-regen-850d6d02-b357-4cb9-b832-6ce0b32fed37-extract_frame2', 'workflow_type': 'ComfyUIWorkflow'})
2026-01-20 15:28:49,123 - temporalio.activity - INFO - Downloading and persisting 1 artifact(s) for workflow 4b1618fc-0259-42d2-94d5-838f0f0515db ({'activity_id': '3', 'activity_type': 'download_and_store_artifacts', 'attempt': 1, 'namespace': 'default', 'task_queue': 'comfyui-gpu-farm', 'workflow_id': 'chain-image-edit-to-video-pipeline-regen-850d6d02-b357-4cb9-b832-6ce0b32fed37-extract_frame2', 'workflow_run_id': '019bdad7-b5d2-7851-85f8-2b849c12c33c', 'workflow_type': 'ComfyUIWorkflow'})
2026-01-20 15:28:49,165 - temporal_gateway.clients.comfy.client - INFO - ComfyUI client initialized for http://procure-x.testmcp.org
2026-01-20 15:28:49,211 - httpx - INFO - HTTP Request: GET http://procure-x.testmcp.org/view?filename=ComfyUI_00314_.png&type=output "HTTP/1.1 200 OK"
2026-01-20 15:28:49,240 - temporalio.activity - INFO - ✓ Saved artifact to DB: cc35a9d5-7617-4097-9c19-62733ea63f5b (ComfyUI_00314_.png) ({'activity_id': '3', 'activity_type': 'download_and_store_artifacts', 'attempt': 1, 'namespace': 'default', 'task_queue': 'comfyui-gpu-farm', 'workflow_id': 'chain-image-edit-to-video-pipeline-regen-850d6d02-b357-4cb9-b832-6ce0b32fed37-extract_frame2', 'workflow_run_id': '019bdad7-b5d2-7851-85f8-2b849c12c33c', 'workflow_type': 'ComfyUIWorkflow'})
2026-01-20 15:28:49,241 - temporalio.activity - INFO - Downloaded and persisted 1 artifact(s) ({'activity_id': '3', 'activity_type': 'download_and_store_artifacts', 'attempt': 1, 'namespace': 'default', 'task_queue': 'comfyui-gpu-farm', 'workflow_id': 'chain-image-edit-to-video-pipeline-regen-850d6d02-b357-4cb9-b832-6ce0b32fed37-extract_frame2', 'workflow_run_id': '019bdad7-b5d2-7851-85f8-2b849c12c33c', 'workflow_type': 'ComfyUIWorkflow'})
2026-01-20 15:28:49,252 - temporalio.workflow - INFO - Downloaded 1 file(s) locally ({'attempt': 1, 'namespace': 'default', 'run_id': '019bdad7-b5d2-7851-85f8-2b849c12c33c', 'task_queue': 'comfyui-gpu-farm', 'workflow_id': 'chain-image-edit-to-video-pipeline-regen-850d6d02-b357-4cb9-b832-6ce0b32fed37-extract_frame2', 'workflow_type': 'ComfyUIWorkflow'})
2026-01-20 15:28:49,274 - temporalio.activity - INFO - Updating workflow 4b1618fc-0259-42d2-94d5-838f0f0515db status to: completed ({'activity_id': '6', 'activity_type': 'update_workflow_status_activity', 'attempt': 1, 'namespace': 'default', 'task_queue': 'comfyui-gpu-farm', 'workflow_id': 'chain-image-edit-to-video-pipeline-regen-850d6d02-b357-4cb9-b832-6ce0b32fed37', 'workflow_run_id': '019bdad7-b481-79fb-8a07-10e85a5717c1', 'workflow_type': 'ChainExecutorWorkflow'})
2026-01-20 15:28:49,278 - temporalio.activity - INFO - ✓ Updated workflow status ({'activity_id': '6', 'activity_type': 'update_workflow_status_activity', 'attempt': 1, 'namespace': 'default', 'task_queue': 'comfyui-gpu-farm', 'workflow_id': 'chain-image-edit-to-video-pipeline-regen-850d6d02-b357-4cb9-b832-6ce0b32fed37', 'workflow_run_id': '019bdad7-b481-79fb-8a07-10e85a5717c1', 'workflow_type': 'ChainExecutorWorkflow'})
2026-01-20 15:28:49,293 - temporalio.activity - INFO - Getting artifacts for workflow: 4b1618fc-0259-42d2-94d5-838f0f0515db ({'activity_id': '7', 'activity_type': 'get_workflow_artifacts', 'attempt': 1, 'namespace': 'default', 'task_queue': 'comfyui-gpu-farm', 'workflow_id': 'chain-image-edit-to-video-pipeline-regen-850d6d02-b357-4cb9-b832-6ce0b32fed37', 'workflow_run_id': '019bdad7-b481-79fb-8a07-10e85a5717c1', 'workflow_type': 'ChainExecutorWorkflow'})
2026-01-20 15:28:49,310 - temporal_gateway.services.broadcast - INFO - Published step_completed to chain:4940ec2d-6ca6-42cb-8c87-15230eabfb2c
2026-01-20 15:28:49,310 - temporalio.activity - INFO - Published step_completed event for extract_frame2 in chain 4940ec2d-6ca6-42cb-8c87-15230eabfb2c ({'activity_id': '8', 'activity_type': 'publish_step_completed_activity', 'attempt': 1, 'namespace': 'default', 'task_queue': 'comfyui-gpu-farm', 'workflow_id': 'chain-image-edit-to-video-pipeline-regen-850d6d02-b357-4cb9-b832-6ce0b32fed37', 'workflow_run_id': '019bdad7-b481-79fb-8a07-10e85a5717c1', 'workflow_type': 'ChainExecutorWorkflow'})
2026-01-20 15:28:49,318 - temporalio.workflow - INFO - Step extract_frame1: completed ({'attempt': 1, 'namespace': 'default', 'run_id': '019bdad7-b481-79fb-8a07-10e85a5717c1', 'task_queue': 'comfyui-gpu-farm', 'workflow_id': 'chain-image-edit-to-video-pipeline-regen-850d6d02-b357-4cb9-b832-6ce0b32fed37', 'workflow_type': 'ChainExecutorWorkflow'})
2026-01-20 15:28:49,319 - temporalio.workflow - INFO - Step extract_frame2: completed ({'attempt': 1, 'namespace': 'default', 'run_id': '019bdad7-b481-79fb-8a07-10e85a5717c1', 'task_queue': 'comfyui-gpu-farm', 'workflow_id': 'chain-image-edit-to-video-pipeline-regen-850d6d02-b357-4cb9-b832-6ce0b32fed37', 'workflow_type': 'ChainExecutorWorkflow'})
2026-01-20 15:28:49,326 - temporalio.activity - INFO - Updating chain 4940ec2d-6ca6-42cb-8c87-15230eabfb2c status to: executing_level_1 ({'activity_id': '9', 'activity_type': 'update_chain_status_activity', 'attempt': 1, 'namespace': 'default', 'task_queue': 'comfyui-gpu-farm', 'workflow_id': 'chain-image-edit-to-video-pipeline-regen-850d6d02-b357-4cb9-b832-6ce0b32fed37', 'workflow_run_id': '019bdad7-b481-79fb-8a07-10e85a5717c1', 'workflow_type': 'ChainExecutorWorkflow'})
2026-01-20 15:28:49,330 - temporalio.activity - INFO - ✓ Updated chain status ({'activity_id': '9', 'activity_type': 'update_chain_status_activity', 'attempt': 1, 'namespace': 'default', 'task_queue': 'comfyui-gpu-farm', 'workflow_id': 'chain-image-edit-to-video-pipeline-regen-850d6d02-b357-4cb9-b832-6ce0b32fed37', 'workflow_run_id': '019bdad7-b481-79fb-8a07-10e85a5717c1', 'workflow_type': 'ChainExecutorWorkflow'})
2026-01-20 15:28:49,338 - temporalio.workflow - INFO - Level 1: Executing 2 step(s) ({'attempt': 1, 'namespace': 'default', 'run_id': '019bdad7-b481-79fb-8a07-10e85a5717c1', 'task_queue': 'comfyui-gpu-farm', 'workflow_id': 'chain-image-edit-to-video-pipeline-regen-850d6d02-b357-4cb9-b832-6ce0b32fed37', 'workflow_type': 'ChainExecutorWorkflow'})
2026-01-20 15:28:49,339 - temporalio.workflow - INFO - Step edit_frame1: Using cached result ({'attempt': 1, 'namespace': 'default', 'run_id': '019bdad7-b481-79fb-8a07-10e85a5717c1', 'task_queue': 'comfyui-gpu-farm', 'workflow_id': 'chain-image-edit-to-video-pipeline-regen-850d6d02-b357-4cb9-b832-6ce0b32fed37', 'workflow_type': 'ChainExecutorWorkflow'})
2026-01-20 15:28:49,339 - temporalio.workflow - INFO - Executing step: edit_frame2 ({'attempt': 1, 'namespace': 'default', 'run_id': '019bdad7-b481-79fb-8a07-10e85a5717c1', 'task_queue': 'comfyui-gpu-farm', 'workflow_id': 'chain-image-edit-to-video-pipeline-regen-850d6d02-b357-4cb9-b832-6ce0b32fed37', 'workflow_type': 'ChainExecutorWorkflow'})
2026-01-20 15:28:49,348 - temporalio.activity - INFO - Resolving templates in parameters ({'activity_id': '10', 'activity_type': 'resolve_chain_templates', 'attempt': 1, 'namespace': 'default', 'task_queue': 'comfyui-gpu-farm', 'workflow_id': 'chain-image-edit-to-video-pipeline-regen-850d6d02-b357-4cb9-b832-6ce0b32fed37', 'workflow_run_id': '019bdad7-b481-79fb-8a07-10e85a5717c1', 'workflow_type': 'ChainExecutorWorkflow'})
2026-01-20 15:28:49,350 - temporalio.activity - INFO - Templates resolved successfully ({'activity_id': '10', 'activity_type': 'resolve_chain_templates', 'attempt': 1, 'namespace': 'default', 'task_queue': 'comfyui-gpu-farm', 'workflow_id': 'chain-image-edit-to-video-pipeline-regen-850d6d02-b357-4cb9-b832-6ce0b32fed37', 'workflow_run_id': '019bdad7-b481-79fb-8a07-10e85a5717c1', 'workflow_type': 'ChainExecutorWorkflow'})
2026-01-20 15:28:49,367 - temporalio.activity - INFO - Applying parameters to workflow: qwen_image_edit ({'activity_id': '11', 'activity_type': 'apply_workflow_parameters', 'attempt': 1, 'namespace': 'default', 'task_queue': 'comfyui-gpu-farm', 'workflow_id': 'chain-image-edit-to-video-pipeline-regen-850d6d02-b357-4cb9-b832-6ce0b32fed37', 'workflow_run_id': '019bdad7-b481-79fb-8a07-10e85a5717c1', 'workflow_type': 'ChainExecutorWorkflow'})
2026-01-20 15:28:49,367 - temporal_gateway.registry - INFO - Applied override: 111.prompt = Make the scene more vibrant and colorful with enhanced details
2026-01-20 15:28:49,367 - temporal_gateway.registry - INFO - Applied override: 78.image = ComfyUI_00314_.png
2026-01-20 15:28:49,367 - temporalio.activity - INFO - Parameters applied successfully ({'activity_id': '11', 'activity_type': 'apply_workflow_parameters', 'attempt': 1, 'namespace': 'default', 'task_queue': 'comfyui-gpu-farm', 'workflow_id': 'chain-image-edit-to-video-pipeline-regen-850d6d02-b357-4cb9-b832-6ce0b32fed37', 'workflow_run_id': '019bdad7-b481-79fb-8a07-10e85a5717c1', 'workflow_type': 'ChainExecutorWorkflow'})
2026-01-20 15:28:49,383 - temporalio.activity - INFO - Selecting server with strategy: least_loaded ({'activity_id': '12', 'activity_type': 'select_best_server', 'attempt': 1, 'namespace': 'default', 'task_queue': 'comfyui-gpu-farm', 'workflow_id': 'chain-image-edit-to-video-pipeline-regen-850d6d02-b357-4cb9-b832-6ce0b32fed37', 'workflow_run_id': '019bdad7-b481-79fb-8a07-10e85a5717c1', 'workflow_type': 'ChainExecutorWorkflow'})
2026-01-20 15:28:49,500 - httpx - INFO - HTTP Request: GET http://procure-x.testmcp.org/system_stats "HTTP/1.1 200 OK"
2026-01-20 15:28:49,524 - httpx - INFO - HTTP Request: GET http://procure-x.testmcp.org/queue "HTTP/1.1 200 OK"
2026-01-20 15:28:49,528 - temporal_gateway.servers.load_balancer - INFO - Selected server procure-x (queue_depth=0, gpu_mem=0.0%)
2026-01-20 15:28:49,529 - temporalio.activity - INFO - Selected server: procure-x (http://procure-x.testmcp.org) ({'activity_id': '12', 'activity_type': 'select_best_server', 'attempt': 1, 'namespace': 'default', 'task_queue': 'comfyui-gpu-farm', 'workflow_id': 'chain-image-edit-to-video-pipeline-regen-850d6d02-b357-4cb9-b832-6ce0b32fed37', 'workflow_run_id': '019bdad7-b481-79fb-8a07-10e85a5717c1', 'workflow_type': 'ChainExecutorWorkflow'})
2026-01-20 15:28:49,545 - temporalio.workflow - INFO - Step edit_frame2: Server http://procure-x.testmcp.org ({'attempt': 1, 'namespace': 'default', 'run_id': '019bdad7-b481-79fb-8a07-10e85a5717c1', 'task_queue': 'comfyui-gpu-farm', 'workflow_id': 'chain-image-edit-to-video-pipeline-regen-850d6d02-b357-4cb9-b832-6ce0b32fed37', 'workflow_type': 'ChainExecutorWorkflow'})
2026-01-20 15:28:49,545 - temporalio.workflow - INFO - Transferring artifact cc35a9d5-7617-4097-9c19-62733ea63f5b from extract_frame2 (workflow: 4b1618fc-0259-42d2-94d5-838f0f0515db) ({'attempt': 1, 'namespace': 'default', 'run_id': '019bdad7-b481-79fb-8a07-10e85a5717c1', 'task_queue': 'comfyui-gpu-farm', 'workflow_id': 'chain-image-edit-to-video-pipeline-regen-850d6d02-b357-4cb9-b832-6ce0b32fed37', 'workflow_type': 'ChainExecutorWorkflow'})
2026-01-20 15:28:49,553 - temporalio.activity - INFO - Transferring 1 artifact(s) from workflow 4b1618fc-0259-42d2-94d5-838f0f0515db to http://procure-x.testmcp.org ({'activity_id': '13', 'activity_type': 'transfer_artifacts_from_storage', 'attempt': 1, 'namespace': 'default', 'task_queue': 'comfyui-gpu-farm', 'workflow_id': 'chain-image-edit-to-video-pipeline-regen-850d6d02-b357-4cb9-b832-6ce0b32fed37', 'workflow_run_id': '019bdad7-b481-79fb-8a07-10e85a5717c1', 'workflow_type': 'ChainExecutorWorkflow'})
2026-01-20 15:28:49,596 - temporal_gateway.clients.comfy.client - INFO - ComfyUI client initialized for http://procure-x.testmcp.org
2026-01-20 15:28:49,605 - temporalio.activity - INFO - Uploading: ComfyUI_00314_.png from local storage to http://procure-x.testmcp.org/input/ ({'activity_id': '13', 'activity_type': 'transfer_artifacts_from_storage', 'attempt': 1, 'namespace': 'default', 'task_queue': 'comfyui-gpu-farm', 'workflow_id': 'chain-image-edit-to-video-pipeline-regen-850d6d02-b357-4cb9-b832-6ce0b32fed37', 'workflow_run_id': '019bdad7-b481-79fb-8a07-10e85a5717c1', 'workflow_type': 'ChainExecutorWorkflow'})
2026-01-20 15:28:49,709 - httpx - INFO - HTTP Request: POST http://procure-x.testmcp.org/upload/image "HTTP/1.1 200 OK"
2026-01-20 15:28:49,713 - temporalio.activity - INFO - ✓ Uploaded: ComfyUI_00314_.png (119859 bytes) ({'activity_id': '13', 'activity_type': 'transfer_artifacts_from_storage', 'attempt': 1, 'namespace': 'default', 'task_queue': 'comfyui-gpu-farm', 'workflow_id': 'chain-image-edit-to-video-pipeline-regen-850d6d02-b357-4cb9-b832-6ce0b32fed37', 'workflow_run_id': '019bdad7-b481-79fb-8a07-10e85a5717c1', 'workflow_type': 'ChainExecutorWorkflow'})
2026-01-20 15:28:49,734 - temporalio.activity - INFO - Successfully transferred 1 file(s) ({'activity_id': '13', 'activity_type': 'transfer_artifacts_from_storage', 'attempt': 1, 'namespace': 'default', 'task_queue': 'comfyui-gpu-farm', 'workflow_id': 'chain-image-edit-to-video-pipeline-regen-850d6d02-b357-4cb9-b832-6ce0b32fed37', 'workflow_run_id': '019bdad7-b481-79fb-8a07-10e85a5717c1', 'workflow_type': 'ChainExecutorWorkflow'})
2026-01-20 15:28:49,765 - temporalio.activity - INFO - Creating workflow record: qwen_image_edit (prompt: pending) ({'activity_id': '14', 'activity_type': 'create_workflow_record', 'attempt': 1, 'namespace': 'default', 'task_queue': 'comfyui-gpu-farm', 'workflow_id': 'chain-image-edit-to-video-pipeline-regen-850d6d02-b357-4cb9-b832-6ce0b32fed37', 'workflow_run_id': '019bdad7-b481-79fb-8a07-10e85a5717c1', 'workflow_type': 'ChainExecutorWorkflow'})
2026-01-20 15:28:49,768 - temporalio.activity - INFO - ✓ Created workflow record: 770f7a7c-a821-4fd1-95d8-62402c74efe0 ({'activity_id': '14', 'activity_type': 'create_workflow_record', 'attempt': 1, 'namespace': 'default', 'task_queue': 'comfyui-gpu-farm', 'workflow_id': 'chain-image-edit-to-video-pipeline-regen-850d6d02-b357-4cb9-b832-6ce0b32fed37', 'workflow_run_id': '019bdad7-b481-79fb-8a07-10e85a5717c1', 'workflow_type': 'ChainExecutorWorkflow'})
2026-01-20 15:28:49,809 - temporalio.workflow - INFO - Starting ComfyUI workflow execution ({'attempt': 1, 'namespace': 'default', 'run_id': '019bdad7-bab6-76cc-b75f-49824e5df910', 'task_queue': 'comfyui-gpu-farm', 'workflow_id': 'chain-image-edit-to-video-pipeline-regen-850d6d02-b357-4cb9-b832-6ce0b32fed37-edit_frame2', 'workflow_type': 'ComfyUIWorkflow'})
2026-01-20 15:28:49,810 - temporalio.workflow - INFO - Generated client_id: 64a514ad-33ce-46a7-86a1-6becbf7875d5 ({'attempt': 1, 'namespace': 'default', 'run_id': '019bdad7-bab6-76cc-b75f-49824e5df910', 'task_queue': 'comfyui-gpu-farm', 'workflow_id': 'chain-image-edit-to-video-pipeline-regen-850d6d02-b357-4cb9-b832-6ce0b32fed37-edit_frame2', 'workflow_type': 'ComfyUIWorkflow'})
2026-01-20 15:28:49,810 - temporalio.workflow - INFO - Using pre-selected server: http://procure-x.testmcp.org ({'attempt': 1, 'namespace': 'default', 'run_id': '019bdad7-bab6-76cc-b75f-49824e5df910', 'task_queue': 'comfyui-gpu-farm', 'workflow_id': 'chain-image-edit-to-video-pipeline-regen-850d6d02-b357-4cb9-b832-6ce0b32fed37-edit_frame2', 'workflow_type': 'ComfyUIWorkflow'})
2026-01-20 15:28:49,820 - temporalio.activity - INFO - [V3] Executing workflow on http://procure-x.testmcp.org ({'activity_id': '1', 'activity_type': 'execute_and_track_workflow', 'attempt': 1, 'namespace': 'default', 'task_queue': 'comfyui-gpu-farm', 'workflow_id': 'chain-image-edit-to-video-pipeline-regen-850d6d02-b357-4cb9-b832-6ce0b32fed37-edit_frame2', 'workflow_run_id': '019bdad7-bab6-76cc-b75f-49824e5df910', 'workflow_type': 'ComfyUIWorkflow'})
2026-01-20 15:28:49,820 - temporalio.activity - INFO - [V3] Workflow name: qwen_image_edit ({'activity_id': '1', 'activity_type': 'execute_and_track_workflow', 'attempt': 1, 'namespace': 'default', 'task_queue': 'comfyui-gpu-farm', 'workflow_id': 'chain-image-edit-to-video-pipeline-regen-850d6d02-b357-4cb9-b832-6ce0b32fed37-edit_frame2', 'workflow_run_id': '019bdad7-bab6-76cc-b75f-49824e5df910', 'workflow_type': 'ComfyUIWorkflow'})
2026-01-20 15:28:49,871 - temporal_gateway.clients.comfy.client - INFO - ComfyUI client initialized for http://procure-x.testmcp.org
2026-01-20 15:28:49,871 - temporal_gateway.clients.comfy.client - INFO - Submitting workflow to ComfyUI
2026-01-20 15:28:49,981 - httpx - INFO - HTTP Request: POST http://procure-x.testmcp.org/prompt "HTTP/1.1 200 OK"
2026-01-20 15:28:49,982 - temporal_gateway.clients.comfy.client - INFO - Workflow queued with prompt_id: 15762ed8-57d3-421e-8b95-008529bde577
2026-01-20 15:28:49,982 - temporal_gateway.clients.comfy.tracker - INFO - Starting execution tracking for prompt 15762ed8-57d3-421e-8b95-008529bde577
2026-01-20 15:28:49,982 - temporal_gateway.clients.comfy.tracker - INFO - Starting history polling
2026-01-20 15:28:49,983 - temporal_gateway.clients.comfy.tracker - INFO - Starting WebSocket listener
2026-01-20 15:28:49,983 - temporal_gateway.clients.comfy.websocket - INFO - Connecting to WebSocket: ws://procure-x.testmcp.org/ws?clientId=886e02f2-be05-49df-a367-3b03891fa0a0
2026-01-20 15:28:49,999 - httpx - INFO - HTTP Request: GET http://procure-x.testmcp.org/history/15762ed8-57d3-421e-8b95-008529bde577 "HTTP/1.1 200 OK"
2026-01-20 15:28:50,051 - temporal_gateway.clients.comfy.websocket - INFO - WebSocket connected successfully
2026-01-20 15:28:51,023 - httpx - INFO - HTTP Request: GET http://procure-x.testmcp.org/history/15762ed8-57d3-421e-8b95-008529bde577 "HTTP/1.1 200 OK"
2026-01-20 15:28:52,049 - httpx - INFO - HTTP Request: GET http://procure-x.testmcp.org/history/15762ed8-57d3-421e-8b95-008529bde577 "HTTP/1.1 200 OK"
2026-01-20 15:28:53,074 - httpx - INFO - HTTP Request: GET http://procure-x.testmcp.org/history/15762ed8-57d3-421e-8b95-008529bde577 "HTTP/1.1 200 OK"
2026-01-20 15:28:54,099 - httpx - INFO - HTTP Request: GET http://procure-x.testmcp.org/history/15762ed8-57d3-421e-8b95-008529bde577 "HTTP/1.1 200 OK"
2026-01-20 15:28:55,125 - httpx - INFO - HTTP Request: GET http://procure-x.testmcp.org/history/15762ed8-57d3-421e-8b95-008529bde577 "HTTP/1.1 200 OK"
2026-01-20 15:28:56,159 - httpx - INFO - HTTP Request: GET http://procure-x.testmcp.org/history/15762ed8-57d3-421e-8b95-008529bde577 "HTTP/1.1 200 OK"
2026-01-20 15:28:57,184 - httpx - INFO - HTTP Request: GET http://procure-x.testmcp.org/history/15762ed8-57d3-421e-8b95-008529bde577 "HTTP/1.1 200 OK"
2026-01-20 15:28:58,209 - httpx - INFO - HTTP Request: GET http://procure-x.testmcp.org/history/15762ed8-57d3-421e-8b95-008529bde577 "HTTP/1.1 200 OK"
2026-01-20 15:28:59,231 - httpx - INFO - HTTP Request: GET http://procure-x.testmcp.org/history/15762ed8-57d3-421e-8b95-008529bde577 "HTTP/1.1 200 OK"
2026-01-20 15:29:00,260 - httpx - INFO - HTTP Request: GET http://procure-x.testmcp.org/history/15762ed8-57d3-421e-8b95-008529bde577 "HTTP/1.1 200 OK"
2026-01-20 15:29:01,286 - httpx - INFO - HTTP Request: GET http://procure-x.testmcp.org/history/15762ed8-57d3-421e-8b95-008529bde577 "HTTP/1.1 200 OK"
2026-01-20 15:29:02,310 - httpx - INFO - HTTP Request: GET http://procure-x.testmcp.org/history/15762ed8-57d3-421e-8b95-008529bde577 "HTTP/1.1 200 OK"
2026-01-20 15:29:03,341 - httpx - INFO - HTTP Request: GET http://procure-x.testmcp.org/history/15762ed8-57d3-421e-8b95-008529bde577 "HTTP/1.1 200 OK"
2026-01-20 15:29:04,368 - httpx - INFO - HTTP Request: GET http://procure-x.testmcp.org/history/15762ed8-57d3-421e-8b95-008529bde577 "HTTP/1.1 200 OK"
2026-01-20 15:29:05,393 - httpx - INFO - HTTP Request: GET http://procure-x.testmcp.org/history/15762ed8-57d3-421e-8b95-008529bde577 "HTTP/1.1 200 OK"
2026-01-20 15:29:06,418 - httpx - INFO - HTTP Request: GET http://procure-x.testmcp.org/history/15762ed8-57d3-421e-8b95-008529bde577 "HTTP/1.1 200 OK"
2026-01-20 15:29:07,443 - httpx - INFO - HTTP Request: GET http://procure-x.testmcp.org/history/15762ed8-57d3-421e-8b95-008529bde577 "HTTP/1.1 200 OK"
2026-01-20 15:29:08,470 - httpx - INFO - HTTP Request: GET http://procure-x.testmcp.org/history/15762ed8-57d3-421e-8b95-008529bde577 "HTTP/1.1 200 OK"
2026-01-20 15:29:09,497 - httpx - INFO - HTTP Request: GET http://procure-x.testmcp.org/history/15762ed8-57d3-421e-8b95-008529bde577 "HTTP/1.1 200 OK"
2026-01-20 15:29:10,522 - httpx - INFO - HTTP Request: GET http://procure-x.testmcp.org/history/15762ed8-57d3-421e-8b95-008529bde577 "HTTP/1.1 200 OK"
2026-01-20 15:29:11,547 - httpx - INFO - HTTP Request: GET http://procure-x.testmcp.org/history/15762ed8-57d3-421e-8b95-008529bde577 "HTTP/1.1 200 OK"
2026-01-20 15:29:12,571 - httpx - INFO - HTTP Request: GET http://procure-x.testmcp.org/history/15762ed8-57d3-421e-8b95-008529bde577 "HTTP/1.1 200 OK"
2026-01-20 15:29:13,593 - httpx - INFO - HTTP Request: GET http://procure-x.testmcp.org/history/15762ed8-57d3-421e-8b95-008529bde577 "HTTP/1.1 200 OK"
2026-01-20 15:29:14,621 - httpx - INFO - HTTP Request: GET http://procure-x.testmcp.org/history/15762ed8-57d3-421e-8b95-008529bde577 "HTTP/1.1 200 OK"
2026-01-20 15:29:15,650 - httpx - INFO - HTTP Request: GET http://procure-x.testmcp.org/history/15762ed8-57d3-421e-8b95-008529bde577 "HTTP/1.1 200 OK"
2026-01-20 15:29:16,678 - httpx - INFO - HTTP Request: GET http://procure-x.testmcp.org/history/15762ed8-57d3-421e-8b95-008529bde577 "HTTP/1.1 200 OK"
2026-01-20 15:29:17,702 - httpx - INFO - HTTP Request: GET http://procure-x.testmcp.org/history/15762ed8-57d3-421e-8b95-008529bde577 "HTTP/1.1 200 OK"
2026-01-20 15:29:18,725 - httpx - INFO - HTTP Request: GET http://procure-x.testmcp.org/history/15762ed8-57d3-421e-8b95-008529bde577 "HTTP/1.1 200 OK"
2026-01-20 15:29:19,752 - httpx - INFO - HTTP Request: GET http://procure-x.testmcp.org/history/15762ed8-57d3-421e-8b95-008529bde577 "HTTP/1.1 200 OK"
2026-01-20 15:29:20,777 - httpx - INFO - HTTP Request: GET http://procure-x.testmcp.org/history/15762ed8-57d3-421e-8b95-008529bde577 "HTTP/1.1 200 OK"
2026-01-20 15:29:21,805 - httpx - INFO - HTTP Request: GET http://procure-x.testmcp.org/history/15762ed8-57d3-421e-8b95-008529bde577 "HTTP/1.1 200 OK"
2026-01-20 15:29:22,831 - httpx - INFO - HTTP Request: GET http://procure-x.testmcp.org/history/15762ed8-57d3-421e-8b95-008529bde577 "HTTP/1.1 200 OK"
2026-01-20 15:29:23,857 - httpx - INFO - HTTP Request: GET http://procure-x.testmcp.org/history/15762ed8-57d3-421e-8b95-008529bde577 "HTTP/1.1 200 OK"
2026-01-20 15:29:24,879 - httpx - INFO - HTTP Request: GET http://procure-x.testmcp.org/history/15762ed8-57d3-421e-8b95-008529bde577 "HTTP/1.1 200 OK"
2026-01-20 15:29:25,906 - httpx - INFO - HTTP Request: GET http://procure-x.testmcp.org/history/15762ed8-57d3-421e-8b95-008529bde577 "HTTP/1.1 200 OK"
2026-01-20 15:29:26,937 - httpx - INFO - HTTP Request: GET http://procure-x.testmcp.org/history/15762ed8-57d3-421e-8b95-008529bde577 "HTTP/1.1 200 OK"
2026-01-20 15:29:27,959 - httpx - INFO - HTTP Request: GET http://procure-x.testmcp.org/history/15762ed8-57d3-421e-8b95-008529bde577 "HTTP/1.1 200 OK"
2026-01-20 15:29:28,983 - httpx - INFO - HTTP Request: GET http://procure-x.testmcp.org/history/15762ed8-57d3-421e-8b95-008529bde577 "HTTP/1.1 200 OK"
2026-01-20 15:29:30,001 - httpx - INFO - HTTP Request: GET http://procure-x.testmcp.org/history/15762ed8-57d3-421e-8b95-008529bde577 "HTTP/1.1 200 OK"
2026-01-20 15:29:31,027 - httpx - INFO - HTTP Request: GET http://procure-x.testmcp.org/history/15762ed8-57d3-421e-8b95-008529bde577 "HTTP/1.1 200 OK"
2026-01-20 15:29:32,051 - httpx - INFO - HTTP Request: GET http://procure-x.testmcp.org/history/15762ed8-57d3-421e-8b95-008529bde577 "HTTP/1.1 200 OK"
2026-01-20 15:29:33,075 - httpx - INFO - HTTP Request: GET http://procure-x.testmcp.org/history/15762ed8-57d3-421e-8b95-008529bde577 "HTTP/1.1 200 OK"
2026-01-20 15:29:34,098 - httpx - INFO - HTTP Request: GET http://procure-x.testmcp.org/history/15762ed8-57d3-421e-8b95-008529bde577 "HTTP/1.1 200 OK"
2026-01-20 15:29:35,124 - httpx - INFO - HTTP Request: GET http://procure-x.testmcp.org/history/15762ed8-57d3-421e-8b95-008529bde577 "HTTP/1.1 200 OK"
2026-01-20 15:29:36,151 - httpx - INFO - HTTP Request: GET http://procure-x.testmcp.org/history/15762ed8-57d3-421e-8b95-008529bde577 "HTTP/1.1 200 OK"
2026-01-20 15:29:37,177 - httpx - INFO - HTTP Request: GET http://procure-x.testmcp.org/history/15762ed8-57d3-421e-8b95-008529bde577 "HTTP/1.1 200 OK"
2026-01-20 15:29:38,202 - httpx - INFO - HTTP Request: GET http://procure-x.testmcp.org/history/15762ed8-57d3-421e-8b95-008529bde577 "HTTP/1.1 200 OK"
2026-01-20 15:29:39,230 - httpx - INFO - HTTP Request: GET http://procure-x.testmcp.org/history/15762ed8-57d3-421e-8b95-008529bde577 "HTTP/1.1 200 OK"
2026-01-20 15:29:39,660 - temporal_gateway.clients.comfy.tracker - INFO - [WS] Execution completed successfully
2026-01-20 15:29:40,061 - httpx - INFO - HTTP Request: GET http://procure-x.testmcp.org/history/15762ed8-57d3-421e-8b95-008529bde577 "HTTP/1.1 200 OK"
2026-01-20 15:29:40,065 - temporal_gateway.clients.comfy.tracker - INFO - Tracking completed: success (took 50.08s)
2026-01-20 15:29:40,068 - temporalio.activity - INFO - [V3] Workflow completed successfully ({'activity_id': '1', 'activity_type': 'execute_and_track_workflow', 'attempt': 1, 'namespace': 'default', 'task_queue': 'comfyui-gpu-farm', 'workflow_id': 'chain-image-edit-to-video-pipeline-regen-850d6d02-b357-4cb9-b832-6ce0b32fed37-edit_frame2', 'workflow_run_id': '019bdad7-bab6-76cc-b75f-49824e5df910', 'workflow_type': 'ComfyUIWorkflow'})
2026-01-20 15:29:40,094 - temporalio.workflow - INFO - Execution completed successfully ({'attempt': 1, 'namespace': 'default', 'run_id': '019bdad7-bab6-76cc-b75f-49824e5df910', 'task_queue': 'comfyui-gpu-farm', 'workflow_id': 'chain-image-edit-to-video-pipeline-regen-850d6d02-b357-4cb9-b832-6ce0b32fed37-edit_frame2', 'workflow_type': 'ComfyUIWorkflow'})
2026-01-20 15:29:40,103 - temporalio.activity - INFO - Extracting server output files ({'activity_id': '2', 'activity_type': 'get_server_output_files', 'attempt': 1, 'namespace': 'default', 'task_queue': 'comfyui-gpu-farm', 'workflow_id': 'chain-image-edit-to-video-pipeline-regen-850d6d02-b357-4cb9-b832-6ce0b32fed37-edit_frame2', 'workflow_run_id': '019bdad7-bab6-76cc-b75f-49824e5df910', 'workflow_type': 'ComfyUIWorkflow'})
2026-01-20 15:29:40,103 - temporalio.activity - INFO - Found 1 output file(s) ({'activity_id': '2', 'activity_type': 'get_server_output_files', 'attempt': 1, 'namespace': 'default', 'task_queue': 'comfyui-gpu-farm', 'workflow_id': 'chain-image-edit-to-video-pipeline-regen-850d6d02-b357-4cb9-b832-6ce0b32fed37-edit_frame2', 'workflow_run_id': '019bdad7-bab6-76cc-b75f-49824e5df910', 'workflow_type': 'ComfyUIWorkflow'})
2026-01-20 15:29:40,112 - temporalio.workflow - INFO - Found 1 server output file(s) ({'attempt': 1, 'namespace': 'default', 'run_id': '019bdad7-bab6-76cc-b75f-49824e5df910', 'task_queue': 'comfyui-gpu-farm', 'workflow_id': 'chain-image-edit-to-video-pipeline-regen-850d6d02-b357-4cb9-b832-6ce0b32fed37-edit_frame2', 'workflow_type': 'ComfyUIWorkflow'})
2026-01-20 15:29:40,119 - temporalio.activity - INFO - Downloading and persisting 1 artifact(s) for workflow 770f7a7c-a821-4fd1-95d8-62402c74efe0 ({'activity_id': '3', 'activity_type': 'download_and_store_artifacts', 'attempt': 1, 'namespace': 'default', 'task_queue': 'comfyui-gpu-farm', 'workflow_id': 'chain-image-edit-to-video-pipeline-regen-850d6d02-b357-4cb9-b832-6ce0b32fed37-edit_frame2', 'workflow_run_id': '019bdad7-bab6-76cc-b75f-49824e5df910', 'workflow_type': 'ComfyUIWorkflow'})
2026-01-20 15:29:40,165 - temporal_gateway.clients.comfy.client - INFO - ComfyUI client initialized for http://procure-x.testmcp.org
2026-01-20 15:29:40,219 - httpx - INFO - HTTP Request: GET http://procure-x.testmcp.org/view?filename=ComfyUI_00315_.png&type=output "HTTP/1.1 200 OK"
2026-01-20 15:29:40,475 - temporalio.activity - INFO - ✓ Saved artifact to DB: b9c9a5bf-44da-4694-aae5-005cd4cfb44f (ComfyUI_00315_.png) ({'activity_id': '3', 'activity_type': 'download_and_store_artifacts', 'attempt': 1, 'namespace': 'default', 'task_queue': 'comfyui-gpu-farm', 'workflow_id': 'chain-image-edit-to-video-pipeline-regen-850d6d02-b357-4cb9-b832-6ce0b32fed37-edit_frame2', 'workflow_run_id': '019bdad7-bab6-76cc-b75f-49824e5df910', 'workflow_type': 'ComfyUIWorkflow'})
2026-01-20 15:29:40,476 - temporalio.activity - INFO - Downloaded and persisted 1 artifact(s) ({'activity_id': '3', 'activity_type': 'download_and_store_artifacts', 'attempt': 1, 'namespace': 'default', 'task_queue': 'comfyui-gpu-farm', 'workflow_id': 'chain-image-edit-to-video-pipeline-regen-850d6d02-b357-4cb9-b832-6ce0b32fed37-edit_frame2', 'workflow_run_id': '019bdad7-bab6-76cc-b75f-49824e5df910', 'workflow_type': 'ComfyUIWorkflow'})
2026-01-20 15:29:40,488 - temporalio.workflow - INFO - Downloaded 1 file(s) locally ({'attempt': 1, 'namespace': 'default', 'run_id': '019bdad7-bab6-76cc-b75f-49824e5df910', 'task_queue': 'comfyui-gpu-farm', 'workflow_id': 'chain-image-edit-to-video-pipeline-regen-850d6d02-b357-4cb9-b832-6ce0b32fed37-edit_frame2', 'workflow_type': 'ComfyUIWorkflow'})
2026-01-20 15:29:40,507 - temporalio.activity - INFO - Updating workflow 770f7a7c-a821-4fd1-95d8-62402c74efe0 status to: completed ({'activity_id': '15', 'activity_type': 'update_workflow_status_activity', 'attempt': 1, 'namespace': 'default', 'task_queue': 'comfyui-gpu-farm', 'workflow_id': 'chain-image-edit-to-video-pipeline-regen-850d6d02-b357-4cb9-b832-6ce0b32fed37', 'workflow_run_id': '019bdad7-b481-79fb-8a07-10e85a5717c1', 'workflow_type': 'ChainExecutorWorkflow'})
2026-01-20 15:29:40,510 - temporalio.activity - INFO - ✓ Updated workflow status ({'activity_id': '15', 'activity_type': 'update_workflow_status_activity', 'attempt': 1, 'namespace': 'default', 'task_queue': 'comfyui-gpu-farm', 'workflow_id': 'chain-image-edit-to-video-pipeline-regen-850d6d02-b357-4cb9-b832-6ce0b32fed37', 'workflow_run_id': '019bdad7-b481-79fb-8a07-10e85a5717c1', 'workflow_type': 'ChainExecutorWorkflow'})
2026-01-20 15:29:40,525 - temporalio.activity - INFO - Getting artifacts for workflow: 770f7a7c-a821-4fd1-95d8-62402c74efe0 ({'activity_id': '16', 'activity_type': 'get_workflow_artifacts', 'attempt': 1, 'namespace': 'default', 'task_queue': 'comfyui-gpu-farm', 'workflow_id': 'chain-image-edit-to-video-pipeline-regen-850d6d02-b357-4cb9-b832-6ce0b32fed37', 'workflow_run_id': '019bdad7-b481-79fb-8a07-10e85a5717c1', 'workflow_type': 'ChainExecutorWorkflow'})
2026-01-20 15:29:40,541 - temporalio.activity - INFO - Creating approval request for artifact: b9c9a5bf-44da-4694-aae5-005cd4cfb44f ({'activity_id': '17', 'activity_type': 'create_approval_request_activity', 'attempt': 1, 'namespace': 'default', 'task_queue': 'comfyui-gpu-farm', 'workflow_id': 'chain-image-edit-to-video-pipeline-regen-850d6d02-b357-4cb9-b832-6ce0b32fed37', 'workflow_run_id': '019bdad7-b481-79fb-8a07-10e85a5717c1', 'workflow_type': 'ChainExecutorWorkflow'})
2026-01-20 15:29:40,549 - temporalio.activity - INFO - ✓ Created approval request: 2cd0b2eb-21ed-4396-b5c0-ed12b5e93308, token: RZIO0yU8CE2QNqxP... ({'activity_id': '17', 'activity_type': 'create_approval_request_activity', 'attempt': 1, 'namespace': 'default', 'task_queue': 'comfyui-gpu-farm', 'workflow_id': 'chain-image-edit-to-video-pipeline-regen-850d6d02-b357-4cb9-b832-6ce0b32fed37', 'workflow_run_id': '019bdad7-b481-79fb-8a07-10e85a5717c1', 'workflow_type': 'ChainExecutorWorkflow'})
2026-01-20 15:29:40,550 - temporal_gateway.services.broadcast - INFO - Published approval_requested to chain:4940ec2d-6ca6-42cb-8c87-15230eabfb2c
2026-01-20 15:29:40,550 - temporalio.activity - INFO - Published approval_requested event for chain 4940ec2d-6ca6-42cb-8c87-15230eabfb2c ({'activity_id': '17', 'activity_type': 'create_approval_request_activity', 'attempt': 1, 'namespace': 'default', 'task_queue': 'comfyui-gpu-farm', 'workflow_id': 'chain-image-edit-to-video-pipeline-regen-850d6d02-b357-4cb9-b832-6ce0b32fed37', 'workflow_run_id': '019bdad7-b481-79fb-8a07-10e85a5717c1', 'workflow_type': 'ChainExecutorWorkflow'})
2026-01-20 15:29:40,559 - temporalio.workflow - INFO - Step edit_frame2: Approval request created, token: RZIO0yU8CE2QNqxP... ({'attempt': 1, 'namespace': 'default', 'run_id': '019bdad7-b481-79fb-8a07-10e85a5717c1', 'task_queue': 'comfyui-gpu-farm', 'workflow_id': 'chain-image-edit-to-video-pipeline-regen-850d6d02-b357-4cb9-b832-6ce0b32fed37', 'workflow_type': 'ChainExecutorWorkflow'})
2026-01-20 15:29:53,651 - temporalio.workflow - INFO - Received approval decision for step edit_frame2: approved by cli-user ({'attempt': 1, 'namespace': 'default', 'run_id': '019bdad7-b481-79fb-8a07-10e85a5717c1', 'task_queue': 'comfyui-gpu-farm', 'workflow_id': 'chain-image-edit-to-video-pipeline-regen-850d6d02-b357-4cb9-b832-6ce0b32fed37', 'workflow_type': 'ChainExecutorWorkflow'})
2026-01-20 15:29:53,651 - temporalio.workflow - INFO - Step edit_frame2: Approved by cli-user ({'attempt': 1, 'namespace': 'default', 'run_id': '019bdad7-b481-79fb-8a07-10e85a5717c1', 'task_queue': 'comfyui-gpu-farm', 'workflow_id': 'chain-image-edit-to-video-pipeline-regen-850d6d02-b357-4cb9-b832-6ce0b32fed37', 'workflow_type': 'ChainExecutorWorkflow'})
2026-01-20 15:29:53,651 - temporalio.workflow - INFO - Step edit_frame2: Approved ({'attempt': 1, 'namespace': 'default', 'run_id': '019bdad7-b481-79fb-8a07-10e85a5717c1', 'task_queue': 'comfyui-gpu-farm', 'workflow_id': 'chain-image-edit-to-video-pipeline-regen-850d6d02-b357-4cb9-b832-6ce0b32fed37', 'workflow_type': 'ChainExecutorWorkflow'})
2026-01-20 15:29:53,659 - temporalio.activity - INFO - Getting artifacts for workflow: 770f7a7c-a821-4fd1-95d8-62402c74efe0 ({'activity_id': '18', 'activity_type': 'get_workflow_artifacts', 'attempt': 1, 'namespace': 'default', 'task_queue': 'comfyui-gpu-farm', 'workflow_id': 'chain-image-edit-to-video-pipeline-regen-850d6d02-b357-4cb9-b832-6ce0b32fed37', 'workflow_run_id': '019bdad7-b481-79fb-8a07-10e85a5717c1', 'workflow_type': 'ChainExecutorWorkflow'})
2026-01-20 15:29:53,679 - temporal_gateway.services.broadcast - INFO - Published step_completed to chain:4940ec2d-6ca6-42cb-8c87-15230eabfb2c
2026-01-20 15:29:53,679 - temporalio.activity - INFO - Published step_completed event for edit_frame2 in chain 4940ec2d-6ca6-42cb-8c87-15230eabfb2c ({'activity_id': '19', 'activity_type': 'publish_step_completed_activity', 'attempt': 1, 'namespace': 'default', 'task_queue': 'comfyui-gpu-farm', 'workflow_id': 'chain-image-edit-to-video-pipeline-regen-850d6d02-b357-4cb9-b832-6ce0b32fed37', 'workflow_run_id': '019bdad7-b481-79fb-8a07-10e85a5717c1', 'workflow_type': 'ChainExecutorWorkflow'})
2026-01-20 15:29:53,688 - temporalio.workflow - INFO - Step edit_frame1: completed ({'attempt': 1, 'namespace': 'default', 'run_id': '019bdad7-b481-79fb-8a07-10e85a5717c1', 'task_queue': 'comfyui-gpu-farm', 'workflow_id': 'chain-image-edit-to-video-pipeline-regen-850d6d02-b357-4cb9-b832-6ce0b32fed37', 'workflow_type': 'ChainExecutorWorkflow'})
2026-01-20 15:29:53,688 - temporalio.workflow - INFO - Step edit_frame2: completed ({'attempt': 1, 'namespace': 'default', 'run_id': '019bdad7-b481-79fb-8a07-10e85a5717c1', 'task_queue': 'comfyui-gpu-farm', 'workflow_id': 'chain-image-edit-to-video-pipeline-regen-850d6d02-b357-4cb9-b832-6ce0b32fed37', 'workflow_type': 'ChainExecutorWorkflow'})
2026-01-20 15:29:53,696 - temporalio.activity - INFO - Updating chain 4940ec2d-6ca6-42cb-8c87-15230eabfb2c status to: executing_level_2 ({'activity_id': '20', 'activity_type': 'update_chain_status_activity', 'attempt': 1, 'namespace': 'default', 'task_queue': 'comfyui-gpu-farm', 'workflow_id': 'chain-image-edit-to-video-pipeline-regen-850d6d02-b357-4cb9-b832-6ce0b32fed37', 'workflow_run_id': '019bdad7-b481-79fb-8a07-10e85a5717c1', 'workflow_type': 'ChainExecutorWorkflow'})
2026-01-20 15:29:53,699 - temporalio.activity - INFO - ✓ Updated chain status ({'activity_id': '20', 'activity_type': 'update_chain_status_activity', 'attempt': 1, 'namespace': 'default', 'task_queue': 'comfyui-gpu-farm', 'workflow_id': 'chain-image-edit-to-video-pipeline-regen-850d6d02-b357-4cb9-b832-6ce0b32fed37', 'workflow_run_id': '019bdad7-b481-79fb-8a07-10e85a5717c1', 'workflow_type': 'ChainExecutorWorkflow'})
2026-01-20 15:29:53,709 - temporalio.workflow - INFO - Level 2: Executing 1 step(s) ({'attempt': 1, 'namespace': 'default', 'run_id': '019bdad7-b481-79fb-8a07-10e85a5717c1', 'task_queue': 'comfyui-gpu-farm', 'workflow_id': 'chain-image-edit-to-video-pipeline-regen-850d6d02-b357-4cb9-b832-6ce0b32fed37', 'workflow_type': 'ChainExecutorWorkflow'})
2026-01-20 15:29:53,710 - temporalio.workflow - INFO - Executing step: create_video ({'attempt': 1, 'namespace': 'default', 'run_id': '019bdad7-b481-79fb-8a07-10e85a5717c1', 'task_queue': 'comfyui-gpu-farm', 'workflow_id': 'chain-image-edit-to-video-pipeline-regen-850d6d02-b357-4cb9-b832-6ce0b32fed37', 'workflow_type': 'ChainExecutorWorkflow'})
2026-01-20 15:29:53,719 - temporalio.activity - INFO - Resolving templates in parameters ({'activity_id': '21', 'activity_type': 'resolve_chain_templates', 'attempt': 1, 'namespace': 'default', 'task_queue': 'comfyui-gpu-farm', 'workflow_id': 'chain-image-edit-to-video-pipeline-regen-850d6d02-b357-4cb9-b832-6ce0b32fed37', 'workflow_run_id': '019bdad7-b481-79fb-8a07-10e85a5717c1', 'workflow_type': 'ChainExecutorWorkflow'})
2026-01-20 15:29:53,720 - temporalio.activity - INFO - Templates resolved successfully ({'activity_id': '21', 'activity_type': 'resolve_chain_templates', 'attempt': 1, 'namespace': 'default', 'task_queue': 'comfyui-gpu-farm', 'workflow_id': 'chain-image-edit-to-video-pipeline-regen-850d6d02-b357-4cb9-b832-6ce0b32fed37', 'workflow_run_id': '019bdad7-b481-79fb-8a07-10e85a5717c1', 'workflow_type': 'ChainExecutorWorkflow'})
2026-01-20 15:29:53,736 - temporalio.activity - INFO - Applying parameters to workflow: firstEndTovideo ({'activity_id': '22', 'activity_type': 'apply_workflow_parameters', 'attempt': 1, 'namespace': 'default', 'task_queue': 'comfyui-gpu-farm', 'workflow_id': 'chain-image-edit-to-video-pipeline-regen-850d6d02-b357-4cb9-b832-6ce0b32fed37', 'workflow_run_id': '019bdad7-b481-79fb-8a07-10e85a5717c1', 'workflow_type': 'ChainExecutorWorkflow'})
2026-01-20 15:29:53,736 - temporal_gateway.registry - INFO - Applied override: 6.text = Smooth cinematic transition between vibrant colorful scenes
2026-01-20 15:29:53,737 - temporal_gateway.registry - INFO - Applied override: 60.fps = 16
2026-01-20 15:29:53,737 - temporal_gateway.registry - INFO - Applied override: 62.image = ComfyUI_00306_.png
2026-01-20 15:29:53,737 - temporal_gateway.registry - INFO - Applied override: 67.height = 1025
2026-01-20 15:29:53,737 - temporal_gateway.registry - INFO - Applied override: 67.length = 81
2026-01-20 15:29:53,737 - temporal_gateway.registry - INFO - Applied override: 67.width = 595
2026-01-20 15:29:53,737 - temporal_gateway.registry - INFO - Applied override: 68.image = ComfyUI_00315_.png
2026-01-20 15:29:53,737 - temporalio.activity - INFO - Parameters applied successfully ({'activity_id': '22', 'activity_type': 'apply_workflow_parameters', 'attempt': 1, 'namespace': 'default', 'task_queue': 'comfyui-gpu-farm', 'workflow_id': 'chain-image-edit-to-video-pipeline-regen-850d6d02-b357-4cb9-b832-6ce0b32fed37', 'workflow_run_id': '019bdad7-b481-79fb-8a07-10e85a5717c1', 'workflow_type': 'ChainExecutorWorkflow'})
2026-01-20 15:29:53,753 - temporalio.activity - INFO - Selecting server with strategy: least_loaded ({'activity_id': '23', 'activity_type': 'select_best_server', 'attempt': 1, 'namespace': 'default', 'task_queue': 'comfyui-gpu-farm', 'workflow_id': 'chain-image-edit-to-video-pipeline-regen-850d6d02-b357-4cb9-b832-6ce0b32fed37', 'workflow_run_id': '019bdad7-b481-79fb-8a07-10e85a5717c1', 'workflow_type': 'ChainExecutorWorkflow'})
2026-01-20 15:29:53,857 - httpx - INFO - HTTP Request: GET http://procure-x.testmcp.org/system_stats "HTTP/1.1 200 OK"
2026-01-20 15:29:53,875 - httpx - INFO - HTTP Request: GET http://procure-x.testmcp.org/queue "HTTP/1.1 200 OK"
2026-01-20 15:29:53,878 - temporal_gateway.servers.load_balancer - INFO - Selected server procure-x (queue_depth=0, gpu_mem=0.0%)
2026-01-20 15:29:53,879 - temporalio.activity - INFO - Selected server: procure-x (http://procure-x.testmcp.org) ({'activity_id': '23', 'activity_type': 'select_best_server', 'attempt': 1, 'namespace': 'default', 'task_queue': 'comfyui-gpu-farm', 'workflow_id': 'chain-image-edit-to-video-pipeline-regen-850d6d02-b357-4cb9-b832-6ce0b32fed37', 'workflow_run_id': '019bdad7-b481-79fb-8a07-10e85a5717c1', 'workflow_type': 'ChainExecutorWorkflow'})
2026-01-20 15:29:53,895 - temporalio.workflow - INFO - Step create_video: Server http://procure-x.testmcp.org ({'attempt': 1, 'namespace': 'default', 'run_id': '019bdad7-b481-79fb-8a07-10e85a5717c1', 'task_queue': 'comfyui-gpu-farm', 'workflow_id': 'chain-image-edit-to-video-pipeline-regen-850d6d02-b357-4cb9-b832-6ce0b32fed37', 'workflow_type': 'ChainExecutorWorkflow'})
2026-01-20 15:29:53,895 - temporalio.workflow - INFO - Transferring artifact 6ca33c32-350b-42f2-9eb9-917014b8aeaa from edit_frame1 (workflow: c43ea173-16d3-4e63-9d8f-417a011fa1d8) ({'attempt': 1, 'namespace': 'default', 'run_id': '019bdad7-b481-79fb-8a07-10e85a5717c1', 'task_queue': 'comfyui-gpu-farm', 'workflow_id': 'chain-image-edit-to-video-pipeline-regen-850d6d02-b357-4cb9-b832-6ce0b32fed37', 'workflow_type': 'ChainExecutorWorkflow'})
2026-01-20 15:29:53,903 - temporalio.activity - INFO - Transferring 1 artifact(s) from workflow c43ea173-16d3-4e63-9d8f-417a011fa1d8 to http://procure-x.testmcp.org ({'activity_id': '24', 'activity_type': 'transfer_artifacts_from_storage', 'attempt': 1, 'namespace': 'default', 'task_queue': 'comfyui-gpu-farm', 'workflow_id': 'chain-image-edit-to-video-pipeline-regen-850d6d02-b357-4cb9-b832-6ce0b32fed37', 'workflow_run_id': '019bdad7-b481-79fb-8a07-10e85a5717c1', 'workflow_type': 'ChainExecutorWorkflow'})
2026-01-20 15:29:53,946 - temporal_gateway.clients.comfy.client - INFO - ComfyUI client initialized for http://procure-x.testmcp.org
2026-01-20 15:29:53,953 - temporalio.activity - INFO - Uploading: ComfyUI_00306_.png from local storage to http://procure-x.testmcp.org/input/ ({'activity_id': '24', 'activity_type': 'transfer_artifacts_from_storage', 'attempt': 1, 'namespace': 'default', 'task_queue': 'comfyui-gpu-farm', 'workflow_id': 'chain-image-edit-to-video-pipeline-regen-850d6d02-b357-4cb9-b832-6ce0b32fed37', 'workflow_run_id': '019bdad7-b481-79fb-8a07-10e85a5717c1', 'workflow_type': 'ChainExecutorWorkflow'})
2026-01-20 15:29:54,147 - httpx - INFO - HTTP Request: POST http://procure-x.testmcp.org/upload/image "HTTP/1.1 200 OK"
2026-01-20 15:29:54,150 - temporalio.activity - INFO - ✓ Uploaded: ComfyUI_00306_.png (757519 bytes) ({'activity_id': '24', 'activity_type': 'transfer_artifacts_from_storage', 'attempt': 1, 'namespace': 'default', 'task_queue': 'comfyui-gpu-farm', 'workflow_id': 'chain-image-edit-to-video-pipeline-regen-850d6d02-b357-4cb9-b832-6ce0b32fed37', 'workflow_run_id': '019bdad7-b481-79fb-8a07-10e85a5717c1', 'workflow_type': 'ChainExecutorWorkflow'})
2026-01-20 15:29:54,163 - temporalio.activity - INFO - Successfully transferred 1 file(s) ({'activity_id': '24', 'activity_type': 'transfer_artifacts_from_storage', 'attempt': 1, 'namespace': 'default', 'task_queue': 'comfyui-gpu-farm', 'workflow_id': 'chain-image-edit-to-video-pipeline-regen-850d6d02-b357-4cb9-b832-6ce0b32fed37', 'workflow_run_id': '019bdad7-b481-79fb-8a07-10e85a5717c1', 'workflow_type': 'ChainExecutorWorkflow'})
2026-01-20 15:29:54,185 - temporalio.workflow - INFO - Transferring artifact b9c9a5bf-44da-4694-aae5-005cd4cfb44f from edit_frame2 (workflow: 770f7a7c-a821-4fd1-95d8-62402c74efe0) ({'attempt': 1, 'namespace': 'default', 'run_id': '019bdad7-b481-79fb-8a07-10e85a5717c1', 'task_queue': 'comfyui-gpu-farm', 'workflow_id': 'chain-image-edit-to-video-pipeline-regen-850d6d02-b357-4cb9-b832-6ce0b32fed37', 'workflow_type': 'ChainExecutorWorkflow'})
2026-01-20 15:29:54,193 - temporalio.activity - INFO - Transferring 1 artifact(s) from workflow 770f7a7c-a821-4fd1-95d8-62402c74efe0 to http://procure-x.testmcp.org ({'activity_id': '25', 'activity_type': 'transfer_artifacts_from_storage', 'attempt': 1, 'namespace': 'default', 'task_queue': 'comfyui-gpu-farm', 'workflow_id': 'chain-image-edit-to-video-pipeline-regen-850d6d02-b357-4cb9-b832-6ce0b32fed37', 'workflow_run_id': '019bdad7-b481-79fb-8a07-10e85a5717c1', 'workflow_type': 'ChainExecutorWorkflow'})
2026-01-20 15:29:54,240 - temporal_gateway.clients.comfy.client - INFO - ComfyUI client initialized for http://procure-x.testmcp.org
2026-01-20 15:29:54,244 - temporalio.activity - INFO - Uploading: ComfyUI_00315_.png from local storage to http://procure-x.testmcp.org/input/ ({'activity_id': '25', 'activity_type': 'transfer_artifacts_from_storage', 'attempt': 1, 'namespace': 'default', 'task_queue': 'comfyui-gpu-farm', 'workflow_id': 'chain-image-edit-to-video-pipeline-regen-850d6d02-b357-4cb9-b832-6ce0b32fed37', 'workflow_run_id': '019bdad7-b481-79fb-8a07-10e85a5717c1', 'workflow_type': 'ChainExecutorWorkflow'})
2026-01-20 15:29:54,394 - httpx - INFO - HTTP Request: POST http://procure-x.testmcp.org/upload/image "HTTP/1.1 200 OK"
2026-01-20 15:29:54,397 - temporalio.activity - INFO - ✓ Uploaded: ComfyUI_00315_.png (800815 bytes) ({'activity_id': '25', 'activity_type': 'transfer_artifacts_from_storage', 'attempt': 1, 'namespace': 'default', 'task_queue': 'comfyui-gpu-farm', 'workflow_id': 'chain-image-edit-to-video-pipeline-regen-850d6d02-b357-4cb9-b832-6ce0b32fed37', 'workflow_run_id': '019bdad7-b481-79fb-8a07-10e85a5717c1', 'workflow_type': 'ChainExecutorWorkflow'})
2026-01-20 15:29:54,409 - temporalio.activity - INFO - Successfully transferred 1 file(s) ({'activity_id': '25', 'activity_type': 'transfer_artifacts_from_storage', 'attempt': 1, 'namespace': 'default', 'task_queue': 'comfyui-gpu-farm', 'workflow_id': 'chain-image-edit-to-video-pipeline-regen-850d6d02-b357-4cb9-b832-6ce0b32fed37', 'workflow_run_id': '019bdad7-b481-79fb-8a07-10e85a5717c1', 'workflow_type': 'ChainExecutorWorkflow'})
2026-01-20 15:29:54,432 - temporalio.activity - INFO - Creating workflow record: firstEndTovideo (prompt: pending) ({'activity_id': '26', 'activity_type': 'create_workflow_record', 'attempt': 1, 'namespace': 'default', 'task_queue': 'comfyui-gpu-farm', 'workflow_id': 'chain-image-edit-to-video-pipeline-regen-850d6d02-b357-4cb9-b832-6ce0b32fed37', 'workflow_run_id': '019bdad7-b481-79fb-8a07-10e85a5717c1', 'workflow_type': 'ChainExecutorWorkflow'})
2026-01-20 15:29:54,436 - temporalio.activity - INFO - ✓ Created workflow record: f7e02207-5363-45e6-929b-090cf2d19746 ({'activity_id': '26', 'activity_type': 'create_workflow_record', 'attempt': 1, 'namespace': 'default', 'task_queue': 'comfyui-gpu-farm', 'workflow_id': 'chain-image-edit-to-video-pipeline-regen-850d6d02-b357-4cb9-b832-6ce0b32fed37', 'workflow_run_id': '019bdad7-b481-79fb-8a07-10e85a5717c1', 'workflow_type': 'ChainExecutorWorkflow'})
2026-01-20 15:29:54,472 - temporalio.workflow - INFO - Starting ComfyUI workflow execution ({'attempt': 1, 'namespace': 'default', 'run_id': '019bdad8-b753-7aaa-8c37-0e2e75b6f78f', 'task_queue': 'comfyui-gpu-farm', 'workflow_id': 'chain-image-edit-to-video-pipeline-regen-850d6d02-b357-4cb9-b832-6ce0b32fed37-create_video', 'workflow_type': 'ComfyUIWorkflow'})
2026-01-20 15:29:54,472 - temporalio.workflow - INFO - Generated client_id: 7caf2beb-2540-488e-a07c-32e3e0a71af2 ({'attempt': 1, 'namespace': 'default', 'run_id': '019bdad8-b753-7aaa-8c37-0e2e75b6f78f', 'task_queue': 'comfyui-gpu-farm', 'workflow_id': 'chain-image-edit-to-video-pipeline-regen-850d6d02-b357-4cb9-b832-6ce0b32fed37-create_video', 'workflow_type': 'ComfyUIWorkflow'})
2026-01-20 15:29:54,472 - temporalio.workflow - INFO - Using pre-selected server: http://procure-x.testmcp.org ({'attempt': 1, 'namespace': 'default', 'run_id': '019bdad8-b753-7aaa-8c37-0e2e75b6f78f', 'task_queue': 'comfyui-gpu-farm', 'workflow_id': 'chain-image-edit-to-video-pipeline-regen-850d6d02-b357-4cb9-b832-6ce0b32fed37-create_video', 'workflow_type': 'ComfyUIWorkflow'})
2026-01-20 15:29:54,480 - temporalio.activity - INFO - [V3] Executing workflow on http://procure-x.testmcp.org ({'activity_id': '1', 'activity_type': 'execute_and_track_workflow', 'attempt': 1, 'namespace': 'default', 'task_queue': 'comfyui-gpu-farm', 'workflow_id': 'chain-image-edit-to-video-pipeline-regen-850d6d02-b357-4cb9-b832-6ce0b32fed37-create_video', 'workflow_run_id': '019bdad8-b753-7aaa-8c37-0e2e75b6f78f', 'workflow_type': 'ComfyUIWorkflow'})
2026-01-20 15:29:54,481 - temporalio.activity - INFO - [V3] Workflow name: firstEndTovideo ({'activity_id': '1', 'activity_type': 'execute_and_track_workflow', 'attempt': 1, 'namespace': 'default', 'task_queue': 'comfyui-gpu-farm', 'workflow_id': 'chain-image-edit-to-video-pipeline-regen-850d6d02-b357-4cb9-b832-6ce0b32fed37-create_video', 'workflow_run_id': '019bdad8-b753-7aaa-8c37-0e2e75b6f78f', 'workflow_type': 'ComfyUIWorkflow'})
2026-01-20 15:29:54,522 - temporal_gateway.clients.comfy.client - INFO - ComfyUI client initialized for http://procure-x.testmcp.org
2026-01-20 15:29:54,522 - temporal_gateway.clients.comfy.client - INFO - Submitting workflow to ComfyUI
2026-01-20 15:29:54,624 - httpx - INFO - HTTP Request: POST http://procure-x.testmcp.org/prompt "HTTP/1.1 200 OK"
2026-01-20 15:29:54,627 - temporal_gateway.clients.comfy.client - INFO - Workflow queued with prompt_id: 0b3303bf-47d7-48c0-b7b5-0885ceadbce3
2026-01-20 15:29:54,627 - temporal_gateway.clients.comfy.tracker - INFO - Starting execution tracking for prompt 0b3303bf-47d7-48c0-b7b5-0885ceadbce3
2026-01-20 15:29:54,628 - temporal_gateway.clients.comfy.tracker - INFO - Starting history polling
2026-01-20 15:29:54,631 - temporal_gateway.clients.comfy.tracker - INFO - Starting WebSocket listener
2026-01-20 15:29:54,631 - temporal_gateway.clients.comfy.websocket - INFO - Connecting to WebSocket: ws://procure-x.testmcp.org/ws?clientId=a1df0166-952e-456a-b35b-9bc19d92bb8c
2026-01-20 15:29:54,647 - httpx - INFO - HTTP Request: GET http://procure-x.testmcp.org/history/0b3303bf-47d7-48c0-b7b5-0885ceadbce3 "HTTP/1.1 200 OK"
2026-01-20 15:29:54,681 - temporal_gateway.clients.comfy.websocket - INFO - WebSocket connected successfully
2026-01-20 15:29:55,675 - httpx - INFO - HTTP Request: GET http://procure-x.testmcp.org/history/0b3303bf-47d7-48c0-b7b5-0885ceadbce3 "HTTP/1.1 200 OK"
2026-01-20 15:29:56,771 - httpx - INFO - HTTP Request: GET http://procure-x.testmcp.org/history/0b3303bf-47d7-48c0-b7b5-0885ceadbce3 "HTTP/1.1 200 OK"
2026-01-20 15:29:57,799 - httpx - INFO - HTTP Request: GET http://procure-x.testmcp.org/history/0b3303bf-47d7-48c0-b7b5-0885ceadbce3 "HTTP/1.1 200 OK"
2026-01-20 15:29:58,821 - httpx - INFO - HTTP Request: GET http://procure-x.testmcp.org/history/0b3303bf-47d7-48c0-b7b5-0885ceadbce3 "HTTP/1.1 200 OK"
2026-01-20 15:29:59,845 - httpx - INFO - HTTP Request: GET http://procure-x.testmcp.org/history/0b3303bf-47d7-48c0-b7b5-0885ceadbce3 "HTTP/1.1 200 OK"
2026-01-20 15:30:00,872 - httpx - INFO - HTTP Request: GET http://procure-x.testmcp.org/history/0b3303bf-47d7-48c0-b7b5-0885ceadbce3 "HTTP/1.1 200 OK"
2026-01-20 15:30:01,901 - httpx - INFO - HTTP Request: GET http://procure-x.testmcp.org/history/0b3303bf-47d7-48c0-b7b5-0885ceadbce3 "HTTP/1.1 200 OK"
2026-01-20 15:30:02,942 - httpx - INFO - HTTP Request: GET http://procure-x.testmcp.org/history/0b3303bf-47d7-48c0-b7b5-0885ceadbce3 "HTTP/1.1 200 OK"
2026-01-20 15:30:03,970 - httpx - INFO - HTTP Request: GET http://procure-x.testmcp.org/history/0b3303bf-47d7-48c0-b7b5-0885ceadbce3 "HTTP/1.1 200 OK"
2026-01-20 15:30:04,995 - httpx - INFO - HTTP Request: GET http://procure-x.testmcp.org/history/0b3303bf-47d7-48c0-b7b5-0885ceadbce3 "HTTP/1.1 200 OK"
2026-01-20 15:30:06,023 - httpx - INFO - HTTP Request: GET http://procure-x.testmcp.org/history/0b3303bf-47d7-48c0-b7b5-0885ceadbce3 "HTTP/1.1 200 OK"
2026-01-20 15:30:07,049 - httpx - INFO - HTTP Request: GET http://procure-x.testmcp.org/history/0b3303bf-47d7-48c0-b7b5-0885ceadbce3 "HTTP/1.1 200 OK"
2026-01-20 15:30:08,071 - httpx - INFO - HTTP Request: GET http://procure-x.testmcp.org/history/0b3303bf-47d7-48c0-b7b5-0885ceadbce3 "HTTP/1.1 200 OK"
2026-01-20 15:30:09,096 - httpx - INFO - HTTP Request: GET http://procure-x.testmcp.org/history/0b3303bf-47d7-48c0-b7b5-0885ceadbce3 "HTTP/1.1 200 OK"
2026-01-20 15:30:10,124 - httpx - INFO - HTTP Request: GET http://procure-x.testmcp.org/history/0b3303bf-47d7-48c0-b7b5-0885ceadbce3 "HTTP/1.1 200 OK"
2026-01-20 15:30:11,149 - httpx - INFO - HTTP Request: GET http://procure-x.testmcp.org/history/0b3303bf-47d7-48c0-b7b5-0885ceadbce3 "HTTP/1.1 200 OK"
2026-01-20 15:30:12,169 - httpx - INFO - HTTP Request: GET http://procure-x.testmcp.org/history/0b3303bf-47d7-48c0-b7b5-0885ceadbce3 "HTTP/1.1 200 OK"
2026-01-20 15:30:13,195 - httpx - INFO - HTTP Request: GET http://procure-x.testmcp.org/history/0b3303bf-47d7-48c0-b7b5-0885ceadbce3 "HTTP/1.1 200 OK"
2026-01-20 15:30:14,217 - httpx - INFO - HTTP Request: GET http://procure-x.testmcp.org/history/0b3303bf-47d7-48c0-b7b5-0885ceadbce3 "HTTP/1.1 200 OK"
2026-01-20 15:30:15,242 - httpx - INFO - HTTP Request: GET http://procure-x.testmcp.org/history/0b3303bf-47d7-48c0-b7b5-0885ceadbce3 "HTTP/1.1 200 OK"
2026-01-20 15:30:16,266 - httpx - INFO - HTTP Request: GET http://procure-x.testmcp.org/history/0b3303bf-47d7-48c0-b7b5-0885ceadbce3 "HTTP/1.1 200 OK"
2026-01-20 15:30:17,291 - httpx - INFO - HTTP Request: GET http://procure-x.testmcp.org/history/0b3303bf-47d7-48c0-b7b5-0885ceadbce3 "HTTP/1.1 200 OK"
2026-01-20 15:30:18,316 - httpx - INFO - HTTP Request: GET http://procure-x.testmcp.org/history/0b3303bf-47d7-48c0-b7b5-0885ceadbce3 "HTTP/1.1 200 OK"
2026-01-20 15:30:19,342 - httpx - INFO - HTTP Request: GET http://procure-x.testmcp.org/history/0b3303bf-47d7-48c0-b7b5-0885ceadbce3 "HTTP/1.1 200 OK"
2026-01-20 15:30:20,369 - httpx - INFO - HTTP Request: GET http://procure-x.testmcp.org/history/0b3303bf-47d7-48c0-b7b5-0885ceadbce3 "HTTP/1.1 200 OK"
2026-01-20 15:30:21,398 - httpx - INFO - HTTP Request: GET http://procure-x.testmcp.org/history/0b3303bf-47d7-48c0-b7b5-0885ceadbce3 "HTTP/1.1 200 OK"
2026-01-20 15:30:22,426 - httpx - INFO - HTTP Request: GET http://procure-x.testmcp.org/history/0b3303bf-47d7-48c0-b7b5-0885ceadbce3 "HTTP/1.1 200 OK"
2026-01-20 15:30:23,455 - httpx - INFO - HTTP Request: GET http://procure-x.testmcp.org/history/0b3303bf-47d7-48c0-b7b5-0885ceadbce3 "HTTP/1.1 200 OK"
2026-01-20 15:30:24,483 - httpx - INFO - HTTP Request: GET http://procure-x.testmcp.org/history/0b3303bf-47d7-48c0-b7b5-0885ceadbce3 "HTTP/1.1 200 OK"
2026-01-20 15:30:25,511 - httpx - INFO - HTTP Request: GET http://procure-x.testmcp.org/history/0b3303bf-47d7-48c0-b7b5-0885ceadbce3 "HTTP/1.1 200 OK"
2026-01-20 15:30:26,540 - httpx - INFO - HTTP Request: GET http://procure-x.testmcp.org/history/0b3303bf-47d7-48c0-b7b5-0885ceadbce3 "HTTP/1.1 200 OK"
2026-01-20 15:30:27,564 - httpx - INFO - HTTP Request: GET http://procure-x.testmcp.org/history/0b3303bf-47d7-48c0-b7b5-0885ceadbce3 "HTTP/1.1 200 OK"
2026-01-20 15:30:28,592 - httpx - INFO - HTTP Request: GET http://procure-x.testmcp.org/history/0b3303bf-47d7-48c0-b7b5-0885ceadbce3 "HTTP/1.1 200 OK"
2026-01-20 15:30:29,619 - httpx - INFO - HTTP Request: GET http://procure-x.testmcp.org/history/0b3303bf-47d7-48c0-b7b5-0885ceadbce3 "HTTP/1.1 200 OK"
2026-01-20 15:30:30,644 - httpx - INFO - HTTP Request: GET http://procure-x.testmcp.org/history/0b3303bf-47d7-48c0-b7b5-0885ceadbce3 "HTTP/1.1 200 OK"
2026-01-20 15:30:31,679 - httpx - INFO - HTTP Request: GET http://procure-x.testmcp.org/history/0b3303bf-47d7-48c0-b7b5-0885ceadbce3 "HTTP/1.1 200 OK"
2026-01-20 15:30:32,707 - httpx - INFO - HTTP Request: GET http://procure-x.testmcp.org/history/0b3303bf-47d7-48c0-b7b5-0885ceadbce3 "HTTP/1.1 200 OK"
2026-01-20 15:30:33,732 - httpx - INFO - HTTP Request: GET http://procure-x.testmcp.org/history/0b3303bf-47d7-48c0-b7b5-0885ceadbce3 "HTTP/1.1 200 OK"
2026-01-20 15:30:34,753 - httpx - INFO - HTTP Request: GET http://procure-x.testmcp.org/history/0b3303bf-47d7-48c0-b7b5-0885ceadbce3 "HTTP/1.1 200 OK"
2026-01-20 15:30:35,798 - httpx - INFO - HTTP Request: GET http://procure-x.testmcp.org/history/0b3303bf-47d7-48c0-b7b5-0885ceadbce3 "HTTP/1.1 200 OK"
2026-01-20 15:30:36,824 - httpx - INFO - HTTP Request: GET http://procure-x.testmcp.org/history/0b3303bf-47d7-48c0-b7b5-0885ceadbce3 "HTTP/1.1 200 OK"
2026-01-20 15:30:37,872 - httpx - INFO - HTTP Request: GET http://procure-x.testmcp.org/history/0b3303bf-47d7-48c0-b7b5-0885ceadbce3 "HTTP/1.1 200 OK"
2026-01-20 15:30:38,902 - httpx - INFO - HTTP Request: GET http://procure-x.testmcp.org/history/0b3303bf-47d7-48c0-b7b5-0885ceadbce3 "HTTP/1.1 200 OK"
2026-01-20 15:30:39,927 - httpx - INFO - HTTP Request: GET http://procure-x.testmcp.org/history/0b3303bf-47d7-48c0-b7b5-0885ceadbce3 "HTTP/1.1 200 OK"
2026-01-20 15:30:40,952 - httpx - INFO - HTTP Request: GET http://procure-x.testmcp.org/history/0b3303bf-47d7-48c0-b7b5-0885ceadbce3 "HTTP/1.1 200 OK"
2026-01-20 15:30:41,979 - httpx - INFO - HTTP Request: GET http://procure-x.testmcp.org/history/0b3303bf-47d7-48c0-b7b5-0885ceadbce3 "HTTP/1.1 200 OK"
2026-01-20 15:30:43,005 - httpx - INFO - HTTP Request: GET http://procure-x.testmcp.org/history/0b3303bf-47d7-48c0-b7b5-0885ceadbce3 "HTTP/1.1 200 OK"
2026-01-20 15:30:44,032 - httpx - INFO - HTTP Request: GET http://procure-x.testmcp.org/history/0b3303bf-47d7-48c0-b7b5-0885ceadbce3 "HTTP/1.1 200 OK"
2026-01-20 15:30:45,058 - httpx - INFO - HTTP Request: GET http://procure-x.testmcp.org/history/0b3303bf-47d7-48c0-b7b5-0885ceadbce3 "HTTP/1.1 200 OK"
2026-01-20 15:30:46,082 - httpx - INFO - HTTP Request: GET http://procure-x.testmcp.org/history/0b3303bf-47d7-48c0-b7b5-0885ceadbce3 "HTTP/1.1 200 OK"
2026-01-20 15:30:47,109 - httpx - INFO - HTTP Request: GET http://procure-x.testmcp.org/history/0b3303bf-47d7-48c0-b7b5-0885ceadbce3 "HTTP/1.1 200 OK"
2026-01-20 15:30:48,142 - httpx - INFO - HTTP Request: GET http://procure-x.testmcp.org/history/0b3303bf-47d7-48c0-b7b5-0885ceadbce3 "HTTP/1.1 200 OK"
2026-01-20 15:30:49,171 - httpx - INFO - HTTP Request: GET http://procure-x.testmcp.org/history/0b3303bf-47d7-48c0-b7b5-0885ceadbce3 "HTTP/1.1 200 OK"
2026-01-20 15:30:50,197 - httpx - INFO - HTTP Request: GET http://procure-x.testmcp.org/history/0b3303bf-47d7-48c0-b7b5-0885ceadbce3 "HTTP/1.1 200 OK"
2026-01-20 15:30:51,222 - httpx - INFO - HTTP Request: GET http://procure-x.testmcp.org/history/0b3303bf-47d7-48c0-b7b5-0885ceadbce3 "HTTP/1.1 200 OK"
2026-01-20 15:30:52,249 - httpx - INFO - HTTP Request: GET http://procure-x.testmcp.org/history/0b3303bf-47d7-48c0-b7b5-0885ceadbce3 "HTTP/1.1 200 OK"
2026-01-20 15:30:53,280 - httpx - INFO - HTTP Request: GET http://procure-x.testmcp.org/history/0b3303bf-47d7-48c0-b7b5-0885ceadbce3 "HTTP/1.1 200 OK"
2026-01-20 15:30:54,307 - httpx - INFO - HTTP Request: GET http://procure-x.testmcp.org/history/0b3303bf-47d7-48c0-b7b5-0885ceadbce3 "HTTP/1.1 200 OK"
2026-01-20 15:30:55,336 - httpx - INFO - HTTP Request: GET http://procure-x.testmcp.org/history/0b3303bf-47d7-48c0-b7b5-0885ceadbce3 "HTTP/1.1 200 OK"
2026-01-20 15:30:56,361 - httpx - INFO - HTTP Request: GET http://procure-x.testmcp.org/history/0b3303bf-47d7-48c0-b7b5-0885ceadbce3 "HTTP/1.1 200 OK"
2026-01-20 15:30:57,386 - httpx - INFO - HTTP Request: GET http://procure-x.testmcp.org/history/0b3303bf-47d7-48c0-b7b5-0885ceadbce3 "HTTP/1.1 200 OK"
2026-01-20 15:30:58,411 - httpx - INFO - HTTP Request: GET http://procure-x.testmcp.org/history/0b3303bf-47d7-48c0-b7b5-0885ceadbce3 "HTTP/1.1 200 OK"
2026-01-20 15:30:59,438 - httpx - INFO - HTTP Request: GET http://procure-x.testmcp.org/history/0b3303bf-47d7-48c0-b7b5-0885ceadbce3 "HTTP/1.1 200 OK"
2026-01-20 15:31:00,461 - httpx - INFO - HTTP Request: GET http://procure-x.testmcp.org/history/0b3303bf-47d7-48c0-b7b5-0885ceadbce3 "HTTP/1.1 200 OK"
2026-01-20 15:31:01,488 - httpx - INFO - HTTP Request: GET http://procure-x.testmcp.org/history/0b3303bf-47d7-48c0-b7b5-0885ceadbce3 "HTTP/1.1 200 OK"
2026-01-20 15:31:02,509 - httpx - INFO - HTTP Request: GET http://procure-x.testmcp.org/history/0b3303bf-47d7-48c0-b7b5-0885ceadbce3 "HTTP/1.1 200 OK"
2026-01-20 15:31:03,535 - httpx - INFO - HTTP Request: GET http://procure-x.testmcp.org/history/0b3303bf-47d7-48c0-b7b5-0885ceadbce3 "HTTP/1.1 200 OK"
2026-01-20 15:31:04,555 - httpx - INFO - HTTP Request: GET http://procure-x.testmcp.org/history/0b3303bf-47d7-48c0-b7b5-0885ceadbce3 "HTTP/1.1 200 OK"
2026-01-20 15:31:05,581 - httpx - INFO - HTTP Request: GET http://procure-x.testmcp.org/history/0b3303bf-47d7-48c0-b7b5-0885ceadbce3 "HTTP/1.1 200 OK"
2026-01-20 15:31:06,601 - httpx - INFO - HTTP Request: GET http://procure-x.testmcp.org/history/0b3303bf-47d7-48c0-b7b5-0885ceadbce3 "HTTP/1.1 200 OK"
2026-01-20 15:31:07,625 - httpx - INFO - HTTP Request: GET http://procure-x.testmcp.org/history/0b3303bf-47d7-48c0-b7b5-0885ceadbce3 "HTTP/1.1 200 OK"
2026-01-20 15:31:08,646 - httpx - INFO - HTTP Request: GET http://procure-x.testmcp.org/history/0b3303bf-47d7-48c0-b7b5-0885ceadbce3 "HTTP/1.1 200 OK"
2026-01-20 15:31:09,671 - httpx - INFO - HTTP Request: GET http://procure-x.testmcp.org/history/0b3303bf-47d7-48c0-b7b5-0885ceadbce3 "HTTP/1.1 200 OK"
2026-01-20 15:31:10,697 - httpx - INFO - HTTP Request: GET http://procure-x.testmcp.org/history/0b3303bf-47d7-48c0-b7b5-0885ceadbce3 "HTTP/1.1 200 OK"
2026-01-20 15:31:11,722 - httpx - INFO - HTTP Request: GET http://procure-x.testmcp.org/history/0b3303bf-47d7-48c0-b7b5-0885ceadbce3 "HTTP/1.1 200 OK"
2026-01-20 15:31:12,742 - httpx - INFO - HTTP Request: GET http://procure-x.testmcp.org/history/0b3303bf-47d7-48c0-b7b5-0885ceadbce3 "HTTP/1.1 200 OK"
2026-01-20 15:31:13,763 - httpx - INFO - HTTP Request: GET http://procure-x.testmcp.org/history/0b3303bf-47d7-48c0-b7b5-0885ceadbce3 "HTTP/1.1 200 OK"
2026-01-20 15:31:14,782 - httpx - INFO - HTTP Request: GET http://procure-x.testmcp.org/history/0b3303bf-47d7-48c0-b7b5-0885ceadbce3 "HTTP/1.1 200 OK"
2026-01-20 15:31:15,809 - httpx - INFO - HTTP Request: GET http://procure-x.testmcp.org/history/0b3303bf-47d7-48c0-b7b5-0885ceadbce3 "HTTP/1.1 200 OK"
2026-01-20 15:31:16,832 - httpx - INFO - HTTP Request: GET http://procure-x.testmcp.org/history/0b3303bf-47d7-48c0-b7b5-0885ceadbce3 "HTTP/1.1 200 OK"
2026-01-20 15:31:17,858 - httpx - INFO - HTTP Request: GET http://procure-x.testmcp.org/history/0b3303bf-47d7-48c0-b7b5-0885ceadbce3 "HTTP/1.1 200 OK"
2026-01-20 15:31:18,884 - httpx - INFO - HTTP Request: GET http://procure-x.testmcp.org/history/0b3303bf-47d7-48c0-b7b5-0885ceadbce3 "HTTP/1.1 200 OK"
2026-01-20 15:31:19,911 - httpx - INFO - HTTP Request: GET http://procure-x.testmcp.org/history/0b3303bf-47d7-48c0-b7b5-0885ceadbce3 "HTTP/1.1 200 OK"
2026-01-20 15:31:20,932 - httpx - INFO - HTTP Request: GET http://procure-x.testmcp.org/history/0b3303bf-47d7-48c0-b7b5-0885ceadbce3 "HTTP/1.1 200 OK"
2026-01-20 15:31:21,955 - httpx - INFO - HTTP Request: GET http://procure-x.testmcp.org/history/0b3303bf-47d7-48c0-b7b5-0885ceadbce3 "HTTP/1.1 200 OK"
2026-01-20 15:31:22,977 - httpx - INFO - HTTP Request: GET http://procure-x.testmcp.org/history/0b3303bf-47d7-48c0-b7b5-0885ceadbce3 "HTTP/1.1 200 OK"
2026-01-20 15:31:24,005 - httpx - INFO - HTTP Request: GET http://procure-x.testmcp.org/history/0b3303bf-47d7-48c0-b7b5-0885ceadbce3 "HTTP/1.1 200 OK"
2026-01-20 15:31:25,034 - httpx - INFO - HTTP Request: GET http://procure-x.testmcp.org/history/0b3303bf-47d7-48c0-b7b5-0885ceadbce3 "HTTP/1.1 200 OK"
2026-01-20 15:31:26,060 - httpx - INFO - HTTP Request: GET http://procure-x.testmcp.org/history/0b3303bf-47d7-48c0-b7b5-0885ceadbce3 "HTTP/1.1 200 OK"
2026-01-20 15:31:27,084 - httpx - INFO - HTTP Request: GET http://procure-x.testmcp.org/history/0b3303bf-47d7-48c0-b7b5-0885ceadbce3 "HTTP/1.1 200 OK"
2026-01-20 15:31:28,110 - httpx - INFO - HTTP Request: GET http://procure-x.testmcp.org/history/0b3303bf-47d7-48c0-b7b5-0885ceadbce3 "HTTP/1.1 200 OK"
2026-01-20 15:31:29,129 - httpx - INFO - HTTP Request: GET http://procure-x.testmcp.org/history/0b3303bf-47d7-48c0-b7b5-0885ceadbce3 "HTTP/1.1 200 OK"
2026-01-20 15:31:30,152 - httpx - INFO - HTTP Request: GET http://procure-x.testmcp.org/history/0b3303bf-47d7-48c0-b7b5-0885ceadbce3 "HTTP/1.1 200 OK"
2026-01-20 15:31:31,179 - httpx - INFO - HTTP Request: GET http://procure-x.testmcp.org/history/0b3303bf-47d7-48c0-b7b5-0885ceadbce3 "HTTP/1.1 200 OK"
2026-01-20 15:31:32,205 - httpx - INFO - HTTP Request: GET http://procure-x.testmcp.org/history/0b3303bf-47d7-48c0-b7b5-0885ceadbce3 "HTTP/1.1 200 OK"
2026-01-20 15:31:33,229 - httpx - INFO - HTTP Request: GET http://procure-x.testmcp.org/history/0b3303bf-47d7-48c0-b7b5-0885ceadbce3 "HTTP/1.1 200 OK"
2026-01-20 15:31:34,254 - httpx - INFO - HTTP Request: GET http://procure-x.testmcp.org/history/0b3303bf-47d7-48c0-b7b5-0885ceadbce3 "HTTP/1.1 200 OK"
2026-01-20 15:31:35,274 - httpx - INFO - HTTP Request: GET http://procure-x.testmcp.org/history/0b3303bf-47d7-48c0-b7b5-0885ceadbce3 "HTTP/1.1 200 OK"
2026-01-20 15:31:36,299 - httpx - INFO - HTTP Request: GET http://procure-x.testmcp.org/history/0b3303bf-47d7-48c0-b7b5-0885ceadbce3 "HTTP/1.1 200 OK"
2026-01-20 15:31:37,324 - httpx - INFO - HTTP Request: GET http://procure-x.testmcp.org/history/0b3303bf-47d7-48c0-b7b5-0885ceadbce3 "HTTP/1.1 200 OK"
2026-01-20 15:31:38,348 - httpx - INFO - HTTP Request: GET http://procure-x.testmcp.org/history/0b3303bf-47d7-48c0-b7b5-0885ceadbce3 "HTTP/1.1 200 OK"
2026-01-20 15:31:39,375 - httpx - INFO - HTTP Request: GET http://procure-x.testmcp.org/history/0b3303bf-47d7-48c0-b7b5-0885ceadbce3 "HTTP/1.1 200 OK"
2026-01-20 15:31:40,399 - httpx - INFO - HTTP Request: GET http://procure-x.testmcp.org/history/0b3303bf-47d7-48c0-b7b5-0885ceadbce3 "HTTP/1.1 200 OK"
2026-01-20 15:31:41,428 - httpx - INFO - HTTP Request: GET http://procure-x.testmcp.org/history/0b3303bf-47d7-48c0-b7b5-0885ceadbce3 "HTTP/1.1 200 OK"
2026-01-20 15:31:42,449 - httpx - INFO - HTTP Request: GET http://procure-x.testmcp.org/history/0b3303bf-47d7-48c0-b7b5-0885ceadbce3 "HTTP/1.1 200 OK"
2026-01-20 15:31:43,480 - httpx - INFO - HTTP Request: GET http://procure-x.testmcp.org/history/0b3303bf-47d7-48c0-b7b5-0885ceadbce3 "HTTP/1.1 200 OK"
2026-01-20 15:31:44,506 - httpx - INFO - HTTP Request: GET http://procure-x.testmcp.org/history/0b3303bf-47d7-48c0-b7b5-0885ceadbce3 "HTTP/1.1 200 OK"
2026-01-20 15:31:45,538 - httpx - INFO - HTTP Request: GET http://procure-x.testmcp.org/history/0b3303bf-47d7-48c0-b7b5-0885ceadbce3 "HTTP/1.1 200 OK"
2026-01-20 15:31:46,564 - httpx - INFO - HTTP Request: GET http://procure-x.testmcp.org/history/0b3303bf-47d7-48c0-b7b5-0885ceadbce3 "HTTP/1.1 200 OK"
2026-01-20 15:31:47,592 - httpx - INFO - HTTP Request: GET http://procure-x.testmcp.org/history/0b3303bf-47d7-48c0-b7b5-0885ceadbce3 "HTTP/1.1 200 OK"
2026-01-20 15:31:48,615 - httpx - INFO - HTTP Request: GET http://procure-x.testmcp.org/history/0b3303bf-47d7-48c0-b7b5-0885ceadbce3 "HTTP/1.1 200 OK"
2026-01-20 15:31:49,640 - httpx - INFO - HTTP Request: GET http://procure-x.testmcp.org/history/0b3303bf-47d7-48c0-b7b5-0885ceadbce3 "HTTP/1.1 200 OK"
2026-01-20 15:31:50,666 - httpx - INFO - HTTP Request: GET http://procure-x.testmcp.org/history/0b3303bf-47d7-48c0-b7b5-0885ceadbce3 "HTTP/1.1 200 OK"
2026-01-20 15:31:51,695 - httpx - INFO - HTTP Request: GET http://procure-x.testmcp.org/history/0b3303bf-47d7-48c0-b7b5-0885ceadbce3 "HTTP/1.1 200 OK"
2026-01-20 15:31:52,724 - httpx - INFO - HTTP Request: GET http://procure-x.testmcp.org/history/0b3303bf-47d7-48c0-b7b5-0885ceadbce3 "HTTP/1.1 200 OK"
2026-01-20 15:31:53,745 - httpx - INFO - HTTP Request: GET http://procure-x.testmcp.org/history/0b3303bf-47d7-48c0-b7b5-0885ceadbce3 "HTTP/1.1 200 OK"
2026-01-20 15:31:54,769 - httpx - INFO - HTTP Request: GET http://procure-x.testmcp.org/history/0b3303bf-47d7-48c0-b7b5-0885ceadbce3 "HTTP/1.1 200 OK"
2026-01-20 15:31:55,788 - httpx - INFO - HTTP Request: GET http://procure-x.testmcp.org/history/0b3303bf-47d7-48c0-b7b5-0885ceadbce3 "HTTP/1.1 200 OK"
2026-01-20 15:31:56,816 - httpx - INFO - HTTP Request: GET http://procure-x.testmcp.org/history/0b3303bf-47d7-48c0-b7b5-0885ceadbce3 "HTTP/1.1 200 OK"
2026-01-20 15:31:57,845 - httpx - INFO - HTTP Request: GET http://procure-x.testmcp.org/history/0b3303bf-47d7-48c0-b7b5-0885ceadbce3 "HTTP/1.1 200 OK"
2026-01-20 15:31:58,871 - httpx - INFO - HTTP Request: GET http://procure-x.testmcp.org/history/0b3303bf-47d7-48c0-b7b5-0885ceadbce3 "HTTP/1.1 200 OK"
2026-01-20 15:31:59,895 - httpx - INFO - HTTP Request: GET http://procure-x.testmcp.org/history/0b3303bf-47d7-48c0-b7b5-0885ceadbce3 "HTTP/1.1 200 OK"
2026-01-20 15:32:00,918 - httpx - INFO - HTTP Request: GET http://procure-x.testmcp.org/history/0b3303bf-47d7-48c0-b7b5-0885ceadbce3 "HTTP/1.1 200 OK"
2026-01-20 15:32:01,942 - httpx - INFO - HTTP Request: GET http://procure-x.testmcp.org/history/0b3303bf-47d7-48c0-b7b5-0885ceadbce3 "HTTP/1.1 200 OK"
2026-01-20 15:32:02,969 - httpx - INFO - HTTP Request: GET http://procure-x.testmcp.org/history/0b3303bf-47d7-48c0-b7b5-0885ceadbce3 "HTTP/1.1 200 OK"
2026-01-20 15:32:03,994 - httpx - INFO - HTTP Request: GET http://procure-x.testmcp.org/history/0b3303bf-47d7-48c0-b7b5-0885ceadbce3 "HTTP/1.1 200 OK"
2026-01-20 15:32:05,020 - httpx - INFO - HTTP Request: GET http://procure-x.testmcp.org/history/0b3303bf-47d7-48c0-b7b5-0885ceadbce3 "HTTP/1.1 200 OK"
2026-01-20 15:32:06,045 - httpx - INFO - HTTP Request: GET http://procure-x.testmcp.org/history/0b3303bf-47d7-48c0-b7b5-0885ceadbce3 "HTTP/1.1 200 OK"
2026-01-20 15:32:07,067 - httpx - INFO - HTTP Request: GET http://procure-x.testmcp.org/history/0b3303bf-47d7-48c0-b7b5-0885ceadbce3 "HTTP/1.1 200 OK"
2026-01-20 15:32:08,090 - httpx - INFO - HTTP Request: GET http://procure-x.testmcp.org/history/0b3303bf-47d7-48c0-b7b5-0885ceadbce3 "HTTP/1.1 200 OK"
2026-01-20 15:32:09,113 - httpx - INFO - HTTP Request: GET http://procure-x.testmcp.org/history/0b3303bf-47d7-48c0-b7b5-0885ceadbce3 "HTTP/1.1 200 OK"
2026-01-20 15:32:10,135 - httpx - INFO - HTTP Request: GET http://procure-x.testmcp.org/history/0b3303bf-47d7-48c0-b7b5-0885ceadbce3 "HTTP/1.1 200 OK"
2026-01-20 15:32:11,161 - httpx - INFO - HTTP Request: GET http://procure-x.testmcp.org/history/0b3303bf-47d7-48c0-b7b5-0885ceadbce3 "HTTP/1.1 200 OK"
2026-01-20 15:32:12,183 - httpx - INFO - HTTP Request: GET http://procure-x.testmcp.org/history/0b3303bf-47d7-48c0-b7b5-0885ceadbce3 "HTTP/1.1 200 OK"
2026-01-20 15:32:13,207 - httpx - INFO - HTTP Request: GET http://procure-x.testmcp.org/history/0b3303bf-47d7-48c0-b7b5-0885ceadbce3 "HTTP/1.1 200 OK"
2026-01-20 15:32:14,224 - httpx - INFO - HTTP Request: GET http://procure-x.testmcp.org/history/0b3303bf-47d7-48c0-b7b5-0885ceadbce3 "HTTP/1.1 200 OK"
2026-01-20 15:32:15,468 - httpx - INFO - HTTP Request: GET http://procure-x.testmcp.org/history/0b3303bf-47d7-48c0-b7b5-0885ceadbce3 "HTTP/1.1 200 OK"
2026-01-20 15:32:16,494 - httpx - INFO - HTTP Request: GET http://procure-x.testmcp.org/history/0b3303bf-47d7-48c0-b7b5-0885ceadbce3 "HTTP/1.1 200 OK"
2026-01-20 15:32:17,520 - httpx - INFO - HTTP Request: GET http://procure-x.testmcp.org/history/0b3303bf-47d7-48c0-b7b5-0885ceadbce3 "HTTP/1.1 200 OK"
2026-01-20 15:32:18,544 - httpx - INFO - HTTP Request: GET http://procure-x.testmcp.org/history/0b3303bf-47d7-48c0-b7b5-0885ceadbce3 "HTTP/1.1 200 OK"
2026-01-20 15:32:19,565 - httpx - INFO - HTTP Request: GET http://procure-x.testmcp.org/history/0b3303bf-47d7-48c0-b7b5-0885ceadbce3 "HTTP/1.1 200 OK"
2026-01-20 15:32:20,589 - httpx - INFO - HTTP Request: GET http://procure-x.testmcp.org/history/0b3303bf-47d7-48c0-b7b5-0885ceadbce3 "HTTP/1.1 200 OK"
2026-01-20 15:32:21,612 - httpx - INFO - HTTP Request: GET http://procure-x.testmcp.org/history/0b3303bf-47d7-48c0-b7b5-0885ceadbce3 "HTTP/1.1 200 OK"
2026-01-20 15:32:22,637 - httpx - INFO - HTTP Request: GET http://procure-x.testmcp.org/history/0b3303bf-47d7-48c0-b7b5-0885ceadbce3 "HTTP/1.1 200 OK"
2026-01-20 15:32:23,666 - httpx - INFO - HTTP Request: GET http://procure-x.testmcp.org/history/0b3303bf-47d7-48c0-b7b5-0885ceadbce3 "HTTP/1.1 200 OK"
2026-01-20 15:32:24,691 - httpx - INFO - HTTP Request: GET http://procure-x.testmcp.org/history/0b3303bf-47d7-48c0-b7b5-0885ceadbce3 "HTTP/1.1 200 OK"
2026-01-20 15:32:25,721 - httpx - INFO - HTTP Request: GET http://procure-x.testmcp.org/history/0b3303bf-47d7-48c0-b7b5-0885ceadbce3 "HTTP/1.1 200 OK"
2026-01-20 15:32:26,745 - httpx - INFO - HTTP Request: GET http://procure-x.testmcp.org/history/0b3303bf-47d7-48c0-b7b5-0885ceadbce3 "HTTP/1.1 200 OK"
2026-01-20 15:32:27,774 - httpx - INFO - HTTP Request: GET http://procure-x.testmcp.org/history/0b3303bf-47d7-48c0-b7b5-0885ceadbce3 "HTTP/1.1 200 OK"
2026-01-20 15:32:28,805 - httpx - INFO - HTTP Request: GET http://procure-x.testmcp.org/history/0b3303bf-47d7-48c0-b7b5-0885ceadbce3 "HTTP/1.1 200 OK"
2026-01-20 15:32:29,829 - httpx - INFO - HTTP Request: GET http://procure-x.testmcp.org/history/0b3303bf-47d7-48c0-b7b5-0885ceadbce3 "HTTP/1.1 200 OK"
2026-01-20 15:32:30,852 - httpx - INFO - HTTP Request: GET http://procure-x.testmcp.org/history/0b3303bf-47d7-48c0-b7b5-0885ceadbce3 "HTTP/1.1 200 OK"
2026-01-20 15:32:31,880 - httpx - INFO - HTTP Request: GET http://procure-x.testmcp.org/history/0b3303bf-47d7-48c0-b7b5-0885ceadbce3 "HTTP/1.1 200 OK"
2026-01-20 15:32:32,902 - httpx - INFO - HTTP Request: GET http://procure-x.testmcp.org/history/0b3303bf-47d7-48c0-b7b5-0885ceadbce3 "HTTP/1.1 200 OK"
2026-01-20 15:32:33,926 - httpx - INFO - HTTP Request: GET http://procure-x.testmcp.org/history/0b3303bf-47d7-48c0-b7b5-0885ceadbce3 "HTTP/1.1 200 OK"
2026-01-20 15:32:34,948 - httpx - INFO - HTTP Request: GET http://procure-x.testmcp.org/history/0b3303bf-47d7-48c0-b7b5-0885ceadbce3 "HTTP/1.1 200 OK"
2026-01-20 15:32:35,972 - httpx - INFO - HTTP Request: GET http://procure-x.testmcp.org/history/0b3303bf-47d7-48c0-b7b5-0885ceadbce3 "HTTP/1.1 200 OK"
2026-01-20 15:32:36,993 - httpx - INFO - HTTP Request: GET http://procure-x.testmcp.org/history/0b3303bf-47d7-48c0-b7b5-0885ceadbce3 "HTTP/1.1 200 OK"
2026-01-20 15:32:38,015 - httpx - INFO - HTTP Request: GET http://procure-x.testmcp.org/history/0b3303bf-47d7-48c0-b7b5-0885ceadbce3 "HTTP/1.1 200 OK"
2026-01-20 15:32:39,039 - httpx - INFO - HTTP Request: GET http://procure-x.testmcp.org/history/0b3303bf-47d7-48c0-b7b5-0885ceadbce3 "HTTP/1.1 200 OK"
2026-01-20 15:32:40,063 - httpx - INFO - HTTP Request: GET http://procure-x.testmcp.org/history/0b3303bf-47d7-48c0-b7b5-0885ceadbce3 "HTTP/1.1 200 OK"
2026-01-20 15:32:41,090 - httpx - INFO - HTTP Request: GET http://procure-x.testmcp.org/history/0b3303bf-47d7-48c0-b7b5-0885ceadbce3 "HTTP/1.1 200 OK"
2026-01-20 15:32:42,113 - httpx - INFO - HTTP Request: GET http://procure-x.testmcp.org/history/0b3303bf-47d7-48c0-b7b5-0885ceadbce3 "HTTP/1.1 200 OK"
2026-01-20 15:32:43,147 - httpx - INFO - HTTP Request: GET http://procure-x.testmcp.org/history/0b3303bf-47d7-48c0-b7b5-0885ceadbce3 "HTTP/1.1 200 OK"
2026-01-20 15:32:44,179 - httpx - INFO - HTTP Request: GET http://procure-x.testmcp.org/history/0b3303bf-47d7-48c0-b7b5-0885ceadbce3 "HTTP/1.1 200 OK"
2026-01-20 15:32:45,208 - httpx - INFO - HTTP Request: GET http://procure-x.testmcp.org/history/0b3303bf-47d7-48c0-b7b5-0885ceadbce3 "HTTP/1.1 200 OK"
2026-01-20 15:32:46,230 - httpx - INFO - HTTP Request: GET http://procure-x.testmcp.org/history/0b3303bf-47d7-48c0-b7b5-0885ceadbce3 "HTTP/1.1 200 OK"
2026-01-20 15:32:47,255 - httpx - INFO - HTTP Request: GET http://procure-x.testmcp.org/history/0b3303bf-47d7-48c0-b7b5-0885ceadbce3 "HTTP/1.1 200 OK"
2026-01-20 15:32:48,289 - httpx - INFO - HTTP Request: GET http://procure-x.testmcp.org/history/0b3303bf-47d7-48c0-b7b5-0885ceadbce3 "HTTP/1.1 200 OK"
2026-01-20 15:32:49,312 - httpx - INFO - HTTP Request: GET http://procure-x.testmcp.org/history/0b3303bf-47d7-48c0-b7b5-0885ceadbce3 "HTTP/1.1 200 OK"
2026-01-20 15:32:50,335 - httpx - INFO - HTTP Request: GET http://procure-x.testmcp.org/history/0b3303bf-47d7-48c0-b7b5-0885ceadbce3 "HTTP/1.1 200 OK"
2026-01-20 15:32:51,360 - httpx - INFO - HTTP Request: GET http://procure-x.testmcp.org/history/0b3303bf-47d7-48c0-b7b5-0885ceadbce3 "HTTP/1.1 200 OK"
2026-01-20 15:32:52,386 - httpx - INFO - HTTP Request: GET http://procure-x.testmcp.org/history/0b3303bf-47d7-48c0-b7b5-0885ceadbce3 "HTTP/1.1 200 OK"
2026-01-20 15:32:53,410 - httpx - INFO - HTTP Request: GET http://procure-x.testmcp.org/history/0b3303bf-47d7-48c0-b7b5-0885ceadbce3 "HTTP/1.1 200 OK"
2026-01-20 15:32:54,438 - httpx - INFO - HTTP Request: GET http://procure-x.testmcp.org/history/0b3303bf-47d7-48c0-b7b5-0885ceadbce3 "HTTP/1.1 200 OK"
2026-01-20 15:32:55,465 - httpx - INFO - HTTP Request: GET http://procure-x.testmcp.org/history/0b3303bf-47d7-48c0-b7b5-0885ceadbce3 "HTTP/1.1 200 OK"
2026-01-20 15:32:56,489 - httpx - INFO - HTTP Request: GET http://procure-x.testmcp.org/history/0b3303bf-47d7-48c0-b7b5-0885ceadbce3 "HTTP/1.1 200 OK"
2026-01-20 15:32:57,514 - httpx - INFO - HTTP Request: GET http://procure-x.testmcp.org/history/0b3303bf-47d7-48c0-b7b5-0885ceadbce3 "HTTP/1.1 200 OK"
2026-01-20 15:32:58,539 - httpx - INFO - HTTP Request: GET http://procure-x.testmcp.org/history/0b3303bf-47d7-48c0-b7b5-0885ceadbce3 "HTTP/1.1 200 OK"
2026-01-20 15:32:59,563 - httpx - INFO - HTTP Request: GET http://procure-x.testmcp.org/history/0b3303bf-47d7-48c0-b7b5-0885ceadbce3 "HTTP/1.1 200 OK"
2026-01-20 15:33:00,589 - httpx - INFO - HTTP Request: GET http://procure-x.testmcp.org/history/0b3303bf-47d7-48c0-b7b5-0885ceadbce3 "HTTP/1.1 200 OK"
2026-01-20 15:33:01,614 - httpx - INFO - HTTP Request: GET http://procure-x.testmcp.org/history/0b3303bf-47d7-48c0-b7b5-0885ceadbce3 "HTTP/1.1 200 OK"
2026-01-20 15:33:02,641 - httpx - INFO - HTTP Request: GET http://procure-x.testmcp.org/history/0b3303bf-47d7-48c0-b7b5-0885ceadbce3 "HTTP/1.1 200 OK"
2026-01-20 15:33:03,668 - httpx - INFO - HTTP Request: GET http://procure-x.testmcp.org/history/0b3303bf-47d7-48c0-b7b5-0885ceadbce3 "HTTP/1.1 200 OK"
2026-01-20 15:33:04,693 - httpx - INFO - HTTP Request: GET http://procure-x.testmcp.org/history/0b3303bf-47d7-48c0-b7b5-0885ceadbce3 "HTTP/1.1 200 OK"
2026-01-20 15:33:05,720 - httpx - INFO - HTTP Request: GET http://procure-x.testmcp.org/history/0b3303bf-47d7-48c0-b7b5-0885ceadbce3 "HTTP/1.1 200 OK"
2026-01-20 15:33:06,748 - httpx - INFO - HTTP Request: GET http://procure-x.testmcp.org/history/0b3303bf-47d7-48c0-b7b5-0885ceadbce3 "HTTP/1.1 200 OK"
2026-01-20 15:33:07,772 - httpx - INFO - HTTP Request: GET http://procure-x.testmcp.org/history/0b3303bf-47d7-48c0-b7b5-0885ceadbce3 "HTTP/1.1 200 OK"
2026-01-20 15:33:08,797 - httpx - INFO - HTTP Request: GET http://procure-x.testmcp.org/history/0b3303bf-47d7-48c0-b7b5-0885ceadbce3 "HTTP/1.1 200 OK"
2026-01-20 15:33:09,823 - httpx - INFO - HTTP Request: GET http://procure-x.testmcp.org/history/0b3303bf-47d7-48c0-b7b5-0885ceadbce3 "HTTP/1.1 200 OK"
2026-01-20 15:33:10,849 - httpx - INFO - HTTP Request: GET http://procure-x.testmcp.org/history/0b3303bf-47d7-48c0-b7b5-0885ceadbce3 "HTTP/1.1 200 OK"
2026-01-20 15:33:11,876 - httpx - INFO - HTTP Request: GET http://procure-x.testmcp.org/history/0b3303bf-47d7-48c0-b7b5-0885ceadbce3 "HTTP/1.1 200 OK"
2026-01-20 15:33:12,905 - httpx - INFO - HTTP Request: GET http://procure-x.testmcp.org/history/0b3303bf-47d7-48c0-b7b5-0885ceadbce3 "HTTP/1.1 200 OK"
2026-01-20 15:33:13,930 - httpx - INFO - HTTP Request: GET http://procure-x.testmcp.org/history/0b3303bf-47d7-48c0-b7b5-0885ceadbce3 "HTTP/1.1 200 OK"
2026-01-20 15:33:14,955 - httpx - INFO - HTTP Request: GET http://procure-x.testmcp.org/history/0b3303bf-47d7-48c0-b7b5-0885ceadbce3 "HTTP/1.1 200 OK"
2026-01-20 15:33:15,982 - httpx - INFO - HTTP Request: GET http://procure-x.testmcp.org/history/0b3303bf-47d7-48c0-b7b5-0885ceadbce3 "HTTP/1.1 200 OK"
2026-01-20 15:33:17,014 - httpx - INFO - HTTP Request: GET http://procure-x.testmcp.org/history/0b3303bf-47d7-48c0-b7b5-0885ceadbce3 "HTTP/1.1 200 OK"
2026-01-20 15:33:18,040 - httpx - INFO - HTTP Request: GET http://procure-x.testmcp.org/history/0b3303bf-47d7-48c0-b7b5-0885ceadbce3 "HTTP/1.1 200 OK"
2026-01-20 15:33:19,064 - httpx - INFO - HTTP Request: GET http://procure-x.testmcp.org/history/0b3303bf-47d7-48c0-b7b5-0885ceadbce3 "HTTP/1.1 200 OK"
2026-01-20 15:33:20,089 - httpx - INFO - HTTP Request: GET http://procure-x.testmcp.org/history/0b3303bf-47d7-48c0-b7b5-0885ceadbce3 "HTTP/1.1 200 OK"
2026-01-20 15:33:21,113 - httpx - INFO - HTTP Request: GET http://procure-x.testmcp.org/history/0b3303bf-47d7-48c0-b7b5-0885ceadbce3 "HTTP/1.1 200 OK"
2026-01-20 15:33:22,145 - httpx - INFO - HTTP Request: GET http://procure-x.testmcp.org/history/0b3303bf-47d7-48c0-b7b5-0885ceadbce3 "HTTP/1.1 200 OK"
2026-01-20 15:33:23,171 - httpx - INFO - HTTP Request: GET http://procure-x.testmcp.org/history/0b3303bf-47d7-48c0-b7b5-0885ceadbce3 "HTTP/1.1 200 OK"
2026-01-20 15:33:24,198 - httpx - INFO - HTTP Request: GET http://procure-x.testmcp.org/history/0b3303bf-47d7-48c0-b7b5-0885ceadbce3 "HTTP/1.1 200 OK"
2026-01-20 15:33:25,224 - httpx - INFO - HTTP Request: GET http://procure-x.testmcp.org/history/0b3303bf-47d7-48c0-b7b5-0885ceadbce3 "HTTP/1.1 200 OK"
2026-01-20 15:33:26,250 - httpx - INFO - HTTP Request: GET http://procure-x.testmcp.org/history/0b3303bf-47d7-48c0-b7b5-0885ceadbce3 "HTTP/1.1 200 OK"
2026-01-20 15:33:27,275 - httpx - INFO - HTTP Request: GET http://procure-x.testmcp.org/history/0b3303bf-47d7-48c0-b7b5-0885ceadbce3 "HTTP/1.1 200 OK"
2026-01-20 15:33:28,300 - httpx - INFO - HTTP Request: GET http://procure-x.testmcp.org/history/0b3303bf-47d7-48c0-b7b5-0885ceadbce3 "HTTP/1.1 200 OK"
2026-01-20 15:33:29,325 - httpx - INFO - HTTP Request: GET http://procure-x.testmcp.org/history/0b3303bf-47d7-48c0-b7b5-0885ceadbce3 "HTTP/1.1 200 OK"
2026-01-20 15:33:30,352 - httpx - INFO - HTTP Request: GET http://procure-x.testmcp.org/history/0b3303bf-47d7-48c0-b7b5-0885ceadbce3 "HTTP/1.1 200 OK"
2026-01-20 15:33:31,379 - httpx - INFO - HTTP Request: GET http://procure-x.testmcp.org/history/0b3303bf-47d7-48c0-b7b5-0885ceadbce3 "HTTP/1.1 200 OK"
2026-01-20 15:33:32,407 - httpx - INFO - HTTP Request: GET http://procure-x.testmcp.org/history/0b3303bf-47d7-48c0-b7b5-0885ceadbce3 "HTTP/1.1 200 OK"
2026-01-20 15:33:33,430 - httpx - INFO - HTTP Request: GET http://procure-x.testmcp.org/history/0b3303bf-47d7-48c0-b7b5-0885ceadbce3 "HTTP/1.1 200 OK"
2026-01-20 15:33:34,456 - httpx - INFO - HTTP Request: GET http://procure-x.testmcp.org/history/0b3303bf-47d7-48c0-b7b5-0885ceadbce3 "HTTP/1.1 200 OK"
2026-01-20 15:33:35,480 - httpx - INFO - HTTP Request: GET http://procure-x.testmcp.org/history/0b3303bf-47d7-48c0-b7b5-0885ceadbce3 "HTTP/1.1 200 OK"
2026-01-20 15:33:36,504 - httpx - INFO - HTTP Request: GET http://procure-x.testmcp.org/history/0b3303bf-47d7-48c0-b7b5-0885ceadbce3 "HTTP/1.1 200 OK"
2026-01-20 15:33:37,528 - httpx - INFO - HTTP Request: GET http://procure-x.testmcp.org/history/0b3303bf-47d7-48c0-b7b5-0885ceadbce3 "HTTP/1.1 200 OK"
2026-01-20 15:33:38,555 - httpx - INFO - HTTP Request: GET http://procure-x.testmcp.org/history/0b3303bf-47d7-48c0-b7b5-0885ceadbce3 "HTTP/1.1 200 OK"
2026-01-20 15:33:39,579 - httpx - INFO - HTTP Request: GET http://procure-x.testmcp.org/history/0b3303bf-47d7-48c0-b7b5-0885ceadbce3 "HTTP/1.1 200 OK"
2026-01-20 15:33:40,603 - httpx - INFO - HTTP Request: GET http://procure-x.testmcp.org/history/0b3303bf-47d7-48c0-b7b5-0885ceadbce3 "HTTP/1.1 200 OK"
2026-01-20 15:33:41,628 - httpx - INFO - HTTP Request: GET http://procure-x.testmcp.org/history/0b3303bf-47d7-48c0-b7b5-0885ceadbce3 "HTTP/1.1 200 OK"
2026-01-20 15:33:42,654 - httpx - INFO - HTTP Request: GET http://procure-x.testmcp.org/history/0b3303bf-47d7-48c0-b7b5-0885ceadbce3 "HTTP/1.1 200 OK"
2026-01-20 15:33:43,682 - httpx - INFO - HTTP Request: GET http://procure-x.testmcp.org/history/0b3303bf-47d7-48c0-b7b5-0885ceadbce3 "HTTP/1.1 200 OK"
2026-01-20 15:33:44,706 - httpx - INFO - HTTP Request: GET http://procure-x.testmcp.org/history/0b3303bf-47d7-48c0-b7b5-0885ceadbce3 "HTTP/1.1 200 OK"
2026-01-20 15:33:45,738 - httpx - INFO - HTTP Request: GET http://procure-x.testmcp.org/history/0b3303bf-47d7-48c0-b7b5-0885ceadbce3 "HTTP/1.1 200 OK"
2026-01-20 15:33:46,763 - httpx - INFO - HTTP Request: GET http://procure-x.testmcp.org/history/0b3303bf-47d7-48c0-b7b5-0885ceadbce3 "HTTP/1.1 200 OK"
2026-01-20 15:33:47,789 - httpx - INFO - HTTP Request: GET http://procure-x.testmcp.org/history/0b3303bf-47d7-48c0-b7b5-0885ceadbce3 "HTTP/1.1 200 OK"
2026-01-20 15:33:48,815 - httpx - INFO - HTTP Request: GET http://procure-x.testmcp.org/history/0b3303bf-47d7-48c0-b7b5-0885ceadbce3 "HTTP/1.1 200 OK"
2026-01-20 15:33:49,839 - httpx - INFO - HTTP Request: GET http://procure-x.testmcp.org/history/0b3303bf-47d7-48c0-b7b5-0885ceadbce3 "HTTP/1.1 200 OK"
2026-01-20 15:33:50,863 - httpx - INFO - HTTP Request: GET http://procure-x.testmcp.org/history/0b3303bf-47d7-48c0-b7b5-0885ceadbce3 "HTTP/1.1 200 OK"
2026-01-20 15:33:51,888 - httpx - INFO - HTTP Request: GET http://procure-x.testmcp.org/history/0b3303bf-47d7-48c0-b7b5-0885ceadbce3 "HTTP/1.1 200 OK"
2026-01-20 15:33:52,913 - httpx - INFO - HTTP Request: GET http://procure-x.testmcp.org/history/0b3303bf-47d7-48c0-b7b5-0885ceadbce3 "HTTP/1.1 200 OK"
2026-01-20 15:33:53,939 - httpx - INFO - HTTP Request: GET http://procure-x.testmcp.org/history/0b3303bf-47d7-48c0-b7b5-0885ceadbce3 "HTTP/1.1 200 OK"
2026-01-20 15:33:54,960 - httpx - INFO - HTTP Request: GET http://procure-x.testmcp.org/history/0b3303bf-47d7-48c0-b7b5-0885ceadbce3 "HTTP/1.1 200 OK"
2026-01-20 15:33:55,984 - httpx - INFO - HTTP Request: GET http://procure-x.testmcp.org/history/0b3303bf-47d7-48c0-b7b5-0885ceadbce3 "HTTP/1.1 200 OK"
2026-01-20 15:33:57,010 - httpx - INFO - HTTP Request: GET http://procure-x.testmcp.org/history/0b3303bf-47d7-48c0-b7b5-0885ceadbce3 "HTTP/1.1 200 OK"
2026-01-20 15:33:58,033 - httpx - INFO - HTTP Request: GET http://procure-x.testmcp.org/history/0b3303bf-47d7-48c0-b7b5-0885ceadbce3 "HTTP/1.1 200 OK"
2026-01-20 15:33:59,059 - httpx - INFO - HTTP Request: GET http://procure-x.testmcp.org/history/0b3303bf-47d7-48c0-b7b5-0885ceadbce3 "HTTP/1.1 200 OK"
2026-01-20 15:34:00,080 - httpx - INFO - HTTP Request: GET http://procure-x.testmcp.org/history/0b3303bf-47d7-48c0-b7b5-0885ceadbce3 "HTTP/1.1 200 OK"
2026-01-20 15:34:01,098 - httpx - INFO - HTTP Request: GET http://procure-x.testmcp.org/history/0b3303bf-47d7-48c0-b7b5-0885ceadbce3 "HTTP/1.1 200 OK"
2026-01-20 15:34:02,120 - httpx - INFO - HTTP Request: GET http://procure-x.testmcp.org/history/0b3303bf-47d7-48c0-b7b5-0885ceadbce3 "HTTP/1.1 200 OK"
2026-01-20 15:34:03,148 - httpx - INFO - HTTP Request: GET http://procure-x.testmcp.org/history/0b3303bf-47d7-48c0-b7b5-0885ceadbce3 "HTTP/1.1 200 OK"
2026-01-20 15:34:04,174 - httpx - INFO - HTTP Request: GET http://procure-x.testmcp.org/history/0b3303bf-47d7-48c0-b7b5-0885ceadbce3 "HTTP/1.1 200 OK"
2026-01-20 15:34:05,195 - httpx - INFO - HTTP Request: GET http://procure-x.testmcp.org/history/0b3303bf-47d7-48c0-b7b5-0885ceadbce3 "HTTP/1.1 200 OK"
2026-01-20 15:34:06,214 - httpx - INFO - HTTP Request: GET http://procure-x.testmcp.org/history/0b3303bf-47d7-48c0-b7b5-0885ceadbce3 "HTTP/1.1 200 OK"
2026-01-20 15:34:07,239 - httpx - INFO - HTTP Request: GET http://procure-x.testmcp.org/history/0b3303bf-47d7-48c0-b7b5-0885ceadbce3 "HTTP/1.1 200 OK"
2026-01-20 15:34:08,267 - httpx - INFO - HTTP Request: GET http://procure-x.testmcp.org/history/0b3303bf-47d7-48c0-b7b5-0885ceadbce3 "HTTP/1.1 200 OK"
2026-01-20 15:34:09,294 - httpx - INFO - HTTP Request: GET http://procure-x.testmcp.org/history/0b3303bf-47d7-48c0-b7b5-0885ceadbce3 "HTTP/1.1 200 OK"
2026-01-20 15:34:10,315 - httpx - INFO - HTTP Request: GET http://procure-x.testmcp.org/history/0b3303bf-47d7-48c0-b7b5-0885ceadbce3 "HTTP/1.1 200 OK"
2026-01-20 15:34:11,336 - httpx - INFO - HTTP Request: GET http://procure-x.testmcp.org/history/0b3303bf-47d7-48c0-b7b5-0885ceadbce3 "HTTP/1.1 200 OK"
2026-01-20 15:34:12,355 - httpx - INFO - HTTP Request: GET http://procure-x.testmcp.org/history/0b3303bf-47d7-48c0-b7b5-0885ceadbce3 "HTTP/1.1 200 OK"
2026-01-20 15:34:13,379 - httpx - INFO - HTTP Request: GET http://procure-x.testmcp.org/history/0b3303bf-47d7-48c0-b7b5-0885ceadbce3 "HTTP/1.1 200 OK"
2026-01-20 15:34:14,396 - httpx - INFO - HTTP Request: GET http://procure-x.testmcp.org/history/0b3303bf-47d7-48c0-b7b5-0885ceadbce3 "HTTP/1.1 200 OK"
2026-01-20 15:34:15,413 - httpx - INFO - HTTP Request: GET http://procure-x.testmcp.org/history/0b3303bf-47d7-48c0-b7b5-0885ceadbce3 "HTTP/1.1 200 OK"
2026-01-20 15:34:16,432 - httpx - INFO - HTTP Request: GET http://procure-x.testmcp.org/history/0b3303bf-47d7-48c0-b7b5-0885ceadbce3 "HTTP/1.1 200 OK"
2026-01-20 15:34:17,452 - httpx - INFO - HTTP Request: GET http://procure-x.testmcp.org/history/0b3303bf-47d7-48c0-b7b5-0885ceadbce3 "HTTP/1.1 200 OK"
2026-01-20 15:34:18,468 - httpx - INFO - HTTP Request: GET http://procure-x.testmcp.org/history/0b3303bf-47d7-48c0-b7b5-0885ceadbce3 "HTTP/1.1 200 OK"
2026-01-20 15:34:19,482 - httpx - INFO - HTTP Request: GET http://procure-x.testmcp.org/history/0b3303bf-47d7-48c0-b7b5-0885ceadbce3 "HTTP/1.1 200 OK"
2026-01-20 15:34:20,502 - httpx - INFO - HTTP Request: GET http://procure-x.testmcp.org/history/0b3303bf-47d7-48c0-b7b5-0885ceadbce3 "HTTP/1.1 200 OK"
2026-01-20 15:34:21,518 - httpx - INFO - HTTP Request: GET http://procure-x.testmcp.org/history/0b3303bf-47d7-48c0-b7b5-0885ceadbce3 "HTTP/1.1 200 OK"
2026-01-20 15:34:22,534 - httpx - INFO - HTTP Request: GET http://procure-x.testmcp.org/history/0b3303bf-47d7-48c0-b7b5-0885ceadbce3 "HTTP/1.1 200 OK"
2026-01-20 15:34:23,556 - httpx - INFO - HTTP Request: GET http://procure-x.testmcp.org/history/0b3303bf-47d7-48c0-b7b5-0885ceadbce3 "HTTP/1.1 200 OK"
2026-01-20 15:34:24,576 - httpx - INFO - HTTP Request: GET http://procure-x.testmcp.org/history/0b3303bf-47d7-48c0-b7b5-0885ceadbce3 "HTTP/1.1 200 OK"
2026-01-20 15:34:25,599 - httpx - INFO - HTTP Request: GET http://procure-x.testmcp.org/history/0b3303bf-47d7-48c0-b7b5-0885ceadbce3 "HTTP/1.1 200 OK"
2026-01-20 15:34:26,626 - httpx - INFO - HTTP Request: GET http://procure-x.testmcp.org/history/0b3303bf-47d7-48c0-b7b5-0885ceadbce3 "HTTP/1.1 200 OK"
2026-01-20 15:34:27,650 - httpx - INFO - HTTP Request: GET http://procure-x.testmcp.org/history/0b3303bf-47d7-48c0-b7b5-0885ceadbce3 "HTTP/1.1 200 OK"
2026-01-20 15:34:28,671 - httpx - INFO - HTTP Request: GET http://procure-x.testmcp.org/history/0b3303bf-47d7-48c0-b7b5-0885ceadbce3 "HTTP/1.1 200 OK"
2026-01-20 15:34:29,693 - httpx - INFO - HTTP Request: GET http://procure-x.testmcp.org/history/0b3303bf-47d7-48c0-b7b5-0885ceadbce3 "HTTP/1.1 200 OK"
2026-01-20 15:34:30,710 - httpx - INFO - HTTP Request: GET http://procure-x.testmcp.org/history/0b3303bf-47d7-48c0-b7b5-0885ceadbce3 "HTTP/1.1 200 OK"
2026-01-20 15:34:31,734 - httpx - INFO - HTTP Request: GET http://procure-x.testmcp.org/history/0b3303bf-47d7-48c0-b7b5-0885ceadbce3 "HTTP/1.1 200 OK"
2026-01-20 15:34:32,755 - httpx - INFO - HTTP Request: GET http://procure-x.testmcp.org/history/0b3303bf-47d7-48c0-b7b5-0885ceadbce3 "HTTP/1.1 200 OK"
2026-01-20 15:34:33,780 - httpx - INFO - HTTP Request: GET http://procure-x.testmcp.org/history/0b3303bf-47d7-48c0-b7b5-0885ceadbce3 "HTTP/1.1 200 OK"
2026-01-20 15:34:34,801 - httpx - INFO - HTTP Request: GET http://procure-x.testmcp.org/history/0b3303bf-47d7-48c0-b7b5-0885ceadbce3 "HTTP/1.1 200 OK"
2026-01-20 15:34:35,824 - httpx - INFO - HTTP Request: GET http://procure-x.testmcp.org/history/0b3303bf-47d7-48c0-b7b5-0885ceadbce3 "HTTP/1.1 200 OK"
2026-01-20 15:34:36,847 - httpx - INFO - HTTP Request: GET http://procure-x.testmcp.org/history/0b3303bf-47d7-48c0-b7b5-0885ceadbce3 "HTTP/1.1 200 OK"
2026-01-20 15:34:37,873 - httpx - INFO - HTTP Request: GET http://procure-x.testmcp.org/history/0b3303bf-47d7-48c0-b7b5-0885ceadbce3 "HTTP/1.1 200 OK"
2026-01-20 15:34:38,896 - httpx - INFO - HTTP Request: GET http://procure-x.testmcp.org/history/0b3303bf-47d7-48c0-b7b5-0885ceadbce3 "HTTP/1.1 200 OK"
2026-01-20 15:34:39,922 - httpx - INFO - HTTP Request: GET http://procure-x.testmcp.org/history/0b3303bf-47d7-48c0-b7b5-0885ceadbce3 "HTTP/1.1 200 OK"
2026-01-20 15:34:40,945 - httpx - INFO - HTTP Request: GET http://procure-x.testmcp.org/history/0b3303bf-47d7-48c0-b7b5-0885ceadbce3 "HTTP/1.1 200 OK"
2026-01-20 15:34:41,968 - httpx - INFO - HTTP Request: GET http://procure-x.testmcp.org/history/0b3303bf-47d7-48c0-b7b5-0885ceadbce3 "HTTP/1.1 200 OK"
2026-01-20 15:34:42,991 - httpx - INFO - HTTP Request: GET http://procure-x.testmcp.org/history/0b3303bf-47d7-48c0-b7b5-0885ceadbce3 "HTTP/1.1 200 OK"
2026-01-20 15:34:44,021 - httpx - INFO - HTTP Request: GET http://procure-x.testmcp.org/history/0b3303bf-47d7-48c0-b7b5-0885ceadbce3 "HTTP/1.1 200 OK"
2026-01-20 15:34:45,045 - httpx - INFO - HTTP Request: GET http://procure-x.testmcp.org/history/0b3303bf-47d7-48c0-b7b5-0885ceadbce3 "HTTP/1.1 200 OK"
2026-01-20 15:34:46,067 - httpx - INFO - HTTP Request: GET http://procure-x.testmcp.org/history/0b3303bf-47d7-48c0-b7b5-0885ceadbce3 "HTTP/1.1 200 OK"
2026-01-20 15:34:47,084 - httpx - INFO - HTTP Request: GET http://procure-x.testmcp.org/history/0b3303bf-47d7-48c0-b7b5-0885ceadbce3 "HTTP/1.1 200 OK"
2026-01-20 15:34:48,107 - httpx - INFO - HTTP Request: GET http://procure-x.testmcp.org/history/0b3303bf-47d7-48c0-b7b5-0885ceadbce3 "HTTP/1.1 200 OK"
2026-01-20 15:34:49,126 - httpx - INFO - HTTP Request: GET http://procure-x.testmcp.org/history/0b3303bf-47d7-48c0-b7b5-0885ceadbce3 "HTTP/1.1 200 OK"
2026-01-20 15:34:50,149 - httpx - INFO - HTTP Request: GET http://procure-x.testmcp.org/history/0b3303bf-47d7-48c0-b7b5-0885ceadbce3 "HTTP/1.1 200 OK"
2026-01-20 15:34:51,172 - httpx - INFO - HTTP Request: GET http://procure-x.testmcp.org/history/0b3303bf-47d7-48c0-b7b5-0885ceadbce3 "HTTP/1.1 200 OK"
2026-01-20 15:34:52,202 - httpx - INFO - HTTP Request: GET http://procure-x.testmcp.org/history/0b3303bf-47d7-48c0-b7b5-0885ceadbce3 "HTTP/1.1 200 OK"
2026-01-20 15:34:53,224 - httpx - INFO - HTTP Request: GET http://procure-x.testmcp.org/history/0b3303bf-47d7-48c0-b7b5-0885ceadbce3 "HTTP/1.1 200 OK"
2026-01-20 15:34:54,254 - httpx - INFO - HTTP Request: GET http://procure-x.testmcp.org/history/0b3303bf-47d7-48c0-b7b5-0885ceadbce3 "HTTP/1.1 200 OK"
2026-01-20 15:34:55,280 - httpx - INFO - HTTP Request: GET http://procure-x.testmcp.org/history/0b3303bf-47d7-48c0-b7b5-0885ceadbce3 "HTTP/1.1 200 OK"
2026-01-20 15:34:56,306 - httpx - INFO - HTTP Request: GET http://procure-x.testmcp.org/history/0b3303bf-47d7-48c0-b7b5-0885ceadbce3 "HTTP/1.1 200 OK"
2026-01-20 15:34:57,334 - httpx - INFO - HTTP Request: GET http://procure-x.testmcp.org/history/0b3303bf-47d7-48c0-b7b5-0885ceadbce3 "HTTP/1.1 200 OK"
2026-01-20 15:34:58,361 - httpx - INFO - HTTP Request: GET http://procure-x.testmcp.org/history/0b3303bf-47d7-48c0-b7b5-0885ceadbce3 "HTTP/1.1 200 OK"
2026-01-20 15:34:59,387 - httpx - INFO - HTTP Request: GET http://procure-x.testmcp.org/history/0b3303bf-47d7-48c0-b7b5-0885ceadbce3 "HTTP/1.1 200 OK"
2026-01-20 15:35:00,416 - httpx - INFO - HTTP Request: GET http://procure-x.testmcp.org/history/0b3303bf-47d7-48c0-b7b5-0885ceadbce3 "HTTP/1.1 200 OK"
2026-01-20 15:35:01,443 - httpx - INFO - HTTP Request: GET http://procure-x.testmcp.org/history/0b3303bf-47d7-48c0-b7b5-0885ceadbce3 "HTTP/1.1 200 OK"
2026-01-20 15:35:02,468 - httpx - INFO - HTTP Request: GET http://procure-x.testmcp.org/history/0b3303bf-47d7-48c0-b7b5-0885ceadbce3 "HTTP/1.1 200 OK"
2026-01-20 15:35:03,495 - httpx - INFO - HTTP Request: GET http://procure-x.testmcp.org/history/0b3303bf-47d7-48c0-b7b5-0885ceadbce3 "HTTP/1.1 200 OK"
2026-01-20 15:35:04,524 - httpx - INFO - HTTP Request: GET http://procure-x.testmcp.org/history/0b3303bf-47d7-48c0-b7b5-0885ceadbce3 "HTTP/1.1 200 OK"
2026-01-20 15:35:05,552 - httpx - INFO - HTTP Request: GET http://procure-x.testmcp.org/history/0b3303bf-47d7-48c0-b7b5-0885ceadbce3 "HTTP/1.1 200 OK"
2026-01-20 15:35:06,572 - httpx - INFO - HTTP Request: GET http://procure-x.testmcp.org/history/0b3303bf-47d7-48c0-b7b5-0885ceadbce3 "HTTP/1.1 200 OK"
2026-01-20 15:35:07,598 - httpx - INFO - HTTP Request: GET http://procure-x.testmcp.org/history/0b3303bf-47d7-48c0-b7b5-0885ceadbce3 "HTTP/1.1 200 OK"
2026-01-20 15:35:08,616 - httpx - INFO - HTTP Request: GET http://procure-x.testmcp.org/history/0b3303bf-47d7-48c0-b7b5-0885ceadbce3 "HTTP/1.1 200 OK"
2026-01-20 15:35:09,633 - httpx - INFO - HTTP Request: GET http://procure-x.testmcp.org/history/0b3303bf-47d7-48c0-b7b5-0885ceadbce3 "HTTP/1.1 200 OK"
2026-01-20 15:35:10,652 - httpx - INFO - HTTP Request: GET http://procure-x.testmcp.org/history/0b3303bf-47d7-48c0-b7b5-0885ceadbce3 "HTTP/1.1 200 OK"
2026-01-20 15:35:11,669 - httpx - INFO - HTTP Request: GET http://procure-x.testmcp.org/history/0b3303bf-47d7-48c0-b7b5-0885ceadbce3 "HTTP/1.1 200 OK"
2026-01-20 15:35:12,686 - httpx - INFO - HTTP Request: GET http://procure-x.testmcp.org/history/0b3303bf-47d7-48c0-b7b5-0885ceadbce3 "HTTP/1.1 200 OK"
2026-01-20 15:35:13,710 - httpx - INFO - HTTP Request: GET http://procure-x.testmcp.org/history/0b3303bf-47d7-48c0-b7b5-0885ceadbce3 "HTTP/1.1 200 OK"
2026-01-20 15:35:14,660 - temporal_gateway.clients.comfy.tracker - INFO - [WS] Execution completed successfully
2026-01-20 15:35:15,026 - httpx - INFO - HTTP Request: GET http://procure-x.testmcp.org/history/0b3303bf-47d7-48c0-b7b5-0885ceadbce3 "HTTP/1.1 200 OK"
2026-01-20 15:35:15,028 - temporal_gateway.clients.comfy.tracker - INFO - Tracking completed: success (took 320.40s)
2026-01-20 15:35:15,028 - temporalio.activity - INFO - [V3] Workflow completed successfully ({'activity_id': '1', 'activity_type': 'execute_and_track_workflow', 'attempt': 1, 'namespace': 'default', 'task_queue': 'comfyui-gpu-farm', 'workflow_id': 'chain-image-edit-to-video-pipeline-regen-850d6d02-b357-4cb9-b832-6ce0b32fed37-create_video', 'workflow_run_id': '019bdad8-b753-7aaa-8c37-0e2e75b6f78f', 'workflow_type': 'ComfyUIWorkflow'})
2026-01-20 15:35:15,054 - temporalio.workflow - INFO - Execution completed successfully ({'attempt': 1, 'namespace': 'default', 'run_id': '019bdad8-b753-7aaa-8c37-0e2e75b6f78f', 'task_queue': 'comfyui-gpu-farm', 'workflow_id': 'chain-image-edit-to-video-pipeline-regen-850d6d02-b357-4cb9-b832-6ce0b32fed37-create_video', 'workflow_type': 'ComfyUIWorkflow'})
2026-01-20 15:35:15,062 - temporalio.activity - INFO - Extracting server output files ({'activity_id': '2', 'activity_type': 'get_server_output_files', 'attempt': 1, 'namespace': 'default', 'task_queue': 'comfyui-gpu-farm', 'workflow_id': 'chain-image-edit-to-video-pipeline-regen-850d6d02-b357-4cb9-b832-6ce0b32fed37-create_video', 'workflow_run_id': '019bdad8-b753-7aaa-8c37-0e2e75b6f78f', 'workflow_type': 'ComfyUIWorkflow'})
2026-01-20 15:35:15,062 - temporalio.activity - INFO - Found 1 output file(s) ({'activity_id': '2', 'activity_type': 'get_server_output_files', 'attempt': 1, 'namespace': 'default', 'task_queue': 'comfyui-gpu-farm', 'workflow_id': 'chain-image-edit-to-video-pipeline-regen-850d6d02-b357-4cb9-b832-6ce0b32fed37-create_video', 'workflow_run_id': '019bdad8-b753-7aaa-8c37-0e2e75b6f78f', 'workflow_type': 'ComfyUIWorkflow'})
2026-01-20 15:35:15,070 - temporalio.workflow - INFO - Found 1 server output file(s) ({'attempt': 1, 'namespace': 'default', 'run_id': '019bdad8-b753-7aaa-8c37-0e2e75b6f78f', 'task_queue': 'comfyui-gpu-farm', 'workflow_id': 'chain-image-edit-to-video-pipeline-regen-850d6d02-b357-4cb9-b832-6ce0b32fed37-create_video', 'workflow_type': 'ComfyUIWorkflow'})
2026-01-20 15:35:15,079 - temporalio.activity - INFO - Downloading and persisting 1 artifact(s) for workflow f7e02207-5363-45e6-929b-090cf2d19746 ({'activity_id': '3', 'activity_type': 'download_and_store_artifacts', 'attempt': 1, 'namespace': 'default', 'task_queue': 'comfyui-gpu-farm', 'workflow_id': 'chain-image-edit-to-video-pipeline-regen-850d6d02-b357-4cb9-b832-6ce0b32fed37-create_video', 'workflow_run_id': '019bdad8-b753-7aaa-8c37-0e2e75b6f78f', 'workflow_type': 'ComfyUIWorkflow'})
2026-01-20 15:35:15,124 - temporal_gateway.clients.comfy.client - INFO - ComfyUI client initialized for http://procure-x.testmcp.org
2026-01-20 15:35:15,164 - httpx - INFO - HTTP Request: GET http://procure-x.testmcp.org/view?filename=ComfyUI_00065_.mp4&type=output&subfolder=video "HTTP/1.1 200 OK"
2026-01-20 15:35:15,299 - temporalio.activity - INFO - ✓ Saved artifact to DB: cff530e2-f3b3-462b-86ff-ce0d9b225800 (ComfyUI_00065_.mp4) ({'activity_id': '3', 'activity_type': 'download_and_store_artifacts', 'attempt': 1, 'namespace': 'default', 'task_queue': 'comfyui-gpu-farm', 'workflow_id': 'chain-image-edit-to-video-pipeline-regen-850d6d02-b357-4cb9-b832-6ce0b32fed37-create_video', 'workflow_run_id': '019bdad8-b753-7aaa-8c37-0e2e75b6f78f', 'workflow_type': 'ComfyUIWorkflow'})
2026-01-20 15:35:15,302 - temporalio.activity - INFO - Downloaded and persisted 1 artifact(s) ({'activity_id': '3', 'activity_type': 'download_and_store_artifacts', 'attempt': 1, 'namespace': 'default', 'task_queue': 'comfyui-gpu-farm', 'workflow_id': 'chain-image-edit-to-video-pipeline-regen-850d6d02-b357-4cb9-b832-6ce0b32fed37-create_video', 'workflow_run_id': '019bdad8-b753-7aaa-8c37-0e2e75b6f78f', 'workflow_type': 'ComfyUIWorkflow'})
2026-01-20 15:35:15,316 - temporalio.workflow - INFO - Downloaded 1 file(s) locally ({'attempt': 1, 'namespace': 'default', 'run_id': '019bdad8-b753-7aaa-8c37-0e2e75b6f78f', 'task_queue': 'comfyui-gpu-farm', 'workflow_id': 'chain-image-edit-to-video-pipeline-regen-850d6d02-b357-4cb9-b832-6ce0b32fed37-create_video', 'workflow_type': 'ComfyUIWorkflow'})
2026-01-20 15:35:15,339 - temporalio.activity - INFO - Updating workflow f7e02207-5363-45e6-929b-090cf2d19746 status to: completed ({'activity_id': '27', 'activity_type': 'update_workflow_status_activity', 'attempt': 1, 'namespace': 'default', 'task_queue': 'comfyui-gpu-farm', 'workflow_id': 'chain-image-edit-to-video-pipeline-regen-850d6d02-b357-4cb9-b832-6ce0b32fed37', 'workflow_run_id': '019bdad7-b481-79fb-8a07-10e85a5717c1', 'workflow_type': 'ChainExecutorWorkflow'})
2026-01-20 15:35:15,343 - temporalio.activity - INFO - ✓ Updated workflow status ({'activity_id': '27', 'activity_type': 'update_workflow_status_activity', 'attempt': 1, 'namespace': 'default', 'task_queue': 'comfyui-gpu-farm', 'workflow_id': 'chain-image-edit-to-video-pipeline-regen-850d6d02-b357-4cb9-b832-6ce0b32fed37', 'workflow_run_id': '019bdad7-b481-79fb-8a07-10e85a5717c1', 'workflow_type': 'ChainExecutorWorkflow'})
2026-01-20 15:35:15,364 - temporalio.activity - INFO - Getting artifacts for workflow: f7e02207-5363-45e6-929b-090cf2d19746 ({'activity_id': '28', 'activity_type': 'get_workflow_artifacts', 'attempt': 1, 'namespace': 'default', 'task_queue': 'comfyui-gpu-farm', 'workflow_id': 'chain-image-edit-to-video-pipeline-regen-850d6d02-b357-4cb9-b832-6ce0b32fed37', 'workflow_run_id': '019bdad7-b481-79fb-8a07-10e85a5717c1', 'workflow_type': 'ChainExecutorWorkflow'})
2026-01-20 15:35:15,386 - temporalio.activity - INFO - Creating approval request for artifact: cff530e2-f3b3-462b-86ff-ce0d9b225800 ({'activity_id': '29', 'activity_type': 'create_approval_request_activity', 'attempt': 1, 'namespace': 'default', 'task_queue': 'comfyui-gpu-farm', 'workflow_id': 'chain-image-edit-to-video-pipeline-regen-850d6d02-b357-4cb9-b832-6ce0b32fed37', 'workflow_run_id': '019bdad7-b481-79fb-8a07-10e85a5717c1', 'workflow_type': 'ChainExecutorWorkflow'})
2026-01-20 15:35:15,390 - temporalio.activity - INFO - ✓ Created approval request: 044c2f6e-1c73-4eb3-8b19-1069831e60bf, token: vfM0I6_ZbF2BMUto... ({'activity_id': '29', 'activity_type': 'create_approval_request_activity', 'attempt': 1, 'namespace': 'default', 'task_queue': 'comfyui-gpu-farm', 'workflow_id': 'chain-image-edit-to-video-pipeline-regen-850d6d02-b357-4cb9-b832-6ce0b32fed37', 'workflow_run_id': '019bdad7-b481-79fb-8a07-10e85a5717c1', 'workflow_type': 'ChainExecutorWorkflow'})
2026-01-20 15:35:15,390 - temporal_gateway.services.broadcast - INFO - Published approval_requested to chain:4940ec2d-6ca6-42cb-8c87-15230eabfb2c
2026-01-20 15:35:15,390 - temporalio.activity - INFO - Published approval_requested event for chain 4940ec2d-6ca6-42cb-8c87-15230eabfb2c ({'activity_id': '29', 'activity_type': 'create_approval_request_activity', 'attempt': 1, 'namespace': 'default', 'task_queue': 'comfyui-gpu-farm', 'workflow_id': 'chain-image-edit-to-video-pipeline-regen-850d6d02-b357-4cb9-b832-6ce0b32fed37', 'workflow_run_id': '019bdad7-b481-79fb-8a07-10e85a5717c1', 'workflow_type': 'ChainExecutorWorkflow'})
2026-01-20 15:35:15,400 - temporalio.workflow - INFO - Step create_video: Approval request created, token: vfM0I6_ZbF2BMUto... ({'attempt': 1, 'namespace': 'default', 'run_id': '019bdad7-b481-79fb-8a07-10e85a5717c1', 'task_queue': 'comfyui-gpu-farm', 'workflow_id': 'chain-image-edit-to-video-pipeline-regen-850d6d02-b357-4cb9-b832-6ce0b32fed37', 'workflow_type': 'ChainExecutorWorkflow'})
